-- phpMyAdmin SQL Dump
-- version 5.2.0
-- https://www.phpmyadmin.net/
--
-- Host: localhost
-- Generation Time: Feb 17, 2024 at 10:44 PM
-- Server version: 10.4.21-MariaDB
-- PHP Version: 7.4.29

SET SQL_MODE = "NO_AUTO_VALUE_ON_ZERO";
START TRANSACTION;
SET time_zone = "+00:00";


/*!40101 SET @OLD_CHARACTER_SET_CLIENT=@@CHARACTER_SET_CLIENT */;
/*!40101 SET @OLD_CHARACTER_SET_RESULTS=@@CHARACTER_SET_RESULTS */;
/*!40101 SET @OLD_COLLATION_CONNECTION=@@COLLATION_CONNECTION */;
/*!40101 SET NAMES utf8mb4 */;

--
-- Database: `righwsyj_academy`
--

-- --------------------------------------------------------

--
-- Table structure for table `accounting`
--

CREATE TABLE `accounting` (
  `id` int(10) UNSIGNED NOT NULL,
  `user_id` int(10) UNSIGNED DEFAULT NULL,
  `creator_id` int(11) DEFAULT NULL,
  `order_item_id` int(10) UNSIGNED DEFAULT NULL,
  `webinar_id` int(10) UNSIGNED DEFAULT NULL,
  `bundle_id` int(10) UNSIGNED DEFAULT NULL,
  `meeting_time_id` int(10) UNSIGNED DEFAULT NULL,
  `subscribe_id` int(10) UNSIGNED DEFAULT NULL,
  `promotion_id` int(10) UNSIGNED DEFAULT NULL,
  `registration_package_id` int(10) UNSIGNED DEFAULT NULL,
  `product_id` int(10) UNSIGNED DEFAULT NULL,
  `installment_payment_id` int(10) UNSIGNED DEFAULT NULL,
  `installment_order_id` int(10) UNSIGNED DEFAULT NULL COMMENT 'This field is filled in the seller''s financial document to find the installment order',
  `gift_id` int(10) UNSIGNED DEFAULT NULL,
  `system` tinyint(1) NOT NULL DEFAULT 0,
  `tax` tinyint(1) NOT NULL DEFAULT 0,
  `amount` decimal(13,2) DEFAULT NULL,
  `type` enum('addiction','deduction') COLLATE utf8mb4_unicode_ci NOT NULL,
  `type_account` enum('income','asset','subscribe','promotion','registration_package','installment_payment') COLLATE utf8mb4_unicode_ci DEFAULT NULL,
  `store_type` enum('automatic','manual') COLLATE utf8mb4_unicode_ci NOT NULL DEFAULT 'automatic',
  `referred_user_id` int(10) UNSIGNED DEFAULT NULL,
  `is_affiliate_amount` tinyint(1) NOT NULL DEFAULT 0,
  `is_affiliate_commission` tinyint(1) NOT NULL DEFAULT 0,
  `is_registration_bonus` tinyint(1) NOT NULL DEFAULT 0,
  `is_cashback` tinyint(1) NOT NULL DEFAULT 0,
  `description` text COLLATE utf8mb4_unicode_ci DEFAULT NULL,
  `created_at` int(11) NOT NULL
) ENGINE=InnoDB DEFAULT CHARSET=utf8mb4 COLLATE=utf8mb4_unicode_ci ROW_FORMAT=DYNAMIC;

--
-- Dumping data for table `accounting`
--

INSERT INTO `accounting` (`id`, `user_id`, `creator_id`, `order_item_id`, `webinar_id`, `bundle_id`, `meeting_time_id`, `subscribe_id`, `promotion_id`, `registration_package_id`, `product_id`, `installment_payment_id`, `installment_order_id`, `gift_id`, `system`, `tax`, `amount`, `type`, `type_account`, `store_type`, `referred_user_id`, `is_affiliate_amount`, `is_affiliate_commission`, `is_registration_bonus`, `is_cashback`, `description`, `created_at`) VALUES
(251, 996, 1, NULL, NULL, NULL, NULL, NULL, NULL, NULL, NULL, NULL, NULL, NULL, 0, 0, '500.00', 'addiction', 'asset', 'automatic', NULL, 0, 0, 0, 0, 'offline payment approved', 1625944212),
(252, 996, NULL, NULL, NULL, NULL, 98, NULL, NULL, NULL, NULL, NULL, NULL, NULL, 0, 0, '165.00', 'deduction', 'asset', 'automatic', NULL, 0, 0, 0, 0, 'Paid for 1:30 hours of consultation', 1625944347),
(253, 996, NULL, NULL, NULL, NULL, 98, NULL, NULL, NULL, NULL, NULL, NULL, NULL, 0, 1, '15.00', 'addiction', 'asset', 'automatic', NULL, 0, 0, 0, 0, 'Tax form Buyer', 1625944347),
(254, 1015, NULL, NULL, NULL, NULL, 98, NULL, NULL, NULL, NULL, NULL, NULL, NULL, 0, 0, '120.00', 'addiction', 'income', 'automatic', NULL, 0, 0, 0, 0, 'Income Sale', 1625944347),
(255, 1015, NULL, NULL, NULL, NULL, 98, NULL, NULL, NULL, NULL, NULL, NULL, NULL, 1, 0, '30.00', 'addiction', 'income', 'automatic', NULL, 0, 0, 0, 0, 'Commission from Seller', 1625944347),
(256, 930, 1, NULL, NULL, NULL, NULL, NULL, NULL, NULL, NULL, NULL, NULL, NULL, 0, 0, '600.00', 'addiction', 'asset', 'manual', NULL, 0, 0, 0, 0, 'Gifts from the platform', 1625950715),
(257, 995, 1, NULL, NULL, NULL, NULL, NULL, NULL, NULL, NULL, NULL, NULL, NULL, 0, 0, '1000.00', 'addiction', 'asset', 'automatic', NULL, 0, 0, 0, 0, 'offline payment approved', 1625950749),
(258, 995, NULL, NULL, NULL, NULL, 160, NULL, NULL, NULL, NULL, NULL, NULL, NULL, 0, 0, '110.00', 'deduction', 'asset', 'automatic', NULL, 0, 0, 0, 0, 'Paid for 1:00 hours of consultation', 1625952630),
(259, 995, NULL, NULL, NULL, NULL, 160, NULL, NULL, NULL, NULL, NULL, NULL, NULL, 0, 1, '10.00', 'addiction', 'asset', 'automatic', NULL, 0, 0, 0, 0, 'Tax form Buyer', 1625952630),
(260, 934, NULL, NULL, NULL, NULL, 160, NULL, NULL, NULL, NULL, NULL, NULL, NULL, 0, 0, '80.00', 'addiction', 'income', 'automatic', NULL, 0, 0, 0, 0, 'Income Sale', 1625952630),
(261, 934, NULL, NULL, NULL, NULL, 160, NULL, NULL, NULL, NULL, NULL, NULL, NULL, 1, 0, '20.00', 'addiction', 'income', 'automatic', NULL, 0, 0, 0, 0, 'Commission from Seller', 1625952630),
(262, 995, NULL, NULL, 2005, NULL, NULL, NULL, NULL, NULL, NULL, NULL, NULL, NULL, 0, 0, '11.00', 'deduction', 'asset', 'automatic', NULL, 0, 0, 0, 0, 'Paid form Credit', 1625953197),
(263, 995, NULL, NULL, 2005, NULL, NULL, NULL, NULL, NULL, NULL, NULL, NULL, NULL, 0, 1, '1.00', 'addiction', 'asset', 'automatic', NULL, 0, 0, 0, 0, 'Tax form Buyer', 1625953198),
(264, 4, NULL, NULL, 2005, NULL, NULL, NULL, NULL, NULL, NULL, NULL, NULL, NULL, 0, 0, '8.00', 'addiction', 'income', 'automatic', NULL, 0, 0, 0, 0, 'Income Sale', 1625953198),
(265, 4, NULL, NULL, 2005, NULL, NULL, NULL, NULL, NULL, NULL, NULL, NULL, NULL, 1, 0, '2.00', 'addiction', 'income', 'automatic', NULL, 0, 0, 0, 0, 'Commission from Seller', 1625953198),
(266, 979, 1, NULL, NULL, NULL, NULL, NULL, NULL, NULL, NULL, NULL, NULL, NULL, 0, 0, '400.00', 'addiction', 'asset', 'automatic', NULL, 0, 0, 0, 0, 'offline payment approved', 1625992548),
(267, 995, NULL, NULL, NULL, NULL, 103, NULL, NULL, NULL, NULL, NULL, NULL, NULL, 0, 0, '137.50', 'deduction', 'asset', 'automatic', NULL, 0, 0, 0, 0, 'Paid for 1:15 hours of consultation', 1625996816),
(268, 995, NULL, NULL, NULL, NULL, 103, NULL, NULL, NULL, NULL, NULL, NULL, NULL, 0, 1, '12.50', 'addiction', 'asset', 'automatic', NULL, 0, 0, 0, 0, 'Tax form Buyer', 1625996817),
(269, 1015, NULL, NULL, NULL, NULL, 103, NULL, NULL, NULL, NULL, NULL, NULL, NULL, 0, 0, '100.00', 'addiction', 'income', 'automatic', NULL, 0, 0, 0, 0, 'Income Sale', 1625996817),
(270, 1015, NULL, NULL, NULL, NULL, 103, NULL, NULL, NULL, NULL, NULL, NULL, NULL, 1, 0, '25.00', 'addiction', 'income', 'automatic', NULL, 0, 0, 0, 0, 'Commission from Seller', 1625996817),
(271, 995, NULL, NULL, 1999, NULL, NULL, NULL, NULL, NULL, NULL, NULL, NULL, NULL, 0, 0, '55.00', 'deduction', 'asset', 'automatic', NULL, 0, 0, 0, 0, 'Paid form Credit', 1625996942),
(272, 995, NULL, NULL, 1999, NULL, NULL, NULL, NULL, NULL, NULL, NULL, NULL, NULL, 0, 1, '5.00', 'addiction', 'asset', 'automatic', NULL, 0, 0, 0, 0, 'Tax form Buyer', 1625996943),
(273, 929, NULL, NULL, 1999, NULL, NULL, NULL, NULL, NULL, NULL, NULL, NULL, NULL, 0, 0, '45.00', 'addiction', 'income', 'automatic', NULL, 0, 0, 0, 0, 'Income Sale', 1625996943),
(274, 929, NULL, NULL, 1999, NULL, NULL, NULL, NULL, NULL, NULL, NULL, NULL, NULL, 1, 0, '5.00', 'addiction', 'income', 'automatic', NULL, 0, 0, 0, 0, 'Commission from Seller', 1625996943),
(275, 995, NULL, NULL, 1998, NULL, NULL, NULL, NULL, NULL, NULL, NULL, NULL, NULL, 0, 0, '55.00', 'deduction', 'asset', 'automatic', NULL, 0, 0, 0, 0, 'Paid form Credit', 1625996979),
(276, 995, NULL, NULL, 1998, NULL, NULL, NULL, NULL, NULL, NULL, NULL, NULL, NULL, 0, 1, '5.00', 'addiction', 'asset', 'automatic', NULL, 0, 0, 0, 0, 'Tax form Buyer', 1625996979),
(277, 1015, NULL, NULL, 1998, NULL, NULL, NULL, NULL, NULL, NULL, NULL, NULL, NULL, 0, 0, '40.00', 'addiction', 'income', 'automatic', NULL, 0, 0, 0, 0, 'Income Sale', 1625996979),
(278, 1015, NULL, NULL, 1998, NULL, NULL, NULL, NULL, NULL, NULL, NULL, NULL, NULL, 1, 0, '10.00', 'addiction', 'income', 'automatic', NULL, 0, 0, 0, 0, 'Commission from Seller', 1625996979),
(279, 995, NULL, NULL, 2001, NULL, NULL, NULL, NULL, NULL, NULL, NULL, NULL, NULL, 0, 0, '17.60', 'deduction', 'asset', 'automatic', NULL, 0, 0, 0, 0, 'Paid form Credit', 1625997105),
(280, 995, NULL, NULL, 2001, NULL, NULL, NULL, NULL, NULL, NULL, NULL, NULL, NULL, 0, 1, '1.60', 'addiction', 'asset', 'automatic', NULL, 0, 0, 0, 0, 'Tax form Buyer', 1625997106),
(281, 3, NULL, NULL, 2001, NULL, NULL, NULL, NULL, NULL, NULL, NULL, NULL, NULL, 0, 0, '14.40', 'addiction', 'income', 'automatic', NULL, 0, 0, 0, 0, 'Income Sale', 1625997106),
(282, 3, NULL, NULL, 2001, NULL, NULL, NULL, NULL, NULL, NULL, NULL, NULL, NULL, 1, 0, '1.60', 'addiction', 'income', 'automatic', NULL, 0, 0, 0, 0, 'Commission from Seller', 1625997106),
(283, 996, NULL, NULL, 2006, NULL, NULL, NULL, NULL, NULL, NULL, NULL, NULL, NULL, 0, 0, '24.75', 'deduction', 'asset', 'automatic', NULL, 0, 0, 0, 0, 'Paid form Credit', 1626060488),
(284, 996, NULL, NULL, 2006, NULL, NULL, NULL, NULL, NULL, NULL, NULL, NULL, NULL, 0, 1, '2.25', 'addiction', 'asset', 'automatic', NULL, 0, 0, 0, 0, 'Tax form Buyer', 1626060488),
(285, 867, NULL, NULL, 2006, NULL, NULL, NULL, NULL, NULL, NULL, NULL, NULL, NULL, 0, 0, '18.00', 'addiction', 'income', 'automatic', NULL, 0, 0, 0, 0, 'Income Sale', 1626060488),
(286, 867, NULL, NULL, 2006, NULL, NULL, NULL, NULL, NULL, NULL, NULL, NULL, NULL, 1, 0, '4.50', 'addiction', 'income', 'automatic', NULL, 0, 0, 0, 0, 'Commission from Seller', 1626060488),
(287, 996, NULL, NULL, 1998, NULL, NULL, NULL, NULL, NULL, NULL, NULL, NULL, NULL, 0, 0, '44.00', 'deduction', 'asset', 'automatic', NULL, 0, 0, 0, 0, 'Paid form Credit', 1626060553),
(288, 996, NULL, NULL, 1998, NULL, NULL, NULL, NULL, NULL, NULL, NULL, NULL, NULL, 0, 1, '4.00', 'addiction', 'asset', 'automatic', NULL, 0, 0, 0, 0, 'Tax form Buyer', 1626060553),
(289, 1015, NULL, NULL, 1998, NULL, NULL, NULL, NULL, NULL, NULL, NULL, NULL, NULL, 0, 0, '32.00', 'addiction', 'income', 'automatic', NULL, 0, 0, 0, 0, 'Income Sale', 1626060553),
(290, 1015, NULL, NULL, 1998, NULL, NULL, NULL, NULL, NULL, NULL, NULL, NULL, NULL, 1, 0, '8.00', 'addiction', 'income', 'automatic', NULL, 0, 0, 0, 0, 'Commission from Seller', 1626060553),
(291, 930, NULL, NULL, 1998, NULL, NULL, NULL, NULL, NULL, NULL, NULL, NULL, NULL, 0, 0, '55.00', 'deduction', 'asset', 'automatic', NULL, 0, 0, 0, 0, 'Paid form Credit', 1626060836),
(292, 930, NULL, NULL, 1998, NULL, NULL, NULL, NULL, NULL, NULL, NULL, NULL, NULL, 0, 1, '5.00', 'addiction', 'asset', 'automatic', NULL, 0, 0, 0, 0, 'Tax form Buyer', 1626060837),
(293, 1015, NULL, NULL, 1998, NULL, NULL, NULL, NULL, NULL, NULL, NULL, NULL, NULL, 0, 0, '40.00', 'addiction', 'income', 'automatic', NULL, 0, 0, 0, 0, 'Income Sale', 1626060837),
(294, 1015, NULL, NULL, 1998, NULL, NULL, NULL, NULL, NULL, NULL, NULL, NULL, NULL, 1, 0, '10.00', 'addiction', 'income', 'automatic', NULL, 0, 0, 0, 0, 'Commission from Seller', 1626060837),
(295, 1015, 1, NULL, NULL, NULL, NULL, NULL, NULL, NULL, NULL, NULL, NULL, NULL, 0, 0, '332.00', 'deduction', 'income', 'automatic', NULL, 0, 0, 0, 0, 'Payout request', 1626061220),
(296, 979, NULL, NULL, 2004, NULL, NULL, NULL, NULL, NULL, NULL, NULL, NULL, NULL, 0, 0, '66.00', 'deduction', 'asset', 'automatic', NULL, 0, 0, 0, 0, 'Paid form Credit', 1626061333),
(297, 979, NULL, NULL, 2004, NULL, NULL, NULL, NULL, NULL, NULL, NULL, NULL, NULL, 0, 1, '6.00', 'addiction', 'asset', 'automatic', NULL, 0, 0, 0, 0, 'Tax form Buyer', 1626061334),
(298, 929, NULL, NULL, 2004, NULL, NULL, NULL, NULL, NULL, NULL, NULL, NULL, NULL, 0, 0, '54.00', 'addiction', 'income', 'automatic', NULL, 0, 0, 0, 0, 'Income Sale', 1626061334),
(299, 929, NULL, NULL, 2004, NULL, NULL, NULL, NULL, NULL, NULL, NULL, NULL, NULL, 1, 0, '6.00', 'addiction', 'income', 'automatic', NULL, 0, 0, 0, 0, 'Commission from Seller', 1626061334),
(300, 979, NULL, NULL, 2002, NULL, NULL, NULL, NULL, NULL, NULL, NULL, NULL, NULL, 0, 0, '22.00', 'deduction', 'asset', 'automatic', NULL, 0, 0, 0, 0, 'Paid form Credit', 1626061374),
(301, 979, NULL, NULL, 2002, NULL, NULL, NULL, NULL, NULL, NULL, NULL, NULL, NULL, 0, 1, '2.00', 'addiction', 'asset', 'automatic', NULL, 0, 0, 0, 0, 'Tax form Buyer', 1626061374),
(302, 863, NULL, NULL, 2002, NULL, NULL, NULL, NULL, NULL, NULL, NULL, NULL, NULL, 0, 0, '16.00', 'addiction', 'income', 'automatic', NULL, 0, 0, 0, 0, 'Income Sale', 1626061374),
(303, 863, NULL, NULL, 2002, NULL, NULL, NULL, NULL, NULL, NULL, NULL, NULL, NULL, 1, 0, '4.00', 'addiction', 'income', 'automatic', NULL, 0, 0, 0, 0, 'Commission from Seller', 1626061374),
(304, 979, NULL, NULL, 2000, NULL, NULL, NULL, NULL, NULL, NULL, NULL, NULL, NULL, 0, 0, '33.00', 'deduction', 'asset', 'automatic', NULL, 0, 0, 0, 0, 'Paid form Credit', 1626061375),
(305, 979, NULL, NULL, 2000, NULL, NULL, NULL, NULL, NULL, NULL, NULL, NULL, NULL, 0, 1, '3.00', 'addiction', 'asset', 'automatic', NULL, 0, 0, 0, 0, 'Tax form Buyer', 1626061376),
(306, 867, NULL, NULL, 2000, NULL, NULL, NULL, NULL, NULL, NULL, NULL, NULL, NULL, 0, 0, '24.00', 'addiction', 'income', 'automatic', NULL, 0, 0, 0, 0, 'Income Sale', 1626061376),
(307, 867, NULL, NULL, 2000, NULL, NULL, NULL, NULL, NULL, NULL, NULL, NULL, NULL, 1, 0, '6.00', 'addiction', 'income', 'automatic', NULL, 0, 0, 0, 0, 'Commission from Seller', 1626061376),
(308, 995, NULL, NULL, NULL, NULL, NULL, 3, NULL, NULL, NULL, NULL, NULL, NULL, 0, 0, '22.00', 'deduction', 'asset', 'automatic', NULL, 0, 0, 0, 0, 'Paid form Credit', 1626061450),
(309, 995, NULL, NULL, NULL, NULL, NULL, 3, NULL, NULL, NULL, NULL, NULL, NULL, 0, 1, '2.00', 'addiction', 'asset', 'automatic', NULL, 0, 0, 0, 0, 'Tax form Buyer', 1626061451),
(310, 995, NULL, NULL, NULL, NULL, NULL, 3, NULL, NULL, NULL, NULL, NULL, NULL, 1, 0, '20.00', 'addiction', 'subscribe', 'automatic', NULL, 0, 0, 0, 0, 'Income for Subscribe', 1626061451),
(311, 867, NULL, NULL, 2006, NULL, NULL, NULL, NULL, NULL, NULL, NULL, NULL, NULL, 0, 0, '0.16', 'addiction', 'income', 'automatic', NULL, 0, 0, 0, 0, 'Paid for Subscribe', 1626061483),
(312, 1, NULL, NULL, 2006, NULL, NULL, NULL, NULL, NULL, NULL, NULL, NULL, NULL, 1, 0, '0.16', 'deduction', 'asset', 'automatic', NULL, 0, 0, 0, 0, 'Paid for Subscribe', 1626061483),
(313, 929, NULL, NULL, 2004, NULL, NULL, NULL, NULL, NULL, NULL, NULL, NULL, NULL, 0, 0, '0.16', 'addiction', 'income', 'automatic', NULL, 0, 0, 0, 0, 'Paid for Subscribe', 1626061490),
(314, 1, NULL, NULL, 2004, NULL, NULL, NULL, NULL, NULL, NULL, NULL, NULL, NULL, 1, 0, '0.16', 'deduction', 'asset', 'automatic', NULL, 0, 0, 0, 0, 'Paid for Subscribe', 1626061490),
(315, 863, NULL, NULL, 2002, NULL, NULL, NULL, NULL, NULL, NULL, NULL, NULL, NULL, 0, 0, '0.16', 'addiction', 'income', 'automatic', NULL, 0, 0, 0, 0, 'Paid for Subscribe', 1626061494),
(316, 1, NULL, NULL, 2002, NULL, NULL, NULL, NULL, NULL, NULL, NULL, NULL, NULL, 1, 0, '0.16', 'deduction', 'asset', 'automatic', NULL, 0, 0, 0, 0, 'Paid for Subscribe', 1626061494),
(317, 1015, 1, NULL, NULL, NULL, NULL, NULL, NULL, NULL, NULL, NULL, NULL, NULL, 0, 0, '500.00', 'addiction', 'asset', 'automatic', NULL, 0, 0, 0, 0, 'offline payment approved', 1626132570),
(318, 1015, NULL, NULL, 2002, NULL, NULL, NULL, NULL, NULL, NULL, NULL, NULL, NULL, 0, 0, '17.60', 'deduction', 'asset', 'automatic', NULL, 0, 0, 0, 0, 'Paid form Credit', 1626132845),
(319, 1015, NULL, NULL, 2002, NULL, NULL, NULL, NULL, NULL, NULL, NULL, NULL, NULL, 0, 1, '1.60', 'addiction', 'asset', 'automatic', NULL, 0, 0, 0, 0, 'Tax form Buyer', 1626132845),
(320, 863, NULL, NULL, 2002, NULL, NULL, NULL, NULL, NULL, NULL, NULL, NULL, NULL, 0, 0, '12.80', 'addiction', 'income', 'automatic', NULL, 0, 0, 0, 0, 'Income Sale', 1626132845),
(321, 863, NULL, NULL, 2002, NULL, NULL, NULL, NULL, NULL, NULL, NULL, NULL, NULL, 1, 0, '3.20', 'addiction', 'income', 'automatic', NULL, 0, 0, 0, 0, 'Commission from Seller', 1626132845),
(322, 929, 1, NULL, NULL, NULL, NULL, NULL, NULL, NULL, NULL, NULL, NULL, NULL, 0, 0, '300.00', 'addiction', 'asset', 'automatic', NULL, 0, 0, 0, 0, 'offline payment approved', 1626241074),
(323, 929, NULL, NULL, 2004, NULL, NULL, NULL, 3, NULL, NULL, NULL, NULL, NULL, 0, 0, '55.00', 'deduction', 'asset', 'automatic', NULL, 0, 0, 0, 0, 'Paid form Credit', 1626241152),
(324, 929, NULL, NULL, 2004, NULL, NULL, NULL, 3, NULL, NULL, NULL, NULL, NULL, 0, 1, '5.00', 'addiction', 'asset', 'automatic', NULL, 0, 0, 0, 0, 'Tax form Buyer', 1626241153),
(325, 929, NULL, NULL, NULL, NULL, NULL, NULL, 3, NULL, NULL, NULL, NULL, NULL, 1, 0, '50.00', 'addiction', 'promotion', 'automatic', NULL, 0, 0, 0, 0, 'Paid for Promotion', 1626241153),
(326, 929, NULL, NULL, 2003, NULL, NULL, NULL, NULL, NULL, NULL, NULL, NULL, NULL, 0, 0, '33.00', 'deduction', 'asset', 'automatic', NULL, 0, 0, 0, 0, 'Paid form Credit', 1626241213),
(327, 929, NULL, NULL, 2003, NULL, NULL, NULL, NULL, NULL, NULL, NULL, NULL, NULL, 0, 1, '3.00', 'addiction', 'asset', 'automatic', NULL, 0, 0, 0, 0, 'Tax form Buyer', 1626241214),
(328, 864, NULL, NULL, 2003, NULL, NULL, NULL, NULL, NULL, NULL, NULL, NULL, NULL, 0, 0, '24.00', 'addiction', 'income', 'automatic', NULL, 0, 0, 0, 0, 'Income Sale', 1626241214),
(329, 864, NULL, NULL, 2003, NULL, NULL, NULL, NULL, NULL, NULL, NULL, NULL, NULL, 1, 0, '6.00', 'addiction', 'income', 'automatic', NULL, 0, 0, 0, 0, 'Commission from Seller', 1626241214),
(330, 995, NULL, NULL, NULL, NULL, 114, NULL, NULL, NULL, NULL, NULL, NULL, NULL, 0, 0, '110.00', 'deduction', 'asset', 'automatic', NULL, 0, 0, 0, 0, 'Paid for 1:00 hours of consultation', 1626247196),
(331, 995, NULL, NULL, NULL, NULL, 114, NULL, NULL, NULL, NULL, NULL, NULL, NULL, 0, 1, '10.00', 'addiction', 'asset', 'automatic', NULL, 0, 0, 0, 0, 'Tax form Buyer', 1626247196),
(332, 870, NULL, NULL, NULL, NULL, 114, NULL, NULL, NULL, NULL, NULL, NULL, NULL, 0, 0, '80.00', 'addiction', 'income', 'automatic', NULL, 0, 0, 0, 0, 'Income Sale', 1626247196),
(333, 870, NULL, NULL, NULL, NULL, 114, NULL, NULL, NULL, NULL, NULL, NULL, NULL, 1, 0, '20.00', 'addiction', 'income', 'automatic', NULL, 0, 0, 0, 0, 'Commission from Seller', 1626247196),
(334, 995, NULL, NULL, NULL, NULL, 114, NULL, NULL, NULL, NULL, NULL, NULL, NULL, 0, 0, '110.00', 'addiction', 'asset', 'automatic', NULL, 0, 0, 0, 0, 'Refunded to Buyer', 1626247245),
(335, NULL, NULL, NULL, NULL, NULL, 114, NULL, NULL, NULL, NULL, NULL, NULL, NULL, 0, 1, '10.00', 'deduction', 'asset', 'automatic', NULL, 0, 0, 0, 0, 'Refunded Tax', 1626247245),
(336, 870, NULL, NULL, NULL, NULL, 114, NULL, NULL, NULL, NULL, NULL, NULL, NULL, 0, 0, '100.00', 'deduction', 'income', 'automatic', NULL, 0, 0, 0, 0, 'Refunded Income', 1626247245),
(337, 870, NULL, NULL, NULL, NULL, 114, NULL, NULL, NULL, NULL, NULL, NULL, NULL, 0, 0, '20.00', 'addiction', 'income', 'automatic', NULL, 0, 0, 0, 0, 'Refunded Commission to Seller', 1626247245),
(338, 870, NULL, NULL, NULL, NULL, 114, NULL, NULL, NULL, NULL, NULL, NULL, NULL, 1, 0, '20.00', 'deduction', 'income', 'automatic', NULL, 0, 0, 0, 0, 'Refunded Commission', 1626247245),
(339, 996, NULL, NULL, 2000, NULL, NULL, NULL, NULL, NULL, NULL, NULL, NULL, NULL, 0, 0, '29.70', 'deduction', 'asset', 'automatic', NULL, 0, 0, 0, 0, 'Paid form Credit', 1626508957),
(340, 996, NULL, NULL, 2000, NULL, NULL, NULL, NULL, NULL, NULL, NULL, NULL, NULL, 0, 1, '2.70', 'addiction', 'asset', 'automatic', NULL, 0, 0, 0, 0, 'Tax form Buyer', 1626508957),
(341, 867, NULL, NULL, 2000, NULL, NULL, NULL, NULL, NULL, NULL, NULL, NULL, NULL, 0, 0, '21.60', 'addiction', 'income', 'automatic', NULL, 0, 0, 0, 0, 'Income Sale', 1626508957),
(342, 867, NULL, NULL, 2000, NULL, NULL, NULL, NULL, NULL, NULL, NULL, NULL, NULL, 1, 0, '5.40', 'addiction', 'income', 'automatic', NULL, 0, 0, 0, 0, 'Commission from Seller', 1626508957),
(343, 930, 1, NULL, NULL, NULL, NULL, NULL, NULL, NULL, NULL, NULL, NULL, NULL, 0, 0, '250.00', 'addiction', 'asset', 'automatic', NULL, 0, 0, 0, 0, 'offline payment approved', 1628704280),
(344, 923, 1, NULL, NULL, NULL, NULL, NULL, NULL, NULL, NULL, NULL, NULL, NULL, 0, 0, '300.00', 'addiction', 'asset', 'automatic', NULL, 0, 0, 0, 0, 'offline payment approved', 1628704284),
(345, 995, 1, NULL, NULL, NULL, NULL, NULL, NULL, NULL, NULL, NULL, NULL, NULL, 0, 0, '200.00', 'addiction', 'asset', 'automatic', NULL, 0, 0, 0, 0, 'offline payment approved', 1628704378),
(346, 995, 1, NULL, NULL, NULL, NULL, NULL, NULL, NULL, NULL, NULL, NULL, NULL, 0, 0, '100.00', 'addiction', 'asset', 'automatic', NULL, 0, 0, 0, 0, 'offline payment approved', 1628704382),
(347, 996, 1, NULL, NULL, NULL, NULL, NULL, NULL, NULL, NULL, NULL, NULL, NULL, 0, 0, '200.00', 'addiction', 'asset', 'automatic', NULL, 0, 0, 0, 0, 'offline payment approved', 1628704397),
(348, 929, NULL, NULL, 2000, NULL, NULL, NULL, NULL, NULL, NULL, NULL, NULL, NULL, 0, 0, '33.00', 'deduction', 'asset', 'automatic', NULL, 0, 0, 0, 0, 'Paid form Credit', 1635412197),
(349, 929, NULL, NULL, 2000, NULL, NULL, NULL, NULL, NULL, NULL, NULL, NULL, NULL, 0, 1, '3.00', 'addiction', 'asset', 'automatic', NULL, 0, 0, 0, 0, 'Tax form Buyer', 1635412197),
(350, 867, NULL, NULL, 2000, NULL, NULL, NULL, NULL, NULL, NULL, NULL, NULL, NULL, 0, 0, '24.00', 'addiction', 'income', 'automatic', NULL, 0, 0, 0, 0, 'Income Sale', 1635412197),
(351, 867, NULL, NULL, 2000, NULL, NULL, NULL, NULL, NULL, NULL, NULL, NULL, NULL, 1, 0, '6.00', 'addiction', 'income', 'automatic', NULL, 0, 0, 0, 0, 'Commission from Seller', 1635412197),
(352, 1015, NULL, NULL, NULL, NULL, NULL, NULL, NULL, NULL, NULL, NULL, NULL, NULL, 0, 0, '80.00', 'addiction', 'income', 'automatic', 1017, 1, 0, 0, 0, 'public.get_amount_from_referral', 1639378855),
(353, 1015, NULL, NULL, NULL, NULL, NULL, NULL, NULL, NULL, NULL, NULL, NULL, NULL, 1, 0, '80.00', 'deduction', 'income', 'automatic', 1017, 1, 0, 0, 0, 'public.get_amount_from_referral', 1639378855),
(354, 1017, NULL, NULL, NULL, NULL, NULL, NULL, NULL, NULL, NULL, NULL, NULL, NULL, 0, 0, '50.00', 'addiction', 'income', 'automatic', NULL, 1, 0, 0, 0, 'public.get_amount_from_referral', 1639378855),
(355, 1017, NULL, NULL, NULL, NULL, NULL, NULL, NULL, NULL, NULL, NULL, NULL, NULL, 1, 0, '50.00', 'deduction', 'income', 'automatic', NULL, 1, 0, 0, 0, 'public.get_amount_from_referral', 1639378855),
(356, 1017, 1, NULL, NULL, NULL, NULL, NULL, NULL, NULL, NULL, NULL, NULL, NULL, 0, 0, '500.00', 'addiction', 'asset', 'manual', NULL, 0, 0, 0, 0, 'charging for test', 1639379205),
(357, 1017, NULL, NULL, 2000, NULL, NULL, NULL, NULL, NULL, NULL, NULL, NULL, NULL, 0, 0, '33.00', 'deduction', 'asset', 'automatic', NULL, 0, 0, 0, 0, 'Paid form Credit', 1639379284),
(358, 1017, NULL, NULL, 2000, NULL, NULL, NULL, NULL, NULL, NULL, NULL, NULL, NULL, 0, 1, '3.00', 'addiction', 'asset', 'automatic', NULL, 0, 0, 0, 0, 'Tax form Buyer', 1639379285),
(359, 867, NULL, NULL, 2000, NULL, NULL, NULL, NULL, NULL, NULL, NULL, NULL, NULL, 0, 0, '24.00', 'addiction', 'income', 'automatic', NULL, 0, 0, 0, 0, 'Income Sale', 1639379285),
(360, 867, NULL, NULL, 2000, NULL, NULL, NULL, NULL, NULL, NULL, NULL, NULL, NULL, 1, 0, '4.50', 'addiction', 'income', 'automatic', NULL, 0, 0, 0, 0, 'Commission from Seller', 1639379285),
(361, 1015, NULL, NULL, 2000, NULL, NULL, NULL, NULL, NULL, NULL, NULL, NULL, NULL, 0, 0, '1.50', 'addiction', 'income', 'automatic', 1017, 0, 1, 0, 0, 'public.get_commission_from_referral', 1639379285),
(362, 1017, NULL, NULL, 1998, NULL, NULL, NULL, NULL, NULL, NULL, NULL, NULL, NULL, 0, 0, '110.00', 'deduction', 'asset', 'automatic', NULL, 0, 0, 0, 0, 'Paid form Credit', 1639379351),
(363, 1017, NULL, NULL, 1998, NULL, NULL, NULL, NULL, NULL, NULL, NULL, NULL, NULL, 0, 1, '10.00', 'addiction', 'asset', 'automatic', NULL, 0, 0, 0, 0, 'Tax form Buyer', 1639379352),
(364, 1015, NULL, NULL, 1998, NULL, NULL, NULL, NULL, NULL, NULL, NULL, NULL, NULL, 0, 0, '80.00', 'addiction', 'income', 'automatic', NULL, 0, 0, 0, 0, 'Income Sale', 1639379352),
(365, 1015, NULL, NULL, 1998, NULL, NULL, NULL, NULL, NULL, NULL, NULL, NULL, NULL, 1, 0, '15.00', 'addiction', 'income', 'automatic', NULL, 0, 0, 0, 0, 'Commission from Seller', 1639379352),
(366, 1015, NULL, NULL, 1998, NULL, NULL, NULL, NULL, NULL, NULL, NULL, NULL, NULL, 0, 0, '5.00', 'addiction', 'income', 'automatic', 1017, 0, 1, 0, 0, 'public.get_commission_from_referral', 1639379352),
(367, 1017, NULL, NULL, 2003, NULL, NULL, NULL, NULL, NULL, NULL, NULL, NULL, NULL, 0, 0, '33.00', 'deduction', 'asset', 'automatic', NULL, 0, 0, 0, 0, 'Paid form Credit', 1639379394),
(368, 1017, NULL, NULL, 2003, NULL, NULL, NULL, NULL, NULL, NULL, NULL, NULL, NULL, 0, 1, '3.00', 'addiction', 'asset', 'automatic', NULL, 0, 0, 0, 0, 'Tax form Buyer', 1639379395),
(369, 864, NULL, NULL, 2003, NULL, NULL, NULL, NULL, NULL, NULL, NULL, NULL, NULL, 0, 0, '24.00', 'addiction', 'income', 'automatic', NULL, 0, 0, 0, 0, 'Income Sale', 1639379395),
(370, 864, NULL, NULL, 2003, NULL, NULL, NULL, NULL, NULL, NULL, NULL, NULL, NULL, 1, 0, '4.50', 'addiction', 'income', 'automatic', NULL, 0, 0, 0, 0, 'Commission from Seller', 1639379395),
(371, 1015, NULL, NULL, 2003, NULL, NULL, NULL, NULL, NULL, NULL, NULL, NULL, NULL, 0, 0, '1.50', 'addiction', 'income', 'automatic', 1017, 0, 1, 0, 0, 'public.get_commission_from_referral', 1639379395),
(372, 995, NULL, NULL, 2009, NULL, NULL, NULL, NULL, NULL, NULL, NULL, NULL, NULL, 0, 0, '11.00', 'deduction', 'asset', 'automatic', NULL, 0, 0, 0, 0, 'Paid Form Credit', 1646172087),
(373, 995, NULL, NULL, 2009, NULL, NULL, NULL, NULL, NULL, NULL, NULL, NULL, NULL, 0, 1, '1.00', 'addiction', 'asset', 'automatic', NULL, 0, 0, 0, 0, 'Tax Get Form Buyer', 1646172087),
(374, 1015, NULL, NULL, 2009, NULL, NULL, NULL, NULL, NULL, NULL, NULL, NULL, NULL, 0, 0, '8.00', 'addiction', 'income', 'automatic', NULL, 0, 0, 0, 0, 'Income Sale', 1646172087),
(375, 1015, NULL, NULL, 2009, NULL, NULL, NULL, NULL, NULL, NULL, NULL, NULL, NULL, 1, 0, '2.00', 'addiction', 'income', 'automatic', NULL, 0, 0, 0, 0, 'Get Commission From Seller', 1646172087),
(376, 996, NULL, NULL, 2009, NULL, NULL, NULL, NULL, NULL, NULL, NULL, NULL, NULL, 0, 0, '9.90', 'deduction', 'asset', 'automatic', NULL, 0, 0, 0, 0, 'Paid Form Credit', 1646172124),
(377, 996, NULL, NULL, 2009, NULL, NULL, NULL, NULL, NULL, NULL, NULL, NULL, NULL, 0, 1, '0.90', 'addiction', 'asset', 'automatic', NULL, 0, 0, 0, 0, 'Tax Get Form Buyer', 1646172124),
(378, 1015, NULL, NULL, 2009, NULL, NULL, NULL, NULL, NULL, NULL, NULL, NULL, NULL, 0, 0, '7.20', 'addiction', 'income', 'automatic', NULL, 0, 0, 0, 0, 'Income Sale', 1646172124),
(379, 1015, NULL, NULL, 2009, NULL, NULL, NULL, NULL, NULL, NULL, NULL, NULL, NULL, 1, 0, '1.80', 'addiction', 'income', 'automatic', NULL, 0, 0, 0, 0, 'Get Commission From Seller', 1646172124),
(380, 979, NULL, NULL, 2009, NULL, NULL, NULL, NULL, NULL, NULL, NULL, NULL, NULL, 0, 0, '11.00', 'deduction', 'asset', 'automatic', NULL, 0, 0, 0, 0, 'Paid Form Credit', 1646172160),
(381, 979, NULL, NULL, 2009, NULL, NULL, NULL, NULL, NULL, NULL, NULL, NULL, NULL, 0, 1, '1.00', 'addiction', 'asset', 'automatic', NULL, 0, 0, 0, 0, 'Tax Get Form Buyer', 1646172160),
(382, 1015, NULL, NULL, 2009, NULL, NULL, NULL, NULL, NULL, NULL, NULL, NULL, NULL, 0, 0, '8.00', 'addiction', 'income', 'automatic', NULL, 0, 0, 0, 0, 'Income Sale', 1646172160),
(383, 1015, NULL, NULL, 2009, NULL, NULL, NULL, NULL, NULL, NULL, NULL, NULL, NULL, 1, 0, '2.00', 'addiction', 'income', 'automatic', NULL, 0, 0, 0, 0, 'Get Commission From Seller', 1646172160),
(384, 929, NULL, NULL, 2009, NULL, NULL, NULL, NULL, NULL, NULL, NULL, NULL, NULL, 0, 0, '11.00', 'deduction', 'asset', 'automatic', NULL, 0, 0, 0, 0, 'Paid Form Credit', 1646172296),
(385, 929, NULL, NULL, 2009, NULL, NULL, NULL, NULL, NULL, NULL, NULL, NULL, NULL, 0, 1, '1.00', 'addiction', 'asset', 'automatic', NULL, 0, 0, 0, 0, 'Tax Get Form Buyer', 1646172297),
(386, 1015, NULL, NULL, 2009, NULL, NULL, NULL, NULL, NULL, NULL, NULL, NULL, NULL, 0, 0, '8.00', 'addiction', 'income', 'automatic', NULL, 0, 0, 0, 0, 'Income Sale', 1646172297),
(387, 1015, NULL, NULL, 2009, NULL, NULL, NULL, NULL, NULL, NULL, NULL, NULL, NULL, 1, 0, '2.00', 'addiction', 'income', 'automatic', NULL, 0, 0, 0, 0, 'Get Commission From Seller', 1646172297),
(388, 995, NULL, NULL, NULL, NULL, 169, NULL, NULL, NULL, NULL, NULL, NULL, NULL, 0, 0, '825.00', 'deduction', 'asset', 'automatic', NULL, 0, 0, 0, 0, 'Paid for 1:00 hours of consultation', 1646379290),
(389, 995, NULL, NULL, NULL, NULL, 169, NULL, NULL, NULL, NULL, NULL, NULL, NULL, 0, 1, '75.00', 'addiction', 'asset', 'automatic', NULL, 0, 0, 0, 0, 'Tax Get Form Buyer', 1646379290),
(390, 1015, NULL, NULL, NULL, NULL, 169, NULL, NULL, NULL, NULL, NULL, NULL, NULL, 0, 0, '600.00', 'addiction', 'income', 'automatic', NULL, 0, 0, 0, 0, 'Income Sale', 1646379290),
(391, 1015, NULL, NULL, NULL, NULL, 169, NULL, NULL, NULL, NULL, NULL, NULL, NULL, 1, 0, '150.00', 'addiction', 'income', 'automatic', NULL, 0, 0, 0, 0, 'Get Commission From Seller', 1646379290),
(392, 867, 1, NULL, NULL, NULL, NULL, NULL, NULL, NULL, NULL, NULL, NULL, NULL, 0, 0, '200.00', 'addiction', 'asset', 'manual', NULL, 0, 0, 0, 0, 'gift', 1646381415),
(393, 930, NULL, NULL, NULL, NULL, NULL, NULL, NULL, 2, NULL, NULL, NULL, NULL, 0, 0, '218.90', 'deduction', 'asset', 'automatic', NULL, 0, 0, 0, 0, 'Paid Form Credit', 1646386792),
(394, 930, NULL, NULL, NULL, NULL, NULL, NULL, NULL, 2, NULL, NULL, NULL, NULL, 0, 1, '19.90', 'addiction', 'asset', 'automatic', NULL, 0, 0, 0, 0, 'Tax Get Form Buyer', 1646386797),
(395, 1, NULL, NULL, NULL, NULL, NULL, NULL, NULL, 2, NULL, NULL, NULL, NULL, 1, 0, '199.00', 'addiction', 'registration_package', 'automatic', NULL, 0, 0, 0, 0, 'Paid For Registration Package', 1646386797),
(396, 859, 1, NULL, NULL, NULL, NULL, NULL, NULL, NULL, NULL, NULL, NULL, NULL, 0, 0, '500.00', 'addiction', 'asset', 'manual', NULL, 0, 0, 0, 0, 'Charge for the test.', 1646387608),
(397, 859, NULL, NULL, NULL, NULL, NULL, NULL, NULL, 4, NULL, NULL, NULL, NULL, 0, 0, '220.00', 'deduction', 'asset', 'automatic', NULL, 0, 0, 0, 0, 'Paid Form Credit', 1646387660),
(398, 859, NULL, NULL, NULL, NULL, NULL, NULL, NULL, 4, NULL, NULL, NULL, NULL, 0, 1, '20.00', 'addiction', 'asset', 'automatic', NULL, 0, 0, 0, 0, 'Tax Get Form Buyer', 1646387660),
(399, 1, NULL, NULL, NULL, NULL, NULL, NULL, NULL, 4, NULL, NULL, NULL, NULL, 1, 0, '200.00', 'addiction', 'registration_package', 'automatic', NULL, 0, 0, 0, 0, 'Paid For Registration Package', 1646387660),
(400, 930, NULL, NULL, NULL, 1, NULL, NULL, NULL, NULL, NULL, NULL, NULL, NULL, 0, 0, '55.00', 'deduction', 'asset', 'automatic', NULL, 0, 0, 0, 0, 'Paid form credit', 1656083263),
(401, 930, NULL, NULL, NULL, 1, NULL, NULL, NULL, NULL, NULL, NULL, NULL, NULL, 0, 1, '5.00', 'addiction', 'asset', 'automatic', NULL, 0, 0, 0, 0, 'Tax form buyer', 1656083263),
(402, 1015, NULL, NULL, NULL, 1, NULL, NULL, NULL, NULL, NULL, NULL, NULL, NULL, 0, 0, '40.00', 'addiction', 'income', 'automatic', NULL, 0, 0, 0, 0, 'Sales income', 1656083263),
(403, 1015, NULL, NULL, NULL, 1, NULL, NULL, NULL, NULL, NULL, NULL, NULL, NULL, 1, 0, '10.00', 'addiction', 'income', 'automatic', NULL, 0, 0, 0, 0, 'Seller commission', 1656083263),
(404, 995, NULL, NULL, NULL, NULL, NULL, NULL, NULL, NULL, 4, NULL, NULL, NULL, 0, 0, '5.25', 'deduction', 'asset', 'automatic', NULL, 0, 0, 0, 0, 'Paid form credit', 1656103844),
(405, 995, NULL, NULL, NULL, NULL, NULL, NULL, NULL, NULL, 4, NULL, NULL, NULL, 0, 1, '0.25', 'addiction', 'asset', 'automatic', NULL, 0, 0, 0, 0, 'Tax form buyer', 1656103844),
(406, 1016, NULL, NULL, NULL, NULL, NULL, NULL, NULL, NULL, 4, NULL, NULL, NULL, 0, 0, '4.00', 'addiction', 'income', 'automatic', NULL, 0, 0, 0, 0, 'Sales income', 1656103844),
(407, 1016, NULL, NULL, NULL, NULL, NULL, NULL, NULL, NULL, 4, NULL, NULL, NULL, 1, 0, '1.00', 'addiction', 'income', 'automatic', NULL, 0, 0, 0, 0, 'Seller commission', 1656103844),
(408, 923, NULL, NULL, NULL, NULL, NULL, NULL, NULL, NULL, 1, NULL, NULL, NULL, 0, 0, '31.25', 'deduction', 'asset', 'automatic', NULL, 0, 0, 0, 0, 'Paid form credit', 1656104131),
(409, 923, NULL, NULL, NULL, NULL, NULL, NULL, NULL, NULL, 1, NULL, NULL, NULL, 0, 1, '1.25', 'addiction', 'asset', 'automatic', NULL, 0, 0, 0, 0, 'Tax form buyer', 1656104132),
(410, 1015, NULL, NULL, NULL, NULL, NULL, NULL, NULL, NULL, 1, NULL, NULL, NULL, 0, 0, '27.50', 'addiction', 'income', 'automatic', NULL, 0, 0, 0, 0, 'Sales income', 1656104132),
(411, 1015, NULL, NULL, NULL, NULL, NULL, NULL, NULL, NULL, 1, NULL, NULL, NULL, 1, 0, '2.50', 'addiction', 'income', 'automatic', NULL, 0, 0, 0, 0, 'Seller commission', 1656104132),
(412, 996, NULL, NULL, 2003, NULL, NULL, NULL, NULL, NULL, NULL, NULL, NULL, NULL, 0, 0, '39.60', 'deduction', 'asset', 'automatic', NULL, 0, 0, 0, 0, 'Paid form credit', 1656130482),
(413, 996, NULL, NULL, 2003, NULL, NULL, NULL, NULL, NULL, NULL, NULL, NULL, NULL, 0, 1, '3.60', 'addiction', 'asset', 'automatic', NULL, 0, 0, 0, 0, 'Tax form buyer', 1656130482),
(414, 864, NULL, NULL, 2003, NULL, NULL, NULL, NULL, NULL, NULL, NULL, NULL, NULL, 0, 0, '28.80', 'addiction', 'income', 'automatic', NULL, 0, 0, 0, 0, 'Sales income', 1656130482),
(415, 864, NULL, NULL, 2003, NULL, NULL, NULL, NULL, NULL, NULL, NULL, NULL, NULL, 1, 0, '7.20', 'addiction', 'income', 'automatic', NULL, 0, 0, 0, 0, 'Seller commission', 1656130482),
(416, 930, NULL, NULL, NULL, NULL, NULL, NULL, NULL, NULL, 2, NULL, NULL, NULL, 0, 0, '314.50', 'deduction', 'asset', 'automatic', NULL, 0, 0, 0, 0, 'Paid form credit', 1656130707),
(417, 930, NULL, NULL, NULL, NULL, NULL, NULL, NULL, NULL, 2, NULL, NULL, NULL, 0, 1, '14.50', 'addiction', 'asset', 'automatic', NULL, 0, 0, 0, 0, 'Tax form buyer', 1656130707),
(418, 934, NULL, NULL, NULL, NULL, NULL, NULL, NULL, NULL, 2, NULL, NULL, NULL, 0, 0, '271.00', 'addiction', 'income', 'automatic', NULL, 0, 0, 0, 0, 'Sales income', 1656130707),
(419, 934, NULL, NULL, NULL, NULL, NULL, NULL, NULL, NULL, 2, NULL, NULL, NULL, 1, 0, '29.00', 'addiction', 'income', 'automatic', NULL, 0, 0, 0, 0, 'Seller commission', 1656130707),
(420, 996, NULL, NULL, NULL, NULL, NULL, NULL, NULL, NULL, 5, NULL, NULL, NULL, 0, 0, '78.75', 'deduction', 'asset', 'automatic', NULL, 0, 0, 0, 0, 'Paid form credit', 1656130963),
(421, 996, NULL, NULL, NULL, NULL, NULL, NULL, NULL, NULL, 5, NULL, NULL, NULL, 0, 1, '3.75', 'addiction', 'asset', 'automatic', NULL, 0, 0, 0, 0, 'Tax form buyer', 1656130964),
(422, 1015, NULL, NULL, NULL, NULL, NULL, NULL, NULL, NULL, 5, NULL, NULL, NULL, 0, 0, '60.00', 'addiction', 'income', 'automatic', NULL, 0, 0, 0, 0, 'Sales income', 1656130964),
(423, 1015, NULL, NULL, NULL, NULL, NULL, NULL, NULL, NULL, 5, NULL, NULL, NULL, 1, 0, '15.00', 'addiction', 'income', 'automatic', NULL, 0, 0, 0, 0, 'Seller commission', 1656130964),
(424, 979, NULL, NULL, NULL, 2, NULL, NULL, NULL, NULL, NULL, NULL, NULL, NULL, 0, 0, '8.80', 'deduction', 'asset', 'automatic', NULL, 0, 0, 0, 0, 'Paid form credit', 1656139704),
(425, 979, NULL, NULL, NULL, 2, NULL, NULL, NULL, NULL, NULL, NULL, NULL, NULL, 0, 1, '0.80', 'addiction', 'asset', 'automatic', NULL, 0, 0, 0, 0, 'Tax form buyer', 1656139705),
(426, 934, NULL, NULL, NULL, 2, NULL, NULL, NULL, NULL, NULL, NULL, NULL, NULL, 0, 0, '6.40', 'addiction', 'income', 'automatic', NULL, 0, 0, 0, 0, 'Sales income', 1656139705),
(427, 934, NULL, NULL, NULL, 2, NULL, NULL, NULL, NULL, NULL, NULL, NULL, NULL, 1, 0, '1.60', 'addiction', 'income', 'automatic', NULL, 0, 0, 0, 0, 'Seller commission', 1656139705),
(428, 979, NULL, NULL, NULL, 3, NULL, NULL, NULL, NULL, NULL, NULL, NULL, NULL, 0, 0, '27.50', 'deduction', 'asset', 'automatic', NULL, 0, 0, 0, 0, 'Paid form credit', 1656139705),
(429, 979, NULL, NULL, NULL, 3, NULL, NULL, NULL, NULL, NULL, NULL, NULL, NULL, 0, 1, '2.50', 'addiction', 'asset', 'automatic', NULL, 0, 0, 0, 0, 'Tax form buyer', 1656139706),
(430, 929, NULL, NULL, NULL, 3, NULL, NULL, NULL, NULL, NULL, NULL, NULL, NULL, 0, 0, '20.00', 'addiction', 'income', 'automatic', NULL, 0, 0, 0, 0, 'Sales income', 1656139706),
(431, 929, NULL, NULL, NULL, 3, NULL, NULL, NULL, NULL, NULL, NULL, NULL, NULL, 1, 0, '5.00', 'addiction', 'income', 'automatic', NULL, 0, 0, 0, 0, 'Seller commission', 1656139706),
(432, 1017, NULL, NULL, NULL, NULL, NULL, NULL, NULL, NULL, 1, NULL, NULL, NULL, 0, 0, '26.00', 'deduction', 'asset', 'automatic', NULL, 0, 0, 0, 0, 'Paid form credit', 1656148574),
(433, 1017, NULL, NULL, NULL, NULL, NULL, NULL, NULL, NULL, 1, NULL, NULL, NULL, 0, 1, '1.00', 'addiction', 'asset', 'automatic', NULL, 0, 0, 0, 0, 'Tax form buyer', 1656148574),
(434, 1015, NULL, NULL, NULL, NULL, NULL, NULL, NULL, NULL, 1, NULL, NULL, NULL, 0, 0, '23.00', 'addiction', 'income', 'automatic', NULL, 0, 0, 0, 0, 'Sales income', 1656148574),
(435, 1015, NULL, NULL, NULL, NULL, NULL, NULL, NULL, NULL, 1, NULL, NULL, NULL, 1, 0, '2.00', 'addiction', 'income', 'automatic', NULL, 0, 0, 0, 0, 'Seller commission', 1656148574),
(436, 995, 1, NULL, NULL, NULL, NULL, NULL, NULL, NULL, NULL, NULL, NULL, NULL, 0, 0, '300.00', 'addiction', 'asset', 'manual', NULL, 0, 0, 0, 0, 'Gift Balance', 1656148789),
(437, 995, NULL, NULL, NULL, NULL, NULL, NULL, NULL, NULL, 1, NULL, NULL, NULL, 0, 0, '52.25', 'deduction', 'asset', 'automatic', NULL, 0, 0, 0, 0, 'Paid form credit', 1656148838),
(438, 995, NULL, NULL, NULL, NULL, NULL, NULL, NULL, NULL, 1, NULL, NULL, NULL, 0, 1, '2.25', 'addiction', 'asset', 'automatic', NULL, 0, 0, 0, 0, 'Tax form buyer', 1656148838),
(439, 1015, NULL, NULL, NULL, NULL, NULL, NULL, NULL, NULL, 1, NULL, NULL, NULL, 0, 0, '45.50', 'addiction', 'income', 'automatic', NULL, 0, 0, 0, 0, 'Sales income', 1656148838),
(440, 1015, NULL, NULL, NULL, NULL, NULL, NULL, NULL, NULL, 1, NULL, NULL, NULL, 1, 0, '4.50', 'addiction', 'income', 'automatic', NULL, 0, 0, 0, 0, 'Seller commission', 1656148838),
(441, 995, NULL, NULL, NULL, NULL, NULL, NULL, NULL, NULL, 6, NULL, NULL, NULL, 0, 0, '17.00', 'deduction', 'asset', 'automatic', NULL, 0, 0, 0, 0, 'Paid form credit', 1656322658),
(442, 995, NULL, NULL, NULL, NULL, NULL, NULL, NULL, NULL, 6, NULL, NULL, NULL, 0, 1, '1.00', 'addiction', 'asset', 'automatic', NULL, 0, 0, 0, 0, 'Tax form buyer', 1656322658),
(443, 1, NULL, NULL, NULL, NULL, NULL, NULL, NULL, NULL, 6, NULL, NULL, NULL, 0, 0, '12.00', 'addiction', 'income', 'automatic', NULL, 0, 0, 0, 0, 'Sales income', 1656322658),
(444, 1, NULL, NULL, NULL, NULL, NULL, NULL, NULL, NULL, 6, NULL, NULL, NULL, 1, 0, '4.00', 'addiction', 'income', 'automatic', NULL, 0, 0, 0, 0, 'Seller commission', 1656322658),
(739, 870, NULL, NULL, 2022, NULL, NULL, NULL, NULL, NULL, NULL, NULL, 1, NULL, 0, 0, '80.00', 'addiction', 'income', 'automatic', NULL, 0, 0, 0, 0, 'Sales income', 1678915553),
(740, 870, NULL, NULL, 2022, NULL, NULL, NULL, NULL, NULL, NULL, NULL, NULL, NULL, 1, 0, '20.00', 'addiction', 'income', 'automatic', NULL, 0, 0, 0, 0, 'Seller commission', 1678915553),
(744, 979, NULL, 694, 2004, NULL, NULL, NULL, NULL, NULL, NULL, NULL, NULL, 6, 0, 0, '39.60', 'deduction', 'asset', 'automatic', NULL, 0, 0, 0, 0, 'Paid form credit', 1678919437),
(745, 979, NULL, 694, 2004, NULL, NULL, NULL, NULL, NULL, NULL, NULL, NULL, 6, 0, 1, '3.60', 'addiction', 'asset', 'automatic', NULL, 0, 0, 0, 0, 'Tax form buyer', 1678919437),
(746, 929, NULL, 694, 2004, NULL, NULL, NULL, NULL, NULL, NULL, NULL, NULL, NULL, 0, 0, '32.40', 'addiction', 'income', 'automatic', NULL, 0, 0, 0, 0, 'Sales income', 1678919437),
(747, 929, NULL, 694, 2004, NULL, NULL, NULL, NULL, NULL, NULL, NULL, NULL, NULL, 1, 0, '3.60', 'addiction', 'income', 'automatic', NULL, 0, 0, 0, 0, 'Seller commission', 1678919437),
(788, 995, NULL, NULL, NULL, NULL, NULL, NULL, NULL, NULL, NULL, NULL, NULL, NULL, 0, 0, '20.00', 'addiction', 'income', 'automatic', 1045, 1, 0, 0, 0, 'Affiliate income', 1678958778),
(789, 995, NULL, NULL, NULL, NULL, NULL, NULL, NULL, NULL, NULL, NULL, NULL, NULL, 1, 0, '20.00', 'deduction', 'income', 'automatic', 1045, 1, 0, 0, 0, 'Affiliate income', 1678958778),
(790, 1045, NULL, NULL, NULL, NULL, NULL, NULL, NULL, NULL, NULL, NULL, NULL, NULL, 0, 0, '10.00', 'addiction', 'income', 'automatic', NULL, 1, 0, 0, 0, 'Affiliate income', 1678958778),
(791, 1045, NULL, NULL, NULL, NULL, NULL, NULL, NULL, NULL, NULL, NULL, NULL, NULL, 1, 0, '10.00', 'deduction', 'income', 'automatic', NULL, 1, 0, 0, 0, 'Affiliate income', 1678958778),
(792, 1045, 1, NULL, NULL, NULL, NULL, NULL, NULL, NULL, NULL, NULL, NULL, NULL, 0, 0, '150.00', 'addiction', 'asset', 'manual', NULL, 0, 0, 0, 0, 'test', 1678959187),
(793, 1045, NULL, 701, 2022, NULL, NULL, NULL, NULL, NULL, NULL, NULL, NULL, NULL, 0, 0, '110.00', 'deduction', 'asset', 'automatic', NULL, 0, 0, 0, 0, 'Paid form credit', 1678959222),
(794, 1045, NULL, 701, 2022, NULL, NULL, NULL, NULL, NULL, NULL, NULL, NULL, NULL, 0, 1, '10.00', 'addiction', 'asset', 'automatic', NULL, 0, 0, 0, 0, 'Tax form buyer', 1678959222),
(795, 870, NULL, 701, 2022, NULL, NULL, NULL, NULL, NULL, NULL, NULL, NULL, NULL, 0, 0, '80.00', 'addiction', 'income', 'automatic', NULL, 0, 0, 0, 0, 'Sales income', 1678959222),
(796, 870, NULL, 701, 2022, NULL, NULL, NULL, NULL, NULL, NULL, NULL, NULL, NULL, 1, 0, '15.00', 'addiction', 'income', 'automatic', NULL, 0, 0, 0, 0, 'Seller commission', 1678959222),
(797, 995, NULL, 701, 2022, NULL, NULL, NULL, NULL, NULL, NULL, NULL, NULL, NULL, 0, 0, '5.00', 'addiction', 'income', 'automatic', 1045, 0, 1, 0, 0, 'Affiliate income', 1678959222),
(798, 995, NULL, NULL, NULL, NULL, NULL, NULL, NULL, NULL, NULL, NULL, NULL, NULL, 0, 0, '20.00', 'addiction', 'income', 'automatic', 1046, 1, 0, 0, 0, 'Affiliate income', 1678959533),
(799, 995, NULL, NULL, NULL, NULL, NULL, NULL, NULL, NULL, NULL, NULL, NULL, NULL, 1, 0, '20.00', 'deduction', 'income', 'automatic', 1046, 1, 0, 0, 0, 'Affiliate income', 1678959533),
(800, 1046, NULL, NULL, NULL, NULL, NULL, NULL, NULL, NULL, NULL, NULL, NULL, NULL, 0, 0, '10.00', 'addiction', 'income', 'automatic', NULL, 1, 0, 0, 0, 'Affiliate income', 1678959533),
(801, 1046, NULL, NULL, NULL, NULL, NULL, NULL, NULL, NULL, NULL, NULL, NULL, NULL, 1, 0, '10.00', 'deduction', 'income', 'automatic', NULL, 1, 0, 0, 0, 'Affiliate income', 1678959533),
(802, 995, NULL, 702, NULL, NULL, NULL, NULL, NULL, NULL, NULL, 10, NULL, NULL, 0, 0, '33.00', 'deduction', 'asset', 'automatic', NULL, 0, 0, 0, 0, 'Paid form credit', 1678961006),
(803, 995, NULL, 702, NULL, NULL, NULL, NULL, NULL, NULL, NULL, 10, NULL, NULL, 0, 1, '3.00', 'addiction', 'asset', 'automatic', NULL, 0, 0, 0, 0, 'Tax form buyer', 1678961006),
(804, 1, NULL, 702, NULL, NULL, NULL, NULL, NULL, NULL, NULL, 10, NULL, NULL, 1, 0, '30.00', 'addiction', 'installment_payment', 'automatic', NULL, 0, 0, 0, 0, 'Installment Upfront', 1678961006),
(805, 930, NULL, 703, 2004, NULL, NULL, NULL, NULL, NULL, NULL, NULL, NULL, NULL, 0, 0, '39.60', 'deduction', 'asset', 'automatic', NULL, 0, 0, 0, 0, 'Paid form credit', 1678961218),
(806, 930, NULL, 703, 2004, NULL, NULL, NULL, NULL, NULL, NULL, NULL, NULL, NULL, 0, 1, '3.60', 'addiction', 'asset', 'automatic', NULL, 0, 0, 0, 0, 'Tax form buyer', 1678961218),
(807, 929, NULL, 703, 2004, NULL, NULL, NULL, NULL, NULL, NULL, NULL, NULL, NULL, 0, 0, '32.40', 'addiction', 'income', 'automatic', NULL, 0, 0, 0, 0, 'Sales income', 1678961218),
(808, 929, NULL, 703, 2004, NULL, NULL, NULL, NULL, NULL, NULL, NULL, NULL, NULL, 1, 0, '3.60', 'addiction', 'income', 'automatic', NULL, 0, 0, 0, 0, 'Seller commission', 1678961218),
(809, 930, NULL, 703, 2004, NULL, NULL, NULL, NULL, NULL, NULL, NULL, NULL, NULL, 0, 0, '3.60', 'addiction', 'asset', 'automatic', NULL, 0, 0, 0, 1, 'Cashback For Course', 1678961218),
(810, 930, NULL, 703, 2004, NULL, NULL, NULL, NULL, NULL, NULL, NULL, NULL, NULL, 1, 0, '3.60', 'deduction', 'asset', 'automatic', NULL, 0, 0, 0, 1, 'Cashback For Course', 1678961218),
(811, 870, NULL, NULL, 2022, NULL, NULL, NULL, NULL, NULL, NULL, NULL, 7, NULL, 0, 0, '80.00', 'addiction', 'income', 'automatic', NULL, 0, 0, 0, 0, 'Sales income', 1678961558),
(812, 870, NULL, NULL, 2022, NULL, NULL, NULL, NULL, NULL, NULL, NULL, NULL, NULL, 1, 0, '20.00', 'addiction', 'income', 'automatic', NULL, 0, 0, 0, 0, 'Seller commission', 1678961558),
(813, 979, NULL, 704, NULL, NULL, NULL, NULL, NULL, NULL, NULL, 11, NULL, NULL, 0, 0, '33.00', 'deduction', 'asset', 'automatic', NULL, 0, 0, 0, 0, 'Paid form credit', 1678961652),
(814, 979, NULL, 704, NULL, NULL, NULL, NULL, NULL, NULL, NULL, 11, NULL, NULL, 0, 1, '3.00', 'addiction', 'asset', 'automatic', NULL, 0, 0, 0, 0, 'Tax form buyer', 1678961652),
(815, 1, NULL, 704, NULL, NULL, NULL, NULL, NULL, NULL, NULL, 11, NULL, NULL, 1, 0, '30.00', 'addiction', 'installment_payment', 'automatic', NULL, 0, 0, 0, 0, 'Installment Upfront', 1678961652),
(816, 979, NULL, 704, NULL, NULL, NULL, NULL, NULL, NULL, NULL, NULL, NULL, NULL, 0, 0, '3.00', 'addiction', 'asset', 'automatic', NULL, 0, 0, 0, 1, NULL, 1678961652),
(817, 979, NULL, 704, NULL, NULL, NULL, NULL, NULL, NULL, NULL, NULL, NULL, NULL, 1, 0, '3.00', 'deduction', 'asset', 'automatic', NULL, 0, 0, 0, 1, NULL, 1678961652),
(818, 1045, NULL, 705, 2000, NULL, NULL, NULL, NULL, NULL, NULL, NULL, NULL, NULL, 0, 0, '33.00', 'deduction', 'asset', 'automatic', NULL, 0, 0, 0, 0, 'Paid form credit', 1679088431),
(819, 1045, NULL, 705, 2000, NULL, NULL, NULL, NULL, NULL, NULL, NULL, NULL, NULL, 0, 1, '3.00', 'addiction', 'asset', 'automatic', NULL, 0, 0, 0, 0, 'Tax form buyer', 1679088431),
(820, 867, NULL, 705, 2000, NULL, NULL, NULL, NULL, NULL, NULL, NULL, NULL, NULL, 0, 0, '24.00', 'addiction', 'income', 'automatic', NULL, 0, 0, 0, 0, 'Sales income', 1679088431),
(821, 867, NULL, 705, 2000, NULL, NULL, NULL, NULL, NULL, NULL, NULL, NULL, NULL, 1, 0, '4.50', 'addiction', 'income', 'automatic', NULL, 0, 0, 0, 0, 'Seller commission', 1679088431),
(822, 995, NULL, 705, 2000, NULL, NULL, NULL, NULL, NULL, NULL, NULL, NULL, NULL, 0, 0, '1.50', 'addiction', 'income', 'automatic', 1045, 0, 1, 0, 0, 'Affiliate income', 1679088431),
(823, 1045, NULL, 705, 2000, NULL, NULL, NULL, NULL, NULL, NULL, NULL, NULL, NULL, 0, 0, '3.00', 'addiction', 'asset', 'automatic', NULL, 0, 0, 0, 1, 'Cashback For Course', 1679088431),
(824, 1045, NULL, 705, 2000, NULL, NULL, NULL, NULL, NULL, NULL, NULL, NULL, NULL, 1, 0, '3.00', 'deduction', 'asset', 'automatic', NULL, 0, 0, 0, 1, 'Cashback For Course', 1679088431);

-- --------------------------------------------------------

--
-- Table structure for table `advertising_banners`
--

CREATE TABLE `advertising_banners` (
  `id` int(10) UNSIGNED NOT NULL,
  `position` enum('home1','home2','course','course_sidebar','product_show','bundle','bundle_sidebar') COLLATE utf8mb4_unicode_ci NOT NULL,
  `size` int(10) UNSIGNED NOT NULL DEFAULT 12,
  `link` varchar(255) COLLATE utf8mb4_unicode_ci NOT NULL,
  `published` tinyint(1) NOT NULL DEFAULT 0,
  `created_at` int(10) UNSIGNED NOT NULL
) ENGINE=InnoDB DEFAULT CHARSET=utf8mb4 COLLATE=utf8mb4_unicode_ci ROW_FORMAT=DYNAMIC;

--
-- Dumping data for table `advertising_banners`
--

INSERT INTO `advertising_banners` (`id`, `position`, `size`, `link`, `published`, `created_at`) VALUES
(2, 'home1', 12, '/login', 1, 1607885353),
(3, 'home2', 6, '/certificate_validation', 1, 1607885656),
(4, 'home2', 6, '/instructors', 1, 1607885681),
(6, 'course_sidebar', 12, '/instructors', 1, 1607886391),
(7, 'course_sidebar', 12, '/certificate_validation', 1, 1607886440),
(8, 'product_show', 12, '/products', 1, 1656569687),
(9, 'bundle_sidebar', 12, '/classes?type[]=bundle', 1, 1656571896);

-- --------------------------------------------------------

--
-- Table structure for table `advertising_banners_translations`
--

CREATE TABLE `advertising_banners_translations` (
  `id` int(10) UNSIGNED NOT NULL,
  `advertising_banner_id` int(10) UNSIGNED NOT NULL,
  `locale` varchar(255) COLLATE utf8mb4_unicode_ci NOT NULL,
  `title` varchar(255) COLLATE utf8mb4_unicode_ci NOT NULL,
  `image` varchar(255) COLLATE utf8mb4_unicode_ci NOT NULL
) ENGINE=InnoDB DEFAULT CHARSET=utf8mb4 COLLATE=utf8mb4_unicode_ci;

--
-- Dumping data for table `advertising_banners_translations`
--

INSERT INTO `advertising_banners_translations` (`id`, `advertising_banner_id`, `locale`, `title`, `image`) VALUES
(1, 2, 'en', 'Home - Join as instructor', '/store/1/default_images/banners/become_instructor_banner.png'),
(2, 3, 'en', 'Certificate validation - Home', '/store/1/default_images/banners/validate_certificates_banner.png'),
(3, 4, 'en', 'Reserve a meeting - Home', '/store/1/default_images/banners/reserve_a_meeting.png'),
(4, 6, 'en', 'Reserve a meeting - Course page', '/store/1/default_images/banners/reserve_a_meeting.png'),
(5, 7, 'en', 'Certificate validation - Course page', '/store/1/default_images/banners/validate_certificates_banner.png'),
(7, 2, 'ar', 'الصفحة الرئيسية - انضم كمدرس', '/store/1/default_images/banners/become_instructor_banner_ar.png'),
(8, 2, 'es', 'Inicio - Únete como instructora', '/store/1/default_images/banners/become_instructor_banner_es.png'),
(9, 3, 'ar', 'التحقق من صحة الشهادة - الصفحة الرئيسية', '/store/1/default_images/banners/validate_certificates_banner_ar.png'),
(10, 3, 'es', 'Validación de certificados - Inicio', '/store/1/default_images/banners/validate_certificates_banner_es.png'),
(11, 4, 'ar', 'حجز اجتماع - الصفحة الرئيسية', '/store/1/default_images/banners/reserve_a_meeting_ar.png'),
(12, 4, 'es', 'Reservar una reunión - Inicio', '/store/1/default_images/banners/reserve_a_meeting_es.png'),
(13, 6, 'ar', 'حجز اجتماع - صفحة الدورة', '/store/1/default_images/banners/reserve_a_meeting_ar.png'),
(14, 6, 'es', 'Reservar una reunión - página del curso', '/store/1/default_images/banners/reserve_a_meeting_es.png'),
(15, 7, 'ar', 'التحقق من صحة الشهادة - صفحة الدورة', '/store/1/default_images/banners/validate_certificates_banner_ar.png'),
(16, 7, 'es', 'Validación del certificado - página del curso', '/store/1/default_images/banners/validate_certificates_banner_es.png'),
(17, 8, 'en', 'Store - Product page', '/store/1/default_images/banners/store_en.png'),
(18, 8, 'ar', 'المتجر - صفحة المنتج', '/store/1/default_images/banners/store_ar.png'),
(19, 8, 'es', 'Tienda - Página del producto', '/store/1/default_images/banners/store_es.png'),
(20, 9, 'en', 'Course Bundle - Sidebar', '/store/1/default_images/banners/bundle_en.png'),
(21, 9, 'ar', 'حزمة الدورة - الشريط الجانبي', '/store/1/default_images/banners/bundle_ar.png'),
(22, 9, 'es', 'Paquete de cursos - Barra lateral', '/store/1/default_images/banners/bundle_es.png');

-- --------------------------------------------------------

--
-- Table structure for table `affiliates`
--

CREATE TABLE `affiliates` (
  `id` int(10) UNSIGNED NOT NULL,
  `affiliate_user_id` int(10) UNSIGNED NOT NULL,
  `referred_user_id` int(10) UNSIGNED NOT NULL,
  `created_at` int(10) UNSIGNED NOT NULL
) ENGINE=InnoDB DEFAULT CHARSET=utf8mb4 COLLATE=utf8mb4_unicode_ci;

--
-- Dumping data for table `affiliates`
--

INSERT INTO `affiliates` (`id`, `affiliate_user_id`, `referred_user_id`, `created_at`) VALUES
(1, 1015, 1017, 1639378855),
(14, 995, 1045, 1678958778),
(15, 995, 1046, 1678959533);

-- --------------------------------------------------------

--
-- Table structure for table `affiliates_codes`
--

CREATE TABLE `affiliates_codes` (
  `id` int(10) UNSIGNED NOT NULL,
  `user_id` int(10) UNSIGNED NOT NULL,
  `code` varchar(32) COLLATE utf8mb4_unicode_ci NOT NULL,
  `created_at` int(10) UNSIGNED NOT NULL
) ENGINE=InnoDB DEFAULT CHARSET=utf8mb4 COLLATE=utf8mb4_unicode_ci;

--
-- Dumping data for table `affiliates_codes`
--

INSERT INTO `affiliates_codes` (`id`, `user_id`, `code`, `created_at`) VALUES
(2, 995, '422536', 1635366391),
(3, 996, '442769', 1635420731),
(4, 1015, '822047', 1639378662);

-- --------------------------------------------------------

--
-- Table structure for table `agora_history`
--

CREATE TABLE `agora_history` (
  `id` int(10) UNSIGNED NOT NULL,
  `session_id` int(10) UNSIGNED NOT NULL,
  `start_at` int(10) UNSIGNED NOT NULL,
  `end_at` int(10) UNSIGNED DEFAULT NULL
) ENGINE=InnoDB DEFAULT CHARSET=utf8mb4 COLLATE=utf8mb4_unicode_ci;

--
-- Dumping data for table `agora_history`
--

INSERT INTO `agora_history` (`id`, `session_id`, `start_at`, `end_at`) VALUES
(1, 74, 1646391218, 1646391343),
(2, 76, 1646391739, 1646391984);

-- --------------------------------------------------------

--
-- Table structure for table `ai_contents`
--

CREATE TABLE `ai_contents` (
  `id` int(10) UNSIGNED NOT NULL,
  `user_id` int(10) UNSIGNED NOT NULL,
  `service_type` enum('text','image') COLLATE utf8mb4_unicode_ci NOT NULL,
  `service_id` int(10) UNSIGNED DEFAULT NULL,
  `keyword` varchar(255) COLLATE utf8mb4_unicode_ci DEFAULT NULL,
  `language` varchar(255) COLLATE utf8mb4_unicode_ci DEFAULT NULL,
  `prompt` text COLLATE utf8mb4_unicode_ci DEFAULT NULL,
  `result` text COLLATE utf8mb4_unicode_ci DEFAULT NULL,
  `created_at` bigint(20) UNSIGNED NOT NULL
) ENGINE=InnoDB DEFAULT CHARSET=utf8mb4 COLLATE=utf8mb4_unicode_ci;

-- --------------------------------------------------------

--
-- Table structure for table `ai_content_templates`
--

CREATE TABLE `ai_content_templates` (
  `id` int(10) UNSIGNED NOT NULL,
  `type` enum('text','image') COLLATE utf8mb4_unicode_ci NOT NULL,
  `enable_length` tinyint(1) NOT NULL DEFAULT 0,
  `length` int(10) UNSIGNED DEFAULT NULL,
  `image_size` enum('256','512','1024') COLLATE utf8mb4_unicode_ci DEFAULT NULL,
  `enable` tinyint(1) NOT NULL DEFAULT 0,
  `created_at` bigint(20) UNSIGNED NOT NULL
) ENGINE=InnoDB DEFAULT CHARSET=utf8mb4 COLLATE=utf8mb4_unicode_ci;

-- --------------------------------------------------------

--
-- Table structure for table `ai_content_template_translations`
--

CREATE TABLE `ai_content_template_translations` (
  `id` int(10) UNSIGNED NOT NULL,
  `ai_content_template_id` int(10) UNSIGNED NOT NULL,
  `locale` varchar(191) COLLATE utf8mb4_unicode_ci NOT NULL,
  `title` varchar(255) COLLATE utf8mb4_unicode_ci NOT NULL,
  `prompt` text COLLATE utf8mb4_unicode_ci DEFAULT NULL
) ENGINE=InnoDB DEFAULT CHARSET=utf8mb4 COLLATE=utf8mb4_unicode_ci;

-- --------------------------------------------------------

--
-- Table structure for table `badges`
--

CREATE TABLE `badges` (
  `id` int(10) UNSIGNED NOT NULL,
  `image` varchar(255) COLLATE utf8mb4_unicode_ci NOT NULL,
  `type` enum('register_date','course_count','course_rate','sale_count','support_rate','product_sale_count','make_topic','send_post_in_topic','instructor_blog') COLLATE utf8mb4_unicode_ci NOT NULL,
  `condition` varchar(128) COLLATE utf8mb4_unicode_ci NOT NULL,
  `score` int(11) DEFAULT NULL,
  `created_at` int(10) UNSIGNED NOT NULL
) ENGINE=InnoDB DEFAULT CHARSET=utf8mb4 COLLATE=utf8mb4_unicode_ci ROW_FORMAT=DYNAMIC;

--
-- Dumping data for table `badges`
--

INSERT INTO `badges` (`id`, `image`, `type`, `condition`, `score`, `created_at`) VALUES
(21, '/store/1/default_images/badges/new_user.png', 'register_date', '{\"from\":\"1\",\"to\":\"30\"}', 5, 1625553769),
(22, '/store/1/default_images/badges/loyal_user.png', 'register_date', '{\"from\":\"31\",\"to\":\"365\"}', 10, 1625554171),
(23, '/store/1/default_images/badges/faithful_user.png', 'register_date', '{\"from\":\"365\",\"to\":\"1000\"}', 15, 1625554495),
(24, '/store/1/default_images/badges/junior_vendor.png', 'course_count', '{\"from\":\"1\",\"to\":\"1\"}', 10, 1625554772),
(25, '/store/1/default_images/badges/senior_vendor.png', 'course_count', '{\"from\":\"2\",\"to\":\"2\"}', 20, 1625554960),
(26, '/store/1/default_images/badges/expert_vendor.png', 'course_count', '{\"from\":\"3\",\"to\":\"6\"}', 30, 1625555421),
(27, '/store/1/default_images/badges/bronze_classes.png', 'course_rate', '{\"from\":\"2\",\"to\":\"3\"}', NULL, 1625556048),
(28, '/store/1/default_images/badges/silver_classes.png', 'course_rate', '{\"from\":\"3\",\"to\":\"4\"}', 10, 1625556159),
(29, '/store/1/default_images/badges/golden_classes.png', 'course_rate', '{\"from\":\"4\",\"to\":\"5\"}', 50, 1625556284),
(30, '/store/1/default_images/badges/best_seller.png', 'sale_count', '{\"from\":\"1\",\"to\":\"2\"}', NULL, 1625557021),
(31, '/store/1/default_images/badges/top_seller.png', 'sale_count', '{\"from\":\"3\",\"to\":\"9\"}', 20, 1625557247),
(32, '/store/1/default_images/badges/king_seller.png', 'sale_count', '{\"from\":\"10\",\"to\":\"20\"}', 50, 1625558061),
(33, '/store/1/default_images/badges/good_support.png', 'support_rate', '{\"from\":\"2\",\"to\":\"3\"}', NULL, 1625558473),
(34, '/store/1/default_images/badges/amazing_support.png', 'support_rate', '{\"from\":\"3\",\"to\":\"4\"}', NULL, 1625558682),
(35, '/store/1/default_images/badges/fantastic_support.png', 'support_rate', '{\"from\":\"4\",\"to\":\"5\"}', 20, 1625558892),
(36, '/store/1/default_images/badges/Best Store Seller.svg', 'product_sale_count', '{\"from\":\"5\",\"to\":\"9\"}', 5, 1656145531),
(37, '/store/1/default_images/badges/King Store Seller.svg', 'product_sale_count', '{\"from\":\"10\",\"to\":\"15\"}', 10, 1656145677),
(38, '/store/1/default_images/badges/Forums Top User.svg', 'make_topic', '{\"from\":\"1\",\"to\":\"5\"}', 10, 1656145989),
(39, '/store/1/default_images/badges/Forums Best User.svg', 'make_topic', '{\"from\":\"6\",\"to\":\"10\"}', 15, 1656146136),
(40, '/store/1/default_images/badges/Loyal Writer.svg', 'instructor_blog', '{\"from\":\"5\",\"to\":\"10\"}', 20, 1656146397),
(41, '/store/1/default_images/badges/Forums Loyal User.svg', 'send_post_in_topic', '{\"from\":\"20\",\"to\":\"30\"}', 10, 1656146689);

-- --------------------------------------------------------

--
-- Table structure for table `badge_translations`
--

CREATE TABLE `badge_translations` (
  `id` bigint(20) UNSIGNED NOT NULL,
  `badge_id` int(10) UNSIGNED NOT NULL,
  `locale` varchar(255) COLLATE utf8mb4_unicode_ci NOT NULL,
  `title` varchar(255) COLLATE utf8mb4_unicode_ci NOT NULL,
  `description` text COLLATE utf8mb4_unicode_ci NOT NULL
) ENGINE=InnoDB DEFAULT CHARSET=utf8mb4 COLLATE=utf8mb4_unicode_ci;

--
-- Dumping data for table `badge_translations`
--

INSERT INTO `badge_translations` (`id`, `badge_id`, `locale`, `title`, `description`) VALUES
(1, 21, 'en', 'New User', '1 Month of Membership'),
(2, 22, 'en', 'Loyal User', '1 year of Membership'),
(3, 23, 'en', 'Faithful User', 'Old Membership'),
(4, 24, 'en', 'Junior Vendor', 'Has 1 Class'),
(5, 25, 'en', 'Senior Vendor', 'Has 2 Classes'),
(6, 26, 'en', 'Expert Vendor', 'Has 3 to 6 Classes'),
(7, 27, 'en', 'Bronze Classes', 'Classes Rating from 2 to 3'),
(8, 28, 'en', 'Silver Classes', 'Classes Rating from 3 to 4'),
(9, 29, 'en', 'Golden Classes', 'Classes Rating from 4 to 5'),
(10, 30, 'en', 'Best Seller', 'Classes Sales from 1 to 2'),
(11, 31, 'en', 'Top Seller', 'Classes Sales from 3 to 9'),
(12, 32, 'en', 'King Seller', 'Classes Sales from 10 to 20'),
(13, 33, 'en', 'Good Support', 'Support Rating from 2 to 3'),
(14, 34, 'en', 'Amazing Support', 'Support Rating from 3 to 4'),
(15, 35, 'en', 'Fantastic Support', 'Support Rating from 4 to 5'),
(16, 36, 'en', 'Store Best Seller', 'Store Products Sales from 1 to 5'),
(17, 37, 'en', 'Store King Seller', 'Store Products Sales from 6 to 15'),
(18, 38, 'en', 'Forums Top User', 'Has 2 to 5 Topics'),
(19, 39, 'en', 'Forums Best User', 'Has 6 to 10 Topics'),
(20, 40, 'en', 'Loyal Writer', 'Has 5 to 10 Articles'),
(21, 41, 'en', 'Forum Loyal User', 'Has 20 to 30 Posts in Forums');

-- --------------------------------------------------------

--
-- Table structure for table `become_instructors`
--

CREATE TABLE `become_instructors` (
  `id` int(10) UNSIGNED NOT NULL,
  `user_id` int(10) UNSIGNED NOT NULL,
  `role` enum('teacher','organization') COLLATE utf8mb4_unicode_ci NOT NULL,
  `package_id` int(10) UNSIGNED DEFAULT NULL,
  `certificate` varchar(255) COLLATE utf8mb4_unicode_ci DEFAULT NULL,
  `description` text COLLATE utf8mb4_unicode_ci DEFAULT NULL,
  `status` enum('pending','accept','reject') COLLATE utf8mb4_unicode_ci NOT NULL DEFAULT 'pending',
  `created_at` int(10) UNSIGNED NOT NULL
) ENGINE=InnoDB DEFAULT CHARSET=utf8mb4 COLLATE=utf8mb4_unicode_ci ROW_FORMAT=DYNAMIC;

--
-- Dumping data for table `become_instructors`
--

INSERT INTO `become_instructors` (`id`, `user_id`, `role`, `package_id`, `certificate`, `description`, `status`, `created_at`) VALUES
(5, 930, 'teacher', 2, '/store/930/certificate.jpg', 'I taught design in London for two years.', 'pending', 1626242477),
(6, 859, 'organization', 4, '/store/859/certificate.jpg', 'We have 3 years of experience in advanced sewing training.', 'accept', 1646387556);

-- --------------------------------------------------------

--
-- Table structure for table `blog`
--

CREATE TABLE `blog` (
  `id` int(10) UNSIGNED NOT NULL,
  `category_id` int(10) UNSIGNED DEFAULT NULL,
  `author_id` int(10) UNSIGNED NOT NULL,
  `slug` varchar(255) COLLATE utf8mb4_unicode_ci NOT NULL,
  `image` varchar(255) COLLATE utf8mb4_unicode_ci NOT NULL,
  `visit_count` int(10) UNSIGNED DEFAULT 0,
  `enable_comment` tinyint(1) NOT NULL DEFAULT 1,
  `status` enum('pending','publish') COLLATE utf8mb4_unicode_ci NOT NULL DEFAULT 'pending',
  `created_at` int(10) UNSIGNED NOT NULL,
  `updated_at` int(10) UNSIGNED DEFAULT NULL
) ENGINE=InnoDB DEFAULT CHARSET=utf8mb4 COLLATE=utf8mb4_unicode_ci ROW_FORMAT=DYNAMIC;

--
-- Dumping data for table `blog`
--

INSERT INTO `blog` (`id`, `category_id`, `author_id`, `slug`, `image`, `visit_count`, `enable_comment`, `status`, `created_at`, `updated_at`) VALUES
(21, 34, 1014, 'How-To-Teach-Your-Kid-Anything-Easily', '/store/1/default_images/blogs/blog1.jpg', 138, 1, 'publish', 1625091953, 1656136960),
(22, 37, 1014, 'Better-Relationship-Between-You-and-Your-Student-s-Parent', '/store/1/default_images/blogs/blog2.jpg', 175, 1, 'publish', 1625093279, 1645386787),
(23, 36, 1, '3-Laws-to-Become-a-Straight-A-Student', '/store/1014/blog3.jpg', 100, 1, 'publish', 1625094412, 1656136976);

-- --------------------------------------------------------

--
-- Table structure for table `blog_categories`
--

CREATE TABLE `blog_categories` (
  `id` int(10) UNSIGNED NOT NULL,
  `title` varchar(255) COLLATE utf8mb4_unicode_ci NOT NULL,
  `slug` varchar(255) COLLATE utf8mb4_unicode_ci NOT NULL
) ENGINE=InnoDB DEFAULT CHARSET=utf8mb4 COLLATE=utf8mb4_unicode_ci ROW_FORMAT=DYNAMIC;

--
-- Dumping data for table `blog_categories`
--

INSERT INTO `blog_categories` (`id`, `title`, `slug`) VALUES
(33, 'Announcements', 'Vel-consequatur'),
(34, 'Articles', 'Facilis-ea'),
(36, 'Events', 'Fugit-dignissimos-possimus'),
(37, 'News', 'new');

-- --------------------------------------------------------

--
-- Table structure for table `blog_translations`
--

CREATE TABLE `blog_translations` (
  `id` bigint(20) UNSIGNED NOT NULL,
  `blog_id` int(10) UNSIGNED NOT NULL,
  `locale` varchar(255) COLLATE utf8mb4_unicode_ci NOT NULL,
  `title` varchar(255) COLLATE utf8mb4_unicode_ci NOT NULL,
  `description` text COLLATE utf8mb4_unicode_ci NOT NULL,
  `content` longtext COLLATE utf8mb4_unicode_ci NOT NULL,
  `meta_description` text COLLATE utf8mb4_unicode_ci DEFAULT NULL
) ENGINE=InnoDB DEFAULT CHARSET=utf8mb4 COLLATE=utf8mb4_unicode_ci;

--
-- Dumping data for table `blog_translations`
--

INSERT INTO `blog_translations` (`id`, `blog_id`, `locale`, `title`, `description`, `content`, `meta_description`) VALUES
(2, 21, 'en', 'How To Teach Your Kid Easily', '<p>The primary reason kids struggle with school is fear. And in most cases, it’s their parent\'s fault. I started tutoring math out of financial desperation. I’d just been fired from my job as a waiter, most of the proofreading in jobs in New York had been outsourced to India, and for the third time in my life, I was facing dire poverty.</p>', '<p>A strong academic record can open doors for you down the road. More importantly, through the process of becoming a straight-A student, you’ll learn values like hard work, discipline and determination.</p><h3 style=\"color: rgb(0, 0, 0); font-family: Lato, sans-serif; margin-right: 0px; margin-bottom: 16px; margin-left: 0px; padding: 0px; font-size: 24px;\">Rule #1: Always have a plan.</h3><div><div>(a) As the semester progresses, keep track of key dates: tests and exams, project submission deadlines, term breaks, etc.</div><div><br></div><div>Enter these dates into a physical or digital calendar.</div><div><br></div><div><div>If you choose to use a digital calendar, I recommend Google Calendar.</div><div><br></div><div>(b) Schedule a fixed time every week where you review your upcoming events over the next two months. Mark down when you’ll start preparing for that Math exam, working on that History project, or writing that English paper.</div><div><br></div><div>(d) Next, note your commitments for the coming week, e.g. extracurricular activities, family gatherings, extra classes. On your calendar, highlight the blocks of time you’ll have for schoolwork.</div><div><br></div><div>This planning process might sound time-consuming, but it’ll typically take just 15 minutes every week.</div><div><br></div><div>This is a wise investment of time as a student, because the rest of your week will become far more productive.</div><div><br></div><div>This way, you’ll be studying smart, not just hard!</div><div><br></div><div><h3 style=\"color: rgb(0, 0, 0); font-family: Lato, sans-serif; margin-right: 0px; margin-bottom: 16px; margin-left: 0px; padding: 0px; font-size: 24px;\">Rule #2: Be organized.</h3></div></div></div><div><div>Ever had trouble finding your notes or assignments when you needed them? You probably ended up wasting precious time looking for them, before you finally asked to borrow them from your friend.</div><div><br></div><div>Many students tell me that they keep all their notes and assignments in one big pile, and only sort them out before their exams!</div><div><br></div><div>Being organized – it’s easier said than done, I know.</div></div>', 'The primary reason kids struggle with school is fear. And in most cases, it’s their parent\'s fault.'),
(3, 22, 'en', 'Better Relationship Between Friends', '<p>The tutor-parent relationship is an important relationship and unfortunately greatly overlooked. Why is it important? Well, a good relationship between you and the student’s parent or guardian serves to help students perform better personally and academically. Fostering a relationship with them as a tutor can be challenging due to a number of factors, however, there are a number of ways to build this relationship and optimize students’ learning support system over time.</p>', '<p>A strong academic record can open doors for you down the road. More importantly, through the process of becoming a straight-A student, you’ll learn values like hard work, discipline and determination.</p><h3 style=\"color: rgb(0, 0, 0); font-family: Lato, sans-serif; margin-right: 0px; margin-bottom: 16px; margin-left: 0px; padding: 0px; font-size: 24px;\">Rule #1: Always have a plan.</h3><div><div>(a) As the semester progresses, keep track of key dates: tests and exams, project submission deadlines, term breaks, etc.</div><div><br></div><div>Enter these dates into a physical or digital calendar.</div><div><br></div><div><div>If you choose to use a digital calendar, I recommend Google Calendar.</div><div><br></div><div>(b) Schedule a fixed time every week where you review your upcoming events over the next two months. Mark down when you’ll start preparing for that Math exam, working on that History project, or writing that English paper.</div><div><br></div><div>(d) Next, note your commitments for the coming week, e.g. extracurricular activities, family gatherings, extra classes. On your calendar, highlight the blocks of time you’ll have for schoolwork.</div><div><br></div><div>This planning process might sound time-consuming, but it’ll typically take just 15 minutes every week.</div><div><br></div><div>This is a wise investment of time as a student, because the rest of your week will become far more productive.</div><div><br></div><div>This way, you’ll be studying smart, not just hard!</div><div><br></div><div><h3 style=\"color: rgb(0, 0, 0); font-family: Lato, sans-serif; margin-right: 0px; margin-bottom: 16px; margin-left: 0px; padding: 0px; font-size: 24px;\">Rule #2: Be organized.</h3></div></div></div><div><div>Ever had trouble finding your notes or assignments when you needed them? You probably ended up wasting precious time looking for them, before you finally asked to borrow them from your friend.</div><div><br></div><div>Many students tell me that they keep all their notes and assignments in one big pile, and only sort them out before their exams!</div><div><br></div><div>Being organized – it’s easier said than done, I know.</div></div>', 'The tutor-parent relationship is an important relationship and unfortunately greatly overlooked.'),
(4, 23, 'en', 'Become a Straight-A Student', '<p>In this article, I’ll explain the two rules I followed to become a straight-A student. If you take my advice, you’ll get better grades and lead a more balanced life too.</p>', '<p>A strong academic record can open doors for you down the road. More importantly, through the process of becoming a straight-A student, you’ll learn values like hard work, discipline and determination.</p><h3 style=\"color: rgb(0, 0, 0); font-family: Lato, sans-serif; margin-right: 0px; margin-bottom: 16px; margin-left: 0px; padding: 0px; font-size: 24px;\">Rule #1: Always have a plan.</h3><div><div>(a) As the semester progresses, keep track of key dates: tests and exams, project submission deadlines, term breaks, etc.</div><div><br></div><div>Enter these dates into a physical or digital calendar.</div><div><br></div><div><div>If you choose to use a digital calendar, I recommend Google Calendar.</div><div><br></div><div>(b) Schedule a fixed time every week where you review your upcoming events over the next two months. Mark down when you’ll start preparing for that Math exam, working on that History project, or writing that English paper.</div><div><br></div><div>(d) Next, note your commitments for the coming week, e.g. extracurricular activities, family gatherings, extra classes. On your calendar, highlight the blocks of time you’ll have for schoolwork.</div><div><br></div><div>This planning process might sound time-consuming, but it’ll typically take just 15 minutes every week.</div><div><br></div><div>This is a wise investment of time as a student, because the rest of your week will become far more productive.</div><div><br></div><div>This way, you’ll be studying smart, not just hard!</div><div><br></div><div><h3 style=\"color: rgb(0, 0, 0); font-family: Lato, sans-serif; margin-right: 0px; margin-bottom: 16px; margin-left: 0px; padding: 0px; font-size: 24px;\">Rule #2: Be organized.</h3></div></div></div><div><div>Ever had trouble finding your notes or assignments when you needed them? You probably ended up wasting precious time looking for them, before you finally asked to borrow them from your friend.</div><div><br></div><div>Many students tell me that they keep all their notes and assignments in one big pile, and only sort them out before their exams!</div><div><br></div><div>Being organized – it’s easier said than done, I know.</div></div>', 'In this article, I’ll explain the two rules I followed to become a straight-A student.'),
(5, 21, 'ar', 'كيف تعلم طفلك أي شيء بسهولة', '<p style=\"text-align: right; \">الخوف هو السبب الرئيسي الذي يجعل الأطفال يكافحون مع المدرسة. وفي معظم الحالات ، يكون ذلك خطأ الوالدين. بدأت في تدريس الرياضيات بسبب اليأس المالي.</p>', '<p style=\"text-align: right; \">بدأت في تدريس الرياضيات بسبب اليأس المالي. لقد طُردت للتو من وظيفتي كنادل ، ومعظم عمليات التدقيق اللغوي في الوظائف في نيويورك تم الاستعانة بمصادر خارجية للهند ، وللمرة الثالثة في حياتي ، كنت أواجه فقرًا مدقعًا.</p><p style=\"text-align: right; \"><br></p><p style=\"text-align: right; \">كان المبلغ الذي نسيته مذهلاً في البداية ، وقد تفوقت في الرياضيات طوال حياتي الأكاديمية. إذا كنت لا تستخدمها ، فأنت تخسرها حقًا ، لذلك ليس من المستغرب أن يبكي معظم الآباء عمي في الرياضيات في الصف الرابع تقريبًا. إنهم لا يتذكرون ولا يريدون أن يتذكروا ، مما يديم هذا الموقف لدى أطفالهم.</p><p style=\"text-align: right; \"><br></p><p style=\"text-align: right; \">تخيل أنك تفعل أي شيء ، حتى لو كنت بارعًا فيه ، بما يعادل عملاقًا يلوح في الأفق خلفك ويفحص كل تحركاتك. وهذا هو ما يفعله الآباء لأطفالهم. إنهم يحومون وينقضون على كل خطأ.</p><p style=\"text-align: right; \"><br></p><p style=\"text-align: right; \">1) تعاطف مع أطفالك</p><p style=\"text-align: right; \"><br></p><p style=\"text-align: right; \">في جلستي الأولى مع تلميذي الأول ، تراجعت والدته بعصبية خلفنا ، ثم اتصلت بي لمدة خمس دقائق. سألت إذا لاحظت أن ابنها قد أجاب على السؤال الأخير بشكل غير صحيح ، ورأيت على الفور جوهر المشكلة.</p><p style=\"text-align: right; \"><br></p><p style=\"text-align: right; \">عليك أن ترتاح وتسترخي حتى يكون طفلك مرتاحًا وتنتظر حتى النهاية قبل أن تبدأ في تصحيح أي شيء. هذه هي الطريقة التي يتعلم بها الأطفال التحقق من عملهم ، وأن ارتكاب الأخطاء ليس مشكلة كبيرة.</p><p style=\"text-align: right; \"><br></p><p style=\"text-align: right; \">الأخطاء لا مفر منها ، ولكن كيفية التعامل معها ليست كذلك. إذا كنت تريد أن يشعر ابنك بالرعب إلى الأبد من الرياضيات ، إذن ، بكل الوسائل ، استمر في الازدحام ومقاطعته على الدوام. من المحتمل أن تجعلهم حذرين من محاولة تعلم أي شيء على الإطلاق.</p><p style=\"text-align: right; \"><br></p><p style=\"text-align: right; \">2) إعطاء نفسك وأطلق عليه الرصاص</p><p style=\"text-align: right; \"><br></p><p style=\"text-align: right; \">لحسن الحظ ، فهمت هذه الأم ومعظم الآباء الآخرين ما كنت أفعله ، وأدركوا تواطؤهم في كفاح أطفالهم. بعد تلك الجلسة الأولى ، تركتنا أمي وشأننا ، وبدأ طفلها في التحسن على الفور.</p><p style=\"text-align: right; \"><br></p><p style=\"text-align: right; \">تم تشجيع والديه لدرجة أنهم سألوا عما إذا كان بإمكاني المساعدة في مواضيع أخرى. كان التاريخ والعلوم واللغة الإنجليزية داخل غرفة قيادتي ، لكن الطفل ذهب إلى مدرسة كاثوليكية وكان عليه أن يتعلم اللاتينية.</p><p style=\"text-align: right; \"><br></p><p style=\"text-align: right; \">استعرت نسخة من كتابه اللاتيني وأصيبت بالإحباط تمامًا. اللغة اللاتينية محيرة ، خاصة في البداية. هذا العدد الكبير من الإقتران، ومسألة السياق. الطريقة التي تتحدث بها إلى النبلاء والأقران والعبيد تشبه عمليًا تعلم ثلاث لغات مختلفة.</p><p style=\"text-align: right; \"><br></p><p style=\"text-align: right; \">ما زلت مفلسة ، وهذا يعني المزيد من المال. وهل كان علي بالفعل معرفة اللاتينية؟ كل ما كان علي فعله هو البقاء قبل الطفل ببضعة أيام.</p><p style=\"text-align: right; \"><br></p><p style=\"text-align: right; \">3) كن صادقا</p><p style=\"text-align: right; \"><br></p><p style=\"text-align: right; \">حالتنا الافتراضية هي إنكار جهلنا ، خاصة أمام الأطفال. نحن دفاعيون ورفضون ، ويمكن لمعظم الأطفال أن يقولوا إنك ضائع مثلهم.</p><p style=\"text-align: right; \"><br></p><p style=\"text-align: right; \">كان الحل هو الاعتراف بذلك منذ البداية. سألني الطفل عن وجهة نظر تعلم اللاتينية وأخبرته أنني لا أعرف. من المفترض أنه ساعد مع لغات أخرى ، لكن ربما يمكنه استخدامه يومًا ما لإثارة إعجاب الأشخاص الطنانين في حفلات الكوكتيل. سألني لماذا تكسر بعض الأفعال أنماط الاقتران ، وقلت له إنها طريقة القدماء في تعذيبنا.</p><p style=\"text-align: right; \">عندما كان طفلاً صغيرًا ، كان يتعلم اللغة أسرع مني ، لكنه كان يواجه صعوبة أكبر في بعض التفاصيل الدقيقة. كانت هناك أوقات حيرتني فيها وأتحدث بصوت عالٍ أمامه.</p><p style=\"text-align: right; \">أنا مدرس رياضيات. ما الذي جعلني أعتقد أنني مستعد لتدريس اللاتينية ، ناهيك عن تعلمها؟</p><p style=\"text-align: right; \"><br></p><p style=\"text-align: right; \">قال لي الطفل إنني أبدو جيدًا في كل شيء آخر ، لذا من المحتمل أن أفهم ذلك ، لكن كان هناك القليل من القلق في صوته. كلما فعلت الأسوأ ، زاد احتمال فشله ، وأراد إخراج اللاتينية من حياته أكثر مما فعلت.</p><p style=\"text-align: right; \"><br></p><p style=\"text-align: right; \">لقد قربنا كراهيتنا المتبادل للغة اللاتينية من بعضنا البعض. لأول مرة ، أدرك كلانا أننا في هذا معًا.</p><p style=\"text-align: right; \"><br></p><p style=\"text-align: right; \">4) التعامل مع أولياء الأمور والمعلمين هو جزء من التعليم</p><p style=\"text-align: right; \"><br></p><p style=\"text-align: right; \">مع تقدمه في السن ، بدأ يسألني عن والديه ، اللذين كانا من المحافظين في قناة فوكس نيوز. قال لي انه يمكن ان نرى انهم منحازون، ولكن لم أفهم لماذا، أو أعرف ما يفكر.</p><p style=\"text-align: right; \"><br></p><p style=\"text-align: right; \">أخبرته أن يفكر بنفسه ويعترف عندما لا يعرف شيئًا ، وأنه لا يجب أن يخشى تغيير رأيه في ضوء أدلة جديدة صحيحة.</p><p style=\"text-align: right; \"><br></p><p style=\"text-align: right; \">واشتكى أساتذته، واحد منهم لم يكن سعيدا كنت قد علمته الطرق المختلفة لعلم الجبر. في نهاية المطاف، وعلم أنه كيفية القيام بذلك بطريقة المعلم، ولكن عنيدا حاجة سبيلا آخر للوصول إلى هناك. كنا غاضبين بعض الشيء ، لكنني أخبرته أن تعلم التعامل مع المعلمين هو جزء من التعليم.</p><p style=\"text-align: right; \"><br></p><p style=\"text-align: right; \">احتفظت بالضغينة لنفسي ، لكنني أردت أيضًا خنق معلمه. وكان هذا الطفل قد ذهب من متوسط ​​D إلى B +، وكان هذا المعلم لا يزال يطارد له. ولا عجب في ذلك كثير من الناس رديء في الرياضيات - الآباء والامهات والمعلمين ضدهم وحتى لم يدرك ذلك.</p><p style=\"text-align: right; \"><br></p><p style=\"text-align: right; \">5) احتضان موقف التعلم</p><p style=\"text-align: right; \"><br></p><p style=\"text-align: right; \">إذا لم تكن على استعداد للتعلم ، فسيكون من الصعب تدريسه ، والخطوة الأولى هي قبول مدى ضآلة معرفتنا. من النفاق أن تنقض على ابنك عندما لا تتمكن من أداء واجبه المنزلي أيضًا ، ويلاحظ الأطفال ذلك ويشعرون بحق أنك غير عادل.</p><p style=\"text-align: right; \"><br></p><p style=\"text-align: right; \">التعلم الإلكتروني) سيحسن إدراكك بشكل عام.</p><p style=\"text-align: right; \"><br></p><p style=\"text-align: right; \">القراءة والرياضيات مهارات أساسية ، وتعلم الرياضيات أمر متواضع. في حين أن هناك القليل من الأدلة التي تدعم أن الرياضيات تحسن التفكير بشكل عام ، فأنت بحاجة إليها لفهم العلوم ، وعندما تشعر بالحيرة تجاه الكثير من الواجبات المدرسية لطفلك في المدرسة الابتدائية ، فإن القليل على الأقل من عدم اليقين يخترق آرائك. أنت تدرك أنك لا تعرف الكثير كما كنت تعتقد ، وبالنسبة لمعظم الناس ، يمكن أن يمثل هذا بداية جديدة. مع انحسار الصلابة ، تعاود اللدونة الظهور ، وعادات التعلم مدى الحياة هي أثمن هدية يمكن أن تقدمها لنفسك ولطفلك.إذا اخترت أن يكون الأطفال، يجب أن يكون لديك الاولوية رقم واحد، وسوف يفاجأ في مقدار التعلم (أو ص</p>', 'الخوف هو السبب الرئيسي الذي يجعل الأطفال يكافحون مع المدرسة. وفي معظم الحالات ، يكون ذلك خطأ الوالدين.'),
(6, 21, 'es', 'Cómo enseñar a tu hija cualquier cosa fácilmente', '<p>La razón principal por la que los niños luchan con la escuela es el miedo. Y en la mayoría de los casos, es culpa de sus padres. Comencé a dar clases particulares de matemáticas por desesperación financiera. Me acababan de despedir de mi trabajo como camarero, la mayor parte de la corrección de pruebas en los trabajos en Nueva York se habían subcontratado a la India y, por tercera vez en mi vida, me enfrentaba a una pobreza extrema.</p>', '<p>Comencé a dar clases particulares de matemáticas por desesperación financiera. Me acababan de despedir de mi trabajo como camarero, la mayor parte de la corrección de pruebas en los trabajos en Nueva York se habían subcontratado a la India y, por tercera vez en mi vida, me enfrentaba a una pobreza extrema.</p><p><br></p><p>La cantidad que había olvidado fue sorprendente al principio, y había sobresalido en matemáticas durante toda mi vida académica. Si no lo usas, realmente lo pierdes, así que no es de extrañar que la mayoría de los padres lloren a tío en matemáticas de cuarto grado. No recuerdan y no quieren recordar, perpetuando esta actitud en sus hijos.</p><p><br></p><p>Imagínese haciendo cualquier cosa, incluso algo en lo que se le da bien, con el equivalente a un gigante acechando detrás de usted y escudriñando cada uno de sus movimientos. Esto es lo que les hacen los padres a sus hijos. Se ciernen y se abalanzan sobre cada error.</p><p><br></p><p>1) Tenga empatía por sus hijos</p><p><br></p><p>En mi primera sesión con mi primer alumno, su madre se escondió nerviosamente detrás de nosotros, luego me llamó unos cinco minutos después. Me preguntó si noté que su hijo había respondido la última pregunta incorrectamente, e inmediatamente vi la esencia del problema.</p><p><br></p><p>Tienes que descansar y relajarte para que tu hijo se sienta cómodo y esperar hasta el final antes de empezar a corregir algo. Así es como los niños aprenden a controlar su trabajo y que cometer errores no es gran cosa.</p><p><br></p><p>Los errores son inevitables, pero la forma en que los manejamos no lo es. Si quiere que su hijo esté eternamente aterrorizado por las matemáticas, entonces, por supuesto, continúe apiñándolos e interrumpiéndolos perpetuamente. Lo más probable es que los haga desconfiar de intentar aprender algo.</p><p><br></p><p>2) Date una oportunidad</p><p><br></p><p>Afortunadamente, esta madre y la mayoría de los otros padres entendieron lo que estaba haciendo y reconocieron su complicidad en las luchas de sus hijos. Después de esa primera sesión, mamá nos dejó solos y su hijo comenzó a mejorar de inmediato.</p><p><br></p><p>Sus padres estaban tan animados que me preguntaron si podía ayudar con otros temas. La historia, la ciencia y el inglés estaban a mi alcance, pero el niño fue a una escuela católica y tuvo que aprender latín.</p><p><br></p><p>Pedí prestada una copia de su libro en latín y me desmoralicé por completo. El latín es desconcertante, especialmente al principio. Tantas conjugaciones y contexto son importantes. La forma de hablar con nobles, compañeros y esclavos es prácticamente como aprender tres idiomas diferentes.</p><p><br></p><p>Aún así, estaba arruinado y esto significaría más dinero. ¿Y realmente tenía que saber latín? Todo lo que tenía que hacer era quedarme unos días por delante del chico.</p><p><br></p><p>3) Sea honesto</p><p><br></p><p>Nuestro estado predeterminado es negar nuestra ignorancia, especialmente frente a los niños. Estamos a la defensiva y desdeñosos, y la mayoría de los niños pueden decir que estás tan perdido como ellos.</p><p><br></p><p>Mi solución fue admitir esto desde el principio. El niño me preguntó qué sentido tenía aprender latín y le dije que no lo sabía. Supuestamente le ayudó con otros idiomas, pero tal vez algún día podría usarlo para impresionar a personas pretenciosas en los cócteles. Me preguntó por qué algunos verbos rompían los patrones de conjugación y le dije que era la forma de los antiguos de torturarnos.</p><p><br></p><p>Cuando era niño, aprendió el idioma más rápido que yo, pero tuvo más dificultades con algunas de las sutilezas. Hubo momentos en que estaba desconcertado y me hablaba en voz alta frente a él.</p><p><br></p><p>Soy un tutor de matemáticas. ¿Qué diablos me hizo pensar que estaba equipado para enseñar latín, y mucho menos aprenderlo?</p><p><br></p><p>El chico me dijo que parecía ser bastante bueno en todo lo demás, así que probablemente lo entendería, pero había un matiz de preocupación en su voz. Cuanto peor lo hacía, más probabilidades había de que fracasara, y quería que el latín fuera de su vida incluso más que yo.</p><p><br></p><p>Nuestro odio mutuo por el latín nos acercó más. Por primera vez, ambos comprendimos que estábamos juntos en esto.</p><p><br></p><p>4) Tratar con padres y maestros es parte de la educación</p><p><br></p><p>A medida que crecía, empezó a preguntarme sobre sus padres, que eran conservadores de Fox News. Me dijo que podía ver que eran parciales, pero que no entendía por qué ni sabía qué pensar.</p><p><br></p><p>Le dije que pensara por sí mismo y admitiera cuando no sabía algo, y que no debería tener miedo de cambiar de opinión a la luz de nuevas pruebas válidas.</p><p><br></p><p>Se quejaba de sus profesores, uno de los cuales no estaba contento de que le hubiera enseñado diferentes enfoques del álgebra. Con el tiempo, aprendió a hacerlo a la manera del maestro, pero necesitaba otra vía para llegar allí. Ambos estábamos un poco enojados, pero le dije que aprender a tratar con los maestros es parte de la educación.</p><p><br></p><p>Me guardé mi rencor, pero también quería estrangular a su maestro. Este niño había pasado de un promedio D a un B +, y esta maestra todavía lo perseguía. No es de extrañar que tanta gente sea pésima en matemáticas: sus padres y maestros estaban en contra de ellos y ni siquiera se dieron cuenta.</p><p><br></p><p>5) Adopte una actitud de aprendizaje</p><p><br></p><p>Si no está dispuesto a aprender, será difícil enseñar y el primer paso es aceptar lo poco que sabemos. Es hipócrita atacar a tu hijo cuando tú tampoco puedes hacer su tarea, y los niños se dan cuenta de esto y sienten que estás siendo injusto.</p><p><br></p><p>Si elige tener hijos, deberían ser su prioridad número uno y se sorprenderá de cuánto aprendizaje (o relearning) mejorará su cognición en general.</p><p><br></p><p>La lectura y las matemáticas son habilidades fundamentales, y aprender matemáticas es una lección de humildad. Si bien hay poca evidencia que respalde que las matemáticas mejoran el razonamiento en general, las necesita para comprender las ciencias, y cuando gran parte de las tareas de la escuela primaria de su hijo le desconcierta, al menos un poco de incertidumbre penetra en sus puntos de vista. Te das cuenta de que no sabes tanto como pensabas y, para la mayoría, esto puede marcar un nuevo comienzo. A medida que cede la rigidez, resurge la plasticidad y el hábito del aprendizaje permanente es el regalo más valioso que puede hacerse a sí mismo y a su hijo.</p>', 'La razón principal por la que los niños luchan con la escuela es el miedo. Y en la mayoría de los casos, es culpa de sus padres.'),
(7, 23, 'es', '3 leyes para convertirse en una estudiante heterosexual', '<p>En este artículo, explicaré las dos reglas que seguí para convertirme en un estudiante sobresaliente. Si sigue mi consejo, obtendrá mejores calificaciones y también llevará una vida más equilibrada.</p>', '<p>Un historial académico sólido puede abrirle puertas en el futuro. Más importante aún, a través del proceso de convertirse en un estudiante sobresaliente, aprenderá valores como el trabajo duro, la disciplina y la determinación.</p><p>Regla 1: siempre tenga un plan.</p><p>(a) A medida que avanza el semestre, realice un seguimiento de las fechas clave: pruebas y exámenes, fechas límite para la presentación de proyectos, interrupciones del período, etc.</p><p>Ingrese estas fechas en un calendario físico o digital.</p><p>Si elige utilizar un calendario digital, le recomiendo Google Calendar.</p><p><br></p><p>(b) Programe un horario fijo cada semana en el que revise sus próximos eventos durante los próximos dos meses. Marque cuándo comenzará a prepararse para ese examen de matemáticas, a trabajar en ese proyecto de historia o a escribir ese ensayo en inglés.</p><p>(d) A continuación, anote sus compromisos para la próxima semana, p. ej. actividades extracurriculares, reuniones familiares, clases extra. En su calendario, resalte los bloques de tiempo que tendrá para el trabajo escolar.</p><p>Este proceso de planificación puede parecer lento, pero por lo general solo tomará 15 minutos cada semana.</p><p>Esta es una sabia inversión de tiempo como estudiante, porque el resto de la semana será mucho más productiva.</p><p>De esta manera, estudiarás inteligentemente, ¡no solo duro!</p><p><br></p><p>Regla # 2: Sea organizado.</p><p>Alguna vez ha tenido problemas para encontrar sus notas o tareas cuando las necesitaba? Probablemente terminó perdiendo un tiempo precioso buscándolos, antes de que finalmente se los pidiera prestados a su amigo.</p><p>Muchos estudiantes me dicen que guardan todas sus notas y tareas en una gran pila, ¡y solo las clasifican antes de sus exámenes!</p><p>Ser organizado, es más fácil decirlo que hacerlo, lo sé.</p>', 'En este artículo, explicaré las dos reglas que seguí para convertirme en un estudiante sobresaliente.'),
(8, 23, 'ar', 'علاقة أفضل بينك وبين ولي أمر الطالب', '<div style=\"text-align: right;\">في هذه المقالة ، سأشرح القاعدتين اللتين اتبعتهما لأصبح طالبًا عاديًا. إذا أخذت بنصيحتي ، ستحصل على درجات أفضل وتعيش حياة أكثر توازناً أيضًا.</div>', '<div style=\"text-align: right; \">يمكن للسجل الأكاديمي القوي أن يفتح لك الأبواب في المستقبل. والأهم من ذلك ، من خلال عملية أن تصبح طالبًا عاديًا ، ستتعلم قيمًا مثل العمل الجاد والانضباط والتصميم.</div><div style=\"text-align: right; \"><br></div><div style=\"text-align: right; \">القاعدة 1: امتلك خطة دائمًا.</div><div style=\"text-align: right; \">(أ) مع تقدم الفصل الدراسي ، تتبع التواريخ الرئيسية: الاختبارات والامتحانات والمواعيد النهائية لتقديم المشروع وفواصل الفصل الدراسي وما إلى ذلك.</div><div style=\"text-align: right; \"><br></div><div style=\"text-align: right; \">أدخل هذه التواريخ في تقويم مادي أو رقمي.</div><div style=\"text-align: right; \"><br></div><div style=\"text-align: right; \">إذا اخترت استخدام تقويم رقمي ، فإنني أوصي بتقويم Google.</div><div style=\"text-align: right; \"><br></div><div style=\"text-align: right; \">(ب) حدد موعدًا محددًا كل أسبوع حيث تقوم بمراجعة الأحداث القادمة على مدار الشهرين المقبلين. ضع علامة على الوقت الذي ستبدأ فيه التحضير لامتحان الرياضيات هذا ، أو العمل في مشروع التاريخ ، أو كتابة هذه الورقة باللغة الإنجليزية.</div><div style=\"text-align: right; \"><br></div><div style=\"text-align: right; \">(د) بعد ذلك ، دوِّن التزاماتك للأسبوع القادم ، على سبيل المثال الأنشطة اللامنهجية والتجمعات العائلية والفصول الإضافية. في التقويم الخاص بك ، حدد فترات الوقت التي ستتاح لك للعمل المدرسي.</div><div style=\"text-align: right; \"><br></div><div style=\"text-align: right; \">قد تبدو عملية التخطيط هذه مضيعة للوقت ، ولكنها عادة ما تستغرق 15 دقيقة فقط كل أسبوع.</div><div style=\"text-align: right; \"><br></div><div style=\"text-align: right; \">هذا استثمار حكيم للوقت كطالب ، لأن بقية الأسبوع ستصبح أكثر إنتاجية بكثير.</div><div style=\"text-align: right; \"><br></div><div style=\"text-align: right; \">بهذه الطريقة ، ستدرس بذكاء ، وليس فقط بجد!</div><div style=\"text-align: right; \"><br></div><div style=\"text-align: right; \">القاعدة رقم 2: كن منظمًا.</div><div style=\"text-align: right; \">هل واجهت مشكلة في العثور على ملاحظاتك أو مهامك عندما احتجت إليها؟ ربما انتهى بك الأمر إلى إضاعة الوقت الثمين في البحث عنهم ، قبل أن تطلب أخيرًا استعارتهم من صديقك.</div><div style=\"text-align: right; \"><br></div><div style=\"text-align: right; \">يخبرني العديد من الطلاب أنهم يحتفظون بجميع ملاحظاتهم وواجباتهم في كومة كبيرة واحدة ، ولا يقوموا بفرزها إلا قبل امتحاناتهم!</div><div style=\"text-align: right; \"><br></div><div style=\"text-align: right; \">كونك منظمًا - القول أسهل من الفعل ، أعلم.</div>', 'في هذه المقالة ، سأشرح القاعدتين اللتين اتبعتهما لأصبح طالبًا عاديًا.'),
(9, 22, 'ar', 'علاقة أفضل بينك وبين ولي أمر الطالب', '<p style=\"text-align: right; \">العلاقة بين المعلم والوالدين هي علاقة مهمة ويتم التغاضي عنها للأسف إلى حد كبير. لماذا هو مهم؟ حسنًا ، تساعد العلاقة الجيدة بينك وبين ولي أمر الطالب أو الوصي عليه في مساعدة الطلاب على أداء أفضل على المستوى الشخصي والأكاديمي. </p>', '<p style=\"text-align: right; \">الرحمة والإيجابية هي كل شيء</p><p style=\"text-align: right; \"><br></p><p style=\"text-align: right; \">قد يكون التعامل معك أمرًا مرهقًا للوالدين أو الأوصياء. قد يكون هناك خوف من أن أداء طفلهم ليس جيدًا كما ينبغي ، أو ضيق الوقت للتواصل ، أو حتى حواجز اللغة. بصفتك مدرسًا ، فإن التعاطف وتقديم المعلومات بنبرة مهذبة يؤدي إلى العجائب في مثل هذه المواقف. من الأفضل الابتسام والتواصل البصري والترحيب وتقديم أي نصيحة إذا لزم الأمر. إحدى الحيل الجيدة للمساعدة في تهدئة الآباء أو الأوصياء عند التحدث إليهم هي الاعتراف أولاً بشيء إيجابي عن طفلهم لاحظته مهما كان صغيراً. على سبيل المثال ، ربما لاحظت أنهم أكثر انخراطًا في دروسهم وطرحوا المزيد من الأسئلة.</p><p style=\"text-align: right; \"><br></p><p style=\"text-align: right; \">كن استباقيًا وتواصل كثيرًا</p><p style=\"text-align: right; \"><br></p><p style=\"text-align: right; \">قد يتحدث بعض المعلمين مع الوالدين أو الأوصياء فقط عندما تكون هناك مشكلة ، مما يخلق بيئة سلبية لكليهما. هذا هو السبب في أنه من الضروري بذل الجهد للتحدث معهم كثيرًا سواء كان ذلك وجهًا لوجه أو مكالمة هاتفية أو حتى رسالة بريد إلكتروني. من الأفضل إبقائهم على اطلاع دائم بما يتعلمه أطفالهم. غالبًا ما يمنعهم التواصل من الشعور باليقظة القصوى عند التواصل معهم ويمكنه أيضًا تعزيز صداقة جميلة. بالطبع من المهم معرفة أن الآباء والأوصياء مشغولون! لذا تأكد عند التواصل معهم أنك تخطط مسبقًا للعثور على وقت يناسبهم بشكل أفضل.</p><p style=\"text-align: right; \"><br></p><p style=\"text-align: right; \">اجعل الوالد أو الوصي يشعر بالتقدير واطلب مشورتهما</p><p style=\"text-align: right; \"><br></p><p style=\"text-align: right; \">من الطرق الرائعة لبناء علاقة مع الوالدين أو الأوصياء إشراكهم في تعليم أطفالهم. هذا لا يعني مجرد مساعدتهم في أداء واجباتهم المدرسية ، ولكن قد يعني مطالبتهم بالمشاركة في الأنشطة أو الأحداث المدرسية. يُعد سؤالهم عما إذا كانوا يرغبون في المساعدة في تنظيم حدث طريقة رائعة للتعرف عليهم ومنحهم فرصة لمقابلة أولياء الأمور أو الأوصياء الآخرين. يمكن أن يكون أيضًا شيئًا بسيطًا مثل إنشاء خطة درس تطلب مدخلات منهم. بالطبع كل هذا يعتمد على جدولهم الزمني وما إذا كان لديهم الوقت للمشاركة. في النهاية ، كلما حاولت إشراكهم في الأنشطة ، كان ذلك أفضل.</p><p style=\"text-align: right; \"><br></p><p style=\"text-align: right; \">طريقة أخرى رائعة لجعلهم يشعرون بالتقدير هي طلب نصيحتهم. إذا كان الطالب يعرض سلوكيات سلبية أثناء الدرس ، فمن الحكمة طلب مشورة الوالد أو الوصي. من خلال طلب نصيحتهم ، يمكن أن يحدث شيئان. أولاً ، قد لا يعرفون أن هناك سلوكًا سلبيًا للبدء به لأن الطالب قد لا يعرضه في المنزل. ثانيًا ، أنت تبني علاقة أفضل مع الوالد أو الوصي من خلال الحصول على مدخلاتهم في هذا الموقف ، مما سيبني الثقة. لا يجب أن تدور الأسئلة حول تعليم الطالب فقط عند التحدث إليهم ، بل يمكنك أيضًا طرح أسئلة حول اهتمامات الطالب والخطط التي لديهم خلال العطلات. من المهم دائمًا أن تتصرف بشكل احترافي عند التعامل مع أحد الوالدين أو الوصي ، ولكن لا يجب أن تكون المحادثة فقط حول التعليم.</p><p style=\"text-align: right; \"><br></p><p style=\"text-align: right; \">تجنب أخذها بشكل شخصي والافتراضات</p><p style=\"text-align: right; \"><br></p><p style=\"text-align: right; \">الآباء والأوصياء بشر ولديهم ضغوط خاصة بهم للتعامل معها سواء كان ذلك في العمل أو في حياتهم المنزلية. من الأفضل لك أن تحافظ على هدوئك دائمًا ولا تأخذ أي شيء يقولونه على محمل الجد. يجب عليك دائمًا الرد بأسئلة من شأنها أن تساعد في نزع فتيل الموقف. على سبيل المثال ، قد يقول أحد الوالدين أو الوصي \"أنت تقول هذا لأنك خرجت لإحضار طفلي\" وأفضل طريقة للرد على سؤال مثل هذا هي \"أنا آسف لأنك تشعر بهذه الطريقة ، يرجى إعلامي لماذا تعتقد هذا؟\"</p><p style=\"text-align: right; \"><br></p><p style=\"text-align: right; \">كما يجب ألا تضع افتراضات حول الحياة المنزلية للطالب. ما لم يتم ذكر ذلك ، يمكن للافتراض أن يسبب العديد من المشاكل ويمكن أن يكون غير حساس لوضع الأسرة. يجب ألا تفترض أن الطالب يعيش مع كلا الوالدين أو أي من الوالدين في هذا الشأن. الآن ، في عالمنا المتنوع عالميًا ، لا يجب أن تفترض أن اللغة الأولى للوالد أو الوصي هي اللغة الإنجليزية ويجب دائمًا تأكيد ما إذا كان بإمكانهم التحدث باللغة الإنجليزية في المقام الأول. سيكون لكل طالب وضع مختلف عن الوضع الذي يليه. تؤدي الافتراضات إلى سوء الفهم الذي يمكن أن يخلق ظروفًا أكثر صعوبة للتعلم.</p><p style=\"text-align: right; \"><br></p><p style=\"text-align: right; \">قد يكون بناء علاقة مع أحد الوالدين أو الوصي أمرًا صعبًا في بعض الأحيان. يمكن أن يساعدك وضع هذه الأفكار في الاعتبار على التواصل معها بشكل أفضل. من الجيد أن تتذكر ، في نهاية اليوم ، أنه كلما كان لديك اتصال أفضل معهم ، كان من الأفضل أن يساعدوا في تعليم الطالب ، مما يسمح لهم في النهاية بتحقيق النجاح الأكاديمي وتعزيز حب التعلم.</p>', 'العلاقة بين المعلم والوالدين هي علاقة مهمة ويتم التغاضي عنها للأسف إلى حد كبير.'),
(10, 22, 'es', 'Mejor relación entre usted y los padres de su estudiante', '<p>La relación padre / tutor es una relación importante y, lamentablemente, se pasa por alto en gran medida. ¿Por qué es importante? Bueno, una buena relación entre usted y el padre o tutor del estudiante sirve para ayudar a los estudiantes a desempeñarse mejor a nivel personal y académico. Fomentar una relación con ellos como tutor puede ser un desafío debido a una serie de factores; sin embargo, hay varias formas de construir esta relación y optimizar el sistema de apoyo al aprendizaje de los estudiantes a lo largo del tiempo.</p>', '<p>La compasión y la positividad lo son todo</p><p>Puede ser estresante para los padres o tutores interactuar con usted. Puede haber temor de que a su hijo no le esté yendo tan bien como debería, falta de tiempo para conectarse o incluso barreras del idioma. Como tutor, ser compasivo y brindar información en un tono educado hace maravillas en situaciones como esta. Es mejor sonreír, hacer contacto visual, ser acogedor y ofrecer cualquier consejo si es necesario. Un buen truco para ayudar a los padres o tutores a hablar con ellos es reconocer primero algo positivo acerca de su hijo que haya notado, sin importar lo pequeño que sea. Por ejemplo, es posible que haya notado que están más involucrados en sus lecciones y hacen más preguntas.</p><p><br></p><p>Sea proactivo y comuníquese con frecuencia</p><p><br></p><p>Es posible que algunos tutores solo hablen con los padres o tutores cuando hay un problema, lo que crea un entorno negativo para ambos. Por eso es clave hacer el esfuerzo de hablar con ellos a menudo, ya sea cara a cara, por teléfono o incluso por correo electrónico. Es mejor mantenerlos actualizados sobre el aprendizaje de sus hijos. Comunicarse a menudo evita que se sientan en alerta máxima cuando se acerca e incluso puede fomentar una hermosa amistad. ¡Por supuesto que es importante saber que los padres y tutores están ocupados! Por eso, cuando te comuniques con ellos, asegúrate de planificar con anticipación para encontrar el momento que mejor funcione para ellos.</p><p><br></p><p>Haga que el padre o tutor se sienta valorado y solicite su consejo</p><p><br></p><p>Una excelente manera de entablar una relación con los padres o tutores es involucrarlos en la educación de sus hijos. Esto no significa solo que los ayuden con la tarea, sino que también podría significar pedirles que participen en actividades o eventos escolares. Preguntarles si les gustaría ayudar a organizar un evento es una excelente manera de conocerlos y darles la oportunidad de conocer a otros padres o tutores. También podría ser algo tan simple como crear un plan de lección que solicite su opinión. Por supuesto, todo esto depende de su horario y si tienen tiempo para participar. Al final, cuanto más intente involucrarlos en las actividades, mejor.</p><p><br></p><p>Otra excelente manera de hacerlos sentir valorados es pedirles su consejo. Si su estudiante muestra comportamientos negativos durante una lección, es aconsejable buscar el consejo del padre o tutor. Al pedirles su consejo, pueden ocurrir dos cosas. Uno, para empezar, es posible que no sepan que existe un comportamiento negativo, ya que es posible que el estudiante no lo esté mostrando en casa. Dos, está construyendo una mejor relación con el padre o tutor al obtener su opinión en esta situación, lo que generará confianza. Las preguntas no tienen que ser solo sobre la educación del estudiante al hablar con él, también puede hacer preguntas sobre el interés del estudiante y los planes que tiene durante las vacaciones. Siempre es importante que te comportes de manera profesional cuando trates con un padre o tutor, pero la conversación no tiene que ser estrictamente sobre educación.</p><p><br></p><p>Evite tomárselo personalmente y hacer suposiciones</p><p><br></p><p>Los padres y tutores son humanos y tienen que lidiar con su propio estrés, ya sea en el trabajo o en su vida familiar. Es mejor para usted mantener siempre la calma y nunca tomar en serio nada de lo que le digan. Siempre debe responder con preguntas que ayuden a calmar la situación. Por ejemplo, un padre o tutor puede decir \"Dices esto porque quieres atrapar a mi hijo\" y la mejor manera de responder a una pregunta como esta es \"Lamento que te sientas así, por favor avísame Por qué piensas esto?</p><p>Además, no debe hacer suposiciones sobre la vida hogareña de un estudiante. A menos que se haya indicado así, una suposición puede causar muchos problemas y puede ser insensible a la situación de una familia. No debe asumir que el estudiante vive con ambos padres o con cualquier padre. Ahora, en nuestro mundo globalmente diverso, no debe asumir que el primer idioma del padre o tutor es el inglés y siempre debe confirmar si pueden hablar inglés en primer lugar. Cada estudiante tendrá una situación diferente a la del próximo. Las suposiciones conducen a malentendidos que pueden crear circunstancias más desafiantes para el aprendizaje.</p><p><br></p><p>Establecer una relación con un padre o tutor a veces puede ser un desafío. Tener estas ideas en mente puede ayudarlo a conectarse mejor con ellas. Es bueno recordar que, al final del día, cuanto mejor sea la conexión que tenga con ellos, mejor podrán ayudar a enseñar al estudiante, lo que en última instancia les permitirá alcanzar el éxito académico y fomentar el amor por el aprendizaje.</p>', 'La relación padre / tutor es una relación importante y, lamentablemente, se pasa por alto en gran medida.');

-- --------------------------------------------------------

--
-- Table structure for table `bundles`
--

CREATE TABLE `bundles` (
  `id` int(10) UNSIGNED NOT NULL,
  `creator_id` int(10) UNSIGNED NOT NULL,
  `teacher_id` int(10) UNSIGNED NOT NULL,
  `category_id` int(10) UNSIGNED DEFAULT NULL,
  `slug` varchar(255) COLLATE utf8mb4_unicode_ci NOT NULL,
  `thumbnail` varchar(255) COLLATE utf8mb4_unicode_ci NOT NULL,
  `image_cover` varchar(255) COLLATE utf8mb4_unicode_ci NOT NULL,
  `video_demo` varchar(255) COLLATE utf8mb4_unicode_ci DEFAULT NULL,
  `video_demo_source` enum('upload','youtube','vimeo','external_link') COLLATE utf8mb4_unicode_ci DEFAULT NULL,
  `price` int(11) DEFAULT NULL,
  `points` int(11) DEFAULT NULL,
  `subscribe` tinyint(1) NOT NULL DEFAULT 0,
  `access_days` int(10) UNSIGNED DEFAULT NULL COMMENT 'Number of days to access the bundle',
  `message_for_reviewer` text COLLATE utf8mb4_unicode_ci DEFAULT NULL,
  `status` enum('active','pending','is_draft','inactive') COLLATE utf8mb4_unicode_ci NOT NULL,
  `created_at` bigint(20) UNSIGNED NOT NULL,
  `updated_at` bigint(20) UNSIGNED DEFAULT NULL
) ENGINE=InnoDB DEFAULT CHARSET=utf8mb4 COLLATE=utf8mb4_unicode_ci;

--
-- Dumping data for table `bundles`
--

INSERT INTO `bundles` (`id`, `creator_id`, `teacher_id`, `category_id`, `slug`, `thumbnail`, `image_cover`, `video_demo`, `video_demo_source`, `price`, `points`, `subscribe`, `access_days`, `message_for_reviewer`, `status`, `created_at`, `updated_at`) VALUES
(1, 1015, 1015, 609, 'Microsoft-Office-Beginner-to-Expert-Bundle', '/store/1015/office_bundle.jpg', '/store/1015/office_bundle_c.jpg', '/store/1015/Microsoft Excel - Excel from Beginner to Advanced.mkv', 'upload', 50, NULL, 0, NULL, 'Thank you', 'active', 1656082487, 1656399382),
(2, 934, 934, 606, 'A-Z-Web-Programming', '/store/934/A-Z Web Programming.jpg', '/store/934/A-Z Web Programming_c.jpg', '/store/934/Python for Beginners.mp4', 'upload', 8, NULL, 0, NULL, 'Thank you for your review.', 'active', 1656138736, 1656138918),
(3, 929, 929, 602, 'Solar-Energy-Design-Course-From-Zero-To-Hero', '/store/929/Solar Energy Design Course From Zero To Hero.jpg', '/store/929/Solar Energy Design Course From Zero To Hero_c.jpg', NULL, NULL, 25, NULL, 0, NULL, 'Hi,\r\nThank you.', 'active', 1656139531, 1656139656),
(5, 859, 859, 609, 'BM', '/store/859/8.png', '/store/859/8.png', NULL, NULL, 5000, NULL, 0, NULL, 'qwerty', 'is_draft', 1692879753, 1692880425);

-- --------------------------------------------------------

--
-- Table structure for table `bundle_filter_option`
--

CREATE TABLE `bundle_filter_option` (
  `id` int(10) UNSIGNED NOT NULL,
  `bundle_id` int(10) UNSIGNED NOT NULL,
  `filter_option_id` int(10) UNSIGNED NOT NULL
) ENGINE=InnoDB DEFAULT CHARSET=utf8mb4 COLLATE=utf8mb4_unicode_ci;

--
-- Dumping data for table `bundle_filter_option`
--

INSERT INTO `bundle_filter_option` (`id`, `bundle_id`, `filter_option_id`) VALUES
(31, 2, 9148),
(32, 2, 9216),
(33, 2, 9279),
(34, 2, 9280),
(35, 2, 9281),
(39, 3, 9120),
(40, 3, 9166),
(41, 3, 9240),
(47, 1, 9138),
(48, 1, 9139),
(49, 1, 9140),
(50, 1, 9196),
(51, 1, 9266),
(55, 5, 9138),
(56, 5, 9196),
(57, 5, 9267);

-- --------------------------------------------------------

--
-- Table structure for table `bundle_translations`
--

CREATE TABLE `bundle_translations` (
  `id` bigint(20) UNSIGNED NOT NULL,
  `bundle_id` int(10) UNSIGNED NOT NULL,
  `locale` varchar(255) COLLATE utf8mb4_unicode_ci NOT NULL,
  `title` varchar(255) COLLATE utf8mb4_unicode_ci NOT NULL,
  `seo_description` text COLLATE utf8mb4_unicode_ci DEFAULT NULL,
  `description` longtext COLLATE utf8mb4_unicode_ci DEFAULT NULL
) ENGINE=InnoDB DEFAULT CHARSET=utf8mb4 COLLATE=utf8mb4_unicode_ci;

--
-- Dumping data for table `bundle_translations`
--

INSERT INTO `bundle_translations` (`id`, `bundle_id`, `locale`, `title`, `seo_description`, `description`) VALUES
(1, 1, 'en', 'Microsoft Office Beginner to Expert Bundle', 'Learn to create professional documents with this beginner to advanced Ultimate Microsoft office Course.', '<p>In this MS Office video course, you will learn everything you need to know about MS Office Accounting. software needs to be installed and link is included in the training. We\'ll take advantage of a 30-day free trial that anyone who registers in the US will get for free. You can also use the Accountants Edition, which is currently free if you are in the US</p><p><br></p><p>Very clear step by step instructions show you how to navigate each part of MS Office. We\'ll do the complete setup together. You will then experience every common type of transaction that can be entered into MS Office . You will learn how to manage and customize the most important reports in MS Office. You can find and fix data entry errors, and even find everything you\'ve entered into your MS Office account. Projects and tests reproduce real-world challenges I\'m going to show you how to use MS Office. You can learn about any industry-specific assignments you might need by watching this topic on MS Office Desktop Videos. In this course, you can apply this particular topic to MS Office .</p><p><br></p><p>The transactions we learned about are what businesses need when using MS Office. We enter customer invoices, sales receipts and payments to the MS Office Accounting By Sage. This training includes depositing and banking related to MS Office, as well as entering supplier accounts and paying invoices in MS Office. This MS Office video training course also covers cash transactions and other cashbacks. I am constantly providing MS Office tips and MS Office tricks so that students have complete control over all their MS Office entries. The main features of MS Office Accounting will help you become an expert at MS Office</p>'),
(2, 1, 'es', 'Paquete definitivo de Microsoft Office para principiantes y expertos', 'Paquete definitivo de Microsoft Office para principiantes y expertos', '<p>En este curso de video de MS Office, aprenderá todo lo que necesita saber sobre la contabilidad de MS Office. es necesario instalar el software y el enlace está incluido en la capacitación. Aprovecharemos una prueba gratuita de 30 días que cualquier persona que se registre en los EE. UU. obtendrá de forma gratuita. También puede usar la Edición de contadores, que actualmente es gratuita si se encuentra en los EE. UU.</p><p><br></p><p>Las instrucciones paso a paso muy claras le muestran cómo navegar por cada parte de MS Office. Haremos la configuración completa juntos. Luego experimentará cada tipo común de transacción que se puede ingresar en MS Office. Aprenderá a administrar y personalizar los informes más importantes en MS Office. Puede encontrar y corregir errores de entrada de datos, e incluso encontrar todo lo que ha ingresado en su cuenta de MS Office. Los proyectos y las pruebas reproducen desafíos del mundo real. Le mostraré cómo usar MS Office. Puede obtener información sobre las asignaciones específicas de la industria que pueda necesitar al ver este tema en los videos de escritorio de MS Office. En este curso, puede aplicar este tema en particular a MS Office.</p><p><br></p><p>Las transacciones que aprendimos son lo que las empresas necesitan cuando usan MS Office. Ingresamos facturas de clientes, recibos de ventas y pagos al MS Office Accounting By Sage. Esta capacitación incluye depósitos y operaciones bancarias relacionadas con MS Office, además de ingresar cuentas de proveedores y pagar facturas en MS Office. Este curso de capacitación en video de MS Office también cubre transacciones en efectivo y otros reembolsos. Constantemente brindo consejos y trucos de MS Office para que los estudiantes tengan control total sobre todas sus entradas de MS Office. Las características principales de MS Office Accounting lo ayudarán a convertirse en un experto en MS Office</p>'),
(3, 2, 'en', 'A-Z Web Programming', 'The most complete course available on Web Programming.', '<p>Brad Hussey is updating the entire course to be even more relevant to the modern web designer and front-end web developer as we enter into 2022. Join now to get access!</p><p><br></p><p>This course by Brad Hussey is the go-to, most comprehensive, A to Z web design, web development and career-building course that will kickstart your progress by focusing on what you need to learn, and avoiding the unnecessary details.</p><p><br></p><p>- - -</p><p><br></p><p>Do you want to learn web design and front-end development? Do you need a career change but don\'t know where to start?</p><p><br></p><p>Are you a total beginner looking for an all-in-one Web Design, Web Development and Career Building course that takes you step-by-step through all of the necessary skills you need to know to start working professionally as a web designer or developer?</p><p><br></p><p>Are you a programmer or web developer looking to improve your design skills, so your designer colleagues can stop making fun of your bad designs?</p><p><br></p><p>Or maybe you\'re a graphic designer looking to learn how to code, so your programmer colleagues can stop laughing at your sad coding attempts?</p><p><br></p><p>Have you wasted time & hard earned money watching boring, drawn-out and overwhelming web design and web development courses that promise to make you a complete master of every possible discipline known to man?</p><p><br></p><p>Look no further! There\'s no better place to learn web design and become a skilled front-end developer than with The Ultimate Web Designer & Front-End Developer Course by Brad Hussey.</p><p><br></p><p>This course will teach you everything you need to know (and none of what you don\'t need to know).</p><p><br></p><p>With more than 80,000 happy students, this Udemy course is trusted by beginners and experts alike. Brad Hussey – an experienced web designer and front-end developer – will teach you everything from web design basics to creating beautiful user interfaces with HTML and CSS. You\'ll also learn how to develop dynamic websites with JavaScript, PHP, MySQL and more. And that\'s just the beginning!</p><p><br></p><p>You\'ll also learn about creating responsive websites and user interfaces that look great on any device by using popular frameworks like Bootstrap and Tailwind CSS.</p><p><br></p><p>By the end of this course, you\'ll have the skills and knowledge you need to start your own successful web design career, whether you want to land a job as a web designer or start taking on clients as a freelance web designer.</p><p><br></p><p>So if you\'re ready to become a web designer in 2022?</p><p><br></p><p>Join the course today!</p><p><br></p><p>- - -</p><p><br></p><p>What can you expect from this course?</p><p><br></p><p>You will go from knowing nothing to creating over 23 impressive designs, websites, and applications — all with step-by-step instruction from one of the most entertaining, engaging and passionate web design educators on the web today!</p><p><br></p><p>We\'ll start by learning Visual & Web Design, how to use Adobe Photoshop, and how to sketch professional wireframes. We\'ll then learn to code with HTML5, CSS3, Javascript and jQuery. At this point, you\'ll be able to code custom websites, animations and web applications by yourself.</p><p><br></p><p>Once we\'re cool with the front-end languages, we\'ll then melt our brain-bits with highly advanced skills like Responsive Websites, PHP, MySQL, WordPress and custom WordPress plugin development. You\'ll then have the ability to build responsive, dynamic websites and blogs, basic eCommerce sites and online stores, and have a professional understanding of all aspects of web design & development.</p><p><br></p><p>After you\'ve learned everything from Design to Development, you\'ll be taken through a hands-on career section fully-loaded with valuable tips, resources, and real-world guidance to help you start your career — whether you want to work-from-home as a freelancer or secure a full-time studio gig at a design agency.</p>'),
(4, 3, 'en', 'Solar Energy Design Course From Zero To Hero', 'Learn How To Design And Install Solar Energy Systems With Step By Step Examples Without Previous Knowledge', '<p>The only course out there with everything you need to know about solar energy from A to Z</p><p><br></p><p>Throughout the course you will learn:</p><p><br></p><p>The fundamentals of solar energy</p><p><br></p><p>Components and design of on-grid and off-grid solar systems</p><p><br></p><p>Types and selection of solar modules</p><p><br></p><p>Types of charge controllers and their selection techniques</p><p><br></p><p>Types and selection of different solar inverters</p><p><br></p><p>Selection of suitable tilt angle and shading effect in PV systems.</p><p><br></p><p>- Types and selection of batteries in solar energy systems.</p><p><br></p><p>- Design and components of the solar water pumping system</p><p><br></p><p>- Design of grounding or earthing system</p><p><br></p><p>- Design of single line diagram of the PV system using the Autocad</p><p><br></p><p>- Design on and off-grid PV systems using the PVSyst program.</p><p><br></p><p>- Design of protection of PV system</p><p><br></p><p><br></p><p><b>After Taking This Course, You Will Be Able To</b></p><p><br></p><p>Understand everything about solar energy systems such as construction and how to select components such as solar panels, charge controllers, inverters, batteries, and busbars.</p><p><br></p><p>Design different solar energy systems such as off-grid, on-grid, and solar water pumping systems.</p><p><br></p><p>You will learn how to design protection and earthing system for solar energy systems.</p><p><br></p><p>You would be able to apply for jobs in the solar energy field without fear of rejection as you have all the knowledge you need to work in the field.</p><p><br></p><p><br></p><p>If you\'ve been looking for ONE COURSE with in-depth insight into solar energy, take this course.</p>'),
(5, 5, 'en', 'BM', NULL, '<p>qwerty<br></p>');

-- --------------------------------------------------------

--
-- Table structure for table `bundle_webinars`
--

CREATE TABLE `bundle_webinars` (
  `id` int(10) UNSIGNED NOT NULL,
  `creator_id` int(10) UNSIGNED NOT NULL,
  `bundle_id` int(10) UNSIGNED NOT NULL,
  `webinar_id` int(10) UNSIGNED NOT NULL,
  `order` int(10) UNSIGNED DEFAULT NULL
) ENGINE=InnoDB DEFAULT CHARSET=utf8mb4 COLLATE=utf8mb4_unicode_ci;

--
-- Dumping data for table `bundle_webinars`
--

INSERT INTO `bundle_webinars` (`id`, `creator_id`, `bundle_id`, `webinar_id`, `order`) VALUES
(2, 1015, 1, 2008, NULL),
(4, 1015, 1, 2009, NULL),
(5, 934, 2, 1997, NULL),
(6, 934, 2, 2005, NULL),
(7, 929, 3, 2004, NULL),
(8, 929, 3, 1999, NULL);

-- --------------------------------------------------------

--
-- Table structure for table `cart`
--

CREATE TABLE `cart` (
  `id` int(10) UNSIGNED NOT NULL,
  `creator_id` int(10) UNSIGNED NOT NULL,
  `webinar_id` int(10) UNSIGNED DEFAULT NULL,
  `bundle_id` int(10) UNSIGNED DEFAULT NULL,
  `product_order_id` int(10) UNSIGNED DEFAULT NULL,
  `reserve_meeting_id` int(10) UNSIGNED DEFAULT NULL,
  `subscribe_id` int(10) UNSIGNED DEFAULT NULL,
  `promotion_id` int(10) UNSIGNED DEFAULT NULL,
  `gift_id` int(10) UNSIGNED DEFAULT NULL,
  `ticket_id` int(10) UNSIGNED DEFAULT NULL,
  `special_offer_id` int(10) UNSIGNED DEFAULT NULL,
  `product_discount_id` int(10) UNSIGNED DEFAULT NULL,
  `installment_payment_id` int(10) UNSIGNED DEFAULT NULL,
  `created_at` int(11) NOT NULL
) ENGINE=InnoDB DEFAULT CHARSET=utf8mb4 COLLATE=utf8mb4_unicode_ci ROW_FORMAT=DYNAMIC;

--
-- Dumping data for table `cart`
--

INSERT INTO `cart` (`id`, `creator_id`, `webinar_id`, `bundle_id`, `product_order_id`, `reserve_meeting_id`, `subscribe_id`, `promotion_id`, `gift_id`, `ticket_id`, `special_offer_id`, `product_discount_id`, `installment_payment_id`, `created_at`) VALUES
(208, 859, 2010, NULL, NULL, NULL, NULL, NULL, NULL, NULL, NULL, NULL, NULL, 1693566095);

-- --------------------------------------------------------

--
-- Table structure for table `cashback_rules`
--

CREATE TABLE `cashback_rules` (
  `id` int(10) UNSIGNED NOT NULL,
  `target_type` enum('all','courses','store_products','bundles','meetings','registration_packages','subscription_packages','recharge_wallet') COLLATE utf8mb4_unicode_ci NOT NULL,
  `target` varchar(255) COLLATE utf8mb4_unicode_ci DEFAULT NULL,
  `start_date` bigint(20) UNSIGNED DEFAULT NULL,
  `end_date` bigint(20) UNSIGNED DEFAULT NULL,
  `amount` double(15,2) DEFAULT NULL,
  `amount_type` enum('fixed_amount','percent') COLLATE utf8mb4_unicode_ci DEFAULT NULL,
  `apply_cashback_per_item` tinyint(1) NOT NULL DEFAULT 0,
  `max_amount` double(15,2) DEFAULT NULL,
  `min_amount` double(15,2) DEFAULT NULL,
  `enable` tinyint(1) NOT NULL DEFAULT 0,
  `created_at` bigint(20) UNSIGNED NOT NULL
) ENGINE=InnoDB DEFAULT CHARSET=utf8mb4 COLLATE=utf8mb4_unicode_ci;

--
-- Dumping data for table `cashback_rules`
--

INSERT INTO `cashback_rules` (`id`, `target_type`, `target`, `start_date`, `end_date`, `amount`, `amount_type`, `apply_cashback_per_item`, `max_amount`, `min_amount`, `enable`, `created_at`) VALUES
(5, 'all', NULL, 1672610400, NULL, 10.00, 'percent', 0, NULL, NULL, 0, 1678921892);

-- --------------------------------------------------------

--
-- Table structure for table `cashback_rule_specification_items`
--

CREATE TABLE `cashback_rule_specification_items` (
  `id` int(10) UNSIGNED NOT NULL,
  `cashback_rule_id` int(10) UNSIGNED NOT NULL,
  `category_id` int(10) UNSIGNED DEFAULT NULL,
  `instructor_id` int(10) UNSIGNED DEFAULT NULL,
  `seller_id` int(10) UNSIGNED DEFAULT NULL,
  `webinar_id` int(10) UNSIGNED DEFAULT NULL,
  `product_id` int(10) UNSIGNED DEFAULT NULL,
  `bundle_id` int(10) UNSIGNED DEFAULT NULL,
  `subscribe_id` int(10) UNSIGNED DEFAULT NULL,
  `registration_package_id` int(10) UNSIGNED DEFAULT NULL
) ENGINE=InnoDB DEFAULT CHARSET=utf8mb4 COLLATE=utf8mb4_unicode_ci;

-- --------------------------------------------------------

--
-- Table structure for table `cashback_rule_translations`
--

CREATE TABLE `cashback_rule_translations` (
  `id` int(10) UNSIGNED NOT NULL,
  `cashback_rule_id` int(10) UNSIGNED NOT NULL,
  `locale` varchar(255) COLLATE utf8mb4_unicode_ci NOT NULL,
  `title` varchar(255) COLLATE utf8mb4_unicode_ci NOT NULL
) ENGINE=InnoDB DEFAULT CHARSET=utf8mb4 COLLATE=utf8mb4_unicode_ci;

--
-- Dumping data for table `cashback_rule_translations`
--

INSERT INTO `cashback_rule_translations` (`id`, `cashback_rule_id`, `locale`, `title`) VALUES
(5, 5, 'en', 'Christmas Cashback');

-- --------------------------------------------------------

--
-- Table structure for table `cashback_rule_users_groups`
--

CREATE TABLE `cashback_rule_users_groups` (
  `id` int(10) UNSIGNED NOT NULL,
  `cashback_rule_id` int(10) UNSIGNED NOT NULL,
  `group_id` int(10) UNSIGNED DEFAULT NULL,
  `user_id` int(10) UNSIGNED DEFAULT NULL
) ENGINE=InnoDB DEFAULT CHARSET=utf8mb4 COLLATE=utf8mb4_unicode_ci;

-- --------------------------------------------------------

--
-- Table structure for table `categories`
--

CREATE TABLE `categories` (
  `id` int(10) UNSIGNED NOT NULL,
  `slug` varchar(255) COLLATE utf8mb4_unicode_ci NOT NULL,
  `parent_id` int(11) DEFAULT NULL,
  `icon` varchar(255) COLLATE utf8mb4_unicode_ci DEFAULT NULL,
  `order` int(10) UNSIGNED DEFAULT NULL
) ENGINE=InnoDB DEFAULT CHARSET=utf8mb4 COLLATE=utf8mb4_unicode_ci;

--
-- Dumping data for table `categories`
--

INSERT INTO `categories` (`id`, `slug`, `parent_id`, `icon`, `order`) VALUES
(520, 'Design', NULL, '/store/1/default_images/categories_icons/feather.png', 7),
(522, 'Academics', NULL, '/store/1/default_images/categories_icons/briefcase.png', 6),
(523, 'Health-and-Fitness', NULL, '/store/1/default_images/categories_icons/heart.png', 5),
(524, 'Lifestyle', NULL, '/store/1/default_images/categories_icons/umbrella.png', 4),
(525, 'Marketing', NULL, '/store/1/default_images/categories_icons/pie-chart.png', 3),
(526, 'Business', NULL, '/store/1/default_images/categories_icons/anchor.png', 2),
(528, 'Development', NULL, '/store/1/default_images/categories_icons/code.png', 1),
(601, 'Math', 522, '/store/1/default_images/categories_icons/sub_categories/divide-square.png', 1),
(602, 'Science', 522, '/store/1/default_images/categories_icons/sub_categories/zap.png', 2),
(603, 'Language', 522, '/store/1/default_images/categories_icons/sub_categories/globe.png', 3),
(604, 'Lifestyle', 524, '/store/1/default_images/categories_icons/sub_categories/sun.png', 1),
(605, 'Beauty-and-Makeup', 524, '/store/1/default_images/categories_icons/sub_categories/droplet.png', 2),
(606, 'Web-Development', 528, '/store/1/default_images/categories_icons/sub_categories/layout.png', 1),
(607, 'Mobile-Development', 528, '/store/1/default_images/categories_icons/sub_categories/smartphone.png', 2),
(608, 'Game-Development', 528, '/store/1/default_images/categories_icons/sub_categories/codesandbox.png', 3),
(609, 'Management', 526, '/store/1/default_images/categories_icons/sub_categories/users.png', 1),
(610, 'Communications', 526, '/store/1/default_images/categories_icons/sub_categories/share-2.png', 2),
(611, 'Business-Strategy', 526, '/store/1/default_images/categories_icons/sub_categories/target.png', 3);

-- --------------------------------------------------------

--
-- Table structure for table `category_translations`
--

CREATE TABLE `category_translations` (
  `id` bigint(20) UNSIGNED NOT NULL,
  `category_id` int(10) UNSIGNED NOT NULL,
  `locale` varchar(255) COLLATE utf8mb4_unicode_ci NOT NULL,
  `title` varchar(255) COLLATE utf8mb4_unicode_ci NOT NULL
) ENGINE=InnoDB DEFAULT CHARSET=utf8mb4 COLLATE=utf8mb4_unicode_ci;

--
-- Dumping data for table `category_translations`
--

INSERT INTO `category_translations` (`id`, `category_id`, `locale`, `title`) VALUES
(1, 520, 'en', 'Design'),
(2, 522, 'en', 'Academics'),
(3, 523, 'en', 'Health & Fitness'),
(4, 524, 'en', 'Lifestyle'),
(5, 525, 'en', 'Marketing'),
(6, 526, 'en', 'Business'),
(7, 528, 'en', 'Development'),
(8, 601, 'en', 'Math'),
(9, 602, 'en', 'Science'),
(10, 603, 'en', 'Language'),
(11, 604, 'en', 'Lifestyle'),
(12, 605, 'en', 'Beauty & Makeup'),
(13, 606, 'en', 'Web Development'),
(14, 607, 'en', 'Mobile Development'),
(15, 608, 'en', 'Game Development'),
(16, 609, 'en', 'Management'),
(17, 610, 'en', 'Communications'),
(18, 611, 'en', 'Business Strategy'),
(19, 528, 'ar', 'تطوير'),
(20, 606, 'ar', 'تطوير الشبكة'),
(21, 607, 'ar', 'تطوير المحمول'),
(22, 608, 'ar', 'تطوير اللعبة'),
(23, 526, 'ar', 'عمل'),
(24, 609, 'ar', 'إدارة'),
(25, 610, 'ar', 'مجال الاتصالات'),
(26, 611, 'ar', 'استراتيجية العمل'),
(27, 525, 'ar', 'تسويق'),
(28, 524, 'ar', 'أسلوب الحياة'),
(29, 604, 'ar', 'أسلوب الحياة'),
(30, 605, 'ar', 'الجمال والمكياج'),
(31, 523, 'ar', 'الصحة واللياقة البدنية'),
(32, 522, 'ar', 'أكاديميون'),
(33, 601, 'ar', 'رياضيات'),
(34, 602, 'ar', 'علم'),
(35, 603, 'ar', 'لغة'),
(36, 520, 'ar', 'تصميم'),
(37, 528, 'es', 'Desarrollo'),
(38, 606, 'es', 'Desarrollo web'),
(39, 607, 'es', 'Desarrollo móvil'),
(40, 608, 'es', 'Desarrollo de juegos'),
(41, 526, 'es', 'Negocio'),
(42, 609, 'es', 'Gestión'),
(43, 610, 'es', 'Comunicaciones'),
(44, 611, 'es', 'Estrategia de negocios'),
(45, 525, 'es', 'Márketing'),
(46, 524, 'es', 'Estilo de vida'),
(47, 604, 'es', 'Estilo de vida'),
(48, 605, 'es', 'Belleza y maquillaje'),
(49, 523, 'es', 'salud y estado fisico'),
(50, 522, 'es', 'Académica'),
(51, 601, 'es', 'Matemáticas'),
(52, 602, 'es', 'Ciencias'),
(53, 603, 'es', 'Idioma'),
(54, 520, 'es', 'Diseño');

-- --------------------------------------------------------

--
-- Table structure for table `certificates`
--

CREATE TABLE `certificates` (
  `id` int(10) UNSIGNED NOT NULL,
  `quiz_id` int(10) UNSIGNED DEFAULT NULL,
  `quiz_result_id` int(10) UNSIGNED DEFAULT NULL,
  `student_id` int(10) UNSIGNED NOT NULL,
  `webinar_id` int(10) UNSIGNED DEFAULT NULL,
  `user_grade` int(10) UNSIGNED DEFAULT NULL,
  `type` enum('quiz','course') COLLATE utf8mb4_unicode_ci NOT NULL,
  `created_at` int(11) NOT NULL
) ENGINE=InnoDB DEFAULT CHARSET=utf8mb4 COLLATE=utf8mb4_unicode_ci ROW_FORMAT=DYNAMIC;

--
-- Dumping data for table `certificates`
--

INSERT INTO `certificates` (`id`, `quiz_id`, `quiz_result_id`, `student_id`, `webinar_id`, `user_grade`, `type`, `created_at`) VALUES
(3, 28, 28, 995, NULL, 80, 'quiz', 1626248277),
(4, 33, 29, 996, NULL, 80, 'quiz', 1626239046),
(6, NULL, NULL, 995, 2007, NULL, 'course', 1656664858);

-- --------------------------------------------------------

--
-- Table structure for table `certificates_templates`
--

CREATE TABLE `certificates_templates` (
  `id` int(10) UNSIGNED NOT NULL,
  `image` varchar(255) CHARACTER SET utf8mb4 NOT NULL,
  `type` enum('quiz','course') COLLATE utf8mb4_unicode_ci NOT NULL,
  `position_x` varchar(255) CHARACTER SET utf8mb4 DEFAULT NULL,
  `position_y` varchar(255) CHARACTER SET utf8mb4 DEFAULT NULL,
  `font_size` varchar(255) CHARACTER SET utf8mb4 DEFAULT NULL,
  `text_color` varchar(255) CHARACTER SET utf8mb4 DEFAULT NULL,
  `status` enum('draft','publish') COLLATE utf8mb4_unicode_ci NOT NULL,
  `created_at` int(11) NOT NULL,
  `updated_at` int(11) DEFAULT NULL
) ENGINE=InnoDB DEFAULT CHARSET=utf8mb4 COLLATE=utf8mb4_unicode_ci ROW_FORMAT=DYNAMIC;

--
-- Dumping data for table `certificates_templates`
--

INSERT INTO `certificates_templates` (`id`, `image`, `type`, `position_x`, `position_y`, `font_size`, `text_color`, `status`, `created_at`, `updated_at`) VALUES
(1, '/store/1/default_images/certificate.jpg', 'quiz', '300', '400', '32', '#314963', 'publish', 1608663541, 1656581793),
(2, '/store/1/default_images/certificate.jpg', 'course', '200', '400', '28', '#314963', 'publish', 1656581772, 1656664628);

-- --------------------------------------------------------

--
-- Table structure for table `certificate_template_translations`
--

CREATE TABLE `certificate_template_translations` (
  `id` bigint(20) UNSIGNED NOT NULL,
  `certificate_template_id` int(10) UNSIGNED NOT NULL,
  `locale` varchar(255) COLLATE utf8mb4_unicode_ci NOT NULL,
  `title` varchar(255) COLLATE utf8mb4_unicode_ci DEFAULT NULL,
  `body` longtext COLLATE utf8mb4_unicode_ci DEFAULT NULL,
  `rtl` tinyint(4) DEFAULT NULL
) ENGINE=InnoDB DEFAULT CHARSET=utf8mb4 COLLATE=utf8mb4_unicode_ci;

--
-- Dumping data for table `certificate_template_translations`
--

INSERT INTO `certificate_template_translations` (`id`, `certificate_template_id`, `locale`, `title`, `body`, `rtl`) VALUES
(1, 1, 'en', 'Quiz-depended Certificate Template', 'This certificate awarded to [student] \r\nregarding passing the [course] with \r\nthe [grade] with success\r\nCertificate ID : [certificate_id]', 0),
(2, 1, 'es', 'Certificado', 'Este certificado se otorgó a [student]\r\nen cuanto a aprobar el [course] con\r\nel [grade] con éxito\r\nID de certificado: [certificate_id]', NULL),
(3, 2, 'en', 'Completion Certificate Template', 'This certificate awarded to [student] \r\nregarding completing the course [course] with \r\nsuccess for [duration] minutes.\r\nCertificate ID : [certificate_id]', 0);

-- --------------------------------------------------------

--
-- Table structure for table `comments`
--

CREATE TABLE `comments` (
  `id` int(10) UNSIGNED NOT NULL,
  `user_id` int(10) UNSIGNED NOT NULL,
  `review_id` int(10) UNSIGNED DEFAULT NULL,
  `webinar_id` int(10) UNSIGNED DEFAULT NULL,
  `bundle_id` int(10) UNSIGNED DEFAULT NULL,
  `upcoming_course_id` int(10) UNSIGNED DEFAULT NULL,
  `blog_id` int(10) UNSIGNED DEFAULT NULL,
  `product_id` int(10) UNSIGNED DEFAULT NULL,
  `product_review_id` int(10) UNSIGNED DEFAULT NULL,
  `reply_id` int(10) UNSIGNED DEFAULT NULL,
  `comment` text COLLATE utf8mb4_unicode_ci DEFAULT NULL,
  `status` enum('pending','active') COLLATE utf8mb4_unicode_ci NOT NULL,
  `report` tinyint(1) NOT NULL DEFAULT 0,
  `disabled` tinyint(1) NOT NULL DEFAULT 0,
  `created_at` int(11) NOT NULL,
  `viewed_at` int(10) UNSIGNED DEFAULT NULL
) ENGINE=InnoDB DEFAULT CHARSET=utf8mb4 COLLATE=utf8mb4_unicode_ci ROW_FORMAT=DYNAMIC;

--
-- Dumping data for table `comments`
--

INSERT INTO `comments` (`id`, `user_id`, `review_id`, `webinar_id`, `bundle_id`, `upcoming_course_id`, `blog_id`, `product_id`, `product_review_id`, `reply_id`, `comment`, `status`, `report`, `disabled`, `created_at`, `viewed_at`) VALUES
(43, 996, NULL, 2004, NULL, NULL, NULL, NULL, NULL, NULL, 'Hi.\r\nWhat is the level of this course?', 'active', 0, 0, 1625863108, NULL),
(45, 979, NULL, 1999, NULL, NULL, NULL, NULL, NULL, NULL, 'Is it possible to participate in this course without participating in the prerequisite course?', 'active', 0, 0, 1625863345, NULL),
(48, 3, NULL, 1997, NULL, NULL, NULL, NULL, NULL, NULL, 'Will we be able to build applications at the end of this course?', 'active', 0, 0, 1625864259, 1625864297),
(49, 934, NULL, 1997, NULL, NULL, NULL, NULL, NULL, 48, 'Hi.\r\nYes you can.', 'active', 0, 0, 1625864351, NULL),
(50, 1016, NULL, 2006, NULL, NULL, NULL, NULL, NULL, NULL, 'Will this course be updated in the future?', 'active', 0, 0, 1625864416, 1688657989),
(51, 995, NULL, 2004, NULL, NULL, NULL, NULL, NULL, NULL, 'Will we receive a certificate at the end of this course?', 'active', 0, 0, 1625864526, NULL),
(53, 995, NULL, 1995, NULL, NULL, NULL, NULL, NULL, NULL, 'Course files are not complete !!!', 'active', 0, 0, 1626240118, 1626240169),
(54, 1016, NULL, 1995, NULL, NULL, NULL, NULL, NULL, 53, 'Please prove. The course files are complete and 90% of the students are satisfied.', 'active', 0, 0, 1626240342, 1626241422),
(55, 929, NULL, 1995, NULL, NULL, NULL, NULL, NULL, NULL, 'Is it possible to update the course ?', 'active', 0, 0, 1626241320, 1626241422),
(56, 929, NULL, 2003, NULL, NULL, NULL, NULL, NULL, NULL, 'Hi.\r\nIs it possible to start the class earlier?', 'active', 0, 0, 1626241386, NULL),
(57, 1016, NULL, 1995, NULL, NULL, NULL, NULL, NULL, 55, 'No, but it may change in the future. Thank you', 'active', 0, 0, 1626241505, NULL),
(58, 3, NULL, 2003, NULL, NULL, NULL, NULL, NULL, 56, 'Hi kate.\r\nNo, but it may change in the future. Thank you', 'active', 0, 0, 1626242070, NULL),
(63, 996, NULL, 2003, NULL, NULL, NULL, NULL, NULL, NULL, 'As i already new a lot on this matter i was surprised that i actually find out that there are more ways to tweak your time management', 'active', 0, 0, 1626509327, NULL),
(64, 1015, NULL, 1995, NULL, NULL, NULL, NULL, NULL, NULL, 'Great course that gives you the basic knowledge needed to become a product manager.', 'pending', 0, 0, 1626509546, NULL),
(66, 1015, NULL, NULL, NULL, NULL, 21, NULL, NULL, NULL, 'Thank you for this excellent article.', 'active', 0, 0, 1646413650, NULL);

-- --------------------------------------------------------

--
-- Table structure for table `comments_reports`
--

CREATE TABLE `comments_reports` (
  `id` int(10) UNSIGNED NOT NULL,
  `user_id` int(10) UNSIGNED NOT NULL,
  `blog_id` int(10) UNSIGNED DEFAULT NULL,
  `product_id` int(10) UNSIGNED DEFAULT NULL,
  `webinar_id` int(10) UNSIGNED DEFAULT NULL,
  `bundle_id` int(10) UNSIGNED DEFAULT NULL,
  `comment_id` int(10) UNSIGNED NOT NULL,
  `message` text COLLATE utf8mb4_unicode_ci NOT NULL,
  `created_at` int(10) UNSIGNED NOT NULL
) ENGINE=InnoDB DEFAULT CHARSET=utf8mb4 COLLATE=utf8mb4_unicode_ci ROW_FORMAT=DYNAMIC;

--
-- Dumping data for table `comments_reports`
--

INSERT INTO `comments_reports` (`id`, `user_id`, `blog_id`, `product_id`, `webinar_id`, `bundle_id`, `comment_id`, `message`, `created_at`) VALUES
(5, 1016, NULL, NULL, 1995, NULL, 53, 'this is a spam comment.', 1626240256);

-- --------------------------------------------------------

--
-- Table structure for table `contacts`
--

CREATE TABLE `contacts` (
  `id` int(10) UNSIGNED NOT NULL,
  `name` varchar(255) COLLATE utf8mb4_unicode_ci NOT NULL,
  `email` varchar(255) COLLATE utf8mb4_unicode_ci NOT NULL,
  `phone` varchar(255) COLLATE utf8mb4_unicode_ci NOT NULL,
  `subject` varchar(255) COLLATE utf8mb4_unicode_ci NOT NULL,
  `message` text COLLATE utf8mb4_unicode_ci NOT NULL,
  `reply` text COLLATE utf8mb4_unicode_ci DEFAULT NULL,
  `status` enum('pending','replied') COLLATE utf8mb4_unicode_ci NOT NULL DEFAULT 'pending',
  `created_at` int(10) UNSIGNED NOT NULL
) ENGINE=InnoDB DEFAULT CHARSET=utf8mb4 COLLATE=utf8mb4_unicode_ci ROW_FORMAT=DYNAMIC;

-- --------------------------------------------------------

--
-- Table structure for table `course_forums`
--

CREATE TABLE `course_forums` (
  `id` int(10) UNSIGNED NOT NULL,
  `webinar_id` int(10) UNSIGNED NOT NULL,
  `user_id` int(10) UNSIGNED NOT NULL,
  `title` varchar(255) COLLATE utf8mb4_unicode_ci NOT NULL,
  `description` text COLLATE utf8mb4_unicode_ci NOT NULL,
  `attach` varchar(255) COLLATE utf8mb4_unicode_ci DEFAULT NULL,
  `pin` tinyint(1) NOT NULL DEFAULT 0,
  `created_at` bigint(20) UNSIGNED NOT NULL
) ENGINE=InnoDB DEFAULT CHARSET=utf8mb4 COLLATE=utf8mb4_unicode_ci;

--
-- Dumping data for table `course_forums`
--

INSERT INTO `course_forums` (`id`, `webinar_id`, `user_id`, `title`, `description`, `attach`, `pin`, `created_at`) VALUES
(1, 2010, 995, 'I need help !!!', 'Hi,\r\nI need help to complete final part.\r\nI attached the error screenshot.\r\nRegards.', '/store/995/error.jpg', 0, 1655873238),
(2, 2010, 930, 'How to export data ?!', 'Hi,\r\nI want to export data, but I don\'t know how to do it\r\nPlease help me.\r\nThank you.', NULL, 0, 1655887586),
(3, 2008, 995, 'How can i restore my backup?', 'I lost all my previous data while updating. Fortunately, I had a backup. How do I restore my backup now?', NULL, 0, 1656103614);

-- --------------------------------------------------------

--
-- Table structure for table `course_forum_answers`
--

CREATE TABLE `course_forum_answers` (
  `id` int(10) UNSIGNED NOT NULL,
  `forum_id` int(10) UNSIGNED NOT NULL,
  `user_id` int(10) UNSIGNED NOT NULL,
  `description` text COLLATE utf8mb4_unicode_ci NOT NULL,
  `pin` tinyint(1) NOT NULL DEFAULT 0,
  `resolved` tinyint(1) NOT NULL DEFAULT 0,
  `created_at` bigint(20) UNSIGNED NOT NULL
) ENGINE=InnoDB DEFAULT CHARSET=utf8mb4 COLLATE=utf8mb4_unicode_ci;

--
-- Dumping data for table `course_forum_answers`
--

INSERT INTO `course_forum_answers` (`id`, `forum_id`, `user_id`, `description`, `pin`, `resolved`, `created_at`) VALUES
(1, 1, 929, 'Hi,\r\nWould you please explain more?\r\nRegards.', 0, 0, 1655875426),
(2, 1, 996, 'I have the same problem too.', 0, 0, 1655875682),
(4, 1, 995, 'I get errors when we want to export data.', 0, 0, 1655882242),
(5, 1, 929, 'Please stop windows update services and recheck the mentioned problem.\r\nRegards.', 0, 1, 1655882364),
(6, 1, 995, 'Thank you.\r\nYour help solved my problem.\r\nRegards.', 0, 0, 1655882416),
(7, 2, 929, 'Hi,\r\nYou can use the MySQL application to export data.', 0, 0, 1655887741),
(8, 2, 930, 'Hi,\r\nWould you please share the download link?\r\nRegards.', 0, 0, 1655970451),
(9, 3, 1015, 'Hi,\r\nWhat is your backup file format?', 0, 0, 1656103693),
(10, 3, 996, 'I have the same problem.', 0, 0, 1656103746);

-- --------------------------------------------------------

--
-- Table structure for table `course_learning`
--

CREATE TABLE `course_learning` (
  `id` int(10) UNSIGNED NOT NULL,
  `user_id` int(10) UNSIGNED NOT NULL,
  `text_lesson_id` int(10) UNSIGNED DEFAULT NULL,
  `file_id` int(10) UNSIGNED DEFAULT NULL,
  `session_id` int(10) UNSIGNED DEFAULT NULL,
  `created_at` int(10) UNSIGNED NOT NULL
) ENGINE=InnoDB DEFAULT CHARSET=utf8mb4 COLLATE=utf8mb4_unicode_ci;

--
-- Dumping data for table `course_learning`
--

INSERT INTO `course_learning` (`id`, `user_id`, `text_lesson_id`, `file_id`, `session_id`, `created_at`) VALUES
(29, 995, NULL, 46, NULL, 1626232964),
(30, 995, NULL, 47, NULL, 1626232969),
(32, 1015, NULL, 34, NULL, 1626235773),
(33, 1015, NULL, 31, NULL, 1626235776),
(34, 1015, NULL, 32, NULL, 1626235777),
(35, 996, NULL, 52, NULL, 1626235816),
(36, 996, NULL, 53, NULL, 1626235817),
(37, 996, NULL, 54, NULL, 1626235821),
(41, 996, NULL, 35, NULL, 1626235943),
(42, 996, 13, NULL, NULL, 1626235945),
(43, 996, NULL, 31, NULL, 1626235956),
(44, 996, NULL, 34, NULL, 1626235958),
(45, 996, NULL, 32, NULL, 1626235961),
(46, 995, NULL, 52, NULL, 1626236011),
(47, 995, NULL, 49, NULL, 1626236016),
(48, 995, NULL, 50, NULL, 1626236018),
(49, 995, NULL, 51, NULL, 1626236021),
(51, 995, NULL, 37, NULL, 1626236053),
(52, 995, NULL, 38, NULL, 1626236054),
(53, 995, NULL, 39, NULL, 1626236055),
(54, 995, NULL, 31, NULL, 1626236077),
(55, 995, NULL, 32, NULL, 1626236081),
(56, 995, NULL, 34, NULL, 1626236083),
(57, 995, NULL, 60, NULL, 1646174182),
(58, 995, NULL, 61, NULL, 1646174192),
(59, 995, NULL, 63, NULL, 1646174196),
(60, 995, NULL, 64, NULL, 1646174198),
(61, 995, NULL, 65, NULL, 1646174200),
(62, 930, NULL, 74, NULL, 1655877111),
(63, 995, NULL, 62, NULL, 1656664655),
(64, 995, NULL, 66, NULL, 1656664665),
(65, 995, NULL, 67, NULL, 1656664677),
(66, 995, NULL, 56, NULL, 1656664695),
(70, 995, NULL, 40, NULL, 1656664900),
(71, 995, NULL, 42, NULL, 1656664904),
(72, 995, NULL, 41, NULL, 1656664908),
(73, 995, NULL, 75, NULL, 1688380980),
(74, 995, NULL, 74, NULL, 1688380987),
(75, 995, NULL, 76, NULL, 1688380994),
(76, 995, NULL, 77, NULL, 1688381011),
(77, 995, NULL, 78, NULL, 1688381021),
(78, 1, NULL, 94, NULL, 1690920738),
(80, 1049, NULL, 345, NULL, 1693578297);

-- --------------------------------------------------------

--
-- Table structure for table `course_noticeboards`
--

CREATE TABLE `course_noticeboards` (
  `id` int(10) UNSIGNED NOT NULL,
  `creator_id` int(10) UNSIGNED NOT NULL,
  `webinar_id` int(10) UNSIGNED NOT NULL,
  `color` enum('warning','danger','neutral','info','success') COLLATE utf8mb4_unicode_ci NOT NULL,
  `title` varchar(255) COLLATE utf8mb4_unicode_ci NOT NULL,
  `message` text COLLATE utf8mb4_unicode_ci NOT NULL,
  `created_at` bigint(20) UNSIGNED NOT NULL
) ENGINE=InnoDB DEFAULT CHARSET=utf8mb4 COLLATE=utf8mb4_unicode_ci;

--
-- Dumping data for table `course_noticeboards`
--

INSERT INTO `course_noticeboards` (`id`, `creator_id`, `webinar_id`, `color`, `title`, `message`, `created_at`) VALUES
(1, 1015, 2008, 'danger', 'Important notice', '<p>Dear students. I will upload the new assignment for you soon. Please send the previous assignment by the end of the month.</p><p>The final quiz&nbsp;will be held at the end of next month. The exact date of the quiz will be announced.</p>', 1656083692),
(2, 1015, 2008, 'warning', 'Quiz date changed', '<p>Hi, Dear students</p><p>The mid-term Quiz date changed.</p><p>We hope to you take mentioned quiz next week.</p><p>Regards.</p>', 1656136473),
(3, 1015, 2008, 'info', 'Upload final chapter', '<p>Hi, Dear students.</p><p>We are going to upload the last chapter next month.</p><p>Regards.</p>', 1656136763),
(4, 1015, 2008, 'success', 'Top Students', '<p>Hi, Dear students</p><p>We intend to appreciate the top students.</p><p>We will announce the list of top students.</p><p>Regards.</p><p><br></p>', 1656136896),
(5, 929, 2010, 'success', 'Top Students', '<p>Hi, Dear students</p><p>We intend to appreciate the top students.</p><p>We will announce the list of top students.</p><p>Regards.</p>', 1656137511),
(6, 929, 2010, 'warning', 'Quiz date changed', '<p>Hi, Dear students</p><p>The mid-term Quiz date changed.</p><p>We hope to you take mentioned quiz next week.</p><p>Regards.</p>', 1656137557);

-- --------------------------------------------------------

--
-- Table structure for table `course_noticeboard_status`
--

CREATE TABLE `course_noticeboard_status` (
  `id` int(10) UNSIGNED NOT NULL,
  `user_id` int(10) UNSIGNED NOT NULL,
  `noticeboard_id` int(10) UNSIGNED NOT NULL,
  `seen_at` int(10) UNSIGNED NOT NULL
) ENGINE=InnoDB DEFAULT CHARSET=utf8mb4 COLLATE=utf8mb4_unicode_ci;

--
-- Dumping data for table `course_noticeboard_status`
--

INSERT INTO `course_noticeboard_status` (`id`, `user_id`, `noticeboard_id`, `seen_at`) VALUES
(1, 995, 1, 1656103105),
(2, 996, 1, 1656103714),
(3, 995, 5, 1656142535),
(4, 995, 6, 1656142535),
(5, 996, 5, 1656219599),
(6, 996, 6, 1656219599),
(7, 995, 2, 1656406722),
(8, 995, 3, 1656406722),
(9, 995, 4, 1656406722),
(10, 996, 2, 1656407301),
(11, 996, 3, 1656407301),
(12, 996, 4, 1656407301);

-- --------------------------------------------------------

--
-- Table structure for table `currencies`
--

CREATE TABLE `currencies` (
  `id` int(10) UNSIGNED NOT NULL,
  `currency` varchar(255) COLLATE utf8mb4_unicode_ci NOT NULL,
  `currency_position` enum('left','right','left_with_space','right_with_space') COLLATE utf8mb4_unicode_ci NOT NULL,
  `currency_separator` enum('dot','comma') COLLATE utf8mb4_unicode_ci NOT NULL,
  `currency_decimal` int(10) UNSIGNED DEFAULT NULL,
  `exchange_rate` double(15,2) DEFAULT NULL,
  `order` int(10) UNSIGNED DEFAULT NULL,
  `created_at` bigint(20) NOT NULL
) ENGINE=InnoDB DEFAULT CHARSET=utf8mb4 COLLATE=utf8mb4_unicode_ci;

--
-- Dumping data for table `currencies`
--

INSERT INTO `currencies` (`id`, `currency`, `currency_position`, `currency_separator`, `currency_decimal`, `exchange_rate`, `order`, `created_at`) VALUES
(4, 'EUR', 'left', 'dot', 2, 0.93, 1, 1678868603),
(6, 'INR', 'left', 'dot', 2, 82.52, 2, 1678869222);

-- --------------------------------------------------------

--
-- Table structure for table `delete_account_requests`
--

CREATE TABLE `delete_account_requests` (
  `id` int(10) UNSIGNED NOT NULL,
  `user_id` int(10) UNSIGNED NOT NULL,
  `created_at` bigint(20) UNSIGNED NOT NULL
) ENGINE=InnoDB DEFAULT CHARSET=utf8mb4 COLLATE=utf8mb4_unicode_ci;

--
-- Dumping data for table `delete_account_requests`
--

INSERT INTO `delete_account_requests` (`id`, `user_id`, `created_at`) VALUES
(1, 864, 1656194622);

-- --------------------------------------------------------

--
-- Table structure for table `discounts`
--

CREATE TABLE `discounts` (
  `id` int(10) UNSIGNED NOT NULL,
  `creator_id` int(10) UNSIGNED NOT NULL,
  `title` varchar(255) COLLATE utf8mb4_unicode_ci NOT NULL,
  `discount_type` enum('percentage','fixed_amount') COLLATE utf8mb4_unicode_ci NOT NULL,
  `source` enum('all','course','category','meeting','product','bundle') COLLATE utf8mb4_unicode_ci NOT NULL,
  `code` varchar(64) COLLATE utf8mb4_unicode_ci NOT NULL,
  `percent` int(10) UNSIGNED DEFAULT NULL,
  `amount` int(10) UNSIGNED DEFAULT NULL,
  `max_amount` int(10) UNSIGNED DEFAULT NULL,
  `minimum_order` int(10) UNSIGNED DEFAULT NULL,
  `count` int(11) NOT NULL DEFAULT 1,
  `user_type` enum('all_users','special_users') COLLATE utf8mb4_unicode_ci NOT NULL,
  `product_type` enum('all','physical','virtual') COLLATE utf8mb4_unicode_ci DEFAULT NULL,
  `for_first_purchase` tinyint(1) NOT NULL DEFAULT 0,
  `status` enum('active','disable') COLLATE utf8mb4_unicode_ci NOT NULL DEFAULT 'active',
  `expired_at` int(10) UNSIGNED NOT NULL,
  `created_at` int(10) UNSIGNED NOT NULL
) ENGINE=InnoDB DEFAULT CHARSET=utf8mb4 COLLATE=utf8mb4_unicode_ci ROW_FORMAT=DYNAMIC;

--
-- Dumping data for table `discounts`
--

INSERT INTO `discounts` (`id`, `creator_id`, `title`, `discount_type`, `source`, `code`, `percent`, `amount`, `max_amount`, `minimum_order`, `count`, `user_type`, `product_type`, `for_first_purchase`, `status`, `expired_at`, `created_at`) VALUES
(7, 1, 'Black Friday', 'percentage', 'all', 'BLK2021', 20, 10, NULL, NULL, 20, 'all_users', NULL, 0, 'active', 1639427340, 1626132792),
(8, 1, 'Store Physical Products Coupon', 'percentage', 'product', 'SPGH22', 10, NULL, NULL, NULL, 5, 'all_users', 'physical', 0, 'active', 1678494600, 1656320198),
(9, 1, 'Store Virtual Products Coupon', 'percentage', 'product', 'VKRYT22', 20, NULL, NULL, NULL, 10, 'all_users', 'virtual', 0, 'active', 1680357600, 1656320568),
(10, 1, 'Categories Coupon', 'percentage', 'category', 'GJKTPW', 10, NULL, 10, NULL, 1, 'all_users', 'all', 0, 'active', 1702684800, 1656320749);

-- --------------------------------------------------------

--
-- Table structure for table `discount_bundles`
--

CREATE TABLE `discount_bundles` (
  `id` int(10) UNSIGNED NOT NULL,
  `discount_id` int(10) UNSIGNED NOT NULL,
  `bundle_id` int(10) UNSIGNED NOT NULL,
  `created_at` int(10) UNSIGNED NOT NULL
) ENGINE=InnoDB DEFAULT CHARSET=utf8mb4 COLLATE=utf8mb4_unicode_ci;

-- --------------------------------------------------------

--
-- Table structure for table `discount_categories`
--

CREATE TABLE `discount_categories` (
  `id` int(10) UNSIGNED NOT NULL,
  `discount_id` int(10) UNSIGNED NOT NULL,
  `category_id` int(10) UNSIGNED NOT NULL,
  `created_at` int(10) UNSIGNED NOT NULL
) ENGINE=InnoDB DEFAULT CHARSET=utf8mb4 COLLATE=utf8mb4_unicode_ci;

--
-- Dumping data for table `discount_categories`
--

INSERT INTO `discount_categories` (`id`, `discount_id`, `category_id`, `created_at`) VALUES
(4, 10, 520, 1656395856),
(5, 10, 608, 1656395856),
(6, 10, 606, 1656395856);

-- --------------------------------------------------------

--
-- Table structure for table `discount_courses`
--

CREATE TABLE `discount_courses` (
  `id` int(10) UNSIGNED NOT NULL,
  `discount_id` int(10) UNSIGNED NOT NULL,
  `course_id` int(10) UNSIGNED NOT NULL,
  `created_at` int(10) UNSIGNED NOT NULL
) ENGINE=InnoDB DEFAULT CHARSET=utf8mb4 COLLATE=utf8mb4_unicode_ci;

-- --------------------------------------------------------

--
-- Table structure for table `discount_groups`
--

CREATE TABLE `discount_groups` (
  `id` int(10) UNSIGNED NOT NULL,
  `discount_id` int(10) UNSIGNED NOT NULL,
  `group_id` int(10) UNSIGNED NOT NULL,
  `created_at` int(10) UNSIGNED NOT NULL
) ENGINE=InnoDB DEFAULT CHARSET=utf8mb4 COLLATE=utf8mb4_unicode_ci;

-- --------------------------------------------------------

--
-- Table structure for table `discount_users`
--

CREATE TABLE `discount_users` (
  `id` int(10) UNSIGNED NOT NULL,
  `discount_id` int(10) UNSIGNED NOT NULL,
  `user_id` int(10) UNSIGNED NOT NULL,
  `created_at` int(10) UNSIGNED NOT NULL
) ENGINE=InnoDB DEFAULT CHARSET=utf8mb4 COLLATE=utf8mb4_unicode_ci ROW_FORMAT=DYNAMIC;

-- --------------------------------------------------------

--
-- Table structure for table `failed_jobs`
--

CREATE TABLE `failed_jobs` (
  `id` bigint(20) UNSIGNED NOT NULL,
  `uuid` varchar(255) COLLATE utf8mb4_unicode_ci NOT NULL,
  `connection` text COLLATE utf8mb4_unicode_ci NOT NULL,
  `queue` text COLLATE utf8mb4_unicode_ci NOT NULL,
  `payload` longtext COLLATE utf8mb4_unicode_ci NOT NULL,
  `exception` longtext COLLATE utf8mb4_unicode_ci NOT NULL,
  `failed_at` timestamp NOT NULL DEFAULT current_timestamp()
) ENGINE=InnoDB DEFAULT CHARSET=utf8mb4 COLLATE=utf8mb4_unicode_ci;

-- --------------------------------------------------------

--
-- Table structure for table `faqs`
--

CREATE TABLE `faqs` (
  `id` int(10) UNSIGNED NOT NULL,
  `creator_id` int(10) UNSIGNED NOT NULL,
  `webinar_id` int(10) UNSIGNED DEFAULT NULL,
  `bundle_id` int(10) UNSIGNED DEFAULT NULL,
  `upcoming_course_id` int(10) UNSIGNED DEFAULT NULL,
  `order` int(10) UNSIGNED DEFAULT NULL,
  `created_at` int(10) UNSIGNED DEFAULT NULL,
  `updated_at` int(10) UNSIGNED DEFAULT NULL
) ENGINE=InnoDB DEFAULT CHARSET=utf8mb4 COLLATE=utf8mb4_unicode_ci ROW_FORMAT=DYNAMIC;

--
-- Dumping data for table `faqs`
--

INSERT INTO `faqs` (`id`, `creator_id`, `webinar_id`, `bundle_id`, `upcoming_course_id`, `order`, `created_at`, `updated_at`) VALUES
(13, 1016, 1995, NULL, NULL, NULL, 1624908798, NULL),
(14, 1016, 1995, NULL, NULL, NULL, 1624908812, NULL),
(15, 1016, 1995, NULL, NULL, NULL, 1624908829, NULL),
(16, 1016, 1995, NULL, NULL, NULL, 1624908852, NULL),
(17, 1016, 1995, NULL, NULL, NULL, 1624908868, NULL),
(21, 934, 1997, NULL, NULL, NULL, 1624956994, NULL),
(22, 934, 1997, NULL, NULL, NULL, 1624957014, NULL),
(23, 929, 1999, NULL, NULL, NULL, 1625039334, NULL),
(24, 929, 1999, NULL, NULL, NULL, 1625039363, NULL),
(25, 929, 1999, NULL, NULL, NULL, 1625039377, NULL),
(29, 864, 2003, NULL, NULL, NULL, 1625300294, NULL),
(30, 864, 2003, NULL, NULL, NULL, 1625300305, NULL),
(31, 864, 2003, NULL, NULL, NULL, 1625300320, NULL),
(32, 4, 2005, NULL, NULL, NULL, 1625691029, NULL),
(33, 4, 2005, NULL, NULL, NULL, 1625691056, NULL),
(34, 4, 2005, NULL, NULL, NULL, 1625691083, NULL),
(35, 867, 2006, NULL, NULL, NULL, 1625694463, NULL),
(36, 867, 2006, NULL, NULL, NULL, 1625694481, NULL),
(40, 867, 2007, NULL, NULL, NULL, 1626234581, NULL),
(41, 867, 2007, NULL, NULL, NULL, 1626234619, NULL),
(42, 867, 2007, NULL, NULL, NULL, 1626234666, NULL),
(43, 1015, 2009, NULL, NULL, NULL, 1646172991, NULL),
(44, 1015, 2009, NULL, NULL, NULL, 1646173018, NULL),
(45, 1015, 2009, NULL, NULL, NULL, 1646173035, NULL),
(46, 1015, 2008, NULL, NULL, NULL, 1646173113, NULL),
(47, 1015, 2008, NULL, NULL, NULL, 1646173127, NULL),
(48, 1015, 2008, NULL, NULL, NULL, 1646173143, NULL),
(49, 929, 2010, NULL, NULL, NULL, 1655801621, NULL),
(50, 929, 2010, NULL, NULL, NULL, 1655801642, NULL),
(51, 929, 2010, NULL, NULL, NULL, 1655803063, NULL),
(52, 1015, NULL, 1, NULL, NULL, 1656082919, NULL),
(53, 1015, NULL, 1, NULL, NULL, 1656082949, NULL),
(54, 1015, NULL, NULL, 3, 15, 1678876257, NULL),
(55, 870, 2022, NULL, NULL, 1, 1678911802, NULL),
(56, 870, 2022, NULL, NULL, 2, 1678911826, NULL),
(57, 870, 2022, NULL, NULL, 3, 1678911861, NULL);

-- --------------------------------------------------------

--
-- Table structure for table `faq_translations`
--

CREATE TABLE `faq_translations` (
  `id` bigint(20) UNSIGNED NOT NULL,
  `faq_id` int(10) UNSIGNED NOT NULL,
  `locale` varchar(255) COLLATE utf8mb4_unicode_ci NOT NULL,
  `title` varchar(255) COLLATE utf8mb4_unicode_ci NOT NULL,
  `answer` text COLLATE utf8mb4_unicode_ci NOT NULL
) ENGINE=InnoDB DEFAULT CHARSET=utf8mb4 COLLATE=utf8mb4_unicode_ci;

--
-- Dumping data for table `faq_translations`
--

INSERT INTO `faq_translations` (`id`, `faq_id`, `locale`, `title`, `answer`) VALUES
(1, 13, 'en', 'What is the course level?', 'This is a course for beginners so you will get familiar with the topic from scratch.'),
(2, 14, 'en', 'How can I get course updates?', 'You will receive a notification after each update is released so you can download updated files from the course page.'),
(3, 15, 'en', 'Is it a supported course?', 'Yes, you can get in touch with the instructor using the support system.'),
(4, 16, 'en', 'How can I download exercise files?', 'All of the exercise files could be downloaded from the content tab on the course page.'),
(5, 17, 'en', 'Can I have a private meeting with the instructor?', 'Yes, you can reserve a 1 to 1 meeting with the instructor using the instructor profile.'),
(9, 21, 'en', 'What is the course level?', 'This is a course for beginners so you will get familiar with the topic from scratch.'),
(10, 22, 'en', 'How can I get course updates?', 'You will receive a notification after each update is released so you can download updated files from the course page.'),
(11, 23, 'en', 'What is the course level?', 'This is a course for beginners so you will get familiar with the topic from scratch.'),
(12, 24, 'en', 'How can I download exercise files?', 'All of the exercise files could be downloaded from the content tab on the course page.'),
(13, 25, 'en', 'Can I have a private meeting with the instructor?', 'Yes, you can reserve a 1 to 1 meeting with the instructor using the instructor profile.'),
(17, 29, 'en', 'How can I get course updates?', 'You will receive a notification after each update is released so you can download updated files from the course page.'),
(18, 30, 'en', 'Can I have a private meeting with the instructor?', 'Yes, you can reserve a 1 to 1 meeting with the instructor using the instructor profile.'),
(19, 31, 'en', 'Is it a supported course?', 'Yes, you can get in touch with the instructor using the support system.'),
(20, 32, 'en', 'What is the course level?', 'This is a course for beginners so you will get familiar with the topic from scratch.'),
(21, 33, 'en', 'Is it a supported course?', 'Yes, you can get in touch with the instructor using the support system.'),
(22, 34, 'en', 'Can I have a private meeting with the instructor?', 'Yes, you can reserve a 1 to 1 meeting with the instructor using the instructor profile.'),
(23, 35, 'en', 'Is it a supported course?', 'Yes, you can get in touch with the instructor using the support system.'),
(24, 36, 'en', 'Can I have a private meeting with the instructor?', 'Yes, you can reserve a 1 to 1 meeting with the instructor using the instructor profile.'),
(28, 40, 'en', 'What is the course level?', 'This is a course for beginners so you will get familiar with the topic from scratch.'),
(29, 41, 'en', 'How can I get course updates?', 'You will receive a notification after each update is released so you can download updated files from the course page.'),
(30, 42, 'en', 'Is it a supported course?', 'Yes, you can get in touch with the instructor using the support system.'),
(31, 43, 'en', 'Is it a supported course?', 'Yes, you can get in touch with the instructor using the support system.'),
(32, 44, 'en', 'How can I get course updates?', 'You will receive a notification after each update is released so you can download updated files from the course page.'),
(33, 45, 'en', 'What is the course level?', 'This is a course for beginners so you will get familiar with the topic from scratch.'),
(34, 46, 'en', 'What is the course level?', 'This is a course for beginners so you will get familiar with the topic from scratch.'),
(35, 47, 'en', 'Is it a supported course?', 'Yes, you can get in touch with the instructor using the support system.'),
(36, 48, 'en', 'Can I have a private meeting with the instructor?', 'Yes, you can reserve a 1 to 1 meeting with the instructor using the instructor profile.'),
(37, 49, 'en', 'What is the course level?', 'This is a course for beginners so you will get familiar with the topic from scratch.'),
(38, 50, 'en', 'How can I get course updates?', 'You will receive a notification after each update is released so you can download updated files from the course page.'),
(39, 51, 'en', 'Is it a supported course?', 'Yes, you can get in touch with the instructor using the support system.'),
(40, 52, 'en', 'How can I get course updates?', 'You will receive a notification after each update is released so you can download updated files from the course page.'),
(41, 53, 'en', 'How can I download exercise files?', 'All of the exercise files could be downloaded from the content tab on the course page.'),
(42, 54, 'en', 'Why take this course?', 'This course starts with explaining what programming really is? Have you ever wondered how things actually work in a program?'),
(43, 55, 'en', 'What is an installment payment?', 'An installment payment is a payment method that allows customers to spread the cost of a purchase over a period of time by making regular payments, typically on a monthly basis.'),
(44, 56, 'en', 'How does an installment payment plan work?', 'When a customer chooses to pay by installment, they agree to pay the total cost of the purchase in smaller, more manageable amounts over a set period of time. The amount of each payment is determined by the total cost of the purchase and the length of the repayment period.'),
(45, 57, 'en', 'Are there any fees or interest associated with installment payment?', 'Some installment plans may come with additional fees or higher interest rates than other payment methods. Customers should always read the terms and conditions carefully before agreeing to an installment payment plan to ensure they fully understand the costs involved.');

-- --------------------------------------------------------

--
-- Table structure for table `favorites`
--

CREATE TABLE `favorites` (
  `id` int(10) UNSIGNED NOT NULL,
  `user_id` int(10) UNSIGNED NOT NULL,
  `webinar_id` int(10) UNSIGNED DEFAULT NULL,
  `bundle_id` int(10) UNSIGNED DEFAULT NULL,
  `upcoming_course_id` int(10) UNSIGNED DEFAULT NULL,
  `created_at` int(11) NOT NULL
) ENGINE=InnoDB DEFAULT CHARSET=utf8mb4 COLLATE=utf8mb4_unicode_ci ROW_FORMAT=DYNAMIC;

-- --------------------------------------------------------

--
-- Table structure for table `feature_webinars`
--

CREATE TABLE `feature_webinars` (
  `id` int(10) UNSIGNED NOT NULL,
  `webinar_id` int(10) UNSIGNED NOT NULL,
  `page` enum('categories','home','home_categories') COLLATE utf8mb4_unicode_ci NOT NULL,
  `status` enum('publish','pending') COLLATE utf8mb4_unicode_ci NOT NULL,
  `updated_at` int(10) UNSIGNED NOT NULL
) ENGINE=InnoDB DEFAULT CHARSET=utf8mb4 COLLATE=utf8mb4_unicode_ci ROW_FORMAT=DYNAMIC;

--
-- Dumping data for table `feature_webinars`
--

INSERT INTO `feature_webinars` (`id`, `webinar_id`, `page`, `status`, `updated_at`) VALUES
(28, 2008, 'home', 'publish', 1677569150),
(29, 2007, 'home', 'publish', 1688476937),
(30, 2022, 'home', 'publish', 1688477023);

-- --------------------------------------------------------

--
-- Table structure for table `feature_webinar_translations`
--

CREATE TABLE `feature_webinar_translations` (
  `id` bigint(20) UNSIGNED NOT NULL,
  `feature_webinar_id` int(10) UNSIGNED NOT NULL,
  `locale` varchar(255) COLLATE utf8mb4_unicode_ci NOT NULL,
  `description` text COLLATE utf8mb4_unicode_ci DEFAULT NULL
) ENGINE=InnoDB DEFAULT CHARSET=utf8mb4 COLLATE=utf8mb4_unicode_ci;

--
-- Dumping data for table `feature_webinar_translations`
--

INSERT INTO `feature_webinar_translations` (`id`, `feature_webinar_id`, `locale`, `description`) VALUES
(2, 28, 'en', 'Learn step-by-step tips that help you get things done with your virtual team by increasing trust and accountability.If you manage a virtual team today, then you\'ll probably continue to do so for the rest of your career.'),
(3, 28, 'es', 'Aprenda consejos paso a paso que lo ayudarán a hacer las cosas con su equipo virtual al aumentar la confianza y la responsabilidad. Si administra un equipo virtual hoy, probablemente continuará haciéndolo durante el resto de su carrera.'),
(4, 28, 'ar', 'تعلم نصائح خطوة بخطوة تساعدك على إنجاز المهام مع فريقك الافتراضي من خلال زيادة الثقة والمساءلة ، إذا كنت تدير فريقًا افتراضيًا اليوم ، فمن المحتمل أن تستمر في القيام بذلك لبقية حياتك المهنية.'),
(25, 29, 'en', 'This course provides a comprehensive overview of offshore drilling and production operations. Participants will learn about offshore rig types, drilling equipment, well construction, and subsea production systems. Safety protocols, regulatory requirements, and environmental considerations specific to offshore operations will also be covered.'),
(26, 30, 'en', 'This course provides an overview of the fundamental principles and techniques involved in oil and gas exploration. Participants will learn about the geology of oil and gas reservoirs, exploration methods, seismic interpretation, and drilling techniques.');

-- --------------------------------------------------------

--
-- Table structure for table `files`
--

CREATE TABLE `files` (
  `id` int(10) UNSIGNED NOT NULL,
  `creator_id` int(10) UNSIGNED NOT NULL,
  `webinar_id` int(10) UNSIGNED NOT NULL,
  `chapter_id` int(10) UNSIGNED DEFAULT NULL,
  `accessibility` enum('free','paid') COLLATE utf8mb4_unicode_ci NOT NULL,
  `downloadable` tinyint(1) DEFAULT 0,
  `storage` enum('upload','youtube','vimeo','external_link','google_drive','dropbox','iframe','s3','upload_archive','secure_host') COLLATE utf8mb4_unicode_ci NOT NULL,
  `file` text COLLATE utf8mb4_unicode_ci NOT NULL,
  `volume` varchar(64) COLLATE utf8mb4_unicode_ci NOT NULL,
  `file_type` varchar(64) COLLATE utf8mb4_unicode_ci NOT NULL,
  `interactive_type` enum('adobe_captivate','i_spring','custom') COLLATE utf8mb4_unicode_ci DEFAULT NULL,
  `interactive_file_name` varchar(255) COLLATE utf8mb4_unicode_ci DEFAULT NULL,
  `interactive_file_path` varchar(255) COLLATE utf8mb4_unicode_ci DEFAULT NULL,
  `check_previous_parts` tinyint(1) NOT NULL DEFAULT 0,
  `access_after_day` int(10) UNSIGNED DEFAULT NULL,
  `online_viewer` tinyint(1) NOT NULL DEFAULT 0,
  `order` int(10) UNSIGNED DEFAULT NULL,
  `status` enum('active','inactive') COLLATE utf8mb4_unicode_ci NOT NULL DEFAULT 'active',
  `created_at` int(11) NOT NULL,
  `updated_at` int(11) DEFAULT NULL,
  `deleted_at` int(11) DEFAULT NULL
) ENGINE=InnoDB DEFAULT CHARSET=utf8mb4 COLLATE=utf8mb4_unicode_ci ROW_FORMAT=DYNAMIC;

--
-- Dumping data for table `files`
--

INSERT INTO `files` (`id`, `creator_id`, `webinar_id`, `chapter_id`, `accessibility`, `downloadable`, `storage`, `file`, `volume`, `file_type`, `interactive_type`, `interactive_file_name`, `interactive_file_path`, `check_previous_parts`, `access_after_day`, `online_viewer`, `order`, `status`, `created_at`, `updated_at`, `deleted_at`) VALUES
(31, 1016, 1995, 4, 'free', 0, 'youtube', 'https://youtu.be/pCmh6XaMVxs', '136.00 MB', 'video', NULL, NULL, NULL, 0, NULL, 0, 2, 'active', 1624869878, 1635416216, NULL),
(32, 1016, 1995, 4, 'free', 0, 'youtube', 'https://youtu.be/yUOC-Y0f5ZQ', '46.00 MB', 'video', NULL, NULL, NULL, 0, NULL, 0, 3, 'active', 1624870086, 1635416357, NULL),
(33, 1016, 1995, 11, 'free', 0, 'vimeo', 'https://vimeo.com/354744129', '280.00 MB', 'video', NULL, NULL, NULL, 0, NULL, 0, 4, 'active', 1624871143, 1635416520, NULL),
(34, 1016, 1995, 4, 'free', 0, 'upload', '/store/1016/Become A Product Manager.mp4', '5.82 MB', 'mp4', NULL, NULL, NULL, 0, NULL, 0, 1, 'active', 1624942577, 1635410854, NULL),
(35, 934, 1997, 24, 'free', 1, 'upload', '/store/934/Python for Beginners.mp4', '7.09 MB', 'mp4', NULL, NULL, NULL, 0, NULL, 0, NULL, 'active', 1624956937, 1635417846, NULL),
(37, 929, 1999, 9, 'free', 1, 'upload', '/store/929/How To Manage & Influence Your Virtual Team.mkv', '10.58 MB', 'mkv', NULL, NULL, NULL, 0, NULL, 0, NULL, 'active', 1625038371, 1635412743, NULL),
(38, 929, 1999, 9, 'paid', 1, 'upload', '/store/929/How To Manage & Influence Your Virtual Team.mkv', '10.58 MB', 'mkv', NULL, NULL, NULL, 0, NULL, 0, NULL, 'active', 1625038447, 1635414077, NULL),
(39, 929, 1999, 10, 'paid', 1, 'upload', '/store/929/How To Manage & Influence Your Virtual Team.mkv', '10.58 MB', 'mkv', NULL, NULL, NULL, 0, NULL, 0, NULL, 'active', 1625038633, 1635414206, NULL),
(40, 929, 1999, 10, 'paid', 1, 'upload', '/store/929/How To Manage & Influence Your Virtual Team.mkv', '10.58 MB', 'mkv', NULL, NULL, NULL, 0, NULL, 0, NULL, 'active', 1625039003, 1635415977, NULL),
(41, 929, 1999, 10, 'paid', 1, 'upload', '/store/929/How To Manage & Influence Your Virtual Team.mkv', '10.58 MB', 'mkv', NULL, NULL, NULL, 0, NULL, 0, NULL, 'active', 1625039096, 1635416001, NULL),
(42, 929, 1999, 10, 'paid', 1, 'upload', '/store/929/How To Manage & Influence Your Virtual Team.mkv', '10.58 MB', 'mkv', NULL, NULL, NULL, 0, NULL, 0, NULL, 'active', 1625039180, 1635416049, NULL),
(45, 864, 2003, 12, 'free', 1, 'upload', '/store/864/Active Listening- You Can Be a Great Listener.mkv', '3.78 MB', 'mkv', NULL, NULL, NULL, 0, NULL, 0, NULL, 'active', 1625300200, 1635416686, NULL),
(46, 929, 2004, 8, 'paid', 1, 'upload', '/store/929/The Future of Energy.mkv', '15.00 MB', 'mkv', NULL, NULL, NULL, 0, NULL, 0, NULL, 'active', 1625685492, 1635412637, NULL),
(47, 929, 2004, 8, 'paid', 1, 'upload', '/store/929/The Future of Energy.mkv', '15.00 MB', 'mkv', NULL, NULL, NULL, 0, NULL, 0, NULL, 'active', 1625685578, 1635412643, NULL),
(48, 929, 2004, 8, 'paid', 1, 'upload', '/store/929/The Future of Energy.mkv', '15.00 MB', 'mkv', NULL, NULL, NULL, 0, NULL, 0, NULL, 'active', 1625685691, 1635412656, NULL),
(49, 4, 2005, 7, 'free', 0, 'youtube', 'https://youtu.be/z-xkbNLIB5w', '52.00 MB', 'video', NULL, NULL, NULL, 0, NULL, 0, NULL, 'active', 1625690308, 1635412526, NULL),
(50, 4, 2005, 7, 'paid', 0, 'youtube', 'https://youtu.be/jx5jmI0UlXU', '75.00 MB', 'video', NULL, NULL, NULL, 0, NULL, 0, NULL, 'active', 1625690699, 1635412541, NULL),
(51, 4, 2005, 7, 'paid', 0, 'youtube', 'https://youtu.be/IyYC-hSFEFQ', '168.00 MB', 'video', NULL, NULL, NULL, 0, NULL, 0, NULL, 'active', 1625690835, 1635412551, NULL),
(52, 867, 2006, 5, 'free', 1, 'upload', '/store/867/How to Travel Around the World on a Budget.mkv', '13.10 MB', 'mkv', NULL, NULL, NULL, 0, NULL, 0, NULL, 'active', 1625694176, 1635412034, NULL),
(53, 867, 2006, 5, 'paid', 1, 'upload', '/store/867/How to Travel Around the World on a Budget.mkv', '13.10 MB', 'mkv', NULL, NULL, NULL, 0, NULL, 0, NULL, 'active', 1625694214, 1635412043, NULL),
(54, 867, 2006, 6, 'paid', 1, 'upload', '/store/867/How to Travel Around the World on a Budget.mkv', '13.10 MB', 'mkv', NULL, NULL, NULL, 0, NULL, 0, NULL, 'active', 1625694330, 1635412081, NULL),
(55, 867, 2006, 6, 'paid', 1, 'upload', '/store/867/How to Travel Around the World on a Budget.mkv', '13.10 MB', 'mkv', NULL, NULL, NULL, 0, NULL, 0, NULL, 'active', 1625694401, 1635412090, NULL),
(56, 867, 2007, 2, 'free', 0, 'youtube', 'https://youtu.be/rck3MnC7OXA', '7.66 MB bytes', 'video', NULL, NULL, NULL, 0, NULL, 0, NULL, 'active', 1626234339, 1691146847, NULL),
(60, 1015, 2008, 28, 'paid', 0, 'upload_archive', '/store/1015/scorm/ispring.zip', '4.76 MB', 'archive', 'i_spring', NULL, '/store/1015/ispring/story.html', 0, NULL, 0, NULL, 'active', 1646119189, 1646120896, NULL),
(61, 1015, 2008, 28, 'paid', 0, 'upload_archive', '/store/1015/scorm/captivate.zip', '5.11 MB', 'archive', 'adobe_captivate', NULL, '/store/1015/captivate/index.html', 0, NULL, 0, NULL, 'active', 1646119460, 1646120931, NULL),
(62, 1015, 2008, 28, 'paid', 0, 'upload_archive', '/store/1015/scorm/custom.zip', '4.75 MB', 'archive', 'custom', 'next.html', '/store/1015/custom/next.html', 0, NULL, 0, NULL, 'active', 1646119651, NULL, NULL),
(63, 1015, 2008, 29, 'paid', 0, 'upload', '/store/1015/Learn Linux In 5 Days.mp4', '3.95 MB', 'mp4', NULL, NULL, NULL, 0, NULL, 0, 1, 'active', 1646120871, 1646124268, NULL),
(64, 1015, 2008, 29, 'paid', 0, 'youtube', 'https://youtu.be/6Vo2v7WCyTs', '0 bytes', 'video', NULL, NULL, NULL, 0, NULL, 0, 2, 'active', 1646124099, 1646124279, NULL),
(65, 1015, 2008, 29, 'paid', 0, 'vimeo', 'https://vimeo.com/187511962', '0 bytes', 'video', NULL, NULL, NULL, 0, NULL, 0, 3, 'active', 1646124765, NULL, NULL),
(66, 1015, 2008, 29, 'paid', 1, 'external_link', 'https://drive.google.com/file/d/18CDM0xG2KdOP6YvvTKEvPvtsb4XfQQF3/view', '19.00 MB', 'archive', NULL, NULL, NULL, 0, NULL, 0, 6, 'active', 1646124966, NULL, NULL),
(67, 1015, 2008, 29, 'paid', 0, 'google_drive', '<iframe src=\"https://drive.google.com/file/d/1pu1TgfcTFJeRU6Venxa46i_pStM4GCwH/preview\" width=\"640\" height=\"480\" allow=\"autoplay\"></iframe>', '14.00 MB', 'video', NULL, NULL, NULL, 0, NULL, 0, 8, 'active', 1646125437, 1646128112, NULL),
(68, 1015, 2008, 29, 'paid', 0, 'google_drive', '<iframe src=\"https://drive.google.com/file/d/1BdiQQp3-7SPRdmuqeN8cdkO75U4wbU9i/preview\" width=\"640\" height=\"480\" allow=\"autoplay\"></iframe>', '2.00 MB', 'powerpoint', NULL, NULL, NULL, 0, NULL, 0, 10, 'active', 1646126002, 1646128083, NULL),
(69, 1015, 2008, 29, 'paid', 0, 'google_drive', '<iframe src=\"https://drive.google.com/file/d/1KuEkNBCvXxFiWU5U2_Be4LlYLTg4VFq7/preview\" width=\"640\" height=\"480\" allow=\"autoplay\"></iframe>', '2.00 MB', 'pdf', NULL, NULL, NULL, 0, NULL, 0, 11, 'active', 1646126305, 1646128068, NULL),
(70, 1015, 2008, 29, 'paid', 1, 'external_link', 'https://uploads.rocket-soft.org/lms/Rocket_LMS_App.apk', '19.00 MB', 'project', NULL, NULL, NULL, 0, NULL, 0, 7, 'active', 1646126442, 1646128137, NULL),
(71, 1015, 2008, 29, 'paid', 0, 'iframe', '<div style=\"position:relative;padding-bottom:56.25%;height:0;overflow:hidden;\"> <iframe style=\"width:100%;height:100%;position:absolute;left:0px;top:0px;overflow:hidden\" frameborder=\"0\" type=\"text/html\" src=\"https://www.dailymotion.com/embed/video/x88dvcq?autoplay=1\" width=\"100%\" height=\"100%\" allowfullscreen allow=\"autoplay\"> </iframe> </div>', '0 bytes', 'video', NULL, NULL, NULL, 0, NULL, 0, 9, 'active', 1646127121, 1646127426, NULL),
(72, 1015, 2008, 29, 'paid', 0, 's3', 'https://s3.us-east-1.amazonaws.com/daghighy/store/1015/UMgeYxq2Z6Pn6C3bnQLBfjZyJNEx8dcvINbSXJtJ.mkv', '4.00 MB', 'video', NULL, NULL, NULL, 0, NULL, 0, 4, 'active', 1646130252, 1646131442, NULL),
(73, 1015, 2008, 29, 'paid', 1, 's3', 'https://s3.us-east-1.amazonaws.com/daghighy/store/1015/ZXW0cMcembGqD7aJNnpmV6ft5Ovsf8tAGXogzb0N.pdf', '2.00 MB', 'pdf', NULL, NULL, NULL, 0, NULL, 0, 5, 'active', 1646130397, NULL, NULL),
(74, 929, 2010, 31, 'paid', 1, 'upload', '/store/929/The Future of Energy.mkv', '15.00 MB', 'video', NULL, NULL, NULL, 0, NULL, 0, NULL, 'active', 1655799640, NULL, NULL),
(75, 929, 2010, 31, 'paid', 1, 'upload', '/store/929/How To Manage & Influence Your Virtual Team.mkv', '10.58 MB', 'video', NULL, NULL, NULL, 1, NULL, 0, NULL, 'active', 1655799735, NULL, NULL),
(76, 929, 2010, 31, 'paid', 1, 'upload', '/store/929/The Future of Energy.mkv', '15.00 MB', 'video', NULL, NULL, NULL, 1, 300, 0, NULL, 'active', 1655800074, 1655800089, NULL),
(77, 929, 2010, 32, 'paid', 1, 'upload', '/store/929/How To Manage & Influence Your Virtual Team.mkv', '10.58 MB', 'video', NULL, NULL, NULL, 0, NULL, 0, NULL, 'active', 1655801399, NULL, NULL),
(78, 929, 2010, 33, 'paid', 1, 'upload', '/store/929/The Future of Energy.mkv', '15.00 MB', 'video', NULL, NULL, NULL, 0, NULL, 0, NULL, 'active', 1655801529, NULL, NULL),
(94, 870, 2022, 41, 'paid', 0, 'secure_host', 'https://iframe.mediadelivery.net/embed/103639/a81a511e-c34c-4612-9abc-7bd1d689f536?token=$2y$10$xyIUzuZg14eK04IErAjm8eNEJ00mltPt9/15FRVgtVn15H4YhIdS6', '5.82 MB', 'video', NULL, NULL, NULL, 0, NULL, 0, NULL, 'active', 1678911505, NULL, NULL),
(95, 870, 2022, 41, 'paid', 0, 'secure_host', 'https://iframe.mediadelivery.net/embed/103639/06191a1e-156d-42b9-903c-d96b469462e2?token=$2y$10$DmBSyuPsCror/kVsMf5LMeNoHfB65p0gDmszu2m.4Fycm/0KCwXYW', '3.95 MB', 'video', NULL, NULL, NULL, 0, NULL, 0, NULL, 'active', 1678911686, NULL, NULL),
(96, 867, 2007, 2, 'free', 0, 'youtube', 'https://youtu.be/aTEK0BmsH-g', '0 bytes', 'video', NULL, NULL, NULL, 0, NULL, 0, NULL, 'active', 1691149266, NULL, NULL),
(97, 867, 2007, 2, 'free', 0, 'youtube', 'https://youtu.be/yoM4pqyDnC0', '0 bytes', 'video', NULL, NULL, NULL, 0, NULL, 0, NULL, 'active', 1691149390, NULL, NULL),
(98, 867, 2007, 2, 'free', 0, 'youtube', 'https://youtu.be/7NVup1UDRuM', '0 bytes', 'video', NULL, NULL, NULL, 0, NULL, 0, NULL, 'active', 1691149555, NULL, NULL),
(99, 867, 2007, 3, 'free', 0, 'youtube', 'https://youtu.be/CiVcD9by5Hs', '0 bytes', 'video', NULL, NULL, NULL, 0, NULL, 0, NULL, 'active', 1691156313, NULL, NULL),
(100, 867, 2007, 3, 'free', 0, 'youtube', 'https://youtu.be/GWxMTvRGIpc', '0 bytes', 'video', NULL, NULL, NULL, 0, NULL, 0, NULL, 'active', 1691156378, NULL, NULL),
(101, 867, 2007, 3, 'free', 0, 'youtube', 'https://youtu.be/EfHPCVea6eA', '0 bytes', 'video', NULL, NULL, NULL, 0, NULL, 0, NULL, 'active', 1691156419, NULL, NULL),
(102, 867, 2007, 3, 'free', 0, 'youtube', 'https://youtu.be/c_bNNwFuvlA', '0 bytes', 'video', NULL, NULL, NULL, 0, NULL, 0, NULL, 'active', 1691156467, NULL, NULL),
(103, 867, 2007, 43, 'free', 0, 'youtube', 'https://youtu.be/j-Dy5RTlRls', '0 bytes', 'video', NULL, NULL, NULL, 0, NULL, 0, NULL, 'active', 1691156711, NULL, NULL),
(104, 867, 2007, 43, 'free', 0, 'youtube', 'https://youtu.be/9G_LwG8ozpo', '0 bytes', 'video', NULL, NULL, NULL, 0, NULL, 0, NULL, 'active', 1691156773, NULL, NULL),
(105, 867, 2007, 44, 'free', 0, 'youtube', 'https://youtu.be/BuSXcq3UVKM  https://youtu.be/_FfPbyg4wxw  https://youtu.be/FIPeKqrvNCs', '0 bytes', 'video', NULL, NULL, NULL, 0, NULL, 0, NULL, 'active', 1691159657, NULL, NULL),
(106, 867, 2007, 44, 'free', 0, 'youtube', 'https://youtu.be/h7iXdHZOcEs   https://youtu.be/7JwcAY0XPI0', '0 bytes', 'video', NULL, NULL, NULL, 0, NULL, 0, NULL, 'active', 1691159748, NULL, NULL),
(107, 867, 2007, 45, 'free', 0, 'youtube', 'https://youtu.be/vZdEoBNDrig', '0 bytes', 'video', NULL, NULL, NULL, 0, NULL, 0, NULL, 'active', 1691159945, NULL, NULL),
(108, 867, 2007, 45, 'free', 0, 'youtube', 'https://youtu.be/w-vvrcQdpZQ', '0 bytes', 'video', NULL, NULL, NULL, 0, NULL, 0, NULL, 'active', 1691159998, NULL, NULL),
(109, 867, 2007, 45, 'free', 0, 'youtube', 'https://youtu.be/KSHyvLjZHcw', '0 bytes', 'video', NULL, NULL, NULL, 0, NULL, 0, NULL, 'active', 1691160041, NULL, NULL),
(110, 867, 2007, 45, 'free', 0, 'youtube', 'https://youtu.be/dW-ThOpduw4', '0 bytes', 'video', NULL, NULL, NULL, 0, NULL, 0, NULL, 'active', 1691160082, NULL, NULL),
(111, 867, 2007, 46, 'free', 0, 'youtube', 'https://youtu.be/QLCHxvyx8ZA', '0 bytes', 'video', NULL, NULL, NULL, 0, NULL, 0, NULL, 'active', 1691161705, NULL, NULL),
(112, 867, 2007, 46, 'free', 0, 'youtube', 'https://youtu.be/XSQOeQNjxk4', '0 bytes', 'video', NULL, NULL, NULL, 0, NULL, 0, NULL, 'active', 1691161844, NULL, NULL),
(113, 867, 2007, 46, 'free', 0, 'youtube', 'https://youtu.be/EyPFi0YO32M', '0 bytes', 'video', NULL, NULL, NULL, 0, NULL, 0, NULL, 'active', 1691162889, NULL, NULL),
(114, 867, 2007, 47, 'free', 0, 'youtube', 'https://youtu.be/Fl5BVFzigt8', '0 bytes', 'video', NULL, NULL, NULL, 0, NULL, 0, NULL, 'active', 1691241524, NULL, NULL),
(115, 1015, 2025, 61, 'free', 0, 'youtube', 'https://youtu.be/fpvT_HeeHj4', '0 bytes', 'video', NULL, NULL, NULL, 0, NULL, 0, NULL, 'active', 1691401142, NULL, NULL),
(116, 1015, 2025, 61, 'free', 0, 'youtube', 'https://youtu.be/dPB0lUrpeYA', '0 bytes', 'video', NULL, NULL, NULL, 0, NULL, 0, NULL, 'active', 1691401181, NULL, NULL),
(117, 1015, 2025, 62, 'free', 0, 'youtube', 'https://youtu.be/zid-MVo7M-E', '0 bytes', 'video', NULL, NULL, NULL, 0, NULL, 0, NULL, 'active', 1691402326, NULL, NULL),
(118, 1015, 2025, 62, 'free', 0, 'youtube', 'https://youtu.be/xDJjW4ceStI', '0 bytes', 'video', NULL, NULL, NULL, 0, NULL, 0, NULL, 'active', 1691402447, NULL, NULL),
(119, 1015, 2025, 63, 'free', 0, 'youtube', 'https://youtu.be/8qV6MBEmp50', '0 bytes', 'video', NULL, NULL, NULL, 0, NULL, 0, NULL, 'active', 1691403342, NULL, NULL),
(120, 1015, 2025, 63, 'free', 0, 'youtube', 'https://youtu.be/aQcpqdFEDGU', '0 bytes', 'video', NULL, NULL, NULL, 0, NULL, 0, NULL, 'active', 1691403466, NULL, NULL),
(121, 1015, 2025, 63, 'free', 0, 'youtube', 'https://youtu.be/m4OaYWxxlBk', '0 bytes', 'video', NULL, NULL, NULL, 0, NULL, 0, NULL, 'active', 1691403505, NULL, NULL),
(122, 1015, 2025, 63, 'free', 0, 'youtube', 'https://youtu.be/vC-sns-bMtg', '0 bytes', 'video', NULL, NULL, NULL, 0, NULL, 0, NULL, 'active', 1691403551, NULL, NULL),
(123, 1015, 2025, 63, 'free', 0, 'youtube', 'https://youtu.be/mnnfqHIFrYU', '0 bytes', 'video', NULL, NULL, NULL, 0, NULL, 0, NULL, 'active', 1691403595, NULL, NULL),
(124, 1015, 2025, 64, 'free', 0, 'youtube', 'https://youtu.be/CL5Ki5WqXAY', '0 bytes', 'video', NULL, NULL, NULL, 0, NULL, 0, NULL, 'active', 1691420048, NULL, NULL),
(125, 1015, 2025, 64, 'free', 0, 'youtube', 'https://youtu.be/6wJEtVMA3Io', '0 bytes', 'video', NULL, NULL, NULL, 0, NULL, 0, NULL, 'active', 1691420107, NULL, NULL),
(126, 1015, 2025, 64, 'free', 0, 'youtube', 'https://youtu.be/QYkkDIXE8Ys', '0 bytes', 'video', NULL, NULL, NULL, 0, NULL, 0, NULL, 'active', 1691420144, NULL, NULL),
(127, 1015, 2025, 64, 'free', 0, 'youtube', 'https://youtu.be/kCJFBmAAvV4', '0 bytes', 'video', NULL, NULL, NULL, 0, NULL, 0, NULL, 'active', 1691420176, NULL, NULL),
(128, 1015, 2025, 64, 'free', 0, 'youtube', 'https://youtu.be/fGyMt6tWCPs', '0 bytes', 'video', NULL, NULL, NULL, 0, NULL, 0, NULL, 'active', 1691420217, NULL, NULL),
(129, 1015, 2025, 64, 'free', 0, 'youtube', 'https://youtu.be/AGQyaGtrTUc', '0 bytes', 'video', NULL, NULL, NULL, 0, NULL, 0, NULL, 'active', 1691420270, NULL, NULL),
(130, 1015, 2025, 64, 'free', 0, 'youtube', 'https://youtu.be/imrKntSN2a8', '0 bytes', 'video', NULL, NULL, NULL, 0, NULL, 0, NULL, 'active', 1691420383, NULL, NULL),
(131, 1015, 2025, 66, 'free', 0, 'youtube', 'https://youtu.be/Yi_LmXMZl5k', '0 bytes', 'video', NULL, NULL, NULL, 0, NULL, 0, NULL, 'active', 1691494225, NULL, NULL),
(132, 1015, 2025, 66, 'free', 0, 'youtube', 'https://youtu.be/BYPsOmM2rLU', '0 bytes', 'video', NULL, NULL, NULL, 0, NULL, 0, NULL, 'active', 1691494550, NULL, NULL),
(133, 1015, 2025, 67, 'free', 0, 'youtube', 'https://youtu.be/kN01CK6OU_g', '0 bytes', 'video', NULL, NULL, NULL, 0, NULL, 0, NULL, 'active', 1691681367, NULL, NULL),
(134, 1015, 2025, 67, 'free', 0, 'youtube', 'https://youtu.be/7NVup1UDRuM', '0 bytes', 'video', NULL, NULL, NULL, 0, NULL, 0, NULL, 'active', 1691681618, NULL, NULL),
(135, 1015, 2024, 48, 'free', 0, 'youtube', 'https://youtu.be/QTCCJTzLWWA', '0 bytes', 'video', NULL, NULL, NULL, 0, NULL, 0, NULL, 'active', 1691682364, NULL, NULL),
(136, 1015, 2024, 48, 'free', 0, 'youtube', 'https://youtu.be/yivyNCtVVDk', '0 bytes', 'video', NULL, NULL, NULL, 0, NULL, 0, NULL, 'active', 1692089892, NULL, NULL),
(137, 1015, 2024, 48, 'free', 0, 'youtube', 'https://youtu.be/T78rCJ_i1no', '0 bytes', 'video', NULL, NULL, NULL, 0, NULL, 0, NULL, 'active', 1692089979, NULL, NULL),
(138, 1015, 2024, 48, 'free', 0, 'youtube', 'https://youtu.be/Zl7npywCB84', '0 bytes', 'video', NULL, NULL, NULL, 0, NULL, 0, NULL, 'active', 1692090072, NULL, NULL),
(139, 1015, 2024, 82, 'free', 0, 'youtube', 'https://youtu.be/5hzZtqCNQKk', '0 bytes', 'video', NULL, NULL, NULL, 0, NULL, 0, NULL, 'active', 1692090467, NULL, NULL),
(140, 1015, 2024, 50, 'free', 0, 'youtube', 'https://youtu.be/CQb7qXGknWk', '0 bytes', 'video', NULL, NULL, NULL, 0, NULL, 0, NULL, 'active', 1692095981, NULL, NULL),
(141, 1015, 2024, 50, 'free', 0, 'youtube', 'https://youtu.be/kezinXSoV5A', '0 bytes', 'video', NULL, NULL, NULL, 0, NULL, 0, NULL, 'active', 1692096069, NULL, NULL),
(142, 1015, 2024, 50, 'free', 0, 'youtube', 'https://youtu.be/42UP1fxi2SY', '0 bytes', 'video', NULL, NULL, NULL, 0, NULL, 0, NULL, 'active', 1692097444, NULL, NULL),
(143, 1015, 2024, 50, 'free', 0, 'youtube', 'https://youtu.be/txGL-Ld9zD8', '0 bytes', 'video', NULL, NULL, NULL, 0, NULL, 0, NULL, 'active', 1692097762, NULL, NULL),
(144, 1015, 2024, 50, 'free', 0, 'youtube', 'https://youtu.be/OkgEqXYq4G8', '0 bytes', 'video', NULL, NULL, NULL, 0, NULL, 0, NULL, 'active', 1692097963, NULL, NULL),
(145, 1015, 2024, 50, 'free', 0, 'youtube', 'https://youtu.be/eAPmXQ0dC7Q', '0 bytes', 'video', NULL, NULL, NULL, 0, NULL, 0, NULL, 'active', 1692098032, NULL, NULL),
(146, 1015, 2024, 50, 'free', 0, 'youtube', 'https://youtu.be/tv-_1er1mWI', '0 bytes', 'video', NULL, NULL, NULL, 0, NULL, 0, NULL, 'active', 1692098084, NULL, NULL),
(147, 1015, 2024, 51, 'free', 0, 'youtube', 'https://youtu.be/-8LTPIJBGwQ', '0 bytes', 'video', NULL, NULL, NULL, 0, NULL, 0, NULL, 'active', 1692098559, NULL, NULL),
(148, 1015, 2024, 51, 'free', 0, 'youtube', 'https://youtu.be/qoSksQ4s_hg', '0 bytes', 'video', NULL, NULL, NULL, 0, NULL, 0, NULL, 'active', 1692098727, NULL, NULL),
(149, 1015, 2024, 51, 'free', 0, 'youtube', 'https://youtu.be/j942wKiXFu8', '0 bytes', 'video', NULL, NULL, NULL, 0, NULL, 0, NULL, 'active', 1692098798, NULL, NULL),
(150, 1015, 2024, 51, 'free', 0, 'youtube', 'https://youtu.be/E98KO3PxYOo', '0 bytes', 'video', NULL, NULL, NULL, 0, NULL, 0, NULL, 'active', 1692098933, NULL, NULL),
(152, 1015, 2024, 52, 'free', 0, 'youtube', 'https://youtu.be/qoSksQ4s_hg', '0 bytes', 'video', NULL, NULL, NULL, 0, NULL, 0, NULL, 'active', 1692100473, NULL, NULL),
(153, 1015, 2024, 52, 'free', 0, 'youtube', 'https://youtu.be/VB7y0yxZjro', '0 bytes', 'video', NULL, NULL, NULL, 0, NULL, 0, NULL, 'active', 1692100747, NULL, NULL),
(154, 1015, 2024, 52, 'free', 0, 'youtube', 'https://youtu.be/ranSYb-EhrU', '0 bytes', 'video', NULL, NULL, NULL, 0, NULL, 0, NULL, 'active', 1692104786, NULL, NULL),
(155, 1015, 2024, 52, 'free', 0, 'youtube', 'https://youtu.be/GCcfKNswi4c', '0 bytes', 'video', NULL, NULL, NULL, 0, NULL, 0, NULL, 'active', 1692104875, NULL, NULL),
(156, 1015, 2024, 52, 'free', 0, 'youtube', 'https://youtu.be/czlwRUeTCgw', '0 bytes', 'video', NULL, NULL, NULL, 0, NULL, 0, NULL, 'active', 1692104949, NULL, NULL),
(157, 1015, 2024, 52, 'free', 0, 'youtube', 'https://youtu.be/JzZFccCEgGA', '0 bytes', 'video', NULL, NULL, NULL, 0, NULL, 0, NULL, 'active', 1692104994, NULL, NULL),
(158, 1015, 2024, 52, 'free', 0, 'youtube', 'https://youtu.be/QLatPwsbDrQ', '0 bytes', 'video', NULL, NULL, NULL, 0, NULL, 0, NULL, 'active', 1692105058, NULL, NULL),
(159, 1015, 2024, 52, 'free', 0, 'youtube', 'https://youtu.be/u0Mq3FzpsmI', '0 bytes', 'video', NULL, NULL, NULL, 0, NULL, 0, NULL, 'active', 1692105120, NULL, NULL),
(160, 1015, 2024, 52, 'free', 0, 'youtube', 'https://youtu.be/_MC0Gw07w8M', '0 bytes', 'video', NULL, NULL, NULL, 0, NULL, 0, NULL, 'active', 1692105217, NULL, NULL),
(161, 1015, 2024, 52, 'free', 0, 'youtube', 'https://youtu.be/Z1eV0RBRam0', '0 bytes', 'video', NULL, NULL, NULL, 0, NULL, 0, NULL, 'active', 1692105802, NULL, NULL),
(162, 1015, 2024, 52, 'free', 0, 'youtube', 'https://youtu.be/tH-q9QFNUdA', '0 bytes', 'video', NULL, NULL, NULL, 0, NULL, 0, NULL, 'active', 1692105860, NULL, NULL),
(163, 1015, 2024, 52, 'free', 0, 'youtube', 'https://youtu.be/B4ZCFdrBmbE', '0 bytes', 'video', NULL, NULL, NULL, 0, NULL, 0, NULL, 'active', 1692105942, NULL, NULL),
(164, 1015, 2024, 52, 'free', 0, 'youtube', 'https://youtu.be/Lp-Du2fKoug', '0 bytes', 'video', NULL, NULL, NULL, 0, NULL, 0, NULL, 'active', 1692106125, NULL, NULL),
(165, 1015, 2024, 52, 'free', 0, 'youtube', 'https://youtu.be/1v1Bk3Q02Sc', '0 bytes', 'video', NULL, NULL, NULL, 0, NULL, 0, NULL, 'active', 1692106176, NULL, NULL),
(166, 1015, 2024, 52, 'free', 0, 'youtube', 'https://youtu.be/LjGaaWX_NbE', '0 bytes', 'video', NULL, NULL, NULL, 0, NULL, 0, NULL, 'active', 1692106739, NULL, NULL),
(167, 1015, 2024, 52, 'free', 0, 'youtube', 'https://youtu.be/mbT7sSmVUS8', '0 bytes', 'video', NULL, NULL, NULL, 0, NULL, 0, NULL, 'active', 1692106792, NULL, NULL),
(168, 1015, 2024, 52, 'free', 0, 'youtube', 'https://youtu.be/PpbFyLTtpWI', '0 bytes', 'video', NULL, NULL, NULL, 0, NULL, 0, NULL, 'active', 1692106873, NULL, NULL),
(169, 1015, 2024, 52, 'free', 0, 'youtube', 'https://youtu.be/U87UmD-5h4o', '0 bytes', 'video', NULL, NULL, NULL, 0, NULL, 0, NULL, 'active', 1692106964, NULL, NULL),
(170, 1015, 2024, 52, 'free', 0, 'youtube', 'https://youtu.be/QSuTH0C_3_Y', '0 bytes', 'video', NULL, NULL, NULL, 0, NULL, 0, NULL, 'active', 1692107056, NULL, NULL),
(171, 1015, 2024, 52, 'free', 0, 'youtube', 'https://youtu.be/eZBTLsv2ktM', '0 bytes', 'video', NULL, NULL, NULL, 0, NULL, 0, NULL, 'active', 1692107234, NULL, NULL),
(172, 1015, 2024, 52, 'free', 0, 'youtube', 'https://youtu.be/KH57lIgwe2g', '0 bytes', 'video', NULL, NULL, NULL, 0, NULL, 0, NULL, 'active', 1692107281, NULL, NULL),
(173, 1015, 2024, 52, 'free', 0, 'youtube', 'https://youtu.be/kjdZ1h3CIs4', '0 bytes', 'video', NULL, NULL, NULL, 0, NULL, 0, NULL, 'active', 1692107329, NULL, NULL),
(174, 1015, 2024, 52, 'free', 0, 'youtube', 'https://youtu.be/TD3Pfuxgnuc', '0 bytes', 'video', NULL, NULL, NULL, 0, NULL, 0, NULL, 'active', 1692107367, NULL, NULL),
(175, 1015, 2024, 52, 'free', 0, 'youtube', 'https://youtu.be/0ZiltZDg9Gg', '0 bytes', 'video', NULL, NULL, NULL, 0, NULL, 0, NULL, 'active', 1692107405, NULL, NULL),
(176, 1015, 2024, 53, 'free', 0, 'youtube', 'https://youtu.be/k8MIbEVXhE0', '0 bytes', 'video', NULL, NULL, NULL, 0, NULL, 0, NULL, 'active', 1692179341, NULL, NULL),
(177, 1015, 2024, 53, 'free', 0, 'youtube', 'https://youtu.be/HEdikBHsMag', '0 bytes', 'video', NULL, NULL, NULL, 0, NULL, 0, NULL, 'active', 1692179577, NULL, NULL),
(178, 1015, 2024, 53, 'free', 0, 'youtube', 'https://youtu.be/EUnV-fCY0Pc', '0 bytes', 'video', NULL, NULL, NULL, 0, NULL, 0, NULL, 'active', 1692180443, NULL, NULL),
(179, 1015, 2024, 53, 'free', 0, 'youtube', 'https://youtu.be/t-evBCCQFzM', '0 bytes', 'video', NULL, NULL, NULL, 0, NULL, 0, NULL, 'active', 1692180501, NULL, NULL),
(180, 1015, 2024, 53, 'free', 0, 'youtube', 'https://youtu.be/wA5vU_HQfVI', '0 bytes', 'video', NULL, NULL, NULL, 0, NULL, 0, NULL, 'active', 1692180567, NULL, NULL),
(181, 1015, 2024, 53, 'free', 0, 'youtube', 'https://youtu.be/yVdU2coJ1VQ', '0 bytes', 'video', NULL, NULL, NULL, 0, NULL, 0, NULL, 'active', 1692180648, NULL, NULL),
(182, 1015, 2024, 53, 'free', 0, 'youtube', 'https://youtu.be/SrhHszXkMRU', '0 bytes', 'video', NULL, NULL, NULL, 0, NULL, 0, NULL, 'active', 1692180740, NULL, NULL),
(183, 1015, 2024, 53, 'free', 0, 'youtube', 'https://youtu.be/irrxnH-nkqg', '0 bytes', 'video', NULL, NULL, NULL, 0, NULL, 0, NULL, 'active', 1692181391, NULL, NULL),
(184, 1015, 2024, 53, 'free', 0, 'youtube', 'https://youtu.be/H63dVFDuJDM', '0 bytes', 'video', NULL, NULL, NULL, 0, NULL, 0, NULL, 'active', 1692181513, NULL, NULL),
(185, 1015, 2024, 53, 'free', 0, 'youtube', 'https://youtu.be/SowaJlX1uKA', '0 bytes', 'video', NULL, NULL, NULL, 0, NULL, 0, NULL, 'active', 1692181565, NULL, NULL),
(186, 1015, 2024, 53, 'free', 0, 'youtube', 'https://youtu.be/FQuwArzGPYo', '0 bytes', 'video', NULL, NULL, NULL, 0, NULL, 0, NULL, 'active', 1692182623, NULL, NULL),
(187, 1015, 2024, 53, 'free', 0, 'youtube', 'https://youtu.be/V0S0LXvnW-o', '0 bytes', 'video', NULL, NULL, NULL, 0, NULL, 0, NULL, 'active', 1692182829, NULL, NULL),
(188, 1015, 2024, 53, 'free', 0, 'youtube', 'https://youtu.be/97agDBCyxAE', '0 bytes', 'video', NULL, NULL, NULL, 0, NULL, 0, NULL, 'active', 1692182925, NULL, NULL),
(189, 1015, 2024, 53, 'free', 0, 'youtube', 'https://youtu.be/TrGI9Yki-24', '0 bytes', 'video', NULL, NULL, NULL, 0, NULL, 0, NULL, 'active', 1692182965, NULL, NULL),
(190, 1015, 2024, 53, 'free', 0, 'youtube', 'https://youtu.be/rBGgguNnutE', '0 bytes', 'video', NULL, NULL, NULL, 0, NULL, 0, NULL, 'active', 1692183010, NULL, NULL),
(191, 1015, 2024, 53, 'free', 0, 'youtube', 'https://youtu.be/bf_9IeihQ0M', '0 bytes', 'video', NULL, NULL, NULL, 0, NULL, 0, NULL, 'active', 1692183103, NULL, NULL),
(192, 1015, 2024, 53, 'free', 0, 'youtube', 'https://youtu.be/XQEfWd1lh4Q', '0 bytes', 'video', NULL, NULL, NULL, 0, NULL, 0, NULL, 'active', 1692183170, NULL, NULL),
(193, 1015, 2024, 53, 'free', 0, 'youtube', 'https://youtu.be/RVA4HoEE_q8', '0 bytes', 'video', NULL, NULL, NULL, 0, NULL, 0, NULL, 'active', 1692183216, NULL, NULL),
(194, 1015, 2024, 53, 'free', 0, 'youtube', 'https://youtu.be/Az5J_EkhYCY', '0 bytes', 'video', NULL, NULL, NULL, 0, NULL, 0, NULL, 'active', 1692183256, NULL, NULL),
(195, 1015, 2024, 53, 'free', 0, 'youtube', 'https://youtu.be/BhlvQfIaE4k', '0 bytes', 'video', NULL, NULL, NULL, 0, NULL, 0, NULL, 'active', 1692183301, NULL, NULL),
(196, 1015, 2024, 53, 'free', 0, 'youtube', 'https://youtu.be/b0pxAb_yy2U', '0 bytes', 'video', NULL, NULL, NULL, 0, NULL, 0, NULL, 'active', 1692183349, NULL, NULL),
(197, 1015, 2024, 53, 'free', 0, 'youtube', 'https://youtu.be/uq7omoxwA7A', '0 bytes', 'video', NULL, NULL, NULL, 0, NULL, 0, NULL, 'active', 1692183440, NULL, NULL),
(198, 1015, 2024, 53, 'free', 0, 'youtube', 'https://youtu.be/Qikr22Tc3wg', '0 bytes', 'video', NULL, NULL, NULL, 0, NULL, 0, NULL, 'active', 1692183493, NULL, NULL),
(199, 1015, 2024, 54, 'free', 0, 'youtube', 'https://youtu.be/j942wKiXFu8', '0 bytes', 'video', NULL, NULL, NULL, 0, NULL, 0, NULL, 'active', 1692183624, NULL, NULL),
(200, 1015, 2024, 54, 'free', 0, 'youtube', 'https://youtu.be/kVeOpcw4GWY', '0 bytes', 'video', NULL, NULL, NULL, 0, NULL, 0, NULL, 'active', 1692183667, NULL, NULL),
(201, 1015, 2024, 54, 'free', 0, 'youtube', 'https://youtu.be/9D1x7-2FmTA', '0 bytes', 'video', NULL, NULL, NULL, 0, NULL, 0, NULL, 'active', 1692183751, NULL, NULL),
(202, 1015, 2024, 54, 'free', 0, 'youtube', 'https://youtu.be/pnhO8UaCgxg', '0 bytes', 'video', NULL, NULL, NULL, 0, NULL, 0, NULL, 'active', 1692183797, NULL, NULL),
(203, 1015, 2024, 54, 'free', 0, 'youtube', 'https://youtu.be/0sSYmRImgRY', '0 bytes', 'video', NULL, NULL, NULL, 0, NULL, 0, NULL, 'active', 1692183874, NULL, NULL),
(204, 1015, 2024, 54, 'free', 0, 'youtube', 'https://youtu.be/NbTrGcz4DW8', '0 bytes', 'video', NULL, NULL, NULL, 0, NULL, 0, NULL, 'active', 1692183917, NULL, NULL),
(205, 1015, 2024, 54, 'free', 0, 'youtube', 'https://youtu.be/0XSDAup85SA', '0 bytes', 'video', NULL, NULL, NULL, 0, NULL, 0, NULL, 'active', 1692183960, NULL, NULL),
(206, 1015, 2024, 54, 'free', 0, 'youtube', 'https://youtu.be/4pO-HcG2igk', '0 bytes', 'video', NULL, NULL, NULL, 0, NULL, 0, NULL, 'active', 1692184016, NULL, NULL),
(207, 1015, 2024, 54, 'free', 0, 'youtube', 'https://youtu.be/rb1GWqCJid4', '0 bytes', 'video', NULL, NULL, NULL, 0, NULL, 0, NULL, 'active', 1692184075, NULL, NULL),
(208, 1015, 2024, 54, 'free', 0, 'youtube', 'https://youtu.be/tHjxSVaj_wY', '0 bytes', 'video', NULL, NULL, NULL, 0, NULL, 0, NULL, 'active', 1692184151, NULL, NULL),
(209, 1015, 2024, 54, 'free', 0, 'youtube', 'https://youtu.be/PHaECbrKgs0', '0 bytes', 'video', NULL, NULL, NULL, 0, NULL, 0, NULL, 'active', 1692184197, NULL, NULL),
(210, 1015, 2024, 54, 'free', 0, 'youtube', 'https://youtu.be/-YpnB-zlkPU', '0 bytes', 'video', NULL, NULL, NULL, 0, NULL, 0, NULL, 'active', 1692184261, NULL, NULL),
(211, 1015, 2024, 54, 'free', 0, 'youtube', 'https://youtu.be/CWEOYFzgOJs', '0 bytes', 'video', NULL, NULL, NULL, 0, NULL, 0, NULL, 'active', 1692184311, NULL, NULL),
(212, 1015, 2024, 54, 'free', 0, 'youtube', 'https://youtu.be/gv9ugDJ1ynU', '0 bytes', 'video', NULL, NULL, NULL, 0, NULL, 0, NULL, 'active', 1692184363, NULL, NULL),
(213, 1015, 2024, 54, 'free', 0, 'youtube', 'https://youtu.be/jQc_bTFZ5_I', '0 bytes', 'video', NULL, NULL, NULL, 0, NULL, 0, NULL, 'active', 1692184409, NULL, NULL),
(214, 1015, 2024, 54, 'free', 0, 'youtube', 'https://youtu.be/eao7ABGFUXs', '0 bytes', 'video', NULL, NULL, NULL, 0, NULL, 0, NULL, 'active', 1692184467, NULL, NULL),
(215, 1015, 2024, 55, 'free', 0, 'youtube', 'https://youtu.be/qdCHEUaFhBk', '0 bytes', 'video', NULL, NULL, NULL, 0, NULL, 0, NULL, 'active', 1692184566, NULL, NULL),
(216, 1015, 2024, 55, 'free', 0, 'youtube', 'https://youtu.be/qtheqr0jgIQ', '0 bytes', 'video', NULL, NULL, NULL, 0, NULL, 0, NULL, 'active', 1692184602, NULL, NULL),
(217, 1015, 2024, 55, 'free', 0, 'youtube', 'https://youtu.be/DTBta08fXGU', '0 bytes', 'video', NULL, NULL, NULL, 0, NULL, 0, NULL, 'active', 1692184840, NULL, NULL),
(218, 1015, 2024, 55, 'free', 0, 'youtube', 'https://youtu.be/Jl4q2cccwf0', '0 bytes', 'video', NULL, NULL, NULL, 0, NULL, 0, NULL, 'active', 1692185307, NULL, NULL),
(219, 1015, 2024, 55, 'free', 0, 'youtube', 'https://youtu.be/aZGzwEjZrXc', '0 bytes', 'video', NULL, NULL, NULL, 0, NULL, 0, NULL, 'active', 1692185387, NULL, NULL),
(220, 1015, 2024, 55, 'free', 0, 'youtube', 'https://youtu.be/EmUa_tcSM-k', '0 bytes', 'video', NULL, NULL, NULL, 0, NULL, 0, NULL, 'active', 1692185472, NULL, NULL),
(221, 1015, 2024, 55, 'free', 0, 'youtube', 'https://youtu.be/DO-pSysGItQ', '0 bytes', 'video', NULL, NULL, NULL, 0, NULL, 0, NULL, 'active', 1692185573, NULL, NULL),
(222, 1015, 2024, 55, 'free', 0, 'youtube', 'https://youtu.be/aKOQtGLT-Yk', '0 bytes', 'video', NULL, NULL, NULL, 0, NULL, 0, NULL, 'active', 1692185802, NULL, NULL),
(223, 1015, 2024, 55, 'free', 0, 'youtube', 'https://youtu.be/t7VmF4WsLCo', '0 bytes', 'video', NULL, NULL, NULL, 0, NULL, 0, NULL, 'active', 1692185844, NULL, NULL),
(224, 1015, 2024, 55, 'free', 0, 'youtube', 'https://youtu.be/c-5VXl8yPQA', '0 bytes', 'video', NULL, NULL, NULL, 0, NULL, 0, NULL, 'active', 1692185895, NULL, NULL),
(225, 1015, 2024, 55, 'free', 0, 'youtube', 'https://youtu.be/IkMND33x0qQ', '0 bytes', 'video', NULL, NULL, NULL, 0, NULL, 0, NULL, 'active', 1692186193, NULL, NULL),
(226, 1015, 2024, 55, 'free', 0, 'youtube', 'https://youtu.be/pJiRj02PkJQ', '0 bytes', 'video', NULL, NULL, NULL, 0, NULL, 0, NULL, 'active', 1692186238, NULL, NULL),
(227, 1015, 2024, 55, 'free', 0, 'youtube', 'https://youtu.be/EcRFYF4B3IQ', '0 bytes', 'video', NULL, NULL, NULL, 0, NULL, 0, NULL, 'active', 1692186267, NULL, NULL),
(228, 1015, 2024, 55, 'free', 0, 'youtube', 'https://youtu.be/TmVqwhBUiSM', '0 bytes', 'video', NULL, NULL, NULL, 0, NULL, 0, NULL, 'active', 1692186334, NULL, NULL),
(229, 1015, 2024, 55, 'free', 0, 'youtube', 'https://youtu.be/Wb-0CkLiyQk', '0 bytes', 'video', NULL, NULL, NULL, 0, NULL, 0, NULL, 'active', 1692186376, NULL, NULL),
(230, 1015, 2024, 55, 'free', 0, 'youtube', 'https://youtu.be/XW0t2lk4Ffo', '0 bytes', 'video', NULL, NULL, NULL, 0, NULL, 0, NULL, 'active', 1692186412, NULL, NULL),
(231, 1015, 2024, 56, 'free', 0, 'youtube', 'https://youtu.be/E98KO3PxYOo', '0 bytes', 'video', NULL, NULL, NULL, 0, NULL, 0, NULL, 'active', 1692190108, NULL, NULL),
(232, 1015, 2024, 56, 'free', 0, 'youtube', 'https://youtu.be/VPrM0nsapXk', '0 bytes', 'video', NULL, NULL, NULL, 0, NULL, 0, NULL, 'active', 1692190919, NULL, NULL),
(233, 1015, 2024, 56, 'free', 0, 'youtube', 'https://youtu.be/L9d0tJWb8jo', '0 bytes', 'video', NULL, NULL, NULL, 0, NULL, 0, NULL, 'active', 1692191035, NULL, NULL),
(234, 1015, 2024, 56, 'free', 0, 'youtube', 'https://youtu.be/Y40xLGqqy34', '0 bytes', 'video', NULL, NULL, NULL, 0, NULL, 0, NULL, 'active', 1692191685, NULL, NULL),
(235, 1015, 2024, 56, 'free', 0, 'youtube', 'https://youtu.be/jQktsk1w_js', '0 bytes', 'video', NULL, NULL, NULL, 0, NULL, 0, NULL, 'active', 1692191765, NULL, NULL),
(236, 1015, 2024, 56, 'free', 0, 'youtube', 'https://youtu.be/QsUk7so0h40', '0 bytes', 'video', NULL, NULL, NULL, 0, NULL, 0, NULL, 'active', 1692191854, NULL, NULL),
(237, 1015, 2024, 56, 'free', 0, 'youtube', 'https://youtu.be/BUs-svPO310', '0 bytes', 'video', NULL, NULL, NULL, 0, NULL, 0, NULL, 'active', 1692191942, NULL, NULL),
(238, 1015, 2024, 56, 'free', 0, 'youtube', 'https://youtu.be/Q87D2nLCYq4', '0 bytes', 'video', NULL, NULL, NULL, 0, NULL, 0, NULL, 'active', 1692191992, NULL, NULL),
(239, 1015, 2024, 56, 'free', 0, 'youtube', 'https://youtu.be/zfGAeXQ3D0Q', '0 bytes', 'video', NULL, NULL, NULL, 0, NULL, 0, NULL, 'active', 1692192194, NULL, NULL),
(240, 1015, 2024, 56, 'free', 0, 'youtube', 'https://youtu.be/QKHmVYuVn-k', '0 bytes', 'video', NULL, NULL, NULL, 0, NULL, 0, NULL, 'active', 1692192356, NULL, NULL),
(241, 1015, 2024, 56, 'free', 0, 'youtube', 'https://youtu.be/ztqUhsLrRVs', '0 bytes', 'video', NULL, NULL, NULL, 0, NULL, 0, NULL, 'active', 1692192419, NULL, NULL),
(242, 1015, 2024, 56, 'free', 0, 'youtube', 'https://youtu.be/y9bSk6GeGCk', '0 bytes', 'video', NULL, NULL, NULL, 0, NULL, 0, NULL, 'active', 1692192502, NULL, NULL),
(243, 1015, 2024, 56, 'free', 0, 'youtube', 'https://youtu.be/misVjZYmmuU', '0 bytes', 'video', NULL, NULL, NULL, 0, NULL, 0, NULL, 'active', 1692192571, NULL, NULL),
(244, 1015, 2024, 56, 'free', 0, 'youtube', 'https://youtu.be/9X83BZ1cF7o', '0 bytes', 'video', NULL, NULL, NULL, 0, NULL, 0, NULL, 'active', 1692192640, NULL, NULL),
(245, 1015, 2024, 56, 'free', 0, 'youtube', 'https://youtu.be/6-jJVmvSRz8', '0 bytes', 'video', NULL, NULL, NULL, 0, NULL, 0, NULL, 'active', 1692192858, NULL, NULL),
(246, 1015, 2024, 56, 'free', 0, 'youtube', 'https://youtu.be/ofmjMktOKh4', '0 bytes', 'video', NULL, NULL, NULL, 0, NULL, 0, NULL, 'active', 1692192917, NULL, NULL),
(247, 1015, 2024, 56, 'free', 0, 'youtube', 'https://youtu.be/iQP_hdljrMY', '0 bytes', 'video', NULL, NULL, NULL, 0, NULL, 0, NULL, 'active', 1692193071, NULL, NULL),
(248, 1015, 2024, 56, 'free', 0, 'youtube', 'https://youtu.be/-tgSJtLNM2g', '0 bytes', 'video', NULL, NULL, NULL, 0, NULL, 0, NULL, 'active', 1692193120, NULL, NULL),
(249, 1015, 2024, 56, 'free', 0, 'youtube', 'https://youtu.be/trbqOQ310Cs', '0 bytes', 'video', NULL, NULL, NULL, 0, NULL, 0, NULL, 'active', 1692193222, NULL, NULL),
(250, 1015, 2024, 56, 'free', 0, 'youtube', 'https://youtu.be/cCE7O14TMFE', '0 bytes', 'video', NULL, NULL, NULL, 0, NULL, 0, NULL, 'active', 1692193402, NULL, NULL),
(251, 1015, 2024, 56, 'free', 0, 'youtube', 'https://youtu.be/M_HxPxuTf9g', '0 bytes', 'video', NULL, NULL, NULL, 0, NULL, 0, NULL, 'active', 1692193504, NULL, NULL),
(252, 1015, 2024, 57, 'free', 0, 'youtube', 'https://youtu.be/w-ZI9Km5r_s', '0 bytes', 'video', NULL, NULL, NULL, 0, NULL, 0, NULL, 'active', 1692193718, NULL, NULL),
(253, 1015, 2024, 57, 'free', 0, 'youtube', 'https://youtu.be/DiuVxCgF19g', '0 bytes', 'video', NULL, NULL, NULL, 0, NULL, 0, NULL, 'active', 1692193948, NULL, NULL),
(254, 1015, 2024, 57, 'free', 0, 'youtube', 'https://youtu.be/HsHJo8RRkn0', '0 bytes', 'video', NULL, NULL, NULL, 0, NULL, 0, NULL, 'active', 1692194129, NULL, NULL),
(255, 1015, 2024, 57, 'free', 0, 'youtube', 'https://youtu.be/8uwjirzzT_Q', '0 bytes', 'video', NULL, NULL, NULL, 0, NULL, 0, NULL, 'active', 1692194203, NULL, NULL),
(256, 1015, 2024, 57, 'free', 0, 'youtube', 'https://youtu.be/k4DGTURnEo0', '0 bytes', 'video', NULL, NULL, NULL, 0, NULL, 0, NULL, 'active', 1692194241, NULL, NULL),
(257, 1015, 2024, 57, 'free', 0, 'youtube', 'https://youtu.be/vwC1XEZfWZM', '0 bytes', 'video', NULL, NULL, NULL, 0, NULL, 0, NULL, 'active', 1692194283, NULL, NULL),
(258, 1015, 2024, 57, 'free', 0, 'youtube', 'https://youtu.be/Sndpznv3h_I', '0 bytes', 'video', NULL, NULL, NULL, 0, NULL, 0, NULL, 'active', 1692194377, NULL, NULL),
(259, 1015, 2024, 57, 'free', 0, 'youtube', 'https://youtu.be/S6yC0uEwluY', '0 bytes', 'video', NULL, NULL, NULL, 0, NULL, 0, NULL, 'active', 1692194421, NULL, NULL),
(260, 1015, 2024, 58, 'free', 0, 'youtube', 'https://youtu.be/sW0fit7-bUI', '0 bytes', 'video', NULL, NULL, NULL, 0, NULL, 0, NULL, 'active', 1692194486, NULL, NULL),
(261, 1015, 2024, 58, 'free', 0, 'youtube', 'https://youtu.be/CG6uvtzX9a4', '0 bytes', 'video', NULL, NULL, NULL, 0, NULL, 0, NULL, 'active', 1692194591, NULL, NULL),
(262, 1015, 2024, 58, 'free', 0, 'youtube', 'https://youtu.be/rTxJfePzYAA', '0 bytes', 'video', NULL, NULL, NULL, 0, NULL, 0, NULL, 'active', 1692194641, NULL, NULL),
(263, 1015, 2024, 58, 'free', 0, 'youtube', 'https://youtu.be/DRBPoV54PP4', '0 bytes', 'video', NULL, NULL, NULL, 0, NULL, 0, NULL, 'active', 1692194676, NULL, NULL),
(264, 1015, 2024, 58, 'free', 0, 'youtube', 'https://youtu.be/eatda-7DPOc', '0 bytes', 'video', NULL, NULL, NULL, 0, NULL, 0, NULL, 'active', 1692194710, NULL, NULL),
(265, 1015, 2024, 58, 'free', 0, 'youtube', 'https://youtu.be/p6YFH1bQJrA', '0 bytes', 'video', NULL, NULL, NULL, 0, NULL, 0, NULL, 'active', 1692194809, NULL, NULL),
(266, 1015, 2024, 58, 'free', 0, 'youtube', 'https://youtu.be/-HiO2HwYxmc', '0 bytes', 'video', NULL, NULL, NULL, 0, NULL, 0, NULL, 'active', 1692195017, NULL, NULL),
(267, 1015, 2024, 58, 'free', 0, 'youtube', 'https://youtu.be/95hR4An2wBc', '0 bytes', 'video', NULL, NULL, NULL, 0, NULL, 0, NULL, 'active', 1692195080, NULL, NULL),
(268, 1015, 2024, 58, 'free', 0, 'youtube', 'https://youtu.be/6rPJgEUqSxo', '0 bytes', 'video', NULL, NULL, NULL, 0, NULL, 0, NULL, 'active', 1692195234, NULL, NULL),
(269, 1015, 2024, 58, 'free', 0, 'youtube', 'https://youtu.be/csbp3gfYUA0', '0 bytes', 'video', NULL, NULL, NULL, 0, NULL, 0, NULL, 'active', 1692195275, NULL, NULL),
(270, 1015, 2024, 58, 'free', 0, 'youtube', 'https://youtu.be/TyBosHigPnQ', '0 bytes', 'video', NULL, NULL, NULL, 0, NULL, 0, NULL, 'active', 1692195302, NULL, NULL),
(271, 1015, 2024, 58, 'free', 0, 'youtube', 'https://youtu.be/fZdSWX4IKA8', '0 bytes', 'video', NULL, NULL, NULL, 0, NULL, 0, NULL, 'active', 1692195379, NULL, NULL),
(272, 1015, 2024, 58, 'free', 0, 'youtube', 'https://youtu.be/6_6F4NhXiUA', '0 bytes', 'video', NULL, NULL, NULL, 0, NULL, 0, NULL, 'active', 1692195458, NULL, NULL),
(273, 1015, 2024, 58, 'free', 0, 'youtube', 'https://youtu.be/44b6YZ95dMA', '0 bytes', 'video', NULL, NULL, NULL, 0, NULL, 0, NULL, 'active', 1692195491, NULL, NULL),
(274, 1015, 2024, 58, 'free', 0, 'youtube', 'https://youtu.be/oQV1kHPWMMw', '0 bytes', 'video', NULL, NULL, NULL, 0, NULL, 0, NULL, 'active', 1692195522, NULL, NULL),
(275, 1015, 2024, 58, 'free', 0, 'youtube', 'https://youtu.be/6qpfrGvLKdE', '0 bytes', 'video', NULL, NULL, NULL, 0, NULL, 0, NULL, 'active', 1692195559, NULL, NULL),
(276, 1015, 2024, 58, 'free', 0, 'youtube', 'https://youtu.be/o6a8dahWGF0', '0 bytes', 'video', NULL, NULL, NULL, 0, NULL, 0, NULL, 'active', 1692195606, NULL, NULL),
(277, 1015, 2024, 58, 'free', 0, 'youtube', 'https://youtu.be/YJJY1fvP1FE', '0 bytes', 'video', NULL, NULL, NULL, 0, NULL, 0, NULL, 'active', 1692195639, NULL, NULL),
(278, 1015, 2024, 58, 'free', 0, 'youtube', 'https://youtu.be/lN4fvyfDHRU', '0 bytes', 'video', NULL, NULL, NULL, 0, NULL, 0, NULL, 'active', 1692195773, NULL, NULL),
(279, 1015, 2024, 58, 'free', 0, 'youtube', 'https://youtu.be/VELuw1DAUos', '0 bytes', 'video', NULL, NULL, NULL, 0, NULL, 0, NULL, 'active', 1692195800, NULL, NULL),
(280, 1015, 2024, 58, 'free', 0, 'youtube', 'https://youtu.be/JUhX5lpsSYc', '0 bytes', 'video', NULL, NULL, NULL, 0, NULL, 0, NULL, 'active', 1692195832, NULL, NULL),
(281, 1015, 2024, 58, 'free', 0, 'youtube', 'https://youtu.be/q8Dd-If1dzo', '0 bytes', 'video', NULL, NULL, NULL, 0, NULL, 0, NULL, 'active', 1692195862, NULL, NULL),
(282, 1015, 2024, 58, 'free', 0, 'youtube', 'https://youtu.be/2H_G6Siwlbo', '0 bytes', 'video', NULL, NULL, NULL, 0, NULL, 0, NULL, 'active', 1692195918, NULL, NULL),
(283, 1015, 2024, 58, 'free', 0, 'youtube', 'https://youtu.be/oWkbuxmjh5s', '0 bytes', 'video', NULL, NULL, NULL, 0, NULL, 0, NULL, 'active', 1692195960, NULL, NULL),
(284, 1015, 2024, 58, 'free', 0, 'youtube', 'https://youtu.be/q2eJUe2-k6M', '0 bytes', 'video', NULL, NULL, NULL, 0, NULL, 0, NULL, 'active', 1692195994, NULL, NULL),
(285, 1015, 2024, 58, 'free', 0, 'youtube', 'https://youtu.be/-5a5YrpViP4', '0 bytes', 'video', NULL, NULL, NULL, 0, NULL, 0, NULL, 'active', 1692196037, NULL, NULL),
(286, 1015, 2024, 58, 'free', 0, 'youtube', 'https://youtu.be/bJNM76Ho8pg', '0 bytes', 'video', NULL, NULL, NULL, 0, NULL, 0, NULL, 'active', 1692196075, NULL, NULL),
(287, 1015, 2024, 58, 'free', 0, 'youtube', 'https://youtu.be/lxVhTN2ti2s', '0 bytes', 'video', NULL, NULL, NULL, 0, NULL, 0, NULL, 'active', 1692196581, NULL, NULL),
(288, 1015, 2024, 58, 'free', 0, 'youtube', 'https://youtu.be/lkqmtmaMHZc', '0 bytes', 'video', NULL, NULL, NULL, 0, NULL, 0, NULL, 'active', 1692196664, NULL, NULL),
(289, 1015, 2024, 58, 'free', 0, 'youtube', 'https://youtu.be/78ypy52U2c8', '0 bytes', 'video', NULL, NULL, NULL, 0, NULL, 0, NULL, 'active', 1692196702, NULL, NULL),
(290, 1015, 2024, 58, 'free', 0, 'youtube', 'https://youtu.be/geY7FJjYb3M', '0 bytes', 'video', NULL, NULL, NULL, 0, NULL, 0, NULL, 'active', 1692196744, NULL, NULL),
(291, 1015, 2024, 58, 'free', 0, 'youtube', 'https://youtu.be/tfi16Q_N9YA', '0 bytes', 'video', NULL, NULL, NULL, 0, NULL, 0, NULL, 'active', 1692196790, NULL, NULL),
(292, 1015, 2024, 58, 'free', 0, 'youtube', 'https://youtu.be/Hsxz_P65RCk', '0 bytes', 'video', NULL, NULL, NULL, 0, NULL, 0, NULL, 'active', 1692196821, NULL, NULL),
(293, 1015, 2024, 58, 'free', 0, 'youtube', 'https://youtu.be/joD4Gp-2X9U', '0 bytes', 'video', NULL, NULL, NULL, 0, NULL, 0, NULL, 'active', 1692196860, NULL, NULL),
(294, 1015, 2024, 58, 'free', 0, 'youtube', 'https://youtu.be/7gnk1-KebC8', '0 bytes', 'video', NULL, NULL, NULL, 0, NULL, 0, NULL, 'active', 1692196918, NULL, NULL),
(295, 1015, 2024, 58, 'free', 0, 'youtube', 'https://youtu.be/36KuBrbNyPA', '0 bytes', 'video', NULL, NULL, NULL, 0, NULL, 0, NULL, 'active', 1692196954, NULL, NULL),
(296, 1015, 2024, 59, 'free', 0, 'youtube', 'https://youtu.be/soxd_xdHR0o', '0 bytes', 'video', NULL, NULL, NULL, 0, NULL, 0, NULL, 'active', 1692197014, NULL, NULL),
(297, 1015, 2024, 59, 'free', 0, 'youtube', 'https://youtu.be/5AOn0BmSXyE', '0 bytes', 'video', NULL, NULL, NULL, 0, NULL, 0, NULL, 'active', 1692197047, NULL, NULL),
(298, 1015, 2024, 59, 'free', 0, 'youtube', 'https://youtu.be/AfYfvjP1hK8', '0 bytes', 'video', NULL, NULL, NULL, 0, NULL, 0, NULL, 'active', 1692197076, NULL, NULL),
(299, 1015, 2024, 59, 'free', 0, 'youtube', 'https://youtu.be/dCbfOZurCQk', '0 bytes', 'video', NULL, NULL, NULL, 0, NULL, 0, NULL, 'active', 1692197116, NULL, NULL),
(300, 1015, 2024, 59, 'free', 0, 'youtube', 'https://youtu.be/-nuobfiU49Q', '0 bytes', 'video', NULL, NULL, NULL, 0, NULL, 0, NULL, 'active', 1692197246, NULL, NULL),
(301, 1015, 2024, 59, 'free', 0, 'youtube', 'https://youtu.be/3Qdy-FvUEcY', '0 bytes', 'video', NULL, NULL, NULL, 0, NULL, 0, NULL, 'active', 1692197291, NULL, NULL),
(302, 1015, 2024, 59, 'free', 0, 'youtube', 'https://youtu.be/Hxadcs7v1NY', '0 bytes', 'video', NULL, NULL, NULL, 0, NULL, 0, NULL, 'active', 1692197326, NULL, NULL),
(303, 1015, 2024, 59, 'free', 0, 'youtube', 'https://youtu.be/V2zaeqFSSTE', '0 bytes', 'video', NULL, NULL, NULL, 0, NULL, 0, NULL, 'active', 1692197361, NULL, NULL),
(304, 1015, 2024, 59, 'free', 0, 'youtube', 'https://youtu.be/wlcCvzOLL8w', '0 bytes', 'video', NULL, NULL, NULL, 0, NULL, 0, NULL, 'active', 1692197400, NULL, NULL),
(305, 1015, 2024, 60, 'free', 0, 'youtube', 'https://youtu.be/x5LXsFsdFO4', '0 bytes', 'video', NULL, NULL, NULL, 0, NULL, 0, NULL, 'active', 1692197460, NULL, NULL),
(306, 1015, 2024, 60, 'free', 0, 'youtube', 'https://youtu.be/VPrM0nsapXk', '0 bytes', 'video', NULL, NULL, NULL, 0, NULL, 0, NULL, 'active', 1692197500, NULL, NULL),
(307, 1015, 2024, 60, 'free', 0, 'youtube', 'https://youtu.be/L9d0tJWb8jo', '0 bytes', 'video', NULL, NULL, NULL, 0, NULL, 0, NULL, 'active', 1692197534, NULL, NULL),
(308, 1015, 2024, 60, 'free', 0, 'youtube', 'https://youtu.be/BQNd_JkzqAc', '0 bytes', 'video', NULL, NULL, NULL, 0, NULL, 0, NULL, 'active', 1692197564, NULL, NULL),
(309, 1015, 2024, 60, 'free', 0, 'youtube', 'https://youtu.be/Y40xLGqqy34', '0 bytes', 'video', NULL, NULL, NULL, 0, NULL, 0, NULL, 'active', 1692197592, NULL, NULL),
(310, 1015, 2024, 60, 'free', 0, 'youtube', 'https://youtu.be/jQktsk1w_js', '0 bytes', 'video', NULL, NULL, NULL, 0, NULL, 0, NULL, 'active', 1692197627, NULL, NULL),
(311, 1015, 2024, 60, 'free', 0, 'youtube', 'https://youtu.be/QsUk7so0h40', '0 bytes', 'video', NULL, NULL, NULL, 0, NULL, 0, NULL, 'active', 1692197656, NULL, NULL),
(312, 1015, 2024, 60, 'free', 0, 'youtube', 'https://youtu.be/jUsm_LV4_cE', '0 bytes', 'video', NULL, NULL, NULL, 0, NULL, 0, NULL, 'active', 1692197689, NULL, NULL),
(313, 1015, 2024, 60, 'free', 0, 'youtube', 'https://youtu.be/0WXVAMGisWs', '0 bytes', 'video', NULL, NULL, NULL, 0, NULL, 0, NULL, 'active', 1692197723, NULL, NULL),
(314, 1015, 2024, 60, 'free', 0, 'youtube', 'https://youtu.be/Kn_RDQJshX4', '0 bytes', 'video', NULL, NULL, NULL, 0, NULL, 0, NULL, 'active', 1692197778, NULL, NULL),
(315, 1015, 2024, 60, 'free', 0, 'youtube', 'https://youtu.be/U-Rb0DCcyjA', '0 bytes', 'video', NULL, NULL, NULL, 0, NULL, 0, NULL, 'active', 1692197921, NULL, NULL),
(316, 1015, 2024, 60, 'free', 0, 'youtube', 'https://youtu.be/fVA-bYC1ZUo', '0 bytes', 'video', NULL, NULL, NULL, 0, NULL, 0, NULL, 'active', 1692197970, NULL, NULL),
(317, 1015, 2024, 60, 'free', 0, 'youtube', 'https://youtu.be/mM5CoR7cRtI', '0 bytes', 'video', NULL, NULL, NULL, 0, NULL, 0, NULL, 'active', 1692198044, NULL, NULL),
(318, 1015, 2024, 60, 'free', 0, 'youtube', 'https://youtu.be/vA3s9EhJtU8', '0 bytes', 'video', NULL, NULL, NULL, 0, NULL, 0, NULL, 'active', 1692198086, NULL, NULL),
(319, 1015, 2024, 60, 'free', 0, 'youtube', 'https://youtu.be/STchZ8C5aEY', '0 bytes', 'video', NULL, NULL, NULL, 0, NULL, 0, NULL, 'active', 1692198179, NULL, NULL),
(320, 1015, 2024, 60, 'free', 0, 'youtube', 'https://youtu.be/a8DCCzd1FLA', '0 bytes', 'video', NULL, NULL, NULL, 0, NULL, 0, NULL, 'active', 1692198219, NULL, NULL),
(321, 1015, 2024, 60, 'free', 0, 'youtube', 'https://youtu.be/hdmapvn0zQQ', '0 bytes', 'video', NULL, NULL, NULL, 0, NULL, 0, NULL, 'active', 1692198290, NULL, NULL),
(322, 1015, 2024, 60, 'free', 0, 'youtube', 'https://youtu.be/80RGruHLRxc', '0 bytes', 'video', NULL, NULL, NULL, 0, NULL, 0, NULL, 'active', 1692198323, NULL, NULL),
(323, 1015, 2024, 60, 'free', 0, 'youtube', 'https://youtu.be/Ianuz3PZMLY', '0 bytes', 'video', NULL, NULL, NULL, 0, NULL, 0, NULL, 'active', 1692198356, NULL, NULL),
(324, 1015, 2024, 60, 'free', 0, 'youtube', 'https://youtu.be/l6EZlHlSkDY', '0 bytes', 'video', NULL, NULL, NULL, 0, NULL, 0, NULL, 'active', 1692198388, NULL, NULL),
(325, 1015, 2024, 60, 'free', 0, 'youtube', 'https://youtu.be/quEYdx7hXQ0', '0 bytes', 'video', NULL, NULL, NULL, 0, NULL, 0, NULL, 'active', 1692198422, NULL, NULL),
(326, 1015, 2024, 60, 'free', 0, 'youtube', 'https://youtu.be/3Ex1au0z1kw', '0 bytes', 'video', NULL, NULL, NULL, 0, NULL, 0, NULL, 'active', 1692198473, NULL, NULL),
(327, 1015, 2024, 60, 'free', 0, 'youtube', 'https://youtu.be/1Iov9TdD7dE', '0 bytes', 'video', NULL, NULL, NULL, 0, NULL, 0, NULL, 'active', 1692198516, NULL, NULL),
(328, 1015, 2024, 60, 'free', 0, 'youtube', 'https://youtu.be/S4YIMBnc_6I', '0 bytes', 'video', NULL, NULL, NULL, 0, NULL, 0, NULL, 'active', 1692198547, NULL, NULL),
(329, 1015, 2024, 60, 'free', 0, 'youtube', 'https://youtu.be/XBxssKYf5G0', '0 bytes', 'video', NULL, NULL, NULL, 0, NULL, 0, NULL, 'active', 1692198579, NULL, NULL),
(330, 1015, 2024, 60, 'free', 0, 'youtube', 'https://youtu.be/A6RhlnSDItE', '0 bytes', 'video', NULL, NULL, NULL, 0, NULL, 0, NULL, 'active', 1692198616, NULL, NULL),
(331, 1015, 2024, 60, 'free', 0, 'youtube', 'https://youtu.be/bs8dstw5X7I', '0 bytes', 'video', NULL, NULL, NULL, 0, NULL, 0, NULL, 'active', 1692198646, NULL, NULL),
(332, 1015, 2024, 60, 'free', 0, 'youtube', 'https://youtu.be/1zjiVMC9XZU', '0 bytes', 'video', NULL, NULL, NULL, 0, NULL, 0, NULL, 'active', 1692198680, NULL, NULL),
(333, 1015, 2024, 60, 'free', 0, 'youtube', 'https://youtu.be/OZqFKP_scQM', '0 bytes', 'video', NULL, NULL, NULL, 0, NULL, 0, NULL, 'active', 1692198712, NULL, NULL),
(334, 1015, 2024, 60, 'free', 0, 'youtube', 'https://youtu.be/hzk_e5IfFFo', '0 bytes', 'video', NULL, NULL, NULL, 0, NULL, 0, NULL, 'active', 1692265705, NULL, NULL),
(335, 1015, 2024, 60, 'free', 0, 'youtube', 'https://youtu.be/ktuOUaOyMmo', '0 bytes', 'video', NULL, NULL, NULL, 0, NULL, 0, NULL, 'active', 1692265797, NULL, NULL),
(336, 1015, 2024, 60, 'free', 0, 'youtube', 'https://youtu.be/r8Fk_rcqdbs', '0 bytes', 'video', NULL, NULL, NULL, 0, NULL, 0, NULL, 'active', 1692265854, NULL, NULL),
(337, 1015, 2026, 72, 'free', 0, 'youtube', 'https://youtu.be/Mdbns8vAYYg', '0 bytes', 'video', NULL, NULL, NULL, 0, NULL, 0, NULL, 'active', 1692282812, NULL, NULL),
(338, 1015, 2026, 72, 'free', 0, 'youtube', 'https://youtu.be/AlVq-7VbpfU', '0 bytes', 'video', NULL, NULL, NULL, 0, NULL, 0, NULL, 'active', 1692282995, NULL, NULL),
(339, 1015, 2026, 72, 'free', 0, 'youtube', 'https://youtu.be/LXDwAzZ3LPI', '0 bytes', 'video', NULL, NULL, NULL, 0, NULL, 0, NULL, 'active', 1692284446, NULL, NULL),
(340, 1015, 2026, 73, 'free', 0, 'youtube', 'https://youtu.be/up88sy-pvG4', '0 bytes', 'video', NULL, NULL, NULL, 0, NULL, 0, NULL, 'active', 1692287488, NULL, NULL),
(341, 1015, 2026, 73, 'free', 0, 'youtube', 'https://youtu.be/uvUnXa_uBNQ', '0 bytes', 'video', NULL, NULL, NULL, 0, NULL, 0, NULL, 'active', 1692287519, NULL, NULL);
INSERT INTO `files` (`id`, `creator_id`, `webinar_id`, `chapter_id`, `accessibility`, `downloadable`, `storage`, `file`, `volume`, `file_type`, `interactive_type`, `interactive_file_name`, `interactive_file_path`, `check_previous_parts`, `access_after_day`, `online_viewer`, `order`, `status`, `created_at`, `updated_at`, `deleted_at`) VALUES
(342, 1015, 2026, 74, 'free', 0, 'youtube', 'https://youtu.be/kbZejnPXyLM', '0 bytes', 'video', NULL, NULL, NULL, 0, NULL, 0, NULL, 'active', 1692690853, NULL, NULL),
(343, 1015, 2026, 75, 'free', 0, 'youtube', 'https://youtu.be/s1VAh51C9Bo', '0 bytes', 'video', NULL, NULL, NULL, 0, NULL, 0, NULL, 'active', 1692691165, NULL, NULL),
(344, 1015, 2026, 75, 'free', 0, 'youtube', 'https://youtu.be/fqNAWyOOVfw', '0 bytes', 'video', NULL, NULL, NULL, 0, NULL, 0, NULL, 'active', 1692691229, NULL, NULL),
(345, 859, 2028, 83, 'free', 0, 'youtube', 'https://youtu.be/f-wWBGo6a2w?si=40HA_TA-pAUyqEJ0', '0 bytes', 'video', NULL, NULL, NULL, 0, NULL, 0, NULL, 'active', 1692880597, NULL, NULL),
(346, 1015, 2026, 80, 'free', 0, 'youtube', 'https://youtu.be/1SOH3Qsac6E', '0 bytes', 'video', NULL, NULL, NULL, 0, NULL, 0, NULL, 'active', 1693298764, NULL, NULL),
(347, 1015, 2025, 68, 'free', 0, 'youtube', 'https://youtu.be/SpFY3360Wuc', '0 bytes', 'video', NULL, NULL, NULL, 0, NULL, 0, NULL, 'active', 1693777384, NULL, NULL),
(348, 1015, 2025, 68, 'free', 0, 'youtube', 'https://youtu.be/_3OhZrad8RM', '0 bytes', 'video', NULL, NULL, NULL, 0, NULL, 0, NULL, 'active', 1693777489, NULL, NULL),
(349, 1015, 2025, 68, 'free', 0, 'youtube', 'https://youtu.be/sBbbMhBt5-M', '0 bytes', 'video', NULL, NULL, NULL, 0, NULL, 0, NULL, 'active', 1693777622, NULL, NULL),
(350, 1015, 2025, 68, 'free', 0, 'youtube', 'https://youtu.be/zJxLAVVpm_k', '0 bytes', 'video', NULL, NULL, NULL, 0, NULL, 0, NULL, 'active', 1693777688, NULL, NULL);

-- --------------------------------------------------------

--
-- Table structure for table `file_translations`
--

CREATE TABLE `file_translations` (
  `id` bigint(20) UNSIGNED NOT NULL,
  `file_id` int(10) UNSIGNED NOT NULL,
  `locale` varchar(255) COLLATE utf8mb4_unicode_ci NOT NULL,
  `title` varchar(255) COLLATE utf8mb4_unicode_ci NOT NULL,
  `description` text COLLATE utf8mb4_unicode_ci DEFAULT NULL
) ENGINE=InnoDB DEFAULT CHARSET=utf8mb4 COLLATE=utf8mb4_unicode_ci;

--
-- Dumping data for table `file_translations`
--

INSERT INTO `file_translations` (`id`, `file_id`, `locale`, `title`, `description`) VALUES
(1, 31, 'en', 'Course Overview (Youtube)', 'Understand the varying role of a Product Manager through different types and sizes of companies'),
(2, 32, 'en', 'What is a Product? (Youtube)', 'Let’s get basic – what is a product?\r\n\r\nProducts, like ghosts, are all around you (read that in a spooky voice).\r\n\r\nSure, it sounds simple, but there’s a lot more nuance to this than just looking up the dictionary definition.'),
(3, 33, 'en', 'Ideas and User Needs (Vimeo)', 'Welcome to the land of ideas and user needs! Have you ever.'),
(4, 34, 'en', 'Demo Video', 'The most complete course available on Product Management.'),
(5, 35, 'en', 'Introduction video', 'Python is an interpreted high-level general-purpose programming language. Python\'s design philosophy emphasizes code readability with its notable use of significant indentation.'),
(7, 37, 'en', 'Introduction', 'In this welcome  video, I give you a quick overview of what the course is about.'),
(8, 38, 'en', 'Principles of Behavior Change', 'In this lecture, I discuss an overview of the \"Principles of Behavior Change\" module, the 4 power principles of behavior change, and what you should know about those principles when managing your virtual team.'),
(9, 39, 'en', 'The Power of Writing', 'In this lecture, I discuss the following: The mysterious power of writing things down and The advantages of writing tasks out to your virtual team'),
(10, 40, 'en', 'Before the Meeting', 'In this lecture, I discuss the five things you should do before every meeting, and how to manage everyone’s expectations through a well-crafted meeting agenda.'),
(11, 41, 'en', 'During the Meeting', 'In this lecture, I discuss the five things you should do during every meeting, and how to facilitate your meetings to keep everyone focused on their tasks.'),
(12, 42, 'en', 'After the Meeting', 'In this lecture, I discuss the two things you should do after every meeting, and how to follow up with your team to make sure they are committed to getting their actions completed.'),
(15, 45, 'en', 'Introduction', 'Improve your reactive habits, define your listening mindset, amplify your curiosity, & add value as a great listener'),
(16, 46, 'en', 'Exponential', 'Here you will gain and understanding of how consumption is more important than finds of non-renewable energy. Also other matters that affect the future development of non-renewable key and primary fuels'),
(17, 47, 'en', 'Importance of Oil', 'Here we test your knowledge of what you learned hopefully listening to our second lecture.'),
(18, 48, 'en', 'Behavioural Solutions', 'Here you will gain and understanding of how consumption is more important than finds of non-renewable energy. Also other matters that affect the future development of non-renewable key and primary fuels'),
(19, 49, 'en', 'Welcome !!', 'Today we are going to learn the basics of creating a good design. This can apply from web design to graphic design in general.\r\nI put together my top 5 tips and tricks to create a good design from scratch.'),
(20, 50, 'en', 'CSS Essentials', 'Chances are you have heard of relative and absolute position in CSS, but did you know there are still three other positions? In this video I will be covering all five CSS positions (static, relative, absolute, fixed, and sticky) .'),
(21, 51, 'en', 'Intermediate CSS', 'Learn more about Intermediate CSS features like CSS Grid, Flexbox, and custom properties (aka. variables). Kyle, from Web Dev Simplified, will walk through a few Intermediate CSS challenges and discuss some of our favorite CSS tips and tricks.'),
(22, 52, 'en', 'Welcome to the Course!', 'A warm welcome to the course! Feel free to contact me if you have any questions'),
(23, 53, 'en', 'Health & Safety', 'The point of this lecture is to share with you numerous safety tips I\'ve learned during my journey.'),
(24, 54, 'en', 'Where To Sleep during your Travels?', 'After this lesson you\'ll know what exactly is Couchsurfing and what to expect.'),
(25, 55, 'en', 'Ready to go? The last things to do!', 'In this video I\'ll share with you some tips to earn money on the road and I will take my example as a digital nomad to show you what works.'),
(26, 56, 'en', 'Introduction to Project Management', NULL),
(30, 60, 'en', 'iSpring SCORM', 'iSpring Suite is a PowerPoint-based authoring toolkit produced by iSpring Solutions that allows users to create slide-based courses.'),
(31, 61, 'en', 'Adobe Captivate SCORM', 'Adobe Captivate is an authoring tool that is used for creating eLearning content such as software demonstrations, software simulations, branched scenarios, and randomized quizzes in Shockwave Flash and HTML5 formats.'),
(32, 62, 'en', 'Custom SCORM', 'Always remember to tune \"up\" to a pitch and not down to a pitch. This helps in keeping your guitar in tune.'),
(33, 63, 'en', 'Upload Source', 'This course will teach you how to master your fretboard, understand music theory, and most importantly, how to use these tools to craft your unique sound.'),
(34, 64, 'en', 'Youtube Source', 'YouTube is an American online video sharing and social media platform owned by Google. It was launched on February 14, 2005, by Steve Chen, Chad Hurley, and Jawed Karim.'),
(35, 65, 'en', 'Vimeo Source', 'Vimeo, Inc. is an American video hosting, sharing, and services platform provider headquartered in New York City. Vimeo focuses on the delivery of high-definition video across a range of devices. Vimeo\'s business model is through software as a service.'),
(36, 66, 'en', 'External Link Source', 'Rocket LMS mobile app is an Android mobile application for Rocket LMS. Rocket LMS is an online course marketplace that helps you run your online education business easily.'),
(37, 67, 'en', 'Google Drive Source', 'Google Drive is a file storage and synchronization service developed by Google. Launched on April 24, 2012, Google Drive allows users to store files in the cloud, synchronize files across devices, and share files.'),
(38, 68, 'en', 'PowerPoint File', 'Microsoft PowerPoint is a presentation program, created by Robert Gaskins and Dennis Austin at a software company named Forethought, Inc. It was released on April 20, 1987, initially for Macintosh computers only.'),
(39, 69, 'en', 'PDF File', 'Portable Document Format (PDF), standardized as ISO 32000, is a file format developed by Adobe in 1992 to present documents, including text formatting and images, in a manner independent of application software, hardware, and operating systems.'),
(40, 70, 'en', 'Direct Link', 'Rocket LMS mobile app is an Android mobile application for Rocket LMS. Rocket LMS is an online course marketplace that helps you run your online education business easily.'),
(41, 71, 'en', 'iFrame Source', 'March 20 is the first day of spring for most people, while March 1 is the first spring day for meteorologists.'),
(42, 72, 'en', 'Amazon S3 Stream', 'Amazon S3 or Amazon Simple Storage Service is a service offered by Amazon Web Services that provides object storage through a web service interface. Amazon S3 uses the same scalable storage infrastructure that Amazon.com uses to run its global e-commerce network.'),
(43, 73, 'en', 'Amazon S3 File', 'Amazon S3 or Amazon Simple Storage Service is a service offered by Amazon Web Services that provides object storage through a web service interface. Amazon S3 uses the same scalable storage infrastructure that Amazon.com uses to run its global e-commerce network.'),
(44, 74, 'en', 'Introduction video', 'Here we test your knowledge of what you learned, hopefully listening to our second lecture.'),
(45, 75, 'en', 'Behavioural Solutions', 'Here you will gain and understanding of how consumption is more important than finds of non-renewable energy. Also other matters that affect the future development of non-renewable key and primary fuels'),
(46, 76, 'en', 'Exponential', 'Here you will gain an understanding of how consumption is more important than finds of non-renewable energy. Also, other matters that affect the future development of non-renewable key and primary fuels.'),
(47, 77, 'en', 'Why you need this course', 'I had a passion for education at a young age. I became valedictorian of my graduating class.'),
(48, 78, 'en', 'Final Part', 'Simply put, drip content is the practice of releasing your content to your members in parts.'),
(63, 94, 'en', 'What is Secure Host?', 'Overall, installment payment is a flexible and convenient option that can make it easier for customers to make purchases they may not be able to afford upfront.'),
(64, 95, 'en', 'Why is Secure Host important?', 'With installment payment, customers are able to pay for a product or service in smaller, more manageable amounts rather than having to pay the full amount upfront.'),
(65, 96, 'en', 'Key Project Management Terminologies', NULL),
(66, 97, 'en', 'Roles and responsibilities of a Project Manager', NULL),
(67, 98, 'en', 'Overview of  Project Management processes and methodologies (e.g. Agile, Waterfall)', NULL),
(68, 99, 'en', 'Project management tools - Click Up', NULL),
(69, 100, 'en', 'Project management tools - Jira', NULL),
(70, 101, 'en', 'Project management tools - Microsoft Project', NULL),
(71, 102, 'en', 'Project management tools - Excel', NULL),
(72, 103, 'en', 'Defining project scope, objectives, and success criteria', NULL),
(73, 104, 'en', 'Developing a Project Plan (including timeline, budget, and resource allocation)', NULL),
(74, 105, 'en', 'Project Charter and Stakeholder Analysis', NULL),
(75, 106, 'en', 'Project Resource management', NULL),
(76, 107, 'en', 'Project team management', NULL),
(77, 108, 'en', 'Project status reporting', NULL),
(78, 109, 'en', 'Project Change management', NULL),
(79, 110, 'en', 'Project Quality management', NULL),
(80, 111, 'en', 'Project Monitoring & Control', NULL),
(81, 112, 'en', 'Project Progress, Performance, Measurement, and Evaluation', NULL),
(82, 113, 'en', 'The Basics of Project Cost Management', NULL),
(83, 114, 'en', 'Project Close out Processes', NULL),
(84, 115, 'en', 'Introduction to Business analysis key terminologies and core concepts', NULL),
(85, 116, 'en', 'Introduction to Business analysis strategies and techniques', NULL),
(86, 117, 'en', 'Modelling and shaping business context (Visio as a case study to draw Unified Modelling Diagram)', NULL),
(87, 118, 'en', 'Business Process Mapping', NULL),
(88, 119, 'en', 'Planning Business analysis', NULL),
(89, 120, 'en', 'Planning Stakeholders Engagement', NULL),
(90, 121, 'en', 'Planning business analysis governance', NULL),
(91, 122, 'en', 'Planning business analysis information management', NULL),
(92, 123, 'en', 'Identifying business analysis performance improvements', NULL),
(93, 124, 'en', 'Defining Requirement Architecture', NULL),
(94, 125, 'en', 'Elicitation tools and techniques', NULL),
(95, 126, 'en', 'Requirement documentation', NULL),
(96, 127, 'en', 'Requirement elicitation guide', NULL),
(97, 128, 'en', 'Requirement Elicitation guide 2', NULL),
(98, 129, 'en', 'Organizing and Prioritizing requirement - Gap analysis', NULL),
(99, 130, 'en', 'Requirement change control and management processes', NULL),
(100, 131, 'en', 'Managing Stakeholder Interaction', NULL),
(101, 132, 'en', 'Developing a communication plan', NULL),
(102, 133, 'en', 'Agile methodology processes', NULL),
(103, 134, 'en', 'Project management tools and techniques', NULL),
(104, 135, 'en', 'Install VCS (Version Control System)', NULL),
(105, 136, 'en', 'Install Python 3.9.10', NULL),
(106, 137, 'en', 'Install Linux', NULL),
(107, 138, 'en', 'Using The Terminal/CMD/PowerShell', NULL),
(108, 139, 'en', 'Install RDB (PostgreSQL, MySQL/MariaDB, SQLite).', NULL),
(109, 140, 'en', 'Clean Code', NULL),
(110, 141, 'en', 'Issue Tracking (Github issues, JIRA, Redmine)', NULL),
(111, 142, 'en', 'Continues Integration (Jenkins, Travis-CI)', NULL),
(112, 143, 'en', 'env files and environmental variables', NULL),
(113, 144, 'en', 'Testing (Unit, Integration, Functional)', NULL),
(114, 145, 'en', 'TDD (Test-Driven Development)', NULL),
(115, 146, 'en', 'Design Patterns', NULL),
(116, 147, 'en', 'HTML, CSS', NULL),
(117, 148, 'en', 'Javascript', NULL),
(118, 149, 'en', 'React', NULL),
(119, 150, 'en', 'Phyton', NULL),
(121, 152, 'en', 'Introduction', NULL),
(122, 153, 'en', 'What is Java Script?', NULL),
(123, 154, 'en', 'Hello, World! In JavaScript', NULL),
(124, 155, 'en', 'New Modern Javascript Update', NULL),
(125, 156, 'en', 'Where to put your JS', NULL),
(126, 157, 'en', 'Google Chrome Developer Tools', NULL),
(127, 158, 'en', 'Basic JavaScript Syntax&Rules', NULL),
(128, 159, 'en', 'JavaScript Variables', NULL),
(129, 160, 'en', 'Basic Mathematical Operators', NULL),
(130, 161, 'en', 'Math Operator Short-Hand', NULL),
(131, 162, 'en', 'Logging to the console', NULL),
(132, 163, 'en', 'Booleans in JavaScript', NULL),
(133, 164, 'en', 'If Statements in JavaScript', NULL),
(134, 165, 'en', 'Else If Statements', NULL),
(135, 166, 'en', 'Comparison Operators', NULL),
(136, 167, 'en', 'Logical Operators', NULL),
(137, 168, 'en', 'While Loops', NULL),
(138, 169, 'en', 'For Loops', NULL),
(139, 170, 'en', 'Break & Continue', NULL),
(140, 171, 'en', 'Practical Example using Loops', NULL),
(141, 172, 'en', 'Functions', NULL),
(142, 173, 'en', 'Variable Scope', NULL),
(143, 174, 'en', 'Numbers', NULL),
(144, 175, 'en', 'NaN (Not a Number)', NULL),
(145, 176, 'en', 'Strings', NULL),
(146, 177, 'en', 'Slice and Split Strings', NULL),
(147, 178, 'en', 'Arrays', NULL),
(148, 179, 'en', 'Introduction to Objects', NULL),
(149, 180, 'en', 'Creating a new JavaScript Object', NULL),
(150, 181, 'en', 'This Keyword', NULL),
(151, 182, 'en', 'Constructor Functions', NULL),
(152, 183, 'en', 'The Date Object', NULL),
(153, 184, 'en', 'What is the DOM in JavaScript?', NULL),
(154, 185, 'en', 'Traversing the DOM', NULL),
(155, 186, 'en', 'Changing Page Content', NULL),
(156, 187, 'en', 'Changing Element Attributes', NULL),
(157, 188, 'en', 'Changing CSS styles', NULL),
(158, 189, 'en', 'Adding elements to the DOM', NULL),
(159, 190, 'en', 'Removing Elements from the DOM', NULL),
(160, 191, 'en', 'Introduction to JavaScript Events', NULL),
(161, 192, 'en', 'The onClick Event', NULL),
(162, 193, 'en', 'Window onLoad Event', NULL),
(163, 194, 'en', 'JavaScript Timers', NULL),
(164, 195, 'en', 'Accessing Form Elements', NULL),
(165, 196, 'en', 'VERY Simple Form Validation', NULL),
(166, 197, 'en', 'JavaScript Libraries', NULL),
(167, 198, 'en', 'What to study next', NULL),
(168, 199, 'en', 'Introduction', NULL),
(169, 200, 'en', 'Creating a React Application', NULL),
(170, 201, 'en', 'Components & Templates', NULL),
(171, 202, 'en', 'Dynamic Values in Templates', NULL),
(172, 203, 'en', 'Multiple Components', NULL),
(173, 204, 'en', 'Adding Styles', NULL),
(174, 205, 'en', 'Click Events', NULL),
(175, 206, 'en', 'Using State (usestate hook)', NULL),
(176, 207, 'en', 'Introduction to React Dev Tools', NULL),
(177, 208, 'en', 'Outputting Lists', NULL),
(178, 209, 'en', 'Props & Reusable Components', NULL),
(179, 210, 'en', 'Reusing Components', NULL),
(180, 211, 'en', 'Functions as Props', NULL),
(181, 212, 'en', 'UseEffect Hook (the basics)', NULL),
(182, 213, 'en', 'UseEffect Dependencies', NULL),
(183, 214, 'en', 'Using JSON Server', NULL),
(184, 215, 'en', 'Fetching Data with UseEffect', NULL),
(185, 216, 'en', 'Conditional Loading Message', NULL),
(186, 217, 'en', 'Handling Fetch Errors', NULL),
(187, 218, 'en', 'Making a Custom Hook', NULL),
(188, 219, 'en', 'The React Router', NULL),
(189, 220, 'en', 'Exact Match Routes', NULL),
(190, 221, 'en', 'Route Links', NULL),
(191, 222, 'en', 'UseEffect Cleanup', NULL),
(192, 223, 'en', 'Route Parameters', NULL),
(193, 224, 'en', 'Reusing Custom Hooks', NULL),
(194, 225, 'en', 'Controlled Inputs (forms)', NULL),
(195, 226, 'en', 'Submit Events', NULL),
(196, 227, 'en', 'Making a Post Request', NULL),
(197, 228, 'en', 'Programmatic Redirects', NULL),
(198, 229, 'en', 'Deleting Blogs', NULL),
(199, 230, 'en', '404 Pages and Next Steps', NULL),
(200, 231, 'en', 'Python Django Fundamentals', NULL),
(201, 232, 'en', 'macOS python install', NULL),
(202, 233, 'en', 'macOs Create a virtual environment', NULL),
(203, 234, 'en', 'Windows Python Install', NULL),
(204, 235, 'en', 'Windows- Create a Virtual Environment', NULL),
(205, 236, 'en', 'Windows Visual Studio Code', NULL),
(206, 237, 'en', 'Preparing a new virtual environment', NULL),
(207, 238, 'en', 'Introducing the Python Package Index', NULL),
(208, 239, 'en', 'Installing the Django Framework', NULL),
(209, 240, 'en', 'Creating a new Django project', NULL),
(210, 241, 'en', 'Creating a new Django application', NULL),
(211, 242, 'en', 'Register a Django App', NULL),
(212, 243, 'en', 'Starting the Django Development Server', NULL),
(213, 244, 'en', 'Understanding the Django Request Response Cycle', NULL),
(214, 245, 'en', 'Creating a unique URL Pattern', NULL),
(215, 246, 'en', 'Writing our first Django View', NULL),
(216, 247, 'en', 'Creating a new Django HTML Template', NULL),
(217, 248, 'en', 'Relating an HTML Template to a Django View', NULL),
(218, 249, 'en', 'Install Django project packages from a requirements txt file', NULL),
(219, 250, 'en', 'How to write a code comment', NULL),
(220, 251, 'en', 'When to use code comment', NULL),
(221, 252, 'en', 'Introducing PEP8', NULL),
(222, 253, 'en', 'PEP8 Python Comment Compliance', NULL),
(223, 254, 'en', 'Introducing the Docstring comment', NULL),
(224, 255, 'en', 'Activating the Django admin documentation generator', NULL),
(225, 256, 'en', 'Understanding Python Variable', NULL),
(226, 257, 'en', 'Understanding Variable Naming Conventions', NULL),
(227, 258, 'en', 'Creating a Variable and assigning values', NULL),
(228, 259, 'en', 'Outputting a variable value to a Django template', NULL),
(229, 260, 'en', 'Python build In functions', NULL),
(230, 261, 'en', 'Using the Print built in function as a Django diagnostic tool', NULL),
(231, 262, 'en', 'Understanding Data Types', NULL),
(232, 263, 'en', 'Casting Specific Data Types', NULL),
(233, 264, 'en', 'Introducing Django model data types', NULL),
(234, 265, 'en', 'Creating a new Django model', NULL),
(235, 266, 'en', 'Updating changes to the database schema', NULL),
(236, 267, 'en', 'Creating a new Django admin user', NULL),
(237, 268, 'en', 'Adding data to a model within the Django admin site', NULL),
(238, 269, 'en', 'Introducing the list data structure', NULL),
(239, 270, 'en', 'Ordering the elements of a list', NULL),
(240, 271, 'en', 'Understanding and working with the list index', NULL),
(241, 272, 'en', 'Adding elements to a Python list', NULL),
(242, 273, 'en', 'Remove elements from a Python List', NULL),
(243, 274, 'en', 'Working With Nested Python Lists', NULL),
(244, 275, 'en', 'List slicing', NULL),
(245, 276, 'en', 'Understanding the Django QuerySet', NULL),
(246, 277, 'en', 'Returning all data from a database table', NULL),
(247, 278, 'en', 'QuerySet Slicing', NULL),
(248, 279, 'en', 'Introducing Python For Loops', NULL),
(249, 280, 'en', 'Looping through a Django queryset', NULL),
(250, 281, 'en', 'Outputting the Django QuerySet to a Template', NULL),
(251, 282, 'en', 'Introducing Python Conditional Statements', NULL),
(252, 283, 'en', 'Introducing the if conditional statement', NULL),
(253, 284, 'en', 'Python Logical Conditions', NULL),
(254, 285, 'en', 'Python Else Condition', NULL),
(255, 286, 'en', 'Python Else If', NULL),
(256, 287, 'en', 'Nested If Statement', NULL),
(257, 288, 'en', 'Building a Django Form from a model', NULL),
(258, 289, 'en', 'Render A Django form on a template', NULL),
(259, 290, 'en', 'Saving to a database from a Django form', NULL),
(260, 291, 'en', 'Displaying different messages for admin users', NULL),
(261, 292, 'en', 'Introducing Functions', NULL),
(262, 293, 'en', 'Calling a function', NULL),
(263, 294, 'en', 'Function Anatomy', NULL),
(264, 295, 'en', 'Writing Django function based views', NULL),
(265, 296, 'en', 'Build a Django DRF app and React Front-end - Part-1', NULL),
(266, 297, 'en', 'Permissions and Custom Permissions - Part-2', NULL),
(267, 298, 'en', 'JWT Token Authentication with React - Part-3', NULL),
(268, 299, 'en', 'Viewsets and Routers with React Front-end Example - Part-4', NULL),
(269, 300, 'en', 'API Schema and Documentation Generation - Part-5', NULL),
(270, 301, 'en', 'Filters and Search features - Part-6', NULL),
(271, 302, 'en', 'CRUD with React Front-end - Part-7', NULL),
(272, 303, 'en', 'Image Uploading / Handling with React Front-end - Part-8', NULL),
(273, 304, 'en', 'Social Logins with React and DRF - Part-9', NULL),
(274, 305, 'en', 'Django DRF Project eCommerce', NULL),
(275, 306, 'en', 'Python Django Course | macOS Python install | setup guide', NULL),
(276, 307, 'en', 'Python Django Course | macOS | Create a virtual environment | venv | setup guide', NULL),
(277, 308, 'en', 'Python Django Course | macOS Visual Studio Code | setup guide', NULL),
(278, 309, 'en', 'Python Django Course | Windows Python install | setup guide', NULL),
(279, 310, 'en', 'Python Django Course | Windows | Create a virtual environment | venv | setup guide', NULL),
(280, 311, 'en', 'Python Django Course | Windows Visual Studio Code | setup guide', NULL),
(281, 312, 'en', 'Django DRF Project | Starting a New Django Project | 1', NULL),
(282, 313, 'en', 'Django DRF Project | Modularizing Django Settings | 2', NULL),
(283, 314, 'en', 'Django DRF Project | Secret Key Generation | 3', NULL),
(284, 315, 'en', 'Django DRF Project | Recording Dependencies PIP Freeze | 4', NULL),
(285, 316, 'en', 'Django DRF Project | Configuring Environment Variables | 5', NULL),
(286, 317, 'en', 'Django DRF Project | DRF First Steps | 6', NULL),
(287, 318, 'en', 'Django DRF Project | Pytest First Steps | 7', NULL),
(288, 319, 'en', 'Django DRF Project | Create a New GitHub Respository | 8', NULL),
(289, 320, 'en', 'Django DRF Project | Python VSCode Extensions | 9', NULL),
(290, 321, 'en', 'Django DRF Project | Python Black Configuration with VSCode | 10', NULL),
(291, 322, 'en', 'Django DRF Project | Linting with Flake8 | VSCode Configuration | 11', NULL),
(292, 323, 'en', 'Django DRF Project | Create a New GitHub Branch | 12', NULL),
(293, 324, 'en', 'Django DRF Project | Create and Register a New Django Application | 13', NULL),
(294, 325, 'en', 'Django DRF Project | Creating Django Models | 14', NULL),
(295, 326, 'en', 'Django DRF Project | Creating a DRF Serializer | 15', NULL),
(296, 327, 'en', 'Django DRF Project | Implimenting DRF Viewsets | 16', NULL),
(297, 328, 'en', 'Django DRF Project | Implementing DRF Router | 17', NULL),
(298, 329, 'en', 'Django DRF Project | API Documentation with Swagger UI | 18', NULL),
(299, 330, 'en', 'Django DRF Project | Implimenting Brand | 19', NULL),
(300, 331, 'en', 'Django DRF Project | Implimenting Product | 20', NULL),
(301, 332, 'en', 'Django DRF Project | Testing Coverage HTML Reporting | 21', NULL),
(302, 333, 'en', 'Django DRF Project | Unit and End to End Test Explanation | 22', NULL),
(303, 334, 'en', 'Django DRF Project | Identifying Tests in a Django Project | 23', NULL),
(304, 335, 'en', 'Django DRF Project | Model Factories with Factory Boy | 24', NULL),
(305, 336, 'en', 'Django DRF Project | API Client End to End Testing | 25', NULL),
(306, 337, 'en', 'Overview', NULL),
(307, 338, 'en', 'Sketch a Design', 'For my app, I wanted to focus on vocabulary building, since the data from my study showed that this is the feature my users are most interested in. Below you can see a quick sketch for the vocabulary sets screen, where users are shown a list of vocabulary sets and they can choose which one they want to study.\r\nimages\r\n\r\nI\'m showing you the sketch for my app just to give you a general idea of the kind of thing we\'re trying to do—your sketch will probably look very different, since you\'re designing a different product! You should feel free to be as creative as you like.'),
(308, 339, 'en', 'Peripheral Vision', NULL),
(309, 340, 'en', 'Scale vs Selection Tool in Figma', NULL),
(310, 341, 'en', 'Frames vs Groups in Figma', NULL),
(311, 342, 'en', 'Figma Essentials', NULL),
(312, 343, 'en', 'Design Thinking Process', NULL),
(313, 344, 'en', 'The Importance of Empathy in UX Design', NULL),
(314, 345, 'en', 't', 'qwerty'),
(315, 346, 'en', 'Iterating Based on Feedback', NULL),
(316, 347, 'en', 'Introduction to software testing - Definition, basics and types', NULL),
(317, 348, 'en', 'Software testing life cycle', NULL),
(318, 349, 'en', 'Impact analysis in software testing', NULL),
(319, 350, 'en', 'Software QA documentation and bug tracking tools', NULL);

-- --------------------------------------------------------

--
-- Table structure for table `filters`
--

CREATE TABLE `filters` (
  `id` int(10) UNSIGNED NOT NULL,
  `category_id` int(10) UNSIGNED NOT NULL
) ENGINE=InnoDB DEFAULT CHARSET=utf8mb4 COLLATE=utf8mb4_unicode_ci ROW_FORMAT=DYNAMIC;

--
-- Dumping data for table `filters`
--

INSERT INTO `filters` (`id`, `category_id`) VALUES
(1805, 520),
(1819, 520),
(1834, 520),
(1809, 523),
(1823, 523),
(1838, 523),
(1812, 525),
(1826, 525),
(1841, 525),
(1806, 601),
(1820, 601),
(1835, 601),
(1807, 602),
(1821, 602),
(1836, 602),
(1808, 603),
(1822, 603),
(1837, 603),
(1810, 604),
(1824, 604),
(1839, 604),
(1811, 605),
(1825, 605),
(1840, 605),
(1816, 606),
(1831, 606),
(1845, 606),
(1817, 607),
(1832, 607),
(1846, 607),
(1818, 608),
(1833, 608),
(1847, 608),
(1813, 609),
(1827, 609),
(1842, 609),
(1814, 610),
(1829, 610),
(1843, 610),
(1815, 611),
(1830, 611),
(1844, 611);

-- --------------------------------------------------------

--
-- Table structure for table `filter_options`
--

CREATE TABLE `filter_options` (
  `id` int(10) UNSIGNED NOT NULL,
  `filter_id` int(10) UNSIGNED NOT NULL,
  `order` int(10) UNSIGNED DEFAULT NULL
) ENGINE=InnoDB DEFAULT CHARSET=utf8mb4 COLLATE=utf8mb4_unicode_ci ROW_FORMAT=DYNAMIC;

--
-- Dumping data for table `filter_options`
--

INSERT INTO `filter_options` (`id`, `filter_id`, `order`) VALUES
(9114, 1805, 1),
(9115, 1805, 2),
(9116, 1805, 3),
(9117, 1806, 1),
(9118, 1806, 2),
(9119, 1806, 3),
(9120, 1807, 1),
(9121, 1807, 2),
(9122, 1807, 3),
(9123, 1808, 1),
(9124, 1808, 2),
(9125, 1808, 3),
(9126, 1809, 1),
(9127, 1809, 2),
(9128, 1809, 3),
(9129, 1810, 1),
(9130, 1810, 2),
(9131, 1810, 3),
(9132, 1811, 1),
(9133, 1811, 2),
(9134, 1811, 3),
(9135, 1812, 1),
(9136, 1812, 2),
(9137, 1812, 3),
(9138, 1813, 1),
(9139, 1813, 2),
(9140, 1813, 3),
(9141, 1814, 1),
(9142, 1814, 2),
(9143, 1814, 3),
(9144, 1815, 1),
(9145, 1815, 2),
(9146, 1815, 3),
(9147, 1816, 1),
(9148, 1816, 2),
(9149, 1816, 3),
(9150, 1817, 1),
(9151, 1817, 2),
(9152, 1817, 3),
(9153, 1818, 1),
(9154, 1818, 2),
(9155, 1818, 3),
(9156, 1819, 1),
(9157, 1819, 3),
(9158, 1819, 2),
(9159, 1819, 4),
(9160, 1819, 5),
(9161, 1820, 1),
(9162, 1820, 3),
(9163, 1820, 2),
(9164, 1820, 4),
(9165, 1820, 5),
(9166, 1821, 1),
(9167, 1821, 3),
(9168, 1821, 2),
(9169, 1821, 4),
(9170, 1821, 5),
(9171, 1822, 1),
(9172, 1822, 3),
(9173, 1822, 2),
(9174, 1822, 4),
(9175, 1822, 5),
(9176, 1823, 1),
(9177, 1823, 3),
(9178, 1823, 2),
(9179, 1823, 4),
(9180, 1823, 5),
(9181, 1824, 1),
(9182, 1824, 3),
(9183, 1824, 2),
(9184, 1824, 4),
(9185, 1824, 5),
(9186, 1825, 1),
(9187, 1825, 3),
(9188, 1825, 2),
(9189, 1825, 4),
(9190, 1825, 5),
(9191, 1826, 1),
(9192, 1826, 3),
(9193, 1826, 2),
(9194, 1826, 4),
(9195, 1826, 5),
(9196, 1827, 1),
(9197, 1827, 3),
(9198, 1827, 2),
(9199, 1827, 4),
(9200, 1827, 5),
(9206, 1829, 1),
(9207, 1829, 3),
(9208, 1829, 2),
(9209, 1829, 4),
(9210, 1829, 5),
(9211, 1830, 1),
(9212, 1830, 3),
(9213, 1830, 2),
(9214, 1830, 4),
(9215, 1830, 5),
(9216, 1831, 1),
(9217, 1831, 3),
(9218, 1831, 2),
(9219, 1831, 4),
(9220, 1831, 5),
(9221, 1832, 1),
(9222, 1832, 3),
(9223, 1832, 2),
(9224, 1832, 4),
(9225, 1832, 5),
(9226, 1833, 1),
(9227, 1833, 3),
(9228, 1833, 2),
(9229, 1833, 4),
(9230, 1833, 5),
(9231, 1834, 1),
(9232, 1834, 2),
(9233, 1834, 3),
(9234, 1834, 4),
(9235, 1834, 5),
(9236, 1835, 1),
(9237, 1835, 2),
(9238, 1835, 3),
(9239, 1835, 4),
(9240, 1836, 1),
(9241, 1836, 2),
(9242, 1836, 3),
(9243, 1836, 4),
(9244, 1837, 1),
(9245, 1837, 2),
(9246, 1837, 3),
(9247, 1837, 4),
(9248, 1837, 5),
(9249, 1838, 1),
(9250, 1838, 2),
(9251, 1838, 3),
(9252, 1838, 4),
(9253, 1839, 3),
(9254, 1839, 1),
(9255, 1839, 2),
(9256, 1839, 4),
(9257, 1840, 1),
(9258, 1840, 2),
(9259, 1840, 3),
(9260, 1840, 4),
(9261, 1840, 5),
(9262, 1841, 1),
(9263, 1841, 2),
(9264, 1841, 3),
(9265, 1841, 4),
(9266, 1842, 1),
(9267, 1842, 2),
(9268, 1842, 3),
(9269, 1842, 4),
(9270, 1843, 1),
(9271, 1843, 2),
(9272, 1843, 3),
(9273, 1843, 4),
(9274, 1843, 5),
(9275, 1844, 1),
(9276, 1844, 2),
(9277, 1844, 3),
(9278, 1844, 4),
(9279, 1845, 1),
(9280, 1845, 2),
(9281, 1845, 3),
(9282, 1845, 4),
(9283, 1845, 5),
(9284, 1846, 1),
(9285, 1846, 2),
(9286, 1846, 3),
(9287, 1846, 4),
(9288, 1847, 1),
(9289, 1847, 2),
(9290, 1847, 3),
(9291, 1847, 4),
(9292, 1847, 5);

-- --------------------------------------------------------

--
-- Table structure for table `filter_option_translations`
--

CREATE TABLE `filter_option_translations` (
  `id` bigint(20) UNSIGNED NOT NULL,
  `filter_option_id` int(10) UNSIGNED NOT NULL,
  `locale` varchar(255) COLLATE utf8mb4_unicode_ci NOT NULL,
  `title` varchar(255) COLLATE utf8mb4_unicode_ci NOT NULL
) ENGINE=InnoDB DEFAULT CHARSET=utf8mb4 COLLATE=utf8mb4_unicode_ci;

--
-- Dumping data for table `filter_option_translations`
--

INSERT INTO `filter_option_translations` (`id`, `filter_option_id`, `locale`, `title`) VALUES
(1, 9114, 'en', 'Beginner'),
(2, 9115, 'en', 'Intermediate'),
(3, 9116, 'en', 'Expert'),
(4, 9117, 'en', 'Beginner'),
(5, 9118, 'en', 'Intermediate'),
(6, 9119, 'en', 'Expert'),
(7, 9120, 'en', 'Beginner'),
(8, 9121, 'en', 'Intermediate'),
(9, 9122, 'en', 'Expert'),
(10, 9123, 'en', 'Beginner'),
(11, 9124, 'en', 'Intermediate'),
(12, 9125, 'en', 'Expert'),
(13, 9126, 'en', 'Beginner'),
(14, 9127, 'en', 'Intermediate'),
(15, 9128, 'en', 'Expert'),
(16, 9129, 'en', 'Beginner'),
(17, 9130, 'en', 'Intermediate'),
(18, 9131, 'en', 'Intermediate'),
(19, 9132, 'en', 'Beginner'),
(20, 9133, 'en', 'Intermediate'),
(21, 9134, 'en', 'Expert'),
(22, 9135, 'en', 'Beginner'),
(23, 9136, 'en', 'Intermediate'),
(24, 9137, 'en', 'Expert'),
(25, 9138, 'en', 'Beginner'),
(26, 9139, 'en', 'Intermediate'),
(27, 9140, 'en', 'Expert'),
(28, 9141, 'en', 'Beginner'),
(29, 9142, 'en', 'Intermediate'),
(30, 9143, 'en', 'Expert'),
(31, 9144, 'en', 'Beginner'),
(32, 9145, 'en', 'Intermediate'),
(33, 9146, 'en', 'Expert'),
(34, 9147, 'en', 'Beginner'),
(35, 9148, 'en', 'Intermediate'),
(36, 9149, 'en', 'Expert'),
(37, 9150, 'en', 'Beginner'),
(38, 9151, 'en', 'Intermediate'),
(39, 9152, 'en', 'Expert'),
(40, 9153, 'en', 'Beginner'),
(41, 9154, 'en', 'Intermediate'),
(42, 9155, 'en', 'Expert'),
(43, 9156, 'en', 'English'),
(44, 9157, 'en', 'Português'),
(45, 9158, 'en', 'Español'),
(46, 9159, 'en', 'हिन्'),
(47, 9160, 'en', 'العربية'),
(48, 9161, 'en', 'English'),
(49, 9162, 'en', 'Português'),
(50, 9163, 'en', 'Español'),
(51, 9164, 'en', 'हिन्'),
(52, 9165, 'en', 'العربية'),
(53, 9166, 'en', 'English'),
(54, 9167, 'en', 'Português'),
(55, 9168, 'en', 'Español'),
(56, 9169, 'en', 'हिन्'),
(57, 9170, 'en', 'العربية'),
(58, 9171, 'en', 'English'),
(59, 9172, 'en', 'Português'),
(60, 9173, 'en', 'Español'),
(61, 9174, 'en', 'हिन्'),
(62, 9175, 'en', 'العربية'),
(63, 9176, 'en', 'English'),
(64, 9177, 'en', 'Português'),
(65, 9178, 'en', 'Español'),
(66, 9179, 'en', 'हिन्'),
(67, 9180, 'en', 'العربية'),
(68, 9181, 'en', 'English'),
(69, 9182, 'en', 'Português'),
(70, 9183, 'en', 'Español'),
(71, 9184, 'en', 'हिन्'),
(72, 9185, 'en', 'العربية'),
(73, 9186, 'en', 'English'),
(74, 9187, 'en', 'Português'),
(75, 9188, 'en', 'Español'),
(76, 9189, 'en', 'हिन्'),
(77, 9190, 'en', 'العربية'),
(78, 9191, 'en', 'English'),
(79, 9192, 'en', 'Português'),
(80, 9193, 'en', 'Español'),
(81, 9194, 'en', 'हिन्'),
(82, 9195, 'en', 'العربية'),
(83, 9196, 'en', 'English'),
(84, 9197, 'en', 'Português'),
(85, 9198, 'en', 'Español'),
(86, 9199, 'en', 'हिन्'),
(87, 9200, 'en', 'العربية'),
(88, 9206, 'en', 'English'),
(89, 9207, 'en', 'Português'),
(90, 9208, 'en', 'Español'),
(91, 9209, 'en', 'हिन्'),
(92, 9210, 'en', 'العربية'),
(93, 9211, 'en', 'English'),
(94, 9212, 'en', 'Português'),
(95, 9213, 'en', 'Español'),
(96, 9214, 'en', 'हिन्'),
(97, 9215, 'en', 'العربية'),
(98, 9216, 'en', 'English'),
(99, 9217, 'en', 'Português'),
(100, 9218, 'en', 'Español'),
(101, 9219, 'en', 'हिन्'),
(102, 9220, 'en', 'العربية'),
(103, 9221, 'en', 'English'),
(104, 9222, 'en', 'Português'),
(105, 9223, 'en', 'Español'),
(106, 9224, 'en', 'हिन्'),
(107, 9225, 'en', 'العربية'),
(108, 9226, 'en', 'English'),
(109, 9227, 'en', 'Português'),
(110, 9228, 'en', 'Español'),
(111, 9229, 'en', 'हिन्'),
(112, 9230, 'en', 'العربية'),
(113, 9231, 'en', 'Photoshop'),
(114, 9232, 'en', 'Adobe Illustrator'),
(115, 9233, 'en', 'Blender'),
(116, 9234, 'en', '3D Modeling'),
(117, 9235, 'en', 'After Effects'),
(118, 9236, 'en', 'Math'),
(119, 9237, 'en', 'Algebra'),
(120, 9238, 'en', 'Calculus'),
(121, 9239, 'en', 'Statistics'),
(122, 9240, 'en', 'Physics'),
(123, 9241, 'en', 'Chemistry'),
(124, 9242, 'en', 'Biology'),
(125, 9243, 'en', 'Genetics'),
(126, 9244, 'en', 'English Language'),
(127, 9245, 'en', 'English Grammar'),
(128, 9246, 'en', 'Spanish Language'),
(129, 9247, 'en', 'Arabic Language'),
(130, 9248, 'en', 'IELTS'),
(131, 9249, 'en', 'Yoga'),
(132, 9250, 'en', 'Fitness'),
(133, 9251, 'en', 'Health'),
(134, 9252, 'en', 'Dance'),
(135, 9253, 'en', 'Chess'),
(136, 9254, 'en', 'Cooking'),
(137, 9255, 'en', 'Drawing'),
(138, 9256, 'en', 'Reiki'),
(139, 9257, 'en', 'Makeup Artistry'),
(140, 9258, 'en', 'Hair Styling'),
(141, 9259, 'en', 'Skincare'),
(142, 9260, 'en', 'Fashion'),
(143, 9261, 'en', 'Nail Art'),
(144, 9262, 'en', 'Digital Marketing'),
(145, 9263, 'en', 'SEO'),
(146, 9264, 'en', 'Marketing Strategy'),
(147, 9265, 'en', 'Social Media Marketing'),
(148, 9266, 'en', 'Leadership'),
(149, 9267, 'en', 'Management Skills'),
(150, 9268, 'en', 'ISO 9001'),
(151, 9269, 'en', 'Manager Training'),
(152, 9270, 'en', 'Communication Skills'),
(153, 9271, 'en', 'Presentation Skills'),
(154, 9272, 'en', 'Public Speaking'),
(155, 9273, 'en', 'Business Communication'),
(156, 9274, 'en', 'Writing'),
(157, 9275, 'en', 'Business Strategy'),
(158, 9276, 'en', 'Strategic Planning'),
(159, 9277, 'en', 'Marketing Strategy'),
(160, 9278, 'en', 'Innovation'),
(161, 9279, 'en', 'HTML'),
(162, 9280, 'en', 'CSS'),
(163, 9281, 'en', 'PHP'),
(164, 9282, 'en', 'JavaScript'),
(165, 9283, 'en', 'Laravel'),
(166, 9284, 'en', 'Android Development'),
(167, 9285, 'en', 'iOS Development'),
(168, 9286, 'en', 'Google Flutter'),
(169, 9287, 'en', 'React NativeKotlin'),
(170, 9288, 'en', 'Unity'),
(171, 9289, 'en', 'Unreal Engine'),
(172, 9290, 'en', 'Unreal Engine Blueprints'),
(173, 9291, 'en', '3D Game Development'),
(174, 9292, 'en', 'Game Development Fundamentals');

-- --------------------------------------------------------

--
-- Table structure for table `filter_translations`
--

CREATE TABLE `filter_translations` (
  `id` bigint(20) UNSIGNED NOT NULL,
  `filter_id` int(10) UNSIGNED NOT NULL,
  `locale` varchar(255) COLLATE utf8mb4_unicode_ci NOT NULL,
  `title` varchar(255) COLLATE utf8mb4_unicode_ci NOT NULL
) ENGINE=InnoDB DEFAULT CHARSET=utf8mb4 COLLATE=utf8mb4_unicode_ci;

--
-- Dumping data for table `filter_translations`
--

INSERT INTO `filter_translations` (`id`, `filter_id`, `locale`, `title`) VALUES
(1, 1805, 'en', 'Level'),
(2, 1806, 'en', 'Level'),
(3, 1807, 'en', 'Level'),
(4, 1808, 'en', 'Level'),
(5, 1809, 'en', 'Level'),
(6, 1810, 'en', 'Level'),
(7, 1811, 'en', 'Level'),
(8, 1812, 'en', 'Level'),
(9, 1813, 'en', 'Level'),
(10, 1814, 'en', 'Level'),
(11, 1815, 'en', 'Level'),
(12, 1816, 'en', 'Level'),
(13, 1817, 'en', 'Level'),
(14, 1818, 'en', 'Level'),
(15, 1819, 'en', 'Language'),
(16, 1820, 'en', 'Language'),
(17, 1821, 'en', 'Language'),
(18, 1822, 'en', 'Language'),
(19, 1823, 'en', 'Language'),
(20, 1824, 'en', 'Language'),
(21, 1825, 'en', 'Language'),
(22, 1826, 'en', 'Language'),
(23, 1827, 'en', 'Language'),
(24, 1829, 'en', 'Language'),
(25, 1830, 'en', 'Language'),
(26, 1831, 'en', 'Language'),
(27, 1832, 'en', 'Language'),
(28, 1833, 'en', 'Language'),
(29, 1834, 'en', 'Topic'),
(30, 1835, 'en', 'Topic'),
(31, 1836, 'en', 'Topic'),
(32, 1837, 'en', 'Topic'),
(33, 1838, 'en', 'Topic'),
(34, 1839, 'en', 'Topic'),
(35, 1840, 'en', 'Topic'),
(36, 1841, 'en', 'Topic'),
(37, 1842, 'en', 'Topic'),
(38, 1843, 'en', 'Topic'),
(39, 1844, 'en', 'Topic'),
(40, 1845, 'en', 'Topic'),
(41, 1846, 'en', 'Topic'),
(42, 1847, 'en', 'Topic');

-- --------------------------------------------------------

--
-- Table structure for table `floating_bars`
--

CREATE TABLE `floating_bars` (
  `id` int(10) UNSIGNED NOT NULL,
  `start_at` bigint(20) DEFAULT NULL,
  `end_at` bigint(20) DEFAULT NULL,
  `title_color` varchar(255) COLLATE utf8mb4_unicode_ci DEFAULT NULL,
  `description_color` varchar(255) COLLATE utf8mb4_unicode_ci DEFAULT NULL,
  `icon` varchar(255) COLLATE utf8mb4_unicode_ci DEFAULT NULL,
  `background_color` varchar(255) COLLATE utf8mb4_unicode_ci DEFAULT NULL,
  `background_image` varchar(255) COLLATE utf8mb4_unicode_ci DEFAULT NULL,
  `btn_url` varchar(255) COLLATE utf8mb4_unicode_ci DEFAULT NULL,
  `btn_color` varchar(255) COLLATE utf8mb4_unicode_ci DEFAULT NULL,
  `btn_text_color` varchar(255) COLLATE utf8mb4_unicode_ci DEFAULT NULL,
  `bar_height` int(11) DEFAULT NULL,
  `position` enum('top','bottom') COLLATE utf8mb4_unicode_ci NOT NULL,
  `fixed` tinyint(1) NOT NULL DEFAULT 0,
  `enable` tinyint(1) NOT NULL DEFAULT 0
) ENGINE=InnoDB DEFAULT CHARSET=utf8mb4 COLLATE=utf8mb4_unicode_ci;

--
-- Dumping data for table `floating_bars`
--

INSERT INTO `floating_bars` (`id`, `start_at`, `end_at`, `title_color`, `description_color`, `icon`, `background_color`, `background_image`, `btn_url`, `btn_color`, `btn_text_color`, `bar_height`, `position`, `fixed`, `enable`) VALUES
(2, 1678456800, 1755727200, '#2d2d2d', '#b3b3b3', '/store/1/topnav_icon.svg', '#1f3b64', '/store/1/topnav_background.jpg', '/classes?discount=on', '#feb702', '#ffffff', 70, 'top', 1, 0);

-- --------------------------------------------------------

--
-- Table structure for table `floating_bar_translations`
--

CREATE TABLE `floating_bar_translations` (
  `id` int(10) UNSIGNED NOT NULL,
  `floating_bar_id` int(10) UNSIGNED NOT NULL,
  `locale` varchar(255) COLLATE utf8mb4_unicode_ci NOT NULL,
  `title` varchar(255) COLLATE utf8mb4_unicode_ci DEFAULT NULL,
  `description` text COLLATE utf8mb4_unicode_ci DEFAULT NULL,
  `btn_text` varchar(255) COLLATE utf8mb4_unicode_ci DEFAULT NULL
) ENGINE=InnoDB DEFAULT CHARSET=utf8mb4 COLLATE=utf8mb4_unicode_ci;

--
-- Dumping data for table `floating_bar_translations`
--

INSERT INTO `floating_bar_translations` (`id`, `floating_bar_id`, `locale`, `title`, `description`, `btn_text`) VALUES
(3, 2, 'en', 'New Years Day Celebration', 'Get all courses with 50 to 70% off without any limitation', 'View Courses');

-- --------------------------------------------------------

--
-- Table structure for table `follows`
--

CREATE TABLE `follows` (
  `id` int(10) UNSIGNED NOT NULL,
  `follower` int(10) UNSIGNED NOT NULL,
  `user_id` int(10) UNSIGNED NOT NULL,
  `status` enum('requested','accepted','rejected') COLLATE utf8mb4_unicode_ci NOT NULL
) ENGINE=InnoDB DEFAULT CHARSET=utf8mb4 COLLATE=utf8mb4_unicode_ci ROW_FORMAT=DYNAMIC;

--
-- Dumping data for table `follows`
--

INSERT INTO `follows` (`id`, `follower`, `user_id`, `status`) VALUES
(20, 1049, 1016, 'accepted');

-- --------------------------------------------------------

--
-- Table structure for table `forms`
--

CREATE TABLE `forms` (
  `id` int(10) UNSIGNED NOT NULL,
  `url` varchar(255) COLLATE utf8mb4_unicode_ci NOT NULL,
  `cover` varchar(255) COLLATE utf8mb4_unicode_ci DEFAULT NULL,
  `image` varchar(255) COLLATE utf8mb4_unicode_ci DEFAULT NULL,
  `enable_login` tinyint(1) NOT NULL DEFAULT 0,
  `enable_resubmission` tinyint(1) NOT NULL DEFAULT 0,
  `enable_welcome_message` tinyint(1) NOT NULL DEFAULT 0,
  `enable_tank_you_message` tinyint(1) NOT NULL DEFAULT 0,
  `welcome_message_image` varchar(255) COLLATE utf8mb4_unicode_ci DEFAULT NULL,
  `tank_you_message_image` varchar(255) COLLATE utf8mb4_unicode_ci DEFAULT NULL,
  `start_date` bigint(20) UNSIGNED DEFAULT NULL,
  `end_date` bigint(20) UNSIGNED DEFAULT NULL,
  `enable` tinyint(1) NOT NULL DEFAULT 0,
  `created_at` bigint(20) UNSIGNED NOT NULL
) ENGINE=InnoDB DEFAULT CHARSET=utf8mb4 COLLATE=utf8mb4_unicode_ci;

-- --------------------------------------------------------

--
-- Table structure for table `form_fields`
--

CREATE TABLE `form_fields` (
  `id` int(10) UNSIGNED NOT NULL,
  `form_id` int(10) UNSIGNED NOT NULL,
  `type` enum('input','number','upload','date_picker','toggle','textarea','dropdown','checkbox','radio') COLLATE utf8mb4_unicode_ci NOT NULL,
  `order` int(11) DEFAULT NULL,
  `required` tinyint(1) NOT NULL DEFAULT 0
) ENGINE=InnoDB DEFAULT CHARSET=utf8mb4 COLLATE=utf8mb4_unicode_ci;

-- --------------------------------------------------------

--
-- Table structure for table `form_field_options`
--

CREATE TABLE `form_field_options` (
  `id` int(10) UNSIGNED NOT NULL,
  `form_field_id` int(10) UNSIGNED NOT NULL,
  `order` int(11) DEFAULT NULL
) ENGINE=InnoDB DEFAULT CHARSET=utf8mb4 COLLATE=utf8mb4_unicode_ci;

-- --------------------------------------------------------

--
-- Table structure for table `form_field_option_translations`
--

CREATE TABLE `form_field_option_translations` (
  `id` int(10) UNSIGNED NOT NULL,
  `form_field_option_id` int(10) UNSIGNED NOT NULL,
  `locale` varchar(191) COLLATE utf8mb4_unicode_ci NOT NULL,
  `title` varchar(255) COLLATE utf8mb4_unicode_ci NOT NULL
) ENGINE=InnoDB DEFAULT CHARSET=utf8mb4 COLLATE=utf8mb4_unicode_ci;

-- --------------------------------------------------------

--
-- Table structure for table `form_field_translations`
--

CREATE TABLE `form_field_translations` (
  `id` int(10) UNSIGNED NOT NULL,
  `form_field_id` int(10) UNSIGNED NOT NULL,
  `locale` varchar(191) COLLATE utf8mb4_unicode_ci NOT NULL,
  `title` varchar(255) COLLATE utf8mb4_unicode_ci NOT NULL
) ENGINE=InnoDB DEFAULT CHARSET=utf8mb4 COLLATE=utf8mb4_unicode_ci;

-- --------------------------------------------------------

--
-- Table structure for table `form_roles_users_groups`
--

CREATE TABLE `form_roles_users_groups` (
  `id` int(10) UNSIGNED NOT NULL,
  `form_id` int(10) UNSIGNED NOT NULL,
  `role_id` int(10) UNSIGNED DEFAULT NULL,
  `user_id` int(10) UNSIGNED DEFAULT NULL,
  `group_id` int(10) UNSIGNED DEFAULT NULL
) ENGINE=InnoDB DEFAULT CHARSET=utf8mb4 COLLATE=utf8mb4_unicode_ci;

-- --------------------------------------------------------

--
-- Table structure for table `form_submissions`
--

CREATE TABLE `form_submissions` (
  `id` int(10) UNSIGNED NOT NULL,
  `user_id` int(10) UNSIGNED DEFAULT NULL,
  `form_id` int(10) UNSIGNED NOT NULL,
  `created_at` bigint(20) UNSIGNED NOT NULL
) ENGINE=InnoDB DEFAULT CHARSET=utf8mb4 COLLATE=utf8mb4_unicode_ci;

-- --------------------------------------------------------

--
-- Table structure for table `form_submission_items`
--

CREATE TABLE `form_submission_items` (
  `id` int(10) UNSIGNED NOT NULL,
  `submission_id` int(10) UNSIGNED NOT NULL,
  `form_field_id` int(10) UNSIGNED NOT NULL,
  `value` text COLLATE utf8mb4_unicode_ci DEFAULT NULL
) ENGINE=InnoDB DEFAULT CHARSET=utf8mb4 COLLATE=utf8mb4_unicode_ci;

-- --------------------------------------------------------

--
-- Table structure for table `form_translations`
--

CREATE TABLE `form_translations` (
  `id` int(10) UNSIGNED NOT NULL,
  `form_id` int(10) UNSIGNED NOT NULL,
  `locale` varchar(191) COLLATE utf8mb4_unicode_ci NOT NULL,
  `title` varchar(255) COLLATE utf8mb4_unicode_ci NOT NULL,
  `heading_title` varchar(255) COLLATE utf8mb4_unicode_ci DEFAULT NULL,
  `description` text COLLATE utf8mb4_unicode_ci DEFAULT NULL,
  `welcome_message_title` varchar(255) COLLATE utf8mb4_unicode_ci DEFAULT NULL,
  `welcome_message_description` text COLLATE utf8mb4_unicode_ci DEFAULT NULL,
  `tank_you_message_title` varchar(255) COLLATE utf8mb4_unicode_ci DEFAULT NULL,
  `tank_you_message_description` text COLLATE utf8mb4_unicode_ci DEFAULT NULL
) ENGINE=InnoDB DEFAULT CHARSET=utf8mb4 COLLATE=utf8mb4_unicode_ci;

-- --------------------------------------------------------

--
-- Table structure for table `forums`
--

CREATE TABLE `forums` (
  `id` int(10) UNSIGNED NOT NULL,
  `slug` varchar(255) COLLATE utf8mb4_unicode_ci NOT NULL,
  `role_id` int(10) UNSIGNED DEFAULT NULL,
  `group_id` int(10) UNSIGNED DEFAULT NULL,
  `parent_id` int(10) UNSIGNED DEFAULT NULL,
  `icon` varchar(255) COLLATE utf8mb4_unicode_ci DEFAULT NULL,
  `status` enum('disabled','active') COLLATE utf8mb4_unicode_ci DEFAULT NULL,
  `close` tinyint(1) NOT NULL DEFAULT 0,
  `order` int(11) DEFAULT NULL
) ENGINE=InnoDB DEFAULT CHARSET=utf8mb4 COLLATE=utf8mb4_unicode_ci;

--
-- Dumping data for table `forums`
--

INSERT INTO `forums` (`id`, `slug`, `role_id`, `group_id`, `parent_id`, `icon`, `status`, `close`, `order`) VALUES
(1, 'Lifestyle', NULL, NULL, NULL, '/store/1/default_images/forums/icons/makeup.png', 'active', 0, NULL),
(2, 'Beauty-Makeup', NULL, NULL, 1, '/store/1/default_images/forums/icons/makeup.png', 'active', 0, 1),
(3, 'Food-Beverage', NULL, NULL, 1, '/store/1/default_images/forums/icons/donut.png', 'active', 0, 2),
(4, 'Travel', NULL, NULL, 1, '/store/1/default_images/forums/icons/airplane.png', 'active', 0, 3),
(5, 'Music', NULL, NULL, NULL, '/store/1/default_images/forums/icons/love-song.png', 'active', 0, NULL),
(6, 'Marketing', NULL, NULL, NULL, '/store/1/default_images/forums/icons/advertising.png', 'active', 0, NULL),
(7, 'Digital-Marketing', NULL, NULL, 6, '/store/1/default_images/forums/icons/digital-marketing.png', 'active', 0, 1),
(8, 'Public-Relations', NULL, NULL, 6, '/store/1/default_images/forums/icons/security.png', 'active', 0, 2),
(9, 'Advertising', NULL, NULL, 6, '/store/1/default_images/forums/icons/ads.png', 'active', 0, 3),
(10, 'Social-Media', NULL, NULL, 6, '/store/1/default_images/forums/icons/twitter.png', 'active', 0, 4);

-- --------------------------------------------------------

--
-- Table structure for table `forum_featured_topics`
--

CREATE TABLE `forum_featured_topics` (
  `id` int(10) UNSIGNED NOT NULL,
  `topic_id` int(10) UNSIGNED NOT NULL,
  `icon` varchar(255) COLLATE utf8mb4_unicode_ci NOT NULL,
  `created_at` bigint(20) UNSIGNED NOT NULL
) ENGINE=InnoDB DEFAULT CHARSET=utf8mb4 COLLATE=utf8mb4_unicode_ci;

--
-- Dumping data for table `forum_featured_topics`
--

INSERT INTO `forum_featured_topics` (`id`, `topic_id`, `icon`, `created_at`) VALUES
(1, 9, '/store/1/default_images/forums/icons/food_forum.svg', 1655791906),
(2, 8, '/store/1/default_images/forums/icons/forum_makeup.svg', 1655793090),
(3, 5, '/store/1/default_images/forums/icons/forum_music.svg', 1655793433),
(4, 10, '/store/1/default_images/forums/icons/marketing.svg', 1656100506);

-- --------------------------------------------------------

--
-- Table structure for table `forum_recommended_topics`
--

CREATE TABLE `forum_recommended_topics` (
  `id` int(10) UNSIGNED NOT NULL,
  `title` varchar(255) COLLATE utf8mb4_unicode_ci NOT NULL,
  `icon` varchar(255) COLLATE utf8mb4_unicode_ci NOT NULL,
  `created_at` bigint(20) UNSIGNED NOT NULL
) ENGINE=InnoDB DEFAULT CHARSET=utf8mb4 COLLATE=utf8mb4_unicode_ci;

--
-- Dumping data for table `forum_recommended_topics`
--

INSERT INTO `forum_recommended_topics` (`id`, `title`, `icon`, `created_at`) VALUES
(1, 'Food & Health', '/store/1/default_images/forums/icons/dish.png', 1655794486),
(2, 'Math', '/store/1/default_images/forums/icons/drawing-compass.png', 1655796024),
(3, 'Marketing', '/store/1/default_images/forums/icons/target.png', 1655796482),
(4, 'Language', '/store/1/default_images/forums/icons/translate.png', 1655796824);

-- --------------------------------------------------------

--
-- Table structure for table `forum_recommended_topic_items`
--

CREATE TABLE `forum_recommended_topic_items` (
  `id` int(10) UNSIGNED NOT NULL,
  `recommended_topic_id` int(10) UNSIGNED NOT NULL,
  `topic_id` int(10) UNSIGNED NOT NULL,
  `created_at` bigint(20) UNSIGNED NOT NULL
) ENGINE=InnoDB DEFAULT CHARSET=utf8mb4 COLLATE=utf8mb4_unicode_ci;

--
-- Dumping data for table `forum_recommended_topic_items`
--

INSERT INTO `forum_recommended_topic_items` (`id`, `recommended_topic_id`, `topic_id`, `created_at`) VALUES
(35, 4, 2, 1656142901),
(36, 4, 3, 1656142901),
(37, 4, 7, 1656142901),
(38, 4, 9, 1656142901),
(39, 4, 10, 1656142901),
(40, 3, 7, 1656142907),
(41, 3, 9, 1656142907),
(42, 3, 4, 1656142907),
(43, 3, 2, 1656142907),
(44, 3, 10, 1656142907),
(45, 2, 4, 1656142913),
(46, 2, 7, 1656142913),
(47, 2, 8, 1656142913),
(48, 2, 9, 1656142913),
(49, 2, 10, 1656142913),
(50, 1, 9, 1656142919),
(51, 1, 8, 1656142919),
(52, 1, 7, 1656142919),
(53, 1, 3, 1656142919),
(54, 1, 10, 1656142919);

-- --------------------------------------------------------

--
-- Table structure for table `forum_topics`
--

CREATE TABLE `forum_topics` (
  `id` int(10) UNSIGNED NOT NULL,
  `creator_id` int(10) UNSIGNED NOT NULL,
  `forum_id` int(10) UNSIGNED NOT NULL,
  `slug` varchar(255) COLLATE utf8mb4_unicode_ci NOT NULL,
  `title` varchar(255) COLLATE utf8mb4_unicode_ci NOT NULL,
  `description` text COLLATE utf8mb4_unicode_ci NOT NULL,
  `pin` tinyint(1) NOT NULL DEFAULT 0,
  `close` tinyint(1) NOT NULL DEFAULT 0,
  `created_at` bigint(20) UNSIGNED NOT NULL
) ENGINE=InnoDB DEFAULT CHARSET=utf8mb4 COLLATE=utf8mb4_unicode_ci;

--
-- Dumping data for table `forum_topics`
--

INSERT INTO `forum_topics` (`id`, `creator_id`, `forum_id`, `slug`, `title`, `description`, `pin`, `close`, `created_at`) VALUES
(1, 1015, 8, 'What-do-you-think-of-Mark-Zuckerberg', 'What do you think of Mark Zuckerberg?', '<p>I\'ll start this discussion by saying I think the way he got his start was kinda sleazy...he made a website comparing the looks of his college classmates. That site was the precursor to his most famous creation: Facebook.</p><p><br></p>', 0, 0, 1655716308),
(2, 1015, 4, 'test', 'Bar Train Tour on Heterocera', '<p style=\"color: rgb(89, 90, 94); font-family: Roboto, -apple-system, BlinkMacSystemFont, &quot;Segoe UI&quot;, Roboto, Helvetica, Arial, sans-serif, &quot;Apple Color Emoji&quot;, &quot;Segoe UI Emoji&quot;, &quot;Segoe UI Symbol&quot;;\">Dear Second Life residents and friends,</p><p style=\"color: rgb(89, 90, 94); font-family: Roboto, -apple-system, BlinkMacSystemFont, &quot;Segoe UI&quot;, Roboto, Helvetica, Arial, sans-serif, &quot;Apple Color Emoji&quot;, &quot;Segoe UI Emoji&quot;, &quot;Segoe UI Symbol&quot;;\">I am pleased to announce a unique way to travel and explore the continent of Heterocera by train.</p><p style=\"color: rgb(89, 90, 94); font-family: Roboto, -apple-system, BlinkMacSystemFont, &quot;Segoe UI&quot;, Roboto, Helvetica, Arial, sans-serif, &quot;Apple Color Emoji&quot;, &quot;Segoe UI Emoji&quot;, &quot;Segoe UI Symbol&quot;;\">The Bellisserian Bureau for Bureaucracy, the Embassies of Bellisseria and the Mainland Tour project collaborated with Greg Timmerman and his Bar &amp; Lounge project offer a special tour.</p><p style=\"color: rgb(89, 90, 94); font-family: Roboto, -apple-system, BlinkMacSystemFont, &quot;Segoe UI&quot;, Roboto, Helvetica, Arial, sans-serif, &quot;Apple Color Emoji&quot;, &quot;Segoe UI Emoji&quot;, &quot;Segoe UI Symbol&quot;;\">Join us on the&nbsp;<span style=\"font-weight: bolder;\">Bar Train</span>&nbsp;for a journey by railway along the SLRR lines around Heterocera. We will also stop for a halt at the Woodland Station, the home of the Bar Train, where you will be able to collect a new stamp!</p>', 0, 0, 1655716703),
(3, 1017, 4, 'Trying-to-Find-a-Water-to-Land-Race', 'Trying to Find a Water-to-Land Race!', '<p>I don\'t have a lot of info but a friend of mine told me that there is a HUD (or was) that pings GPS points on the map. And you start this race in a car, then get in a boat, then get in a car again.... and at the end, there\'s some cool party. There is NO amount of googling that is helping me find this so I\'m reaching out to the SL hivemind. Help.</p>', 0, 0, 1655787049),
(4, 870, 10, 'Looking-for-friends-but-im-also-really-really-shy', 'Looking for friends but, im shy', '<p>Looking for friends to just hand with and have fun with. I love gaming and listening to music. I\'m 25 years young but would love to get to know some people. I started SecondLife a few months ago so I still knew. Would love to meet some genuine ppl!</p>', 0, 0, 1655788542),
(5, 996, 5, 'How-do-you-put-a-Group-Link-in-a-note-card', 'How do you put a Group Link in a note card', '<p>I want to create a note card that lists clickable LMs (EASY to do) to the 14 music hangouts (nearly all are open stage/decks, 6 to 8 have regular weekly events) in my community region.</p><p><br></p><p>But how do you add to a notecard clickable LINKS TO GROUPS we have 6 groups which i would like to list too.</p>', 0, 0, 1655789512),
(6, 923, 9, 'How-to-greatly-reduce-or-eliminate-networked-advertising', 'How to reduce networked advertising', '<p>We hear over and over about the evil of networked advertising on mainland, about how it is the bane of mainlanders existence, about how it should be eliminated now and forever.</p><p>But how?</p><p>We hear that networked advertising is mainly a phenomenon of micro parcels, since what else can you do with 5 prims except stick a sign on it?</p><p>Its been suggested that parcels not be allowed to be cut smaller than a certain size, but that would cause a lot of unintended consequences.</p><p>Similarly, banning the sale of micro parcels would cause also undesirable consequences.</p><p>A forum resident suggested charging each micro parcel  the equivalent of a 512 sq m tier, which is both unworkable and unfair.</p><p>My suggesting is simple, clear and fair.</p><p>I propose that Linden Labs make a new rule banning construction on any parcel under  64 sq m</p><p>Parcels under that size would only be allowed to have natural elements rezzed on them such as trees, flowers, and rocks.</p><p>As soon as this rule change is implemented, all those 16 sq m networked advertising holdings would be rendered worthless, either for use or for sale at inflated prices.</p><p>Networked advertisers could divest themselves of their holdings by offering them for sale at reasonable prices to neighboring land owners, or just abandoning them</p><p>Lets face it, no one will pay hundreds of $Ls for a 16 sq m parcel just to put a rock or shrub on.</p><p>Under this new rule, networked advertising won\'t be eliminated since it would still be legal, but I think it will certainly be greatly reduced.</p><p>Implement this suggestion, and take a giant step to beautifying the mainland by largely eliminating the \"scourge\" of networked advertising once and for all.</p><p>Note to LL, if you do implement this rule, please publish it. Don\'t just sneakily change the TOS and say gotcha.</p>', 0, 0, 1655790004),
(7, 3, 7, 'Marketing-Agent-wanted', 'Marketing Agent wanted', '<p>I am looking for an experience and successful Marketing agent to work for me in order to increase my product sales which mostly include houses and furniture. If you are interested contact me on chat by contacting Romin McDonnell. References are required</p>', 0, 0, 1655790607),
(8, 930, 2, 'The-best-texture-quality-settings-for-makeup', 'The best texture quality settings for makeup', '<p>Hello everyone ❣️ I don\'t know if I\'m at the right place for my question, but I hope so... 😅</p><p>In your opinion, what is the best size, dpi and the rest of the settings related to the quality of the PNG file, in order to make the texture looking great and non blurry after uploading it in SL?&nbsp;</p><p>What file format do you prefer to upload in SL - PNG or JPEG?&nbsp;</p><p>What editor/ app/ program do you use to create your textures?&nbsp;</p><p>Also, I work with Photoshop, so I would be very thankful if you can give me a few tips and tricks about the process of creation of textures exactly with this program.&nbsp;</p><p>Thank you for your time!&nbsp; Have an awesome day ☀️</p>', 0, 0, 1655790834),
(9, 995, 3, 'What-favorite-food-and-or-beverage-do-you-enjoy', 'What favorite food and or beverage do you enjoy', '<p>I am amazed&nbsp; and thankful to SL for all the wonderful things and ability to reach&nbsp; out to others in so many different places all over the world. That being said&nbsp; at least for me as i am building ...in rl my favorite beverage&nbsp; is coffee or a mocha latte . For food prefer fruit if i am in world during lunch . How about you.<br></p>', 0, 0, 1655791192),
(10, 995, 10, 'What-is-social-media', 'What is social media?', '<p>Social media is a collective term for websites and applications that focus on communication, community-based input, interaction, content-sharing and collaboration.</p><p><br></p><p>People use social media to stay in touch and interact with friends, family and various communities. Businesses use social applications to market and promote their products and track customer concerns.</p><p><br></p><p>Business-to-consumer websites include social components, such as comment fields for users. Various tools help businesses track, measure and analyze the attention the company gets from social media, including brand perception and customer insight.</p><p><br></p><p>Social media has enormous traction globally. Mobile applications make these platforms easily accessible. Some popular examples of general social media platforms include Twitter, Facebook and LinkedIn.</p><p><br></p><p>What are the business applications of social media?</p><p>In business, social media is used to market products, promote brands, connect to customers and foster new business. As a communication platform, social media promotes customer feedback and makes it easy for customers to share their experiences with a company. Businesses can respond quickly to positive and negative feedback, address customer problems and maintain or rebuild customer confidence.</p><p><br></p><p>Social media is also used for crowdsourcing. That\'s the practice of using social networking to gather knowledge, goods or services. Companies use crowdsourcing to get ideas from employees, customers and the general public for improving products or developing future products or services.</p>', 0, 0, 1656101498);

-- --------------------------------------------------------

--
-- Table structure for table `forum_topic_attachments`
--

CREATE TABLE `forum_topic_attachments` (
  `id` int(10) UNSIGNED NOT NULL,
  `creator_id` int(10) UNSIGNED NOT NULL,
  `topic_id` int(10) UNSIGNED NOT NULL,
  `path` varchar(255) COLLATE utf8mb4_unicode_ci NOT NULL
) ENGINE=InnoDB DEFAULT CHARSET=utf8mb4 COLLATE=utf8mb4_unicode_ci;

--
-- Dumping data for table `forum_topic_attachments`
--

INSERT INTO `forum_topic_attachments` (`id`, `creator_id`, `topic_id`, `path`) VALUES
(1, 1017, 3, '/store/1017/background-sea-water.jpg');

-- --------------------------------------------------------

--
-- Table structure for table `forum_topic_bookmarks`
--

CREATE TABLE `forum_topic_bookmarks` (
  `id` int(10) UNSIGNED NOT NULL,
  `user_id` int(10) UNSIGNED NOT NULL,
  `topic_id` int(10) UNSIGNED NOT NULL,
  `created_at` bigint(20) UNSIGNED NOT NULL
) ENGINE=InnoDB DEFAULT CHARSET=utf8mb4 COLLATE=utf8mb4_unicode_ci;

-- --------------------------------------------------------

--
-- Table structure for table `forum_topic_likes`
--

CREATE TABLE `forum_topic_likes` (
  `id` int(10) UNSIGNED NOT NULL,
  `user_id` int(10) UNSIGNED NOT NULL,
  `topic_id` int(10) UNSIGNED DEFAULT NULL,
  `topic_post_id` int(10) UNSIGNED DEFAULT NULL
) ENGINE=InnoDB DEFAULT CHARSET=utf8mb4 COLLATE=utf8mb4_unicode_ci;

-- --------------------------------------------------------

--
-- Table structure for table `forum_topic_posts`
--

CREATE TABLE `forum_topic_posts` (
  `id` int(10) UNSIGNED NOT NULL,
  `user_id` int(10) UNSIGNED NOT NULL,
  `topic_id` int(10) UNSIGNED NOT NULL,
  `parent_id` int(10) UNSIGNED DEFAULT NULL,
  `description` text COLLATE utf8mb4_unicode_ci NOT NULL,
  `attach` varchar(255) COLLATE utf8mb4_unicode_ci DEFAULT NULL,
  `pin` tinyint(1) NOT NULL DEFAULT 0,
  `created_at` bigint(20) UNSIGNED NOT NULL
) ENGINE=InnoDB DEFAULT CHARSET=utf8mb4 COLLATE=utf8mb4_unicode_ci;

--
-- Dumping data for table `forum_topic_posts`
--

INSERT INTO `forum_topic_posts` (`id`, `user_id`, `topic_id`, `parent_id`, `description`, `attach`, `pin`, `created_at`) VALUES
(1, 929, 2, NULL, '<p><span style=\"color: rgb(89, 90, 94); font-family: Roboto, -apple-system, BlinkMacSystemFont, &quot;Segoe UI&quot;, Roboto, Helvetica, Arial, sans-serif, &quot;Apple Color Emoji&quot;, &quot;Segoe UI Emoji&quot;, &quot;Segoe UI Symbol&quot;; font-size: 14px;\">I will be there!</span><br style=\"color: rgb(89, 90, 94); font-family: Roboto, -apple-system, BlinkMacSystemFont, &quot;Segoe UI&quot;, Roboto, Helvetica, Arial, sans-serif, &quot;Apple Color Emoji&quot;, &quot;Segoe UI Emoji&quot;, &quot;Segoe UI Symbol&quot;; font-size: 14px;\"><span style=\"color: rgb(89, 90, 94); font-family: Roboto, -apple-system, BlinkMacSystemFont, &quot;Segoe UI&quot;, Roboto, Helvetica, Arial, sans-serif, &quot;Apple Color Emoji&quot;, &quot;Segoe UI Emoji&quot;, &quot;Segoe UI Symbol&quot;; font-size: 14px;\">An opportunity for everyone who wants to see more of SL instead of only the clubs and beaches.</span><br></p>', NULL, 0, 1655718839),
(2, 979, 1, NULL, '<p>Didn\'t he call his early users dumb? :o I don\'t really think about him...I find FB very boring and hard to navigate, but I can\'t persuade family members to quit it...</p><p><br></p><p>Did you know, he is being sued by a cryptocurrency developer called Internet Computer...they say he stole their logo for Meta!&nbsp;</p>', NULL, 0, 1655786658),
(3, 930, 1, NULL, '<p>he looked after the 3,000 or so startup employees who built Facebook from nothing. When the company went public those employees share options pool was worth a combined $23billion</p>', NULL, 0, 1655786705),
(4, 923, 3, NULL, '<p>That sounds like the weekly grid drive put on by the drivers of SL group.</p><p><br></p><p>Their headquarters is here: http://maps.secondlife.com/secondlife/Bruissac/109/72/36</p><p><br></p><p>Or maybe I could be totally off base. I know I did something that sounds exactly like what was described in the OP once with a friend over a year ago.</p>', NULL, 0, 1655787619),
(5, 1017, 3, NULL, '<p>Thanks</p>', NULL, 0, 1655787999),
(6, 3, 4, NULL, '<p>Hi, I\'m in SL for a little over a year and I\'m mostly on my own. I\'d like to meet friends who I could hang out with so I won\'t be alone all the time. In SL I mostly shop, modify my avi or take pictures (which I\'m not good at lol) but I\'m for anything which could be fun. In RL, I\'m from Europe. Czech or English language - if you speak slowly we can voice. I\'m a fan of Chinese costume drama and novels, pop. My active time in SL is usually during weekends - in working days I\'m usually AFK at some club while working. IM me in-world if you want.<br></p>', NULL, 0, 1655788607),
(7, 930, 5, NULL, '<p>If it was me, who\'s really dumb about scripting, I\'d just place a group joiner for the appropriate group at each arrival point.</p>', NULL, 0, 1655789536),
(8, 859, 5, NULL, '<p>Ah, I didn\'t understand what you meant.&nbsp; The best you can do is include a full perm object that contains a group joiner script and the UUIDs of each of the six groups.&nbsp; Then a person just has to rez the object and click it to get the joiner menu.</p><p><br></p><p>Or do as Lindal suggested, which is much easier.&nbsp; ;)</p><p><br></p>', NULL, 0, 1655789585),
(9, 3, 6, NULL, '<p>I doubt the Lab will make any significant changes to existing Mainland rules.</p><p><br></p><p>On the other hand, they\'ve definitely moved away from allowing new land to be subdivided, joined, etc. That\'s always been the rule in Linden\'s \"urban\" zoned areas such as Bay City, Nova Albion, Nautilus City, etc., and applies to a big chunk of Zindra. Also, of course, Belli and the old Linden Homes continents, and most predictive of anything to be added in future: the Horizons continent. So, basically, they realize that virtual land is most productive when it follows the same practices as Estates, and that just doesn\'t include microparcels.</p><p><br></p><p>If they did anything, I\'d favor just banning everything under 144 sq.m. from being set for sale at all, just as they can\'t appear in Search.They were just a mistake, so let them die out as painlessly as possible.</p><p><br></p><p>Networked advertising, qua advertising, has never really been a thing. There have been a few folks who genuinely misunderstood and thought it might be a business, but that\'s never been why there are microparcels, and most microparcel-based network \"advertisers\" know darn well they couldn\'t pay to light the pixels with the eyeballs and clickthrus. It\'s always been just a cover for land extortion, with a handful of saps who mistook it for actual advertising. There\'s just no business to be had there.</p>', NULL, 0, 1655790272),
(10, 934, 7, NULL, '<p>Hi James,</p><p><br></p><p>Love To Decorate is dedicated to showcasing the talents and impeccable design within the Home &amp; Garden design market in the virtual world of Second Life.&nbsp;</p><p><br></p><p>Through our Website, we make it our goal to inspire the residents of Second Life and give our full support to the content creators who support us and make this world a beautiful place to log into each day.</p><p><br></p><p>We would be glad to help you with marketing and advertising your brand.&nbsp;</p>', NULL, 0, 1655790650),
(11, 929, 8, NULL, '<p style=\"\"><font color=\"#595a5e\" face=\"Roboto, -apple-system, BlinkMacSystemFont, Segoe UI, Roboto, Helvetica, Arial, sans-serif, Apple Color Emoji, Segoe UI Emoji, Segoe UI Symbol\"><span style=\"font-size: 14px;\">To add to Orwar\'s great explanation:</span></font></p><p style=\"\"><font color=\"#595a5e\" face=\"Roboto, -apple-system, BlinkMacSystemFont, Segoe UI, Roboto, Helvetica, Arial, sans-serif, Apple Color Emoji, Segoe UI Emoji, Segoe UI Symbol\"><span style=\"font-size: 14px;\">In the end, anything you upload to SL will become a JPEG and will lose some detail. The reason why you should save your work as PNG/TGA/PSD/etc is to keep the original quality on your computer as you made it.</span></font></p><p style=\"\"><font color=\"#595a5e\" face=\"Roboto, -apple-system, BlinkMacSystemFont, Segoe UI, Roboto, Helvetica, Arial, sans-serif, Apple Color Emoji, Segoe UI Emoji, Segoe UI Symbol\"><span style=\"font-size: 14px;\">The difference between PNG vs TGA is that PNG is losslessly compressed (to save space without sacrificing quality), while TGA is uncompressed. Realistically it doesn\'t matter, since they have the exact same capabilities.</span></font></p>', NULL, 0, 1655790902),
(12, 870, 8, NULL, '<p>I upload using TGA format, as I use masking in my work. Something to think about...if you use them.</p><p><br></p>', NULL, 0, 1655790940),
(13, 996, 9, NULL, '<p>Depends on the time of day.</p><p><br></p><p>If it\'s morning, it\'s coffee. Afternoon, tea or water. Evening, water.</p><p><br></p><p>I don\'t tend to eat often while I\'m online. I\'ll wait until I finish whatever I\'m doing, then log off and take a break for a while.&nbsp;</p>', NULL, 0, 1655791222),
(14, 1015, 9, NULL, '<p>If I’m playing this game sober then something is wrong.</p><p>Cheap alcohol, and I mean cheeaaaaap. Like plastic bottle 5$ vodka at room temperature.&nbsp;</p><p>I don’t eat when in front of the computer, makes you fat.</p>', NULL, 0, 1655791289),
(15, 3, 9, NULL, '<p>Mugs of coffee and cubes of cheese.</p>', NULL, 0, 1655791331),
(16, 995, 10, NULL, '<p>What are the different types of social media?</p><div><br></div>', NULL, 0, 1656101542),
(17, 1016, 10, 16, '<p>The four main categories of social platforms are these:</p><p><br></p><p>Social networks. People use these networks to connect with one another and share information, thoughts and ideas. The focus of these networks is usually on the user. User profiles help participants identify other users with common interests or concerns. Facebook and LinkedIn are good examples.</p><p><br></p><p>Media-sharing networks. These networks focus is on content. For example, on YouTube, interaction is around videos that users create. Other media-sharing networks are TikTok and Instagram. Streaming platforms like Twitch are considered a subset of this category.</p><p><br></p><p>Community-based networks. The focus of this type of social network is in-depth discussion, much like a blog forum. Users leave prompts for discussion that spiral into detailed comment threads. Communities often form around select topics. Reddit is an example of a community-based network.</p><p><br></p><p>Review board networks. With these networks, the focus is on a review, usually of a product or service. For example, on Yelp, users can write reviews on restaurants and endorse each other\'s reviews to boost visibility.</p>', NULL, 0, 1656101670),
(18, 870, 10, NULL, '<p>What are enterprise social media best practices?</p><div><br></div>', NULL, 0, 1656101717),
(19, 929, 10, 18, '<p>It is important for companies to have a social media strategy and establish social media goals. These help to build trust, educate their target audience and create brand awareness. They also enable real people to find and learn about a business.<br></p>', NULL, 0, 1656101751);

-- --------------------------------------------------------

--
-- Table structure for table `forum_topic_reports`
--

CREATE TABLE `forum_topic_reports` (
  `id` int(10) UNSIGNED NOT NULL,
  `user_id` int(10) UNSIGNED NOT NULL,
  `topic_id` int(10) UNSIGNED DEFAULT NULL,
  `topic_post_id` int(10) UNSIGNED DEFAULT NULL,
  `message` text COLLATE utf8mb4_unicode_ci NOT NULL,
  `created_at` bigint(20) UNSIGNED NOT NULL
) ENGINE=InnoDB DEFAULT CHARSET=utf8mb4 COLLATE=utf8mb4_unicode_ci;

--
-- Dumping data for table `forum_topic_reports`
--

INSERT INTO `forum_topic_reports` (`id`, `user_id`, `topic_id`, `topic_post_id`, `message`, `created_at`) VALUES
(1, 996, NULL, 18, 'This is a spam comment.', 1656323052);

-- --------------------------------------------------------

--
-- Table structure for table `forum_translations`
--

CREATE TABLE `forum_translations` (
  `id` bigint(20) UNSIGNED NOT NULL,
  `forum_id` int(10) UNSIGNED NOT NULL,
  `locale` varchar(255) COLLATE utf8mb4_unicode_ci NOT NULL,
  `title` varchar(255) COLLATE utf8mb4_unicode_ci NOT NULL,
  `description` text COLLATE utf8mb4_unicode_ci DEFAULT NULL
) ENGINE=InnoDB DEFAULT CHARSET=utf8mb4 COLLATE=utf8mb4_unicode_ci;

--
-- Dumping data for table `forum_translations`
--

INSERT INTO `forum_translations` (`id`, `forum_id`, `locale`, `title`, `description`) VALUES
(1, 1, 'en', 'Lifestyle', 'Lifestyle is the interests, opinions, behaviours, and behavioural orientations of an individual, group, or culture. The term was introduced by Austrian psychologist Alfred Adler in his 1929 book, The Case of Miss R., with the meaning of \"a person\'s basic character as established early in childhood\".'),
(2, 2, 'en', 'Beauty & Makeup', 'How to create your natural skincare perfect'),
(3, 3, 'en', 'Food & Beverage', 'A practical forum to take your cooking skills from dull to delicious'),
(4, 4, 'en', 'Travel', 'How You Can Afford a Life of Travel and Adventure!'),
(5, 5, 'en', 'Music', 'Discuss music with The World\'s Top instructors'),
(6, 6, 'en', 'Marketing', 'Marketing is the process of exploring.'),
(7, 7, 'en', 'Digital Marketing', 'Master Digital Marketing Strategy'),
(8, 8, 'en', 'Public Relations', 'Everything you need to know to be successful at PR'),
(9, 9, 'en', 'Advertising', 'Learn the inner workings of a massive digital industry'),
(10, 10, 'en', 'Social Media', 'MASTER online marketing on Twitter, Pinterest, Instagram');

-- --------------------------------------------------------

--
-- Table structure for table `gifts`
--

CREATE TABLE `gifts` (
  `id` int(10) UNSIGNED NOT NULL,
  `user_id` int(10) UNSIGNED NOT NULL,
  `webinar_id` int(10) UNSIGNED DEFAULT NULL,
  `bundle_id` int(10) UNSIGNED DEFAULT NULL,
  `product_id` int(10) UNSIGNED DEFAULT NULL,
  `name` varchar(255) COLLATE utf8mb4_unicode_ci NOT NULL,
  `email` varchar(255) COLLATE utf8mb4_unicode_ci NOT NULL,
  `date` bigint(20) UNSIGNED DEFAULT NULL,
  `description` text COLLATE utf8mb4_unicode_ci DEFAULT NULL,
  `viewed` tinyint(1) NOT NULL DEFAULT 0 COMMENT 'for show modal in recipient user panel',
  `status` enum('active','pending','cancel') COLLATE utf8mb4_unicode_ci DEFAULT 'pending',
  `created_at` bigint(20) UNSIGNED NOT NULL
) ENGINE=InnoDB DEFAULT CHARSET=utf8mb4 COLLATE=utf8mb4_unicode_ci;

--
-- Dumping data for table `gifts`
--

INSERT INTO `gifts` (`id`, `user_id`, `webinar_id`, `bundle_id`, `product_id`, `name`, `email`, `date`, `description`, `viewed`, `status`, `created_at`) VALUES
(6, 979, 2004, NULL, NULL, 'Cameron Schofield', 'student@demo.com', 1678890600, 'Hi, Dear Cameron.\r\nI hope to this course be helpful for you.\r\nFrom Morgan.', 1, 'active', 1678919415);

-- --------------------------------------------------------

--
-- Table structure for table `groups`
--

CREATE TABLE `groups` (
  `id` int(10) UNSIGNED NOT NULL,
  `creator_id` int(10) UNSIGNED NOT NULL,
  `name` varchar(64) COLLATE utf8mb4_unicode_ci DEFAULT NULL,
  `discount` int(11) DEFAULT NULL,
  `commission` int(11) DEFAULT NULL,
  `status` enum('active','inactive') COLLATE utf8mb4_unicode_ci NOT NULL DEFAULT 'inactive',
  `created_at` int(10) UNSIGNED NOT NULL
) ENGINE=InnoDB DEFAULT CHARSET=utf8mb4 COLLATE=utf8mb4_unicode_ci ROW_FORMAT=DYNAMIC;

--
-- Dumping data for table `groups`
--

INSERT INTO `groups` (`id`, `creator_id`, `name`, `discount`, `commission`, `status`, `created_at`) VALUES
(2, 1, 'Vip Instructors', 20, 10, 'active', 1613379096),
(3, 1, 'Special Students', 10, NULL, 'active', 1614530208);

-- --------------------------------------------------------

--
-- Table structure for table `groups_registration_packages`
--

CREATE TABLE `groups_registration_packages` (
  `id` bigint(20) UNSIGNED NOT NULL,
  `group_id` int(10) UNSIGNED NOT NULL,
  `instructors_count` int(11) DEFAULT NULL,
  `students_count` int(11) DEFAULT NULL,
  `courses_capacity` int(11) DEFAULT NULL,
  `courses_count` int(11) DEFAULT NULL,
  `meeting_count` int(11) DEFAULT NULL,
  `status` enum('disabled','active') COLLATE utf8mb4_unicode_ci NOT NULL,
  `created_at` int(10) UNSIGNED NOT NULL
) ENGINE=InnoDB DEFAULT CHARSET=utf8mb4 COLLATE=utf8mb4_unicode_ci;

-- --------------------------------------------------------

--
-- Table structure for table `group_users`
--

CREATE TABLE `group_users` (
  `id` int(10) UNSIGNED NOT NULL,
  `group_id` int(10) UNSIGNED NOT NULL,
  `user_id` int(10) UNSIGNED NOT NULL,
  `created_at` int(10) UNSIGNED NOT NULL
) ENGINE=InnoDB DEFAULT CHARSET=utf8mb4 COLLATE=utf8mb4_unicode_ci ROW_FORMAT=DYNAMIC;

--
-- Dumping data for table `group_users`
--

INSERT INTO `group_users` (`id`, `group_id`, `user_id`, `created_at`) VALUES
(64, 3, 996, 1625974235),
(65, 2, 3, 1625974258),
(66, 2, 1016, 1625974260);

-- --------------------------------------------------------

--
-- Table structure for table `home_page_statistics`
--

CREATE TABLE `home_page_statistics` (
  `id` int(10) UNSIGNED NOT NULL,
  `icon` varchar(255) COLLATE utf8mb4_unicode_ci NOT NULL,
  `color` varchar(255) COLLATE utf8mb4_unicode_ci NOT NULL,
  `count` int(10) UNSIGNED NOT NULL,
  `order` int(10) UNSIGNED DEFAULT NULL,
  `created_at` bigint(20) UNSIGNED NOT NULL
) ENGINE=InnoDB DEFAULT CHARSET=utf8mb4 COLLATE=utf8mb4_unicode_ci;

--
-- Dumping data for table `home_page_statistics`
--

INSERT INTO `home_page_statistics` (`id`, `icon`, `color`, `count`, `order`, `created_at`) VALUES
(2, '/store/1/default_images/trend_categories_icons/chess.png', '#c95d63', 20, 1, 1675870234),
(3, '/store/1/default_images/trend_categories_icons/palette.png', '#496ddb', 12, 4, 1675870276),
(4, '/store/1/default_images/trend_categories_icons/connection.png', '#717ec3', 16, 3, 1675870320),
(5, '/store/1/default_images/trend_categories_icons/family.png', '#ae8799', 78, 2, 1675870418);

-- --------------------------------------------------------

--
-- Table structure for table `home_page_statistic_translations`
--

CREATE TABLE `home_page_statistic_translations` (
  `id` int(10) UNSIGNED NOT NULL,
  `home_page_statistic_id` int(10) UNSIGNED NOT NULL,
  `locale` varchar(255) COLLATE utf8mb4_unicode_ci NOT NULL,
  `title` varchar(255) COLLATE utf8mb4_unicode_ci NOT NULL,
  `description` text COLLATE utf8mb4_unicode_ci NOT NULL
) ENGINE=InnoDB DEFAULT CHARSET=utf8mb4 COLLATE=utf8mb4_unicode_ci;

--
-- Dumping data for table `home_page_statistic_translations`
--

INSERT INTO `home_page_statistic_translations` (`id`, `home_page_statistic_id`, `locale`, `title`, `description`) VALUES
(2, 2, 'en', 'Skillful Instructors', 'Start learning from experienced instructors.'),
(3, 3, 'en', 'Video Courses', 'Learn without any geographical & time limitations.'),
(4, 4, 'en', 'Live Classes', 'Improve your skills using live knowledge flow.'),
(5, 5, 'en', 'Happy Students', 'are available to help you by their knowledge'),
(6, 4, 'fa', 'عنوان یب سیبسی ب', 'بل بلابل سل سبس بسیب');

-- --------------------------------------------------------

--
-- Table structure for table `home_sections`
--

CREATE TABLE `home_sections` (
  `id` int(10) UNSIGNED NOT NULL,
  `name` enum('featured_classes','latest_bundles','latest_classes','best_rates','trend_categories','full_advertising_banner','best_sellers','discount_classes','free_classes','store_products','testimonials','subscribes','find_instructors','reward_program','become_instructor','forum_section','video_or_image_section','instructors','half_advertising_banner','organizations','blog','upcoming_courses') COLLATE utf8mb4_unicode_ci NOT NULL,
  `order` int(10) UNSIGNED NOT NULL
) ENGINE=InnoDB DEFAULT CHARSET=utf8mb4 COLLATE=utf8mb4_unicode_ci;

--
-- Dumping data for table `home_sections`
--

INSERT INTO `home_sections` (`id`, `name`, `order`) VALUES
(1, 'latest_classes', 2),
(2, 'featured_classes', 1),
(3, 'latest_bundles', 3),
(4, 'best_rates', 5),
(5, 'best_sellers', 7),
(6, 'free_classes', 8),
(7, 'trend_categories', 6),
(8, 'full_advertising_banner', 9),
(9, 'discount_classes', 10),
(10, 'store_products', 11),
(12, 'become_instructor', 12),
(13, 'forum_section', 13),
(14, 'find_instructors', 14),
(15, 'reward_program', 16),
(16, 'instructors', 17),
(17, 'video_or_image_section', 15),
(18, 'testimonials', 19),
(19, 'half_advertising_banner', 18),
(20, 'organizations', 20),
(21, 'blog', 21),
(31, 'upcoming_courses', 4);

-- --------------------------------------------------------

--
-- Table structure for table `installments`
--

CREATE TABLE `installments` (
  `id` int(10) UNSIGNED NOT NULL,
  `target_type` enum('all','courses','store_products','bundles','meetings','registration_packages','subscription_packages') COLLATE utf8mb4_unicode_ci NOT NULL,
  `target` varchar(255) COLLATE utf8mb4_unicode_ci DEFAULT NULL,
  `capacity` int(10) UNSIGNED DEFAULT NULL,
  `start_date` bigint(20) UNSIGNED DEFAULT NULL,
  `end_date` bigint(20) UNSIGNED DEFAULT NULL,
  `verification` tinyint(1) NOT NULL DEFAULT 0,
  `request_uploads` tinyint(1) NOT NULL DEFAULT 0,
  `bypass_verification_for_verified_users` tinyint(1) NOT NULL DEFAULT 0,
  `upfront` double(15,2) DEFAULT NULL,
  `upfront_type` enum('fixed_amount','percent') COLLATE utf8mb4_unicode_ci DEFAULT NULL,
  `enable` tinyint(1) NOT NULL DEFAULT 0,
  `created_at` bigint(20) UNSIGNED NOT NULL
) ENGINE=InnoDB DEFAULT CHARSET=utf8mb4 COLLATE=utf8mb4_unicode_ci;

--
-- Dumping data for table `installments`
--

INSERT INTO `installments` (`id`, `target_type`, `target`, `capacity`, `start_date`, `end_date`, `verification`, `request_uploads`, `bypass_verification_for_verified_users`, `upfront`, `upfront_type`, `enable`, `created_at`) VALUES
(1, 'courses', 'specific_courses', 10, 1672549200, NULL, 1, 1, 0, 30.00, 'percent', 1, 1678904056);

-- --------------------------------------------------------

--
-- Table structure for table `installment_orders`
--

CREATE TABLE `installment_orders` (
  `id` int(10) UNSIGNED NOT NULL,
  `installment_id` int(10) UNSIGNED NOT NULL,
  `user_id` int(10) UNSIGNED NOT NULL,
  `webinar_id` int(10) UNSIGNED DEFAULT NULL,
  `product_id` int(10) UNSIGNED DEFAULT NULL,
  `bundle_id` int(10) UNSIGNED DEFAULT NULL,
  `subscribe_id` int(10) UNSIGNED DEFAULT NULL,
  `registration_package_id` int(10) UNSIGNED DEFAULT NULL,
  `product_order_id` int(10) UNSIGNED DEFAULT NULL,
  `item_price` double(15,2) NOT NULL DEFAULT 0.00,
  `status` enum('paying','open','rejected','pending_verification','canceled','refunded') COLLATE utf8mb4_unicode_ci NOT NULL DEFAULT 'paying',
  `created_at` bigint(20) UNSIGNED NOT NULL,
  `refund_at` bigint(20) UNSIGNED DEFAULT NULL
) ENGINE=InnoDB DEFAULT CHARSET=utf8mb4 COLLATE=utf8mb4_unicode_ci;

--
-- Dumping data for table `installment_orders`
--

INSERT INTO `installment_orders` (`id`, `installment_id`, `user_id`, `webinar_id`, `product_id`, `bundle_id`, `subscribe_id`, `registration_package_id`, `product_order_id`, `item_price`, `status`, `created_at`, `refund_at`) VALUES
(7, 1, 995, 2022, NULL, NULL, NULL, NULL, NULL, 100.00, 'open', 1678960995, NULL),
(8, 1, 979, 2022, NULL, NULL, NULL, NULL, NULL, 100.00, 'pending_verification', 1678961644, NULL);

-- --------------------------------------------------------

--
-- Table structure for table `installment_order_attachments`
--

CREATE TABLE `installment_order_attachments` (
  `id` int(10) UNSIGNED NOT NULL,
  `installment_order_id` int(10) UNSIGNED NOT NULL,
  `title` varchar(255) COLLATE utf8mb4_unicode_ci NOT NULL,
  `file` varchar(255) COLLATE utf8mb4_unicode_ci NOT NULL
) ENGINE=InnoDB DEFAULT CHARSET=utf8mb4 COLLATE=utf8mb4_unicode_ci;

--
-- Dumping data for table `installment_order_attachments`
--

INSERT INTO `installment_order_attachments` (`id`, `installment_order_id`, `title`, `file`) VALUES
(11, 7, 'ID Card', '/store/995/passport.jpg'),
(12, 7, 'Bank Statement', '/store/995/offlinePayments/1646413097.png'),
(13, 8, 'ID Card', '/store/979/passport.jpg'),
(14, 8, 'Bank Statement', '/store/979/1646413097.png');

-- --------------------------------------------------------

--
-- Table structure for table `installment_order_payments`
--

CREATE TABLE `installment_order_payments` (
  `id` int(10) UNSIGNED NOT NULL,
  `installment_order_id` int(10) UNSIGNED NOT NULL,
  `sale_id` int(10) UNSIGNED DEFAULT NULL,
  `type` enum('upfront','step') COLLATE utf8mb4_unicode_ci NOT NULL,
  `selected_installment_step_id` int(10) UNSIGNED DEFAULT NULL,
  `amount` double(15,2) NOT NULL,
  `status` enum('paying','paid','canceled','refunded') COLLATE utf8mb4_unicode_ci NOT NULL DEFAULT 'paying',
  `created_at` bigint(20) UNSIGNED NOT NULL
) ENGINE=InnoDB DEFAULT CHARSET=utf8mb4 COLLATE=utf8mb4_unicode_ci;

--
-- Dumping data for table `installment_order_payments`
--

INSERT INTO `installment_order_payments` (`id`, `installment_order_id`, `sale_id`, `type`, `selected_installment_step_id`, `amount`, `status`, `created_at`) VALUES
(10, 7, 277, 'upfront', NULL, 30.00, 'paid', 1678960995),
(11, 8, 279, 'upfront', NULL, 30.00, 'paid', 1678961644);

-- --------------------------------------------------------

--
-- Table structure for table `installment_reminders`
--

CREATE TABLE `installment_reminders` (
  `id` int(10) UNSIGNED NOT NULL,
  `user_id` int(10) UNSIGNED NOT NULL,
  `installment_order_id` int(10) UNSIGNED NOT NULL,
  `installment_step_id` int(10) UNSIGNED NOT NULL,
  `type` enum('before_due','due','after_due') COLLATE utf8mb4_unicode_ci NOT NULL,
  `created_at` bigint(20) UNSIGNED NOT NULL
) ENGINE=InnoDB DEFAULT CHARSET=utf8mb4 COLLATE=utf8mb4_unicode_ci;

-- --------------------------------------------------------

--
-- Table structure for table `installment_specification_items`
--

CREATE TABLE `installment_specification_items` (
  `id` int(10) UNSIGNED NOT NULL,
  `installment_id` int(10) UNSIGNED NOT NULL,
  `category_id` int(10) UNSIGNED DEFAULT NULL,
  `instructor_id` int(10) UNSIGNED DEFAULT NULL,
  `seller_id` int(10) UNSIGNED DEFAULT NULL,
  `webinar_id` int(10) UNSIGNED DEFAULT NULL,
  `product_id` int(10) UNSIGNED DEFAULT NULL,
  `bundle_id` int(10) UNSIGNED DEFAULT NULL,
  `subscribe_id` int(10) UNSIGNED DEFAULT NULL,
  `registration_package_id` int(10) UNSIGNED DEFAULT NULL
) ENGINE=InnoDB DEFAULT CHARSET=utf8mb4 COLLATE=utf8mb4_unicode_ci;

--
-- Dumping data for table `installment_specification_items`
--

INSERT INTO `installment_specification_items` (`id`, `installment_id`, `category_id`, `instructor_id`, `seller_id`, `webinar_id`, `product_id`, `bundle_id`, `subscribe_id`, `registration_package_id`) VALUES
(15, 1, NULL, NULL, NULL, 2022, NULL, NULL, NULL, NULL);

-- --------------------------------------------------------

--
-- Table structure for table `installment_steps`
--

CREATE TABLE `installment_steps` (
  `id` int(10) UNSIGNED NOT NULL,
  `installment_id` int(10) UNSIGNED NOT NULL,
  `deadline` int(10) UNSIGNED DEFAULT NULL,
  `amount` double(15,2) DEFAULT NULL,
  `amount_type` enum('fixed_amount','percent') COLLATE utf8mb4_unicode_ci DEFAULT NULL,
  `order` int(10) UNSIGNED DEFAULT NULL
) ENGINE=InnoDB DEFAULT CHARSET=utf8mb4 COLLATE=utf8mb4_unicode_ci;

--
-- Dumping data for table `installment_steps`
--

INSERT INTO `installment_steps` (`id`, `installment_id`, `deadline`, `amount`, `amount_type`, `order`) VALUES
(1, 1, 90, 20.00, 'percent', 0),
(2, 1, 180, 30.00, 'percent', 1),
(3, 1, 270, 30.00, 'percent', 2);

-- --------------------------------------------------------

--
-- Table structure for table `installment_step_translations`
--

CREATE TABLE `installment_step_translations` (
  `id` int(10) UNSIGNED NOT NULL,
  `installment_step_id` int(10) UNSIGNED NOT NULL,
  `locale` varchar(255) COLLATE utf8mb4_unicode_ci NOT NULL,
  `title` varchar(255) COLLATE utf8mb4_unicode_ci NOT NULL
) ENGINE=InnoDB DEFAULT CHARSET=utf8mb4 COLLATE=utf8mb4_unicode_ci;

--
-- Dumping data for table `installment_step_translations`
--

INSERT INTO `installment_step_translations` (`id`, `installment_step_id`, `locale`, `title`) VALUES
(1, 1, 'en', 'First Installment'),
(2, 2, 'en', 'Second Installment'),
(3, 3, 'en', 'Third Installment');

-- --------------------------------------------------------

--
-- Table structure for table `installment_translations`
--

CREATE TABLE `installment_translations` (
  `id` int(10) UNSIGNED NOT NULL,
  `installment_id` int(10) UNSIGNED NOT NULL,
  `locale` varchar(255) COLLATE utf8mb4_unicode_ci NOT NULL,
  `title` varchar(255) COLLATE utf8mb4_unicode_ci NOT NULL,
  `main_title` varchar(255) COLLATE utf8mb4_unicode_ci NOT NULL,
  `description` text COLLATE utf8mb4_unicode_ci NOT NULL,
  `banner` varchar(255) COLLATE utf8mb4_unicode_ci DEFAULT NULL,
  `options` text COLLATE utf8mb4_unicode_ci DEFAULT NULL,
  `verification_description` text COLLATE utf8mb4_unicode_ci DEFAULT NULL,
  `verification_banner` varchar(255) COLLATE utf8mb4_unicode_ci DEFAULT NULL,
  `verification_video` varchar(255) COLLATE utf8mb4_unicode_ci DEFAULT NULL
) ENGINE=InnoDB DEFAULT CHARSET=utf8mb4 COLLATE=utf8mb4_unicode_ci;

--
-- Dumping data for table `installment_translations`
--

INSERT INTO `installment_translations` (`id`, `installment_id`, `locale`, `title`, `main_title`, `description`, `banner`, `options`, `verification_description`, `verification_banner`, `verification_video`) VALUES
(1, 1, 'en', 'Christmas installment plan', 'Installment payment On Christmas', 'Buy your courses in installments.', '/store/1/default_images/Installments/installment_banner.png', 'Instant access to course files88889 months payment duration8888No price difference with cash payments8888Get points after finalizing installments', '<p>To use this installment plan, you should attach a picture of your ID card and your 3-month bank account statement.</p><p>We will try to review your request as soon as possible.</p>', '/store/1/default_images/Installments/verification_image.png', NULL);

-- --------------------------------------------------------

--
-- Table structure for table `installment_user_groups`
--

CREATE TABLE `installment_user_groups` (
  `id` int(10) UNSIGNED NOT NULL,
  `installment_id` int(10) UNSIGNED NOT NULL,
  `group_id` int(10) UNSIGNED DEFAULT NULL
) ENGINE=InnoDB DEFAULT CHARSET=utf8mb4 COLLATE=utf8mb4_unicode_ci;

-- --------------------------------------------------------

--
-- Table structure for table `jazzcash_transactions`
--

CREATE TABLE `jazzcash_transactions` (
  `id` bigint(20) UNSIGNED NOT NULL,
  `txn_ref_no` varchar(255) COLLATE utf8mb4_unicode_ci NOT NULL,
  `order` longtext CHARACTER SET utf8mb4 COLLATE utf8mb4_bin NOT NULL COMMENT 'Order data fields and values',
  `request` longtext CHARACTER SET utf8mb4 COLLATE utf8mb4_bin NOT NULL COMMENT 'Jazzcash request data fields and values',
  `response` longtext CHARACTER SET utf8mb4 COLLATE utf8mb4_bin DEFAULT NULL COMMENT 'Jazzcash response data fields and values',
  `status` enum('pending','error','completed') COLLATE utf8mb4_unicode_ci NOT NULL DEFAULT 'pending',
  `created_at` timestamp NULL DEFAULT NULL,
  `updated_at` timestamp NULL DEFAULT NULL
) ENGINE=InnoDB DEFAULT CHARSET=utf8mb4 COLLATE=utf8mb4_unicode_ci;

-- --------------------------------------------------------

--
-- Table structure for table `meetings`
--

CREATE TABLE `meetings` (
  `id` int(10) UNSIGNED NOT NULL,
  `creator_id` int(10) UNSIGNED NOT NULL,
  `amount` double(15,2) UNSIGNED DEFAULT NULL,
  `discount` int(11) DEFAULT NULL,
  `in_person` tinyint(1) NOT NULL DEFAULT 0,
  `in_person_amount` double(15,2) DEFAULT NULL,
  `group_meeting` tinyint(1) NOT NULL DEFAULT 0,
  `online_group_min_student` int(11) DEFAULT NULL,
  `online_group_max_student` int(11) DEFAULT NULL,
  `online_group_amount` double(15,2) DEFAULT NULL,
  `in_person_group_min_student` int(11) DEFAULT NULL,
  `in_person_group_max_student` int(11) DEFAULT NULL,
  `in_person_group_amount` double(15,2) DEFAULT NULL,
  `disabled` tinyint(1) DEFAULT 0,
  `created_at` int(11) NOT NULL
) ENGINE=InnoDB DEFAULT CHARSET=utf8mb4 COLLATE=utf8mb4_unicode_ci ROW_FORMAT=DYNAMIC;

--
-- Dumping data for table `meetings`
--

INSERT INTO `meetings` (`id`, `creator_id`, `amount`, `discount`, `in_person`, `in_person_amount`, `group_meeting`, `online_group_min_student`, `online_group_max_student`, `online_group_amount`, `in_person_group_min_student`, `in_person_group_max_student`, `in_person_group_amount`, `disabled`, `created_at`) VALUES
(29, 923, 100.00, 10, 1, 200.00, 0, NULL, NULL, NULL, NULL, NULL, NULL, 0, 1625916131),
(30, 1015, 100.00, NULL, 1, 250.00, 1, 20, 200, 50.00, 5, 30, 150.00, 0, 1625938321),
(31, 934, 100.00, NULL, 0, NULL, 0, NULL, NULL, NULL, NULL, NULL, NULL, 0, 1625939199),
(32, 929, 200.00, NULL, 1, 500.00, 0, NULL, NULL, NULL, NULL, NULL, NULL, 0, 1625939298),
(33, 870, 100.00, NULL, 1, 200.00, 1, 20, 100, 80.00, 5, 30, 150.00, 0, 1625939436),
(34, 3, 50.00, NULL, 0, NULL, 0, NULL, NULL, NULL, NULL, NULL, NULL, 1, 1625939607),
(35, 1016, 60.00, NULL, 0, NULL, 0, NULL, NULL, NULL, NULL, NULL, NULL, 0, 1625941278);

-- --------------------------------------------------------

--
-- Table structure for table `meeting_times`
--

CREATE TABLE `meeting_times` (
  `id` int(10) UNSIGNED NOT NULL,
  `meeting_id` int(10) UNSIGNED NOT NULL,
  `meeting_type` enum('all','in_person','online') COLLATE utf8mb4_unicode_ci NOT NULL DEFAULT 'all',
  `day_label` enum('saturday','sunday','monday','tuesday','wednesday','thursday','friday') COLLATE utf8mb4_unicode_ci NOT NULL,
  `time` varchar(64) COLLATE utf8mb4_unicode_ci NOT NULL,
  `description` text COLLATE utf8mb4_unicode_ci DEFAULT NULL,
  `created_at` int(11) NOT NULL
) ENGINE=InnoDB DEFAULT CHARSET=utf8mb4 COLLATE=utf8mb4_unicode_ci ROW_FORMAT=DYNAMIC;

--
-- Dumping data for table `meeting_times`
--

INSERT INTO `meeting_times` (`id`, `meeting_id`, `meeting_type`, `day_label`, `time`, `description`, `created_at`) VALUES
(84, 29, 'all', 'monday', '09:00AM-10:00AM', NULL, 1625916149),
(85, 29, 'all', 'wednesday', '08:30AM-10:00AM', NULL, 1625916235),
(86, 29, 'all', 'thursday', '06:30PM-07:30PM', NULL, 1625916372),
(87, 29, 'all', 'monday', '07:00PM-09:00PM', NULL, 1625916397),
(88, 29, 'all', 'thursday', '09:30PM-10:30PM', NULL, 1625916437),
(89, 29, 'all', 'wednesday', '10:15AM-11:45AM', NULL, 1625916467),
(90, 29, 'all', 'wednesday', '07:30PM-09:00PM', NULL, 1625916508),
(91, 29, 'all', 'tuesday', '09:00PM-10:00PM', NULL, 1625916577),
(92, 29, 'all', 'friday', '08:30PM-10:00PM', NULL, 1625916611),
(93, 30, 'all', 'saturday', '10:00AM-11:30AM', NULL, 1625938350),
(94, 30, 'all', 'sunday', '05:00PM-06:00PM', NULL, 1625938383),
(95, 30, 'all', 'sunday', '06:30PM-07:30PM', NULL, 1625938416),
(96, 30, 'all', 'monday', '09:45AM-10:15AM', NULL, 1625938436),
(97, 30, 'all', 'monday', '11:00AM-11:45AM', NULL, 1625938462),
(98, 30, 'all', 'monday', '06:00PM-07:30PM', NULL, 1625938497),
(99, 30, 'all', 'tuesday', '08:30AM-09:30AM', NULL, 1625938517),
(100, 30, 'all', 'wednesday', '10:30AM-11:30AM', NULL, 1625938585),
(101, 30, 'all', 'thursday', '04:50PM-05:50PM', NULL, 1625938619),
(102, 30, 'all', 'wednesday', '06:00PM-07:30PM', NULL, 1625938647),
(103, 30, 'all', 'wednesday', '08:30PM-09:45PM', NULL, 1625938681),
(104, 30, 'all', 'wednesday', '10:00PM-10:30PM', NULL, 1625938700),
(105, 30, 'all', 'thursday', '06:00PM-08:00PM', NULL, 1625938755),
(106, 30, 'all', 'friday', '10:15AM-11:45AM', NULL, 1625938776),
(107, 32, 'all', 'wednesday', '09:00AM-11:30AM', NULL, 1625939319),
(108, 32, 'all', 'monday', '09:00AM-10:30AM', NULL, 1625939339),
(109, 32, 'all', 'monday', '10:45AM-11:45AM', NULL, 1625939358),
(110, 32, 'all', 'tuesday', '06:00PM-07:30PM', NULL, 1625939384),
(111, 33, 'all', 'monday', '08:00AM-09:30AM', NULL, 1625939462),
(112, 33, 'all', 'thursday', '08:30AM-09:30AM', NULL, 1625939477),
(113, 33, 'all', 'tuesday', '10:30AM-11:30AM', NULL, 1625939493),
(114, 33, 'all', 'wednesday', '08:00AM-09:00AM', NULL, 1625939508),
(115, 33, 'all', 'thursday', '09:30AM-10:30AM', NULL, 1625939527),
(116, 33, 'all', 'monday', '10:30AM-11:30AM', NULL, 1625939551),
(117, 34, 'all', 'monday', '09:30AM-10:30AM', NULL, 1625939631),
(118, 34, 'all', 'tuesday', '09:30AM-10:30AM', NULL, 1625939646),
(119, 34, 'all', 'monday', '10:45AM-11:45AM', NULL, 1625939660),
(120, 34, 'all', 'wednesday', '08:00AM-10:00AM', NULL, 1625939678),
(121, 34, 'all', 'wednesday', '10:30AM-11:30AM', NULL, 1625939700),
(122, 34, 'all', 'wednesday', '05:00PM-06:30PM', NULL, 1625939744),
(123, 34, 'all', 'thursday', '08:00PM-09:30PM', NULL, 1625939763),
(124, 35, 'all', 'monday', '09:30AM-10:30AM', NULL, 1625941315),
(125, 35, 'all', 'monday', '11:00AM-11:45AM', NULL, 1625941331),
(126, 35, 'all', 'tuesday', '08:00AM-09:30AM', NULL, 1625941347),
(127, 35, 'all', 'wednesday', '08:00AM-09:30AM', NULL, 1625941388),
(128, 35, 'all', 'wednesday', '10:00AM-11:30AM', NULL, 1625941418),
(129, 35, 'all', 'monday', '05:00PM-06:30PM', NULL, 1625941460),
(130, 35, 'all', 'wednesday', '08:00PM-09:30PM', NULL, 1625941475),
(131, 35, 'all', 'thursday', '08:00AM-09:00AM', NULL, 1625941557),
(132, 35, 'all', 'thursday', '09:30AM-10:30AM', NULL, 1625941580),
(133, 35, 'all', 'thursday', '10:45AM-11:45AM', NULL, 1625941611),
(134, 35, 'all', 'monday', '07:30PM-08:30PM', NULL, 1625941640),
(135, 35, 'all', 'thursday', '10:00PM-11:00PM', NULL, 1625941668),
(136, 35, 'all', 'monday', '09:00PM-10:00PM', NULL, 1625941731),
(137, 35, 'all', 'monday', '10:15PM-11:00PM', NULL, 1625941832),
(138, 35, 'all', 'friday', '09:00AM-10:00AM', NULL, 1625941864),
(139, 35, 'all', 'friday', '10:30AM-11:30AM', NULL, 1625941879),
(140, 31, 'all', 'monday', '08:40AM-09:40AM', NULL, 1625942014),
(141, 31, 'all', 'monday', '10:00AM-11:30AM', NULL, 1625942028),
(142, 31, 'all', 'monday', '05:00PM-06:30PM', NULL, 1625942048),
(143, 31, 'all', 'monday', '06:45PM-07:45PM', NULL, 1625942079),
(144, 31, 'all', 'monday', '08:00PM-09:30PM', NULL, 1625942101),
(145, 31, 'all', 'monday', '10:00PM-10:30PM', NULL, 1625942137),
(146, 31, 'all', 'tuesday', '08:30AM-09:30AM', NULL, 1625942159),
(147, 31, 'all', 'tuesday', '10:00AM-11:00AM', NULL, 1625942173),
(148, 31, 'all', 'tuesday', '06:00PM-07:00PM', NULL, 1625942191),
(149, 31, 'all', 'saturday', '09:30AM-10:30AM', NULL, 1625942210),
(150, 31, 'all', 'sunday', '08:30AM-09:30AM', NULL, 1625942229),
(151, 31, 'all', 'sunday', '09:45AM-10:00AM', NULL, 1625942247),
(152, 31, 'all', 'sunday', '10:30AM-11:45AM', NULL, 1625942266),
(153, 31, 'all', 'saturday', '10:45AM-11:45AM', NULL, 1625942311),
(154, 31, 'all', 'sunday', '05:00PM-06:30PM', NULL, 1625942351),
(155, 31, 'all', 'wednesday', '08:15AM-09:15AM', NULL, 1625942379),
(156, 31, 'all', 'wednesday', '09:30AM-10:30AM', NULL, 1625942395),
(157, 31, 'all', 'wednesday', '10:45AM-11:45AM', NULL, 1625942414),
(158, 31, 'all', 'thursday', '07:30AM-08:30AM', NULL, 1625942446),
(159, 31, 'all', 'thursday', '08:45AM-09:45AM', NULL, 1625942461),
(160, 31, 'all', 'thursday', '10:00AM-11:00AM', NULL, 1625942474),
(161, 31, 'all', 'thursday', '05:30PM-07:00PM', NULL, 1625942499),
(162, 31, 'all', 'friday', '09:00AM-10:00AM', NULL, 1625942521),
(163, 31, 'all', 'friday', '10:30AM-11:30AM', NULL, 1625942564),
(164, 31, 'all', 'tuesday', '08:00PM-09:00PM', NULL, 1625942840),
(165, 31, 'all', 'saturday', '06:00PM-07:00PM', NULL, 1625943005),
(166, 29, 'in_person', 'saturday', '09:30AM-10:30AM', 'Business Management Workshop.', 1646352042),
(167, 32, 'in_person', 'saturday', '06:30PM-08:30PM', 'School Management Workshop', 1646352258),
(168, 30, 'in_person', 'sunday', '10:00AM-11:30AM', 'School Management Workshop.', 1646352499),
(169, 30, 'in_person', 'tuesday', '10:30AM-11:30AM', 'Risk Management Workshop.', 1646352560),
(170, 30, 'online', 'friday', '04:30PM-05:30PM', NULL, 1646352585),
(171, 30, 'online', 'friday', '06:00PM-07:30PM', 'Risk Management Workshop.', 1646352619),
(172, 30, 'in_person', 'friday', '08:00PM-09:30PM', 'Risk Management Workshop.', 1646352638),
(173, 30, 'in_person', 'saturday', '12:15PM-01:45PM', 'Risk Management Workshop.', 1646352676);

-- --------------------------------------------------------

--
-- Table structure for table `migrations`
--

CREATE TABLE `migrations` (
  `id` int(10) UNSIGNED NOT NULL,
  `migration` varchar(255) COLLATE utf8mb4_unicode_ci NOT NULL,
  `batch` int(11) NOT NULL
) ENGINE=InnoDB DEFAULT CHARSET=utf8mb4 COLLATE=utf8mb4_unicode_ci;

--
-- Dumping data for table `migrations`
--

INSERT INTO `migrations` (`id`, `migration`, `batch`) VALUES
(1, '2014_10_12_000000_create_users_table', 1),
(2, '2014_10_12_100000_create_password_resets_table', 1),
(3, '2020_08_09_145553_create_roles_table', 1),
(4, '2020_08_09_145834_create_sections_table', 1),
(5, '2020_08_09_145926_create_permissions_table', 1),
(6, '2020_08_24_163003_create_webinars_table', 1),
(7, '2020_08_24_164823_create_webinar_partner_teacher_table', 1),
(8, '2020_08_24_165658_create_tags_table', 1),
(9, '2020_08_24_165835_create_webinar_tag_table', 1),
(10, '2020_08_24_171611_create_categories_table', 1),
(11, '2020_08_29_052437_create_filters_table', 1),
(12, '2020_08_29_052900_create_filter_options_table', 1),
(13, '2020_08_29_054455_add_category_id_in_webinar_table', 1),
(14, '2020_09_01_174741_add_seo_description_and_start_end_time_in_webinar_table', 1),
(15, '2020_09_02_180508_create_webinar_filter_option_table', 1),
(16, '2020_09_02_193923_create_tickets_table', 1),
(17, '2020_09_02_210447_create_sessions_table', 1),
(18, '2020_09_02_212642_create_files_table', 1),
(19, '2020_09_03_175543_create_faqs_table', 1),
(20, '2020_09_08_175539_delete_webinar_tag_and_update_tag_table', 1),
(21, '2020_09_09_154522_create_quizzes_table', 1),
(22, '2020_09_09_174646_create_quizzes_questions_table', 1),
(23, '2020_09_09_182726_create_quizzes_questions_answers_table', 1),
(24, '2020_09_14_160028_create_prerequisites_table', 1),
(25, '2020_09_14_183235_nullable_item_id_in_quizzes_table', 1),
(26, '2020_09_14_190110_create_webinar_quizzes_table', 1),
(27, '2020_09_16_163835_create_quizzes_results_table', 1),
(28, '2020_09_24_102115_add_total_mark_in_quize_table', 1),
(29, '2020_09_24_132242_create_comment_table', 1),
(30, '2020_09_24_132639_create_favorites_table', 1),
(31, '2020_09_26_181200_create_certificate_table', 1),
(32, '2020_09_26_181444_create_certificates_templates_table', 1),
(33, '2020_09_30_170451_add_slug_in_webinars_table', 1),
(34, '2020_09_30_191202_create_purchases_table', 1),
(35, '2020_10_02_063828_create_rating_table', 1),
(36, '2020_10_02_094723_edit_table_and_add_foreign_key', 1),
(37, '2020_10_08_055408_add_reviwes_table', 1),
(38, '2020_10_08_084100_edit_status_comments_table', 1),
(39, '2020_10_08_121041_create_meetings_table', 2),
(40, '2020_10_08_121621_create_meeting_times_table', 2),
(41, '2020_10_08_121848_create_meeting_requests_table', 2),
(42, '2020_10_15_172913_add_about_and_head_line_in_users_table', 2),
(43, '2020_10_15_173645_create_follow_table', 2),
(46, '2020_10_17_100606_create_badges_table', 3),
(47, '2020_10_08_121848_create_reserve_meetings_table', 4),
(48, '2020_10_20_193013_update_users_table', 5),
(50, '2020_10_18_220323_convert_creatore_user_id_to_creator_id', 7),
(51, '2020_10_22_153502_create_cart_table', 7),
(52, '2020_10_22_154636_create_orders_table', 7),
(53, '2020_10_22_155930_create_order_items_table', 7),
(54, '2020_10_23_204203_create_sales_table', 7),
(55, '2020_10_23_211459_create_accounting_table', 7),
(56, '2020_10_23_213515_create_discounts_table', 7),
(57, '2020_10_23_213934_create_discount_users_table', 7),
(58, '2020_10_23_235444_create_ticket_users_table', 7),
(59, '2020_10_25_172331_create_groups_table', 7),
(60, '2020_10_25_172523_create_group_users_table', 7),
(62, '2020_11_02_202754_edit_email_in_users_table', 8),
(63, '2020_11_03_200314_edit_some_tables', 9),
(64, '2020_11_06_193300_create_settings_table', 10),
(67, '2020_11_09_202533_create_feature_webinars_table', 11),
(68, '2020_11_10_193459_edit_webinars_table', 12),
(69, '2020_11_11_203344_create_trend_categories_table', 13),
(72, '2020_11_11_222833_create_blog_categories_table', 14),
(75, '2020_11_11_231204_create_blog_table', 15),
(76, '2020_10_25_223247_add_sub_title_tickets_table', 16),
(77, '2020_10_28_001340_add_count_in_discount_users_table', 16),
(78, '2020_10_28_221509_create_payment_channels_table', 16),
(79, '2020_11_01_120909_change_class_name_enum_payment_channels_table', 16),
(80, '2020_11_07_233948_add_some_raw_in_order_items__table', 16),
(81, '2020_11_10_061350_add_discount_id_in_order_items_table', 16),
(82, '2020_11_10_071651_decimal_orders_order_items_sales_table', 16),
(83, '2020_11_11_193138_change_reference_id_type_in_orders_tabel', 16),
(84, '2020_11_11_222413_change_meeting_id_to_meeting_time_id_in_order_items_table', 16),
(85, '2020_11_11_225421_add_locked_at_and_reserved_at_and_change_request_time_to_day_in_reserve_meetings_table', 17),
(86, '2020_11_12_000116_add_type_in_orders_table', 17),
(87, '2020_11_12_001912_change_meeting_id_to_meeting_time_id_in_accounting_table', 17),
(88, '2020_11_12_133009_decimal_paid_amount_in_reserve_meetings_table', 17),
(91, '2020_11_12_170109_add_blog_id_to_comments_table', 18),
(98, '2020_11_14_201228_add_bio_and_ban_to_users_table', 20),
(99, '2020_11_14_224447_create_users_badges_table', 21),
(100, '2020_11_14_233319_create_payout_request_table', 22),
(101, '2020_11_15_010622_change_byer_id_and_add_seller_id_in_sales_table', 22),
(102, '2020_11_16_195009_create_supports_table', 22),
(103, '2020_11_16_201814_create_support_departments_table', 22),
(107, '2020_11_16_202254_create_supports_table', 23),
(109, '2020_11_17_192744_create_support_conversations_table', 24),
(110, '2020_11_17_072348_create_offline_payments_table', 25),
(111, '2020_11_19_191943_add_replied_status_to_comments_table', 25),
(114, '2020_11_20_215748_create_subscribes_table', 26),
(115, '2020_11_21_185519_create_notification_templates_table', 27),
(116, '2020_11_22_210832_create_promotions_table', 28),
(118, '2020_11_23_194153_add_status_column_to_discounts_table', 29),
(119, '2020_11_23_213532_create_users_occupations_table', 30),
(120, '2020_11_30_220855_change_amount_in_payouts_table', 31),
(121, '2020_11_30_231334_add_pay_date_in_offline_payments_table', 31),
(122, '2020_11_30_233018_add_charge_enum_in_type_in_orders_table', 31),
(123, '2020_12_01_193948_create_testimonials_table', 32),
(124, '2020_12_02_202043_edit_and_add_types_to_webinars_table', 33),
(128, '2020_12_04_204048_add_column_creator_id_to_some_tables', 34),
(129, '2020_12_05_205320_create_text_lessons_table', 35),
(130, '2020_12_05_210052_create_text_lessons_attachments_table', 36),
(131, '2020_12_06_215701_add_order_column_to_webinar_items_tables', 37),
(132, '2020_12_11_114844_add_column_storage_to_files_table', 38),
(133, '2020_12_07_211009_add_subscribe_id_in_order_items_table', 39),
(134, '2020_12_07_211657_nullable_payment_method_in_orders_table', 39),
(135, '2020_12_07_212306_add_subscribe_enum__type_in_orders_table', 39),
(136, '2020_12_07_223237_changes_in_sales_table', 39),
(137, '2020_12_07_224925_add_subscribe_id_in_accounting_table', 39),
(138, '2020_12_07_230200_create_subscribe_uses_table', 39),
(139, '2020_12_11_123209_add_subscribe_type_account_in_accounting_table', 39),
(140, '2020_12_11_132819_add_sale_id_in_subscribe_use_in_subscribe_uses_table', 39),
(141, '2020_12_11_135824_add_subscribe_payment_method_in_sales_table', 39),
(143, '2020_12_13_205751_create_advertising_banners_table', 41),
(145, '2020_12_14_204251_create_become_instructors_table', 42),
(146, '2020_11_12_232207_create_reports_table', 43),
(147, '2020_11_12_232207_create_comments_reports_table', 44),
(148, '2020_12_17_210822_create_webinar_reports_table', 45),
(150, '2020_12_18_181551_create_notifications_table', 46),
(151, '2020_12_18_195833_create_notifications_status_table', 47),
(152, '2020_12_19_195152_add_status_column_to_payment_channels_table', 48),
(154, '2020_12_20_231434_create_contacts_table', 49),
(155, '2020_12_21_210345_edit_quizzes_table', 50),
(156, '2020_12_24_221715_add_column_to_users_table', 50),
(157, '2020_12_24_084728_create_special_offers_table', 51),
(158, '2020_12_25_204545_add_promotion_enum_type_in_orders_table', 51),
(159, '2020_12_25_205139_add_promotion_id_in_order_items_table', 51),
(160, '2020_12_25_205811_add_promotion_id_in_accounting_table', 51),
(161, '2020_12_25_210341_add_promotion_id_in_sales_table', 51),
(162, '2020_12_25_212453_add_promotion_type_account_enum_in_accounting_table', 51),
(163, '2020_12_25_231005_add_promotion_type_enum_in_sales_table', 51),
(166, '2020_12_29_192943_add_column_reply_to_contacts_table', 53),
(167, '2020_12_30_225001_create_payu_transactions_table', 54),
(168, '2021_01_06_202649_edit_column_password_from_users_table', 55),
(169, '2021_01_08_134022_add_api_column_to_sessions_table', 56),
(170, '2021_01_10_215540_add_column_store_type_to_accounting', 57),
(173, '2021_01_13_214145_edit_carts_table', 58),
(174, '2021_01_13_230725_delete_column_type_from_orders_table', 59),
(175, '2021_01_20_214653_add_discount_column_to_reserve_meetings_table', 60),
(177, '2021_01_27_193915_add_foreign_key_to_support_conversations_table', 61),
(178, '2021_02_02_203821_add_viewed_at_column_to_comments_table', 62),
(180, '2021_02_12_134504_add_financial_approval_column_to_users_table', 64),
(181, '2021_02_12_131916_create_verifications_table', 65),
(182, '2021_02_15_221518_add_certificate_to_users_table', 66),
(183, '2021_02_16_194103_add_cloumn_private_to_webinars_table', 66),
(184, '2021_02_18_213601_edit_rates_column_webinar_reviews_table', 67),
(188, '2021_02_27_212131_create_noticeboards_table', 68),
(189, '2021_02_27_213940_create_noticeboards_status_table', 68),
(191, '2021_02_28_195025_edit_groups_table', 69),
(192, '2021_03_06_205221_create_newsletters_table', 70),
(193, '2021_03_12_105526_add_is_main_column_to_roles_table', 71),
(194, '2021_03_12_202441_add_description_column_to_feature_webinars_table', 72),
(195, '2021_03_18_130248_edit_status_column_from_supports_table', 73),
(196, '2021_03_19_113306_add_column_order_to_categories_table', 74),
(197, '2021_03_19_115939_add_column_order_to_filter_options_table', 75),
(199, '2021_03_24_100005_edit_discounts_table', 76),
(200, '2021_03_27_204551_create_sales_status_table', 77),
(202, '2021_03_28_182558_add_column_page_to_settings_table', 78),
(206, '2021_03_31_195835_add_new_status_in_reserve_meetings_table', 79),
(207, '2020_12_12_204705_create_course_learning_table', 80),
(208, '2021_04_19_195452_add_meta_description_column_to_blog_table', 81),
(209, '2021_04_21_200131_add_icon_column_to_categories_table', 82),
(210, '2021_04_21_203746_add_is_popular_column_to_subscribes_table', 83),
(211, '2021_04_25_203955_add_is_charge_account_column_to_order_items', 84),
(212, '2021_04_25_203955_add_is_charge_account_column_to_orders', 85),
(213, '2021_05_13_111720_add_moderator_secret_column_to_sessions_table', 86),
(214, '2021_05_13_123920_add_zoom_id_column_to_sessions_table', 87),
(215, '2021_05_14_182848_create_session_reminds_table', 88),
(217, '2021_05_25_193743_create_users_zoom_api_table', 89),
(218, '2021_05_25_205716_add_new_column_to_sessions_table', 90),
(219, '2021_05_27_095128_add_user_id_to_newsletters_table', 91),
(220, '2020_12_27_192459_create_pages_table', 92),
(221, '2021_07_03_222439_add_special_offer_id_to_cart_table', 93),
(222, '2021_09_02_101422_add_payment_data_to_orders_table', 94),
(223, '2021_09_02_110519_add_sender_id_to_notifications_table', 95),
(224, '2021_09_06_113524_create_webinar_chapters_table', 96),
(228, '2021_09_06_114459_add_chapter_id_to_files_table', 97),
(229, '2021_09_06_114532_add_chapter_id_to_text_lessons_table', 97),
(230, '2021_09_06_114547_add_chapter_id_to_sessions_table', 97),
(231, '2021_09_13_134659_add_chapter_id_to_quizzes_table', 98),
(234, '2021_09_14_122505_create_affiliates_table', 100),
(235, '2021_09_14_122117_create_affiliates_codes_table', 101),
(239, '2021_09_14_142927_add_affiliate_column_to_users_table', 105),
(241, '2021_09_14_142302_add_affiliate_column_to_accounting_table', 106),
(244, '2021_09_18_155914_create_blog_translations_table', 107),
(246, '2021_09_19_190400_create_page_translations_table', 108),
(248, '2021_09_19_203526_create_setting_translations_table', 109),
(250, '2021_09_20_140241_create_advertising_banners_translations_table', 110),
(252, '2021_09_20_175518_create_category_translations_table', 111),
(255, '2021_09_20_184724_create_filter_translations_table', 112),
(256, '2021_09_20_185132_create_filter_option_translations_table', 112),
(258, '2021_09_21_160650_create_subscribe_translations_table', 113),
(260, '2021_09_21_162922_create_promotion_translations_table', 114),
(262, '2021_09_21_164954_create_testimonial_translations_table', 115),
(264, '2021_09_21_182251_create_feature_webinar_translations_table', 116),
(266, '2021_09_21_184239_create_certificate_template_translations_table', 117),
(268, '2021_09_21_195731_create_support_department_translations_table', 118),
(270, '2021_09_21_201512_create_badge_translations_table', 119),
(272, '2021_09_22_120723_create_webinar_translations_table', 120),
(274, '2021_09_22_135518_create_ticket_translations_table', 121),
(276, '2021_09_22_144342_create_webinar_chapter_translations_table', 122),
(278, '2021_09_22_162502_create_session_translations_table', 123),
(280, '2021_09_22_172309_create_file_translations_table', 124),
(282, '2021_09_22_173500_create_faq_translations_table', 125),
(284, '2021_09_23_094903_create_text_lesson_translations_table', 126),
(286, '2021_09_27_194537_create_quiz_translations_table', 127),
(288, '2021_09_28_112529_create_quiz_question_translations_table', 128),
(290, '2021_09_28_122513_create_quizzes_questions_answer_translations_table', 129),
(291, '2021_12_03_103010_add_agora_session_api_to_sessions_table', 130),
(292, '2021_12_03_103558_add_agora_to_sessions_table', 131),
(293, '2021_12_03_114009_create_agora_history_table', 132),
(295, '2021_12_04_183524_create_regions_table', 133),
(298, '2021_12_25_151304_add_new_column_to_meetings_table', 135),
(299, '2021_12_26_142304_add_new_column_to_meeting_times_table', 136),
(302, '2022_01_01_162247_add_new_column_to_reserve_meetings_table', 137),
(305, '2022_01_02_142927_create_rewards_table', 138),
(307, '2022_01_03_153517_create_rewards_accounting_table', 139),
(308, '2022_01_04_161756_add_score_column_to_badges_table', 140),
(309, '2022_01_04_165147_add_points_column_to_webinars_table', 141),
(312, '2022_01_08_154504_edit_storage_column_and_add_new_value_to_files_table', 142),
(313, '2022_01_11_162839_add_timezone_column_to_users_table', 143),
(314, '2022_01_12_142238_add_timezone_column_to_webinars_table', 144),
(315, '2022_01_15_131828_create_registration_packages_table', 145),
(319, '2022_01_15_203133_edit_columns_in_accounting_table', 146),
(320, '2022_01_16_102825_edit_columns_in_order_items_table', 147),
(321, '2022_01_17_152605_add_registration_package_id_to_sales_table', 148),
(322, '2022_01_18_103414_create_users_registration_packages_table', 149),
(323, '2022_01_18_113331_create_groups_registration_packages_table', 150),
(325, '2022_01_20_110119_add_become_instructor_id_column_to_order_items_table', 152),
(326, '2022_01_18_160228_add_column_role_to_become_instructors_table', 153),
(327, '2022_01_26_080434_add_reserve_date_columns_to_reserve_meetings_table', 154),
(328, '2022_01_28_094259_edit_column_in_discounts_table', 155),
(329, '2022_01_28_094515_create_discount_courses_table', 155),
(330, '2022_01_28_094527_create_discount_groups_table', 155),
(331, '2022_01_31_093231_add_column_description_to_meeting_times_table', 156),
(332, '2022_01_31_093306_add_column_description_to_reserve_meetings_table', 156),
(334, '2022_02_01_092922_create_newsletters_history_table', 157),
(335, '2022_02_01_104529_create_discount_categories_table', 158),
(337, '2022_02_02_092820_add_attachment_column_to_offline_payments_table', 159),
(339, '2022_02_02_184235_add_column_video_demo_source_to_webinars_table', 160),
(340, '2021_12_05_193333_add_new_column_to_users_table', 161),
(341, '2022_02_27_072819_add_forign_key_for_region_to_users_table', 162),
(347, '2022_03_05_123830_create_product_categories_table', 163),
(348, '2022_03_05_125138_create_product_filters_table', 163),
(350, '2022_03_06_091528_create_product_filter_options_table', 163),
(351, '2022_03_07_081257_create_product_specifications_table', 164),
(353, '2022_03_07_081808_create_product_specification_categories_table', 165),
(357, '2022_03_05_125434_create_products_table', 166),
(358, '2022_03_07_093128_create_product_discounts_table', 166),
(362, '2022_03_08_101832_create_product_media_table', 167),
(363, '2022_03_09_054031_create_product_selected_filter_options_table', 168),
(364, '2022_03_09_083337_create_product_specification_meta_table', 169),
(369, '2022_03_09_084108_create_product_selected_specifications_table', 170),
(370, '2022_03_09_140558_create_product_faqs_table', 171),
(374, '2022_03_11_180436_create_product_reviews_table', 174),
(375, '2022_03_11_182715_add_product_id_to_comments_reports_table', 175),
(376, '2022_03_08_094452_create_product_files_table', 176),
(377, '2022_03_11_180746_add_product_id_to_comments_table', 177),
(378, '2022_03_12_102233_add_new_position_to_advertising_banners_table', 178),
(383, '2022_03_13_072108_add_product_id_to_sales_table', 179),
(385, '2022_03_13_081212_create_product_orders_table', 180),
(386, '2022_03_19_171559_create_product_selected_specification_translations_table', 181),
(387, '2022_03_21_161055_add_create_store_column_to_users_table', 182),
(388, '2022_03_26_065509_add_new_type_to_rewards_table', 183),
(389, '2022_03_28_051949_add_product_count_column_to_registration_packages_table', 184),
(391, '2022_03_28_054322_add_product_type_column_to_discounts_table', 185),
(392, '2022_03_28_062248_edit_type_column_of_rewards_accounting_table', 186),
(393, '2022_03_28_083906_edit_type_column_to_badges_table', 187),
(394, '2022_04_02_051515_create_webinar_chapter_items_table', 188),
(395, '2022_04_02_085059_remove_type_column_from_webinar_chapters_table', 189),
(396, '2022_04_02_131352_add_check_sequence_content_fields_to_contents_tables', 190),
(399, '2022_04_04_075541_add_assignment_type_to_webinar_chapter_items_table', 192),
(400, '2022_04_04_071203_create_webinar_assignments_table', 193),
(401, '2022_04_04_071303_create_webinar_assignment_attachments_table', 193),
(405, '2022_04_05_053308_create_webinar_assignment_history_table', 194),
(406, '2022_04_05_060030_create_webinar_assignment_history_messages_table', 194),
(407, '2022_04_06_121240_add_new_type_passed_assignment_to_rewards_table', 195),
(408, '2022_04_09_064609_add_access_content_column_to_users_table', 196),
(409, '2022_04_10_073822_create_bundles_table', 197),
(410, '2022_04_10_092348_create_bundle_filter_option_table', 198),
(413, '2022_04_10_130733_create_bundle_webinars_table', 200),
(421, '2022_04_10_093457_add_bundle_id_to_needle_tables', 201),
(422, '2022_04_12_153052_add_access_time_to_webinars_table', 202),
(423, '2022_04_13_053947_create_course_noticeboards_table', 203),
(424, '2022_04_13_054536_create_course_noticeboard_status_table', 203),
(425, '2022_04_13_130155_add_column_forum_to_webinars_table', 204),
(427, '2022_04_14_060606_create_course_forums_table', 205),
(428, '2022_04_14_063316_create_course_forum_answers_table', 206),
(447, '2022_04_21_133513_add_new_type_in_rewards_table', 216),
(448, '2022_04_21_135212_add_new_type_in_badges_table', 217),
(449, '2022_04_24_081637_add_new_type_instructor_blog_in_rewards_table', 218),
(450, '2022_04_24_082515_add_new_type_instructor_blog_in_badges_table', 219),
(452, '2022_04_25_043945_create_users_cookie_security_table', 220),
(453, '2022_04_25_143142_add_organization_price__column_to_webinars_table', 221),
(454, '2022_04_25_165256_add_image_and_video_to_quizzes_questions_table', 222),
(456, '2022_04_26_060018_edit_certificates_templates_table', 223),
(458, '2022_04_26_082017_edit_certificates_table', 224),
(459, '2022_04_26_155421_create_subscribe_reminds_table', 225),
(460, '2022_04_26_163428_add_instructor_id_to_noticeboards_table', 226),
(461, '2022_04_27_133655_add_unlimited_download_to_subscribes_table', 227),
(462, '2022_04_27_133655_add_infinite_use_to_subscribes_table', 228),
(463, '2022_04_27_140844_add_extra_time_to_join_to_sessions_table', 229),
(464, '2022_04_28_052318_create_webinar_extra_description_table', 230),
(466, '2022_05_09_125820_create_navbar_buttons_table', 232),
(467, '2021_06_07_000000_create_payku_transactions_table', 233),
(468, '2021_06_07_000001_create_payku_payments_table', 233),
(469, '2021_11_30_122831_create_jazzcash_transactions_table', 233),
(470, '2021_12_15_000000_add_new_columns_to_tables', 233),
(471, '2022_05_23_081324_create_product_specification_multi_values_table', 234),
(472, '2022_05_23_091527_create_product_selected_specification_multi_values_table', 235),
(475, '2022_05_23_151601_add_product_delivery_fee_column_to_sales_table', 236),
(476, '2022_04_18_103856_create_forums_table', 237),
(477, '2022_04_18_152201_create_forum_topics_table', 237),
(478, '2022_04_18_152845_create_forum_topic_attachments_table', 237),
(479, '2022_04_19_071911_create_forum_topic_posts_table', 237),
(480, '2022_04_19_123745_create_forum_topic_reports_table', 237),
(481, '2022_04_19_135314_create_forum_topic_bookmarks_table', 237),
(482, '2022_04_19_152929_create_forum_topic_likes_table', 237),
(483, '2022_04_20_152756_create_forum_featured_topics_table', 237),
(484, '2022_04_21_054043_create_forum_recommended_topics_table', 237),
(485, '2022_04_21_054815_create_forum_recommended_topic_items_table', 237),
(486, '2022_05_26_085212_change_some_column_varchar_to_text', 238),
(487, '2022_05_27_142612_add_avarat_settings_to_users_table', 239),
(489, '2022_05_01_151107_add_manual_added_column_to_sales_table', 240),
(490, '2022_05_29_162315_create_delete_account_requests_table', 241),
(491, '2020_10_20_211927_create_users_metas_table', 242),
(492, '2022_05_31_133347_add_certificate_column_to_webinars_table', 243),
(494, '2022_05_31_165839_add_online_viewer_column_to_files_table', 244),
(495, '2022_06_08_071712_create_home_sections_table', 245),
(496, '2022_10_14_074434_add_reserve_meeting_id_to_sessions_table', 246),
(497, '2022_12_25_082946_add_logged_count_column_to_users_table', 247),
(498, '2022_12_26_064214_add_new_column_to_quizzes_table', 247),
(499, '2022_12_27_064800_add_column_url_to_categories_table', 247),
(500, '2023_01_02_085731_create_upcoming_courses_table', 248),
(501, '2023_01_09_065436_create_installments_table', 249),
(502, '2023_01_14_144421_create_installment_orders_table', 250),
(503, '2023_01_18_064141_create_floating_bars_table', 251),
(504, '2023_01_18_145605_create_cashback_rules_table', 252),
(505, '2023_01_21_075422_add_column_to_accounting_table', 253),
(506, '2023_01_24_141128_create_currencies_table', 254),
(507, '2023_01_25_090622_add_currency_column_to_users', 254),
(508, '2023_01_25_104531_edit_price_column_tables', 254),
(509, '2023_01_25_145647_add_column_to_payment_channels_table', 254),
(510, '2023_01_29_074044_create_installment_reminders_table', 255),
(511, '2023_02_06_135446_add_new_columns_to_special_offers_table', 256),
(512, '2023_02_07_141617_create_discount_bundles_table', 257),
(513, '2023_02_07_152101_add_new_columns_to_users_zoom_api_table', 258),
(514, '2023_02_08_140023_create_home_page_statistics_table', 259),
(515, '2023_02_11_135759_add_enable_waitlist_column_to_webinars_table', 260),
(516, '2023_02_11_144743_create_waitlists_table', 261),
(518, '2023_02_13_134648_create_offline_banks_table', 262),
(520, '2023_02_14_144003_create_user_banks_table', 263),
(523, '2023_02_15_140227_create_test_table', 264),
(524, '2023_02_15_151458_add_new_storage_to_files_table', 265),
(528, '2023_02_20_141047_create_gifts_table', 266),
(529, '2023_02_27_065823_add_enable_registration_bonus_to_users_table', 267),
(530, '2023_03_05_075231_add_installment_order_id_to_accounting_table', 267),
(531, '2023_03_08_095345_edit_payouts_table', 268),
(532, '2023_03_10_143238_edit_column_in_quizzes_table', 269),
(533, '2023_03_12_110714_edit_column_in_order_items_table', 270),
(534, '2023_03_13_120634_edit_price_column_in_promotions_table', 271),
(535, '2023_03_13_135747_add_price_column_to_installment_orders_table', 271),
(536, '2019_08_19_000000_create_failed_jobs_table', 272),
(537, '2019_12_14_000001_create_personal_access_tokens_table', 272),
(538, '2023_05_02_150757_create_selected_installments_table', 272),
(539, '2023_06_09_072812_create_forms_table', 272),
(540, '2023_06_09_084907_create_form_fields_table', 272),
(541, '2023_06_11_123736_create_form_submissions_table', 272),
(542, '2023_06_13_115235_create_user_form_fields_table', 272),
(543, '2023_08_13_145531_create_ai_content_templates_table', 272),
(544, '2023_08_17_065609_create_ai_contents_table', 272),
(545, '2023_09_12_102852_add_ai_content_limitation_column_to_users_table', 272),
(546, '2023_09_12_103623_add_ai_content_access_column_to_registration_packages_table', 272);

-- --------------------------------------------------------

--
-- Table structure for table `navbar_buttons`
--

CREATE TABLE `navbar_buttons` (
  `id` int(10) UNSIGNED NOT NULL,
  `role_id` int(10) UNSIGNED DEFAULT NULL,
  `for_guest` tinyint(1) NOT NULL DEFAULT 0
) ENGINE=InnoDB DEFAULT CHARSET=utf8mb4 COLLATE=utf8mb4_unicode_ci;

--
-- Dumping data for table `navbar_buttons`
--

INSERT INTO `navbar_buttons` (`id`, `role_id`, `for_guest`) VALUES
(1, 1, 0),
(2, 2, 0),
(3, 4, 0),
(4, 3, 0),
(6, NULL, 1);

-- --------------------------------------------------------

--
-- Table structure for table `navbar_button_translations`
--

CREATE TABLE `navbar_button_translations` (
  `id` int(10) UNSIGNED NOT NULL,
  `navbar_button_id` int(10) UNSIGNED NOT NULL,
  `locale` varchar(255) COLLATE utf8mb4_unicode_ci NOT NULL,
  `title` varchar(255) COLLATE utf8mb4_unicode_ci NOT NULL,
  `url` varchar(255) COLLATE utf8mb4_unicode_ci NOT NULL
) ENGINE=InnoDB DEFAULT CHARSET=utf8mb4 COLLATE=utf8mb4_unicode_ci;

--
-- Dumping data for table `navbar_button_translations`
--

INSERT INTO `navbar_button_translations` (`id`, `navbar_button_id`, `locale`, `title`, `url`) VALUES
(1, 1, 'en', 'Become instructor', '/become-instructor'),
(2, 1, 'ar', 'أصبح مدربا', '/become-instructor'),
(3, 1, 'es', 'Convertirse en instructora', '/become-instructor'),
(4, 2, 'en', 'Admin panel', '/admin'),
(5, 3, 'en', 'Create a new course', '/panel/webinars/new'),
(6, 3, 'es', 'Crear un nuevo curso', '/panel/webinars/new'),
(7, 3, 'ar', 'أنشئ دورة جديدة', '/panel/webinars/new'),
(8, 4, 'en', 'Create a new course', '/panel/webinars/new'),
(9, 4, 'es', 'Crear un nuevo curso', '/panel/webinars/new'),
(10, 4, 'ar', 'أنشئ دورة جديدة', '/panel/webinars/new'),
(11, 6, 'en', 'Start learning', '/login');

-- --------------------------------------------------------

--
-- Table structure for table `newsletters`
--

CREATE TABLE `newsletters` (
  `id` int(10) UNSIGNED NOT NULL,
  `user_id` int(10) UNSIGNED DEFAULT NULL,
  `email` varchar(255) COLLATE utf8mb4_unicode_ci NOT NULL,
  `created_at` int(10) UNSIGNED NOT NULL
) ENGINE=InnoDB DEFAULT CHARSET=utf8mb4 COLLATE=utf8mb4_unicode_ci;

--
-- Dumping data for table `newsletters`
--

INSERT INTO `newsletters` (`id`, `user_id`, `email`, `created_at`) VALUES
(8, 995, 'cameronschofield@gmail.com', 1625090411),
(9, 1017, 'a.pmelaa@gmail.com', 1646389129),
(10, 996, 'robert2002@gmail.com', 1646414262),
(11, NULL, 'bkjDil.pmwjwpq@pointel.xyz', 1700465152),
(12, NULL, 'XUWTHr.cmmddbp@borasca.xyz', 1702126484),
(13, NULL, 'qXHYOV.mtjjwqm@flexduck.click', 1703217137),
(14, NULL, 'dwzbLj.hmmdwmd@bakling.click', 1703475574),
(15, NULL, 'OhdcDx.cjpdcbt@sandcress.xyz', 1705046876),
(16, NULL, 'YHmBJj.qqttqmp@chilgoza.buzz', 1706661305),
(17, NULL, 'MTesUF.qmqbhcp@chilgoza.buzz', 1706878962);

-- --------------------------------------------------------

--
-- Table structure for table `newsletters_history`
--

CREATE TABLE `newsletters_history` (
  `id` int(10) UNSIGNED NOT NULL,
  `title` varchar(255) COLLATE utf8mb4_unicode_ci NOT NULL,
  `description` longtext COLLATE utf8mb4_unicode_ci NOT NULL,
  `send_method` enum('send_to_all','send_to_bcc','send_to_excel') COLLATE utf8mb4_unicode_ci NOT NULL,
  `bcc_email` varchar(255) COLLATE utf8mb4_unicode_ci DEFAULT NULL,
  `email_count` int(11) DEFAULT NULL,
  `created_at` bigint(20) NOT NULL
) ENGINE=InnoDB DEFAULT CHARSET=utf8mb4 COLLATE=utf8mb4_unicode_ci;

--
-- Dumping data for table `newsletters_history`
--

INSERT INTO `newsletters_history` (`id`, `title`, `description`, `send_method`, `bcc_email`, `email_count`, `created_at`) VALUES
(1, 'Black Friday OFF', '<p>Hello,</p><p>Be sure to check our Black Friday discounts.</p><p>Regards.</p>', 'send_to_all', NULL, 2, 1646389249);

-- --------------------------------------------------------

--
-- Table structure for table `noticeboards`
--

CREATE TABLE `noticeboards` (
  `id` int(10) UNSIGNED NOT NULL,
  `organ_id` int(10) UNSIGNED DEFAULT NULL,
  `instructor_id` int(10) UNSIGNED DEFAULT NULL,
  `webinar_id` int(10) UNSIGNED DEFAULT NULL,
  `user_id` int(10) UNSIGNED DEFAULT NULL,
  `type` enum('all','organizations','students','instructors','students_and_instructors') COLLATE utf8mb4_unicode_ci NOT NULL,
  `sender` varchar(255) COLLATE utf8mb4_unicode_ci DEFAULT NULL,
  `title` varchar(255) COLLATE utf8mb4_unicode_ci NOT NULL,
  `message` text COLLATE utf8mb4_unicode_ci NOT NULL,
  `created_at` int(10) UNSIGNED NOT NULL
) ENGINE=InnoDB DEFAULT CHARSET=utf8mb4 COLLATE=utf8mb4_unicode_ci;

--
-- Dumping data for table `noticeboards`
--

INSERT INTO `noticeboards` (`id`, `organ_id`, `instructor_id`, `webinar_id`, `user_id`, `type`, `sender`, `title`, `message`, `created_at`) VALUES
(10, NULL, NULL, NULL, NULL, 'all', 'Staff', 'Top summer classes', '<p>You can find top summer courses on the platform homepage and get all of them with 50% discount by using \"mysummer\" discount coupon.</p>', 1625921717),
(11, NULL, NULL, NULL, NULL, 'instructors', 'Staff', 'Instructor terms of services changed', '<p>Instructors terms of services changed on July 17. You can read terms on the terms page.</p>', 1625921872),
(12, NULL, NULL, NULL, NULL, 'all', 'Staff', 'New Year Sales Festival', '<p>Due to the New Year Festival, users who buy more than $ 200 will be given a 20% discount code.</p>', 1626132374),
(13, 867, NULL, NULL, NULL, 'students_and_instructors', 'Light Moon', 'New Class Published', '\"Effective Time Management\" Live Class <font color=\"#6ba54a\" style=\"\">Published</font>, for getting the final certificate it is necessary to Enroll in this class.', 1626165028),
(14, 867, NULL, NULL, NULL, 'students_and_instructors', 'Light Moon', 'New Private Course Published', '<p>Dear students and instructors. Travel Management Course published privately for you. please enroll on this course<br></p>', 1626235132);

-- --------------------------------------------------------

--
-- Table structure for table `noticeboards_status`
--

CREATE TABLE `noticeboards_status` (
  `id` int(10) UNSIGNED NOT NULL,
  `user_id` int(10) UNSIGNED NOT NULL,
  `noticeboard_id` int(10) UNSIGNED NOT NULL,
  `seen_at` int(10) UNSIGNED NOT NULL
) ENGINE=InnoDB DEFAULT CHARSET=utf8mb4 COLLATE=utf8mb4_unicode_ci;

--
-- Dumping data for table `noticeboards_status`
--

INSERT INTO `noticeboards_status` (`id`, `user_id`, `noticeboard_id`, `seen_at`) VALUES
(5, 995, 13, 1626165137),
(6, 1015, 13, 1626165555),
(7, 1015, 11, 1626204347),
(8, 995, 14, 1688379867);

-- --------------------------------------------------------

--
-- Table structure for table `notifications`
--

CREATE TABLE `notifications` (
  `id` int(10) UNSIGNED NOT NULL,
  `user_id` int(10) UNSIGNED DEFAULT NULL,
  `sender_id` int(10) UNSIGNED DEFAULT NULL,
  `group_id` int(10) UNSIGNED DEFAULT NULL,
  `webinar_id` int(10) UNSIGNED DEFAULT NULL,
  `title` varchar(255) COLLATE utf8mb4_unicode_ci NOT NULL,
  `message` text COLLATE utf8mb4_unicode_ci NOT NULL,
  `sender` enum('system','admin') COLLATE utf8mb4_unicode_ci DEFAULT 'system',
  `type` enum('single','all_users','students','instructors','organizations','group','course_students') COLLATE utf8mb4_unicode_ci NOT NULL,
  `created_at` int(10) UNSIGNED NOT NULL
) ENGINE=InnoDB DEFAULT CHARSET=utf8mb4 COLLATE=utf8mb4_unicode_ci ROW_FORMAT=DYNAMIC;

--
-- Dumping data for table `notifications`
--

INSERT INTO `notifications` (`id`, `user_id`, `sender_id`, `group_id`, `webinar_id`, `title`, `message`, `sender`, `type`, `created_at`) VALUES
(1263, 1016, NULL, NULL, NULL, 'Course created', '<p>you create new course&nbsp;with Title Become a Product Manager</p>', 'system', 'single', 1624870230),
(1264, 1016, NULL, NULL, NULL, 'Course created', '<p>you create new course&nbsp;with Title Become a Product Manager</p>', 'system', 'single', 1624872525),
(1265, 1016, NULL, NULL, NULL, 'Course approve', '<p>your course with title Become a Product Manager approved</p>', 'system', 'single', 1624904613),
(1266, 1016, NULL, NULL, NULL, 'Course created', '<p>you create new course&nbsp;with Title Become a Product Manager</p>', 'system', 'single', 1624907184),
(1267, 1016, NULL, NULL, NULL, 'Course approve', '<p>your course with title Become a Product Manager approved</p>', 'system', 'single', 1624907798),
(1268, 1016, NULL, NULL, NULL, 'Course created', '<p>you create new course&nbsp;with Title Become a Product Manager</p>', 'system', 'single', 1624908934),
(1269, 1016, NULL, NULL, NULL, 'Course approve', '<p>your course with title Become a Product Manager approved</p>', 'system', 'single', 1624908947),
(1270, 1016, NULL, NULL, NULL, 'Course created', '<p>you create new course&nbsp;with Title Become a Product Manager</p>', 'system', 'single', 1624911781),
(1271, 1016, NULL, NULL, NULL, 'Course approve', '<p>your course with title Become a Product Manager approved</p>', 'system', 'single', 1624911801),
(1272, 1016, NULL, NULL, NULL, 'Course approve', '<p>your course with title Become a Product Manager approved</p>', 'system', 'single', 1624942128),
(1273, 1016, NULL, NULL, NULL, 'Course created', '<p>you create new course&nbsp;with Title Become a Product Manager</p>', 'system', 'single', 1624942267),
(1274, 1016, NULL, NULL, NULL, 'Course approve', '<p>your course with title Become a Product Manager approved</p>', 'system', 'single', 1624942277),
(1275, 1016, NULL, NULL, NULL, 'Course approve', '<p>your course with title Become a Product Manager approved</p>', 'system', 'single', 1624942627),
(1276, 1015, NULL, NULL, NULL, 'Course created', '<p>you create new course&nbsp;with Title Learn Linux in 5 Days</p>', 'system', 'single', 1624945432),
(1277, 1015, NULL, NULL, NULL, 'Course approve', '<p>your course with title Learn Linux in 5 Days approved</p>', 'system', 'single', 1624945452),
(1278, 934, NULL, NULL, NULL, 'Course created', '<p>you create new course&nbsp;with Title Learn Python Programming</p>', 'system', 'single', 1624957035),
(1279, 934, NULL, NULL, NULL, 'Course approve', '<p>your course with title Learn Python Programming approved</p>', 'system', 'single', 1624957054),
(1280, 934, NULL, NULL, NULL, 'Course approve', '<p>your course with title Learn Python Programming approved</p>', 'system', 'single', 1624959946),
(1281, 1015, NULL, NULL, NULL, 'Course created', '<p>you create new course&nbsp;with Title Excel from Beginner to Advanced</p>', 'system', 'single', 1624966729),
(1282, 1015, NULL, NULL, NULL, 'Course approve', '<p>your course with title Excel from Beginner to Advanced approved</p>', 'system', 'single', 1624966741),
(1283, 1015, NULL, NULL, NULL, 'Course created', '<p>you create new course&nbsp;with Title Excel from Beginner to Advanced</p>', 'system', 'single', 1625003468),
(1284, 1015, NULL, NULL, NULL, 'Course approve', '<p>your course with title Excel from Beginner to Advanced approved</p>', 'system', 'single', 1625003516),
(1285, 929, NULL, NULL, NULL, 'Course created', '<p>you create new course&nbsp;with Title How to Manage & Influence Your Virtual Team</p>', 'system', 'single', 1625041045),
(1286, 929, NULL, NULL, NULL, 'Course approve', '<p>your course with title How to Manage & Influence Your Virtual Team approved</p>', 'system', 'single', 1625041074),
(1287, 929, NULL, NULL, NULL, 'Course created', '<p>you create new course&nbsp;with Title How to Manage & Influence Your Virtual Team</p>', 'system', 'single', 1625043168),
(1288, 929, NULL, NULL, NULL, 'Course approve', '<p>your course with title How to Manage & Influence Your Virtual Team approved</p>', 'system', 'single', 1625043180),
(1289, 929, NULL, NULL, NULL, 'Course approve', '<p>your course with title How to Manage & Influence Your Virtual Team approved</p>', 'system', 'single', 1625043319),
(1290, 867, NULL, NULL, NULL, 'Course created', '<p>you create new course&nbsp;with Title Effective Time Management</p>', 'system', 'single', 1625046155),
(1291, 923, NULL, NULL, NULL, 'Course approve', '<p>your course with title Effective Time Management approved</p>', 'system', 'single', 1625046173),
(1292, 3, NULL, NULL, NULL, 'Course approve', '<p>your course with title Learn and Understand AngularJS approved</p>', 'system', 'single', 1625084229),
(1293, 3, NULL, NULL, NULL, 'Course created', '<p>you create new course&nbsp;with Title Learn and Understand AngularJS</p>', 'system', 'single', 1625085106),
(1294, 3, NULL, NULL, NULL, 'Course approve', '<p>your course with title Learn and Understand AngularJS approved</p>', 'system', 'single', 1625085118),
(1295, 3, NULL, NULL, NULL, 'Course approve', '<p>your course with title Learn and Understand AngularJS approved</p>', 'system', 'single', 1625088480),
(1296, 3, NULL, NULL, NULL, 'Course created', '<p>you create new course&nbsp;with Title Learn and Understand AngularJS</p>', 'system', 'single', 1625088678),
(1297, 3, NULL, NULL, NULL, 'Course approve', '<p>your course with title Learn and Understand AngularJS approved</p>', 'system', 'single', 1625088698),
(1298, 3, NULL, NULL, NULL, 'Course approve', '<p>your course with title Learn and Understand AngularJS approved</p>', 'system', 'single', 1625088760),
(1299, 863, NULL, NULL, NULL, 'Course created', '<p>you create new course&nbsp;with Title Health And Fitness Masterclass: Beginner To Advanced</p>', 'system', 'single', 1625124082),
(1300, 870, NULL, NULL, NULL, 'Course approve', '<p>your course with title Health And Fitness Masterclass approved</p>', 'system', 'single', 1625124100),
(1301, 934, NULL, NULL, NULL, 'Course created', '<p>you create new course&nbsp;with Title Learn Python Programming</p>', 'system', 'single', 1625286023),
(1302, 934, NULL, NULL, NULL, 'Course approve', '<p>your course with title Learn Python Programming approved</p>', 'system', 'single', 1625286038),
(1303, 1015, NULL, NULL, NULL, 'Course approve', '<p>your course with title Excel from Beginner to Advanced approved</p>', 'system', 'single', 1625293759),
(1304, 870, NULL, NULL, NULL, 'Course approve', '<p>your course with title Health And Fitness Masterclass approved</p>', 'system', 'single', 1625293821),
(1305, 923, NULL, NULL, NULL, 'Course approve', '<p>your course with title Effective Time Management approved</p>', 'system', 'single', 1625293844),
(1306, 864, NULL, NULL, NULL, 'Course created', '<p>you create new course&nbsp;with Title Active Listening: You Can Be a Great Listener</p>', 'system', 'single', 1625300387),
(1307, 3, NULL, NULL, NULL, 'Course approve', '<p>your course with title Active Listening: You Can Be a Great Listener approved</p>', 'system', 'single', 1625300399),
(1308, 864, NULL, NULL, NULL, 'Course created', '<p>you create new course&nbsp;with Title Active Listening: You Can Be a Great Listener</p>', 'system', 'single', 1625300598),
(1309, 3, NULL, NULL, NULL, 'Course approve', '<p>your course with title Active Listening: You Can Be a Great Listener approved</p>', 'system', 'single', 1625300612),
(1310, 870, NULL, NULL, NULL, 'Course approve', '<p>your course with title Health And Fitness Masterclass approved</p>', 'system', 'single', 1625301355),
(1311, 3, NULL, NULL, NULL, 'Course created', '<p>you create new course&nbsp;with Title Learn and Understand AngularJS</p>', 'system', 'single', 1625301679),
(1312, 3, NULL, NULL, NULL, 'Course created', '<p>you create new course&nbsp;with Title Learn and Understand AngularJS</p>', 'system', 'single', 1625301721),
(1313, 3, NULL, NULL, NULL, 'Course approve', '<p>your course with title Learn and Understand AngularJS approved</p>', 'system', 'single', 1625301754),
(1314, 1016, NULL, NULL, NULL, 'New badge', '<p>Congratilations! You received New User&nbsp;badge.</p>', 'system', 'single', 1625553784),
(1315, 1015, NULL, NULL, NULL, 'New badge', '<p>Congratilations! You received New User&nbsp;badge.</p>', 'system', 'single', 1625553799),
(1316, 934, NULL, NULL, NULL, 'New badge', '<p>Congratilations! You received New User&nbsp;badge.</p>', 'system', 'single', 1625553801),
(1317, 929, NULL, NULL, NULL, 'New badge', '<p>Congratilations! You received New User&nbsp;badge.</p>', 'system', 'single', 1625553801),
(1318, 870, NULL, NULL, NULL, 'New badge', '<p>Congratilations! You received New User&nbsp;badge.</p>', 'system', 'single', 1625553802),
(1319, 923, NULL, NULL, NULL, 'New badge', '<p>Congratilations! You received New User&nbsp;badge.</p>', 'system', 'single', 1625553802),
(1320, 3, NULL, NULL, NULL, 'New badge', '<p>Congratilations! You received New User&nbsp;badge.</p>', 'system', 'single', 1625553815),
(1321, 864, NULL, NULL, NULL, 'New badge', '<p>Congratilations! You received New User&nbsp;badge.</p>', 'system', 'single', 1625553917),
(1322, 934, NULL, NULL, NULL, 'New badge', '<p>Congratilations! You received Loyal User&nbsp;badge.</p>', 'system', 'single', 1625554209),
(1323, 929, NULL, NULL, NULL, 'New badge', '<p>Congratilations! You received Loyal User&nbsp;badge.</p>', 'system', 'single', 1625554210),
(1324, 870, NULL, NULL, NULL, 'New badge', '<p>Congratilations! You received Loyal User&nbsp;badge.</p>', 'system', 'single', 1625554210),
(1325, 923, NULL, NULL, NULL, 'New badge', '<p>Congratilations! You received Loyal User&nbsp;badge.</p>', 'system', 'single', 1625554211),
(1326, 929, NULL, NULL, NULL, 'New badge', '<p>Congratilations! You received Faitful User&nbsp;badge.</p>', 'system', 'single', 1625554498),
(1327, 870, NULL, NULL, NULL, 'New badge', '<p>Congratilations! You received Faitful User&nbsp;badge.</p>', 'system', 'single', 1625554499),
(1328, 923, NULL, NULL, NULL, 'New badge', '<p>Congratilations! You received Faitful User&nbsp;badge.</p>', 'system', 'single', 1625554499),
(1329, 1016, NULL, NULL, NULL, 'New badge', '<p>Congratilations! You received Junior Vendor&nbsp;badge.</p>', 'system', 'single', 1625554777),
(1330, 1015, NULL, NULL, NULL, 'New badge', '<p>Congratilations! You received Junior Vendor&nbsp;badge.</p>', 'system', 'single', 1625554779),
(1331, 934, NULL, NULL, NULL, 'New badge', '<p>Congratilations! You received Junior Vendor&nbsp;badge.</p>', 'system', 'single', 1625554782),
(1332, 929, NULL, NULL, NULL, 'New badge', '<p>Congratilations! You received Junior Vendor&nbsp;badge.</p>', 'system', 'single', 1625554784),
(1333, 870, NULL, NULL, NULL, 'New badge', '<p>Congratilations! You received Junior Vendor&nbsp;badge.</p>', 'system', 'single', 1625554784),
(1334, 923, NULL, NULL, NULL, 'New badge', '<p>Congratilations! You received Junior Vendor&nbsp;badge.</p>', 'system', 'single', 1625554785),
(1335, 1015, NULL, NULL, NULL, 'New badge', '<p>Congratilations! You received Senior Vendor&nbsp;badge.</p>', 'system', 'single', 1625554976),
(1336, 3, NULL, NULL, NULL, 'New badge', '<p>Congratilations! You received Faitful User&nbsp;badge.</p>', 'system', 'single', 1625558907),
(1337, 3, NULL, NULL, NULL, 'New badge', '<p>Congratilations! You received Senior Vendor&nbsp;badge.</p>', 'system', 'single', 1625558908),
(1338, 867, NULL, NULL, NULL, 'New badge', '<p>Congratilations! You received Faitful User&nbsp;badge.</p>', 'system', 'single', 1625602049),
(1339, 867, NULL, NULL, NULL, 'New badge', '<p>Congratilations! You received Junior Vendor&nbsp;badge.</p>', 'system', 'single', 1625602050),
(1340, 864, NULL, NULL, NULL, 'New badge', '<p>Congratilations! You received Faitful User&nbsp;badge.</p>', 'system', 'single', 1625635046),
(1341, 864, NULL, NULL, NULL, 'New badge', '<p>Congratilations! You received Junior Vendor&nbsp;badge.</p>', 'system', 'single', 1625635048),
(1342, 996, NULL, NULL, NULL, 'New badge', '<p>Congratilations! You received Loyal User&nbsp;badge.</p>', 'system', 'single', 1625636389),
(1343, 859, NULL, NULL, NULL, 'New badge', '<p>Congratilations! You received Faitful User&nbsp;badge.</p>', 'system', 'single', 1625642664),
(1344, 863, NULL, NULL, NULL, 'New badge', '<p>Congratilations! You received Faitful User&nbsp;badge.</p>', 'system', 'single', 1625643033),
(1345, 863, NULL, NULL, NULL, 'New badge', '<p>Congratilations! You received Junior Vendor&nbsp;badge.</p>', 'system', 'single', 1625643034),
(1346, 868, NULL, NULL, NULL, 'New badge', '<p>Congratilations! You received Faitful User&nbsp;badge.</p>', 'system', 'single', 1625643807),
(1347, 4, NULL, NULL, NULL, 'New badge', '<p>Congratilations! You received Faitful User&nbsp;badge.</p>', 'system', 'single', 1625644582),
(1348, 995, NULL, NULL, NULL, 'New badge', '<p>Congratilations! You received Loyal User&nbsp;badge.</p>', 'system', 'single', 1625681178),
(1349, 929, NULL, NULL, NULL, 'Your class created', '<p>Your class The Future of Energy successfully created. It will be published after approval.</p>', 'system', 'single', 1625685731),
(1350, 929, NULL, NULL, NULL, 'Your class approved', '<p>Your class The Future of Energy successfully approved. Now you can find it on the website.</p>', 'system', 'single', 1625685748),
(1351, 929, NULL, NULL, NULL, 'New badge', '<p>Congratilations! You received Senior Vendor&nbsp;badge.</p>', 'system', 'single', 1625685768),
(1352, 929, NULL, NULL, NULL, 'Your class approved', '<p>Your class The Future of Energy successfully approved. Now you can find it on the website.</p>', 'system', 'single', 1625685818),
(1353, 929, NULL, NULL, NULL, 'Your class approved', '<p>Your class The Future of Energy successfully approved. Now you can find it on the website.</p>', 'system', 'single', 1625685843),
(1354, 4, NULL, NULL, NULL, 'Your class created', '<p>Your class Web Design for Beginners successfully created. It will be published after approval.</p>', 'system', 'single', 1625691113),
(1355, 934, NULL, NULL, NULL, 'Your class approved', '<p>Your class Web Design for Beginners successfully approved. Now you can find it on the website.</p>', 'system', 'single', 1625691133),
(1356, 1016, NULL, NULL, NULL, 'Your class approved', '<p>Your class Become a Product Manager successfully approved. Now you can find it on the website.</p>', 'system', 'single', 1625691301),
(1357, 1016, NULL, NULL, NULL, 'Your class approved', '<p>Your class Become a Product Manager successfully approved. Now you can find it on the website.</p>', 'system', 'single', 1625692122),
(1358, 929, NULL, NULL, NULL, 'Your class approved', '<p>Your class The Future of Energy successfully approved. Now you can find it on the website.</p>', 'system', 'single', 1625692134),
(1359, 934, NULL, NULL, NULL, 'Your class approved', '<p>Your class Web Design for Beginners successfully approved. Now you can find it on the website.</p>', 'system', 'single', 1625692139),
(1360, 867, NULL, NULL, NULL, 'New badge', '<p>Congratilations! You received Senior Vendor&nbsp;badge.</p>', 'system', 'single', 1625693949),
(1361, 867, NULL, NULL, NULL, 'Your class created', '<p>Your class How to Travel Around the World on a Budget successfully created. It will be published after approval.</p>', 'system', 'single', 1625694536),
(1362, 923, NULL, NULL, NULL, 'Your class approved', '<p>Your class How to Travel Around the World on a Budget successfully approved. Now you can find it on the website.</p>', 'system', 'single', 1625694552),
(1363, 4, NULL, NULL, NULL, 'New badge', '<p>Congratilations! You received Junior Vendor&nbsp;badge.</p>', 'system', 'single', 1625694573),
(1364, 934, NULL, NULL, NULL, 'New badge', '<p>Congratilations! You received Senior Vendor&nbsp;badge.</p>', 'system', 'single', 1625694573),
(1365, 923, NULL, NULL, NULL, 'New badge', '<p>Congratilations! You received Senior Vendor&nbsp;badge.</p>', 'system', 'single', 1625694574),
(1366, 923, NULL, NULL, NULL, 'Your class approved', '<p>Your class How to Travel Around the World successfully approved. Now you can find it on the website.</p>', 'system', 'single', 1625694594),
(1368, 1, NULL, NULL, NULL, 'New comment for your class', '<p>Robert B. Gray left a new comment on your class The Future of Energy .</p>', 'system', 'single', 1625863108),
(1369, 930, NULL, NULL, NULL, 'New badge', '<p>Congratilations! You received Faitful User&nbsp;badge.</p>', 'system', 'single', 1625863166),
(1370, 1, NULL, NULL, NULL, 'New comment for your class', '<p>Jade Harrison left a new comment on your class Excel from Beginner to Advanced .</p>', 'system', 'single', 1625863203),
(1371, 979, NULL, NULL, NULL, 'New badge', '<p>Congratilations! You received Loyal User&nbsp;badge.</p>', 'system', 'single', 1625863218),
(1372, 1, NULL, NULL, NULL, 'New comment for your class', '<p>Morgan Sullivan left a new comment on your class How to Manage & Influence Your Virtual Team .</p>', 'system', 'single', 1625863345),
(1373, 1, NULL, NULL, NULL, 'New comment for your class', '<p>Robert Ransdell left a new comment on your class Learn Python Programming .</p>', 'system', 'single', 1625863462),
(1374, 934, NULL, NULL, NULL, 'New comment for your class', '<p>Robert Ransdell left a new comment on your class Learn Python Programming .</p>', 'system', 'single', 1625863587),
(1375, 929, NULL, NULL, NULL, 'New comment for your class', '<p>Morgan Sullivan left a new comment on your class How to Manage & Influence Your Virtual Team .</p>', 'system', 'single', 1625863590),
(1376, 1015, NULL, NULL, NULL, 'New comment for your class', '<p>Jade Harrison left a new comment on your class Excel from Beginner to Advanced .</p>', 'system', 'single', 1625863593),
(1377, 929, NULL, NULL, NULL, 'New comment for your class', '<p>Robert B. Gray left a new comment on your class The Future of Energy .</p>', 'system', 'single', 1625863596),
(1378, 1, NULL, NULL, NULL, 'New comment for your class', '<p>James Kong left a new comment on your class Learn Python Programming .</p>', 'system', 'single', 1625864259),
(1379, 934, NULL, NULL, NULL, 'New comment for your class', '<p>James Kong left a new comment on your class Learn Python Programming .</p>', 'system', 'single', 1625864266),
(1380, 1, NULL, NULL, NULL, 'New comment for your class', '<p>Ricardo dave left a new comment on your class How to Travel Around the World .</p>', 'system', 'single', 1625864416),
(1381, 923, NULL, NULL, NULL, 'New comment for your class', '<p>Ricardo dave left a new comment on your class How to Travel Around the World .</p>', 'system', 'single', 1625864421),
(1382, 1, NULL, NULL, NULL, 'New comment for your class', '<p>Cameron Schofield left a new comment on your class The Future of Energy .</p>', 'system', 'single', 1625864526),
(1383, 929, NULL, NULL, NULL, 'New comment for your class', '<p>Cameron Schofield left a new comment on your class The Future of Energy .</p>', 'system', 'single', 1625864533),
(1384, 1, NULL, NULL, NULL, 'New support ticket', '<p>New support ticket received with subject Convert Videos .</p>', 'system', 'single', 1625891270),
(1385, 1, NULL, NULL, NULL, 'New support ticket', '<p>New support ticket received with subject Pre-purchase question .</p>', 'system', 'single', 1625891677),
(1386, 1, NULL, NULL, NULL, 'New support ticket', '<p>New support ticket received with subject Pending Offline Payment .</p>', 'system', 'single', 1625891851),
(1387, 1, NULL, NULL, NULL, 'New support ticket', '<p>New support ticket received with subject Commission Rate .</p>', 'system', 'single', 1625892221),
(1388, 1, NULL, NULL, NULL, 'New support ticket', '<p>New support ticket received with subject Class delay .</p>', 'system', 'single', 1625895874),
(1389, 1, NULL, NULL, NULL, 'New reply on support ticket', '<p>The support ticket with the subject Class delay updated with a new reply.</p>', 'system', 'single', 1625897110),
(1390, 1, NULL, NULL, NULL, 'New reply on support ticket', '<p>The support ticket with the subject Class delay updated with a new reply.</p>', 'system', 'single', 1625898890),
(1391, 996, NULL, NULL, NULL, 'Offline payment submitted', '<p>An offline payment request with the amount 500 submitted successfully.</p>', 'system', 'single', 1625944192),
(1392, 996, NULL, NULL, NULL, 'Offline payment approved', '<p>Offline payment request with the amount 500 successfully approved.</p>', 'system', 'single', 1625944212),
(1393, 1015, NULL, NULL, NULL, 'New sales', '<p>Congratulations! There is a new sales for your class  .</p>', 'system', 'single', 1625944345),
(1394, 996, NULL, NULL, NULL, 'New purchase completed', '<p>The class  successfully purchased. Now you can start learning.</p>', 'system', 'single', 1625944345),
(1395, 996, NULL, NULL, NULL, 'New meeting request', '<p>New meeting booked by Robert B. Gray for 2021-07-12  with the amount 150 .</p>', 'system', 'single', 1625944346),
(1396, 1015, NULL, NULL, NULL, 'New meeting request', '<p>New meeting booked by Robert B. Gray for 2021-07-12  with the amount 150 .</p>', 'system', 'single', 1625944346),
(1397, 996, NULL, NULL, NULL, 'New financial document', '<p>&nbsp;New financial document submitted for your class Meeting Reservation with type deduction and amount 165.00 .</p>', 'system', 'single', 1625944347),
(1398, 1015, NULL, NULL, NULL, 'Your class approved', '<p>Your class Learn Linux in 5 Days successfully approved. Now you can find it on the website.</p>', 'system', 'single', 1625947994),
(1399, 1015, NULL, NULL, NULL, 'Your class approved', '<p>Your class Excel from Beginner to Advanced successfully approved. Now you can find it on the website.</p>', 'system', 'single', 1625948044),
(1400, 934, NULL, NULL, NULL, 'Your class approved', '<p>Your class Learn Python Programming successfully approved. Now you can find it on the website.</p>', 'system', 'single', 1625949854),
(1401, 1016, NULL, NULL, NULL, 'Your class approved', '<p>Your class Become a Product Manager successfully approved. Now you can find it on the website.</p>', 'system', 'single', 1625950395),
(1402, 995, NULL, NULL, NULL, 'Offline payment submitted', '<p>An offline payment request with the amount 1000 submitted successfully.</p>', 'system', 'single', 1625950563),
(1403, 930, NULL, NULL, NULL, 'New financial document', '<p>&nbsp;New financial document submitted for your class [c.title] with type addiction and amount 600 .</p>', 'system', 'single', 1625950715),
(1404, 995, NULL, NULL, NULL, 'Offline payment approved', '<p>Offline payment request with the amount 1000 successfully approved.</p>', 'system', 'single', 1625950749),
(1405, 934, NULL, NULL, NULL, 'New sales', '<p>Congratulations! There is a new sales for your class  .</p>', 'system', 'single', 1625952628),
(1406, 995, NULL, NULL, NULL, 'New purchase completed', '<p>The class  successfully purchased. Now you can start learning.</p>', 'system', 'single', 1625952628),
(1407, 995, NULL, NULL, NULL, 'New meeting request', '<p>New meeting booked by Cameron Schofield for 2021-08-05  with the amount 100 .</p>', 'system', 'single', 1625952629),
(1408, 934, NULL, NULL, NULL, 'New meeting request', '<p>New meeting booked by Cameron Schofield for 2021-08-05  with the amount 100 .</p>', 'system', 'single', 1625952629),
(1409, 995, NULL, NULL, NULL, 'New financial document', '<p>&nbsp;New financial document submitted for your class Meeting Reservation with type deduction and amount 110.00 .</p>', 'system', 'single', 1625952630),
(1410, 4, NULL, NULL, NULL, 'New sales', '<p>Congratulations! There is a new sales for your class Web Design for Beginners .</p>', 'system', 'single', 1625953196),
(1411, 995, NULL, NULL, NULL, 'New purchase completed', '<p>The class Web Design for Beginners successfully purchased. Now you can start learning.</p>', 'system', 'single', 1625953197),
(1412, 995, NULL, NULL, NULL, 'New financial document', '<p>&nbsp;New financial document submitted for your class Web Design for Beginners with type deduction and amount 11.00 .</p>', 'system', 'single', 1625953197),
(1413, 934, NULL, NULL, NULL, 'New class support message', '<p>user Cameron Schofield send new support message for course with title Web Design for Beginners .</p>', 'system', 'single', 1625953303),
(1414, 996, NULL, NULL, NULL, 'Your user group changed', '<p>Your user group changed to Special Students .</p>', 'system', 'single', 1625974235),
(1415, 3, NULL, NULL, NULL, 'Your user group changed', '<p>Your user group changed to Vip Instructors .</p>', 'system', 'single', 1625974258),
(1416, 1016, NULL, NULL, NULL, 'Your user group changed', '<p>Your user group changed to Vip Instructors .</p>', 'system', 'single', 1625974260),
(1417, 934, NULL, NULL, NULL, 'New badge', '<p>Congratilations! You received Best Seller&nbsp;badge.</p>', 'system', 'single', 1625974480),
(1418, 4, NULL, NULL, NULL, 'New badge', '<p>Congratilations! You received Best Seller&nbsp;badge.</p>', 'system', 'single', 1625980530),
(1419, 979, NULL, NULL, NULL, 'Offline payment submitted', '<p>An offline payment request with the amount 400 submitted successfully.</p>', 'system', 'single', 1625992349),
(1420, 979, NULL, NULL, NULL, 'Offline payment approved', '<p>Offline payment request with the amount 400 successfully approved.</p>', 'system', 'single', 1625992548),
(1421, 1016, NULL, NULL, NULL, 'Offline payment submitted', '<p>An offline payment request with the amount 100 submitted successfully.</p>', 'system', 'single', 1625992606),
(1422, 1016, NULL, NULL, NULL, 'Offline payment rejected', '<p>Sorry, offline payment request with the amount 100&nbsp;rejected.</p>', 'system', 'single', 1625992620),
(1423, 923, NULL, NULL, NULL, 'Offline payment submitted', '<p>An offline payment request with the amount 300 submitted successfully.</p>', 'system', 'single', 1625993378),
(1424, 923, NULL, NULL, NULL, 'Offline payment submitted', '<p>An offline payment request with the amount 300 submitted successfully.</p>', 'system', 'single', 1625993428),
(1425, 930, NULL, NULL, NULL, 'Offline payment submitted', '<p>An offline payment request with the amount 250 submitted successfully.</p>', 'system', 'single', 1625993489),
(1426, 1015, NULL, NULL, NULL, 'New sales', '<p>Congratulations! There is a new sales for your class  .</p>', 'system', 'single', 1625996812),
(1427, 995, NULL, NULL, NULL, 'New purchase completed', '<p>The class  successfully purchased. Now you can start learning.</p>', 'system', 'single', 1625996813),
(1428, 995, NULL, NULL, NULL, 'New meeting request', '<p>New meeting booked by Cameron Schofield for 2021-07-14  with the amount 125 .</p>', 'system', 'single', 1625996815),
(1429, 1015, NULL, NULL, NULL, 'New meeting request', '<p>New meeting booked by Cameron Schofield for 2021-07-14  with the amount 125 .</p>', 'system', 'single', 1625996816),
(1430, 995, NULL, NULL, NULL, 'New financial document', '<p>&nbsp;New financial document submitted for your class Meeting Reservation with type deduction and amount 137.50 .</p>', 'system', 'single', 1625996816),
(1431, 995, NULL, NULL, NULL, 'Meeting finished', '<p>The meeting finished. Instructor: Linda Anderson Student:&nbsp; Cameron Schofield&nbsp; Meeting time: 2021-08-05 .</p>', 'system', 'single', 1625996841),
(1432, 934, NULL, NULL, NULL, 'Meeting finished', '<p>The meeting finished. Instructor: Linda Anderson Student:&nbsp; Cameron Schofield&nbsp; Meeting time: 2021-08-05 .</p>', 'system', 'single', 1625996842),
(1433, 1016, NULL, NULL, NULL, 'New badge', '<p>Congratilations! You received Best Seller&nbsp;badge.</p>', 'system', 'single', 1625996905),
(1434, 929, NULL, NULL, NULL, 'New sales', '<p>Congratulations! There is a new sales for your class How to Manage & Influence Your Virtual Team .</p>', 'system', 'single', 1625996941),
(1435, 995, NULL, NULL, NULL, 'New purchase completed', '<p>The class How to Manage & Influence Your Virtual Team successfully purchased. Now you can start learning.</p>', 'system', 'single', 1625996942),
(1436, 995, NULL, NULL, NULL, 'New financial document', '<p>&nbsp;New financial document submitted for your class How to Manage & Influence Your Virtual Team with type deduction and amount 55.00 .</p>', 'system', 'single', 1625996942),
(1437, 1015, NULL, NULL, NULL, 'New sales', '<p>Congratulations! There is a new sales for your class Excel from Beginner to Advanced .</p>', 'system', 'single', 1625996978),
(1438, 995, NULL, NULL, NULL, 'New purchase completed', '<p>The class Excel from Beginner to Advanced successfully purchased. Now you can start learning.</p>', 'system', 'single', 1625996978),
(1439, 995, NULL, NULL, NULL, 'New financial document', '<p>&nbsp;New financial document submitted for your class Excel from Beginner to Advanced with type deduction and amount 55.00 .</p>', 'system', 'single', 1625996979),
(1440, 3, NULL, NULL, NULL, 'New sales', '<p>Congratulations! There is a new sales for your class Learn and Understand AngularJS .</p>', 'system', 'single', 1625997104),
(1441, 995, NULL, NULL, NULL, 'New purchase completed', '<p>The class Learn and Understand AngularJS successfully purchased. Now you can start learning.</p>', 'system', 'single', 1625997105),
(1442, 995, NULL, NULL, NULL, 'New financial document', '<p>&nbsp;New financial document submitted for your class Learn and Understand AngularJS with type deduction and amount 17.60 .</p>', 'system', 'single', 1625997105),
(1443, 929, NULL, NULL, NULL, 'New pending quiz', '<p>Cameron Schofield passed First Quiz quiz of the How to Manage & Influence Your Virtual Team class and waiting for correction to get results.</p>', 'system', 'single', 1625997328),
(1444, 929, NULL, NULL, NULL, 'New badge', '<p>Congratilations! You received Best Seller&nbsp;badge.</p>', 'system', 'single', 1626009973),
(1445, 3, NULL, NULL, NULL, 'New badge', '<p>Congratilations! You received Best Seller&nbsp;badge.</p>', 'system', 'single', 1626009973),
(1446, 1015, NULL, NULL, NULL, 'New badge', '<p>Congratilations! You received Best Seller&nbsp;badge.</p>', 'system', 'single', 1626060376),
(1447, 867, NULL, NULL, NULL, 'New sales', '<p>Congratulations! There is a new sales for your class How to Travel Around the World .</p>', 'system', 'single', 1626060487),
(1448, 996, NULL, NULL, NULL, 'New purchase completed', '<p>The class How to Travel Around the World successfully purchased. Now you can start learning.</p>', 'system', 'single', 1626060487),
(1449, 996, NULL, NULL, NULL, 'New financial document', '<p>&nbsp;New financial document submitted for your class How to Travel Around the World with type deduction and amount 24.75 .</p>', 'system', 'single', 1626060488),
(1450, 1015, NULL, NULL, NULL, 'New sales', '<p>Congratulations! There is a new sales for your class Excel from Beginner to Advanced .</p>', 'system', 'single', 1626060552),
(1451, 996, NULL, NULL, NULL, 'New purchase completed', '<p>The class Excel from Beginner to Advanced successfully purchased. Now you can start learning.</p>', 'system', 'single', 1626060552),
(1452, 996, NULL, NULL, NULL, 'New financial document', '<p>&nbsp;New financial document submitted for your class Excel from Beginner to Advanced with type deduction and amount 44.00 .</p>', 'system', 'single', 1626060553),
(1453, 1015, NULL, NULL, NULL, 'New badge', '<p>Congratilations! You received Top Seller&nbsp;badge.</p>', 'system', 'single', 1626060704),
(1454, 1015, NULL, NULL, NULL, 'New sales', '<p>Congratulations! There is a new sales for your class Excel from Beginner to Advanced .</p>', 'system', 'single', 1626060835),
(1455, 930, NULL, NULL, NULL, 'New purchase completed', '<p>The class Excel from Beginner to Advanced successfully purchased. Now you can start learning.</p>', 'system', 'single', 1626060836),
(1456, 930, NULL, NULL, NULL, 'New financial document', '<p>&nbsp;New financial document submitted for your class Excel from Beginner to Advanced with type deduction and amount 55.00 .</p>', 'system', 'single', 1626060836),
(1457, 1015, NULL, NULL, NULL, 'New badge', '<p>Congratilations! You received King Seller&nbsp;badge.</p>', 'system', 'single', 1626060860),
(1458, 1015, NULL, NULL, NULL, 'Payout request submitted', '<p>Your payout request successfully submitted for 332 . You will receive an email when processed.</p>', 'system', 'single', 1626061191),
(1459, 1, NULL, NULL, NULL, 'New payout request', '<p>New payout request received with the amount 332 . You can manage it using the admin panel.</p>', 'system', 'single', 1626061192),
(1460, 1015, NULL, NULL, NULL, 'Payout has been processed', 'Your payout has been processed with the amount 332.00&nbsp;&nbsp;to your account Qatar National Bank .', 'system', 'single', 1626061220),
(1461, 934, NULL, NULL, NULL, 'Payout request submitted', '<p>Your payout request successfully submitted for 80 . You will receive an email when processed.</p>', 'system', 'single', 1626061254),
(1462, 1, NULL, NULL, NULL, 'New payout request', '<p>New payout request received with the amount 80 . You can manage it using the admin panel.</p>', 'system', 'single', 1626061254),
(1463, 929, NULL, NULL, NULL, 'New sales', '<p>Congratulations! There is a new sales for your class The Future of Energy .</p>', 'system', 'single', 1626061332),
(1464, 979, NULL, NULL, NULL, 'New purchase completed', '<p>The class The Future of Energy successfully purchased. Now you can start learning.</p>', 'system', 'single', 1626061333),
(1465, 979, NULL, NULL, NULL, 'New financial document', '<p>&nbsp;New financial document submitted for your class The Future of Energy with type deduction and amount 66.00 .</p>', 'system', 'single', 1626061333),
(1466, 867, NULL, NULL, NULL, 'New badge', '<p>Congratilations! You received Best Seller&nbsp;badge.</p>', 'system', 'single', 1626061342),
(1467, 923, NULL, NULL, NULL, 'New badge', '<p>Congratilations! You received Best Seller&nbsp;badge.</p>', 'system', 'single', 1626061342),
(1468, 863, NULL, NULL, NULL, 'New sales', '<p>Congratulations! There is a new sales for your class Health And Fitness Masterclass .</p>', 'system', 'single', 1626061373),
(1469, 979, NULL, NULL, NULL, 'New purchase completed', '<p>The class Health And Fitness Masterclass successfully purchased. Now you can start learning.</p>', 'system', 'single', 1626061373),
(1470, 979, NULL, NULL, NULL, 'New financial document', '<p>&nbsp;New financial document submitted for your class Health And Fitness Masterclass with type deduction and amount 22.00 .</p>', 'system', 'single', 1626061374),
(1471, 867, NULL, NULL, NULL, 'New sales', '<p>Congratulations! There is a new sales for your class Effective Time Management .</p>', 'system', 'single', 1626061374),
(1472, 979, NULL, NULL, NULL, 'New purchase completed', '<p>The class Effective Time Management successfully purchased. Now you can start learning.</p>', 'system', 'single', 1626061375),
(1473, 979, NULL, NULL, NULL, 'New financial document', '<p>&nbsp;New financial document submitted for your class Effective Time Management with type deduction and amount 33.00 .</p>', 'system', 'single', 1626061375),
(1474, NULL, NULL, NULL, NULL, 'New sales', '<p>Congratulations! There is a new sales for your class Bronze Subscribe .</p>', 'system', 'single', 1626061450),
(1475, 995, NULL, NULL, NULL, 'New purchase completed', '<p>The class Bronze Subscribe successfully purchased. Now you can start learning.</p>', 'system', 'single', 1626061450),
(1476, 995, NULL, NULL, NULL, 'New financial document', '<p>&nbsp;New financial document submitted for your class [c.title] with type deduction and amount 22.00 .</p>', 'system', 'single', 1626061450),
(1477, 995, NULL, NULL, NULL, 'Subscription plan activated', '<p>Bronze subscription package activated by user Cameron Schofield .</p>', 'system', 'single', 1626061451),
(1478, 863, NULL, NULL, NULL, 'New badge', '<p>Congratilations! You received Best Seller&nbsp;badge.</p>', 'system', 'single', 1626061477),
(1479, 870, NULL, NULL, NULL, 'New badge', '<p>Congratilations! You received Best Seller&nbsp;badge.</p>', 'system', 'single', 1626061477),
(1480, 867, NULL, NULL, NULL, 'New badge', '<p>Congratilations! You received Top Seller&nbsp;badge.</p>', 'system', 'single', 1626061483),
(1481, 923, NULL, NULL, NULL, 'New badge', '<p>Congratilations! You received Top Seller&nbsp;badge.</p>', 'system', 'single', 1626061484),
(1482, 929, NULL, NULL, NULL, 'New badge', '<p>Congratilations! You received Top Seller&nbsp;badge.</p>', 'system', 'single', 1626061490),
(1483, 1015, NULL, NULL, NULL, 'New class support message', '<p>user Robert B. Gray send new support message for course with title Learn Linux in 5 Days .</p>', 'system', 'single', 1626062396),
(1484, 1015, NULL, NULL, NULL, 'New reply on support conversation', '<p>New reply on a support conversation on your class Learn Linux in 5 Days support.</p>', 'system', 'single', 1626062467),
(1485, 1015, NULL, NULL, NULL, 'New reply on support conversation', '<p>New reply on a support conversation on your class Learn Linux in 5 Days support.</p>', 'system', 'single', 1626062520),
(1486, 1015, NULL, NULL, NULL, 'New reply on support conversation', '<p>New reply on a support conversation on your class Learn Linux in 5 Days support.</p>', 'system', 'single', 1626062578),
(1487, 1015, NULL, NULL, NULL, 'New reply on support conversation', '<p>New reply on a support conversation on your class Learn Linux in 5 Days support.</p>', 'system', 'single', 1626062690),
(1488, 1015, NULL, NULL, NULL, 'New reply on support conversation', '<p>New reply on a support conversation on your class Learn Linux in 5 Days support.</p>', 'system', 'single', 1626062756),
(1489, 1015, NULL, NULL, NULL, 'New class support message', '<p>user Cameron Schofield send new support message for course with title Learn Linux in 5 Days .</p>', 'system', 'single', 1626062941),
(1490, 1015, NULL, NULL, NULL, 'New reply on support conversation', '<p>New reply on a support conversation on your class Learn Linux in 5 Days support.</p>', 'system', 'single', 1626063058),
(1491, 1, NULL, NULL, NULL, 'New support ticket', '<p>New support ticket received with subject Refund Request #64237 .</p>', 'system', 'single', 1626063457),
(1492, 1, NULL, NULL, NULL, 'New reply on support ticket', '<p>The support ticket with the subject Refund Request #64237 updated with a new reply.</p>', 'system', 'single', 1626063547),
(1493, 929, NULL, NULL, NULL, 'New feedback', '<p>Your class How to Manage & Influence Your Virtual Team received a 5 stars rating from Cameron Schofield .</p>', 'system', 'single', 1626091671),
(1494, 929, NULL, NULL, NULL, 'New badge', '<p>Congratilations! You received Golden Classes&nbsp;badge.</p>', 'system', 'single', 1626091708),
(1495, 929, NULL, NULL, NULL, 'New badge', '<p>Congratilations! You received Fantastic Support&nbsp;badge.</p>', 'system', 'single', 1626091708),
(1496, 1015, NULL, NULL, NULL, 'Your class approved', '<p>Your class Excel from Beginner to Advanced successfully approved. Now you can find it on the website.</p>', 'system', 'single', 1626128217),
(1497, 1016, NULL, NULL, NULL, 'New feedback', '<p>Your class Become a Product Manager received a 5 stars rating from Cameron Schofield .</p>', 'system', 'single', 1626129736),
(1498, 1016, NULL, NULL, NULL, 'New badge', '<p>Congratilations! You received Golden Classes&nbsp;badge.</p>', 'system', 'single', 1626129748),
(1499, 1016, NULL, NULL, NULL, 'New badge', '<p>Congratilations! You received Fantastic Support&nbsp;badge.</p>', 'system', 'single', 1626129749),
(1500, 1016, NULL, NULL, NULL, 'New feedback', '<p>Your class Become a Product Manager received a 4.25 stars rating from Robert B. Gray .</p>', 'system', 'single', 1626129826),
(1501, 1016, NULL, NULL, NULL, 'New feedback', '<p>Your class Become a Product Manager received a 4.5 stars rating from Robert B. Gray .</p>', 'system', 'single', 1626129947),
(1502, 1016, NULL, NULL, NULL, 'New badge', '<p>Congratilations! You received Silver Classes&nbsp;badge.</p>', 'system', 'single', 1626129963),
(1503, 1016, NULL, NULL, NULL, 'New badge', '<p>Congratilations! You received Top Seller&nbsp;badge.</p>', 'system', 'single', 1626132407),
(1504, 1015, NULL, NULL, NULL, 'Offline payment submitted', '<p>An offline payment request with the amount 500 submitted successfully.</p>', 'system', 'single', 1626132546),
(1505, 1015, NULL, NULL, NULL, 'Offline payment approved', '<p>Offline payment request with the amount 500 successfully approved.</p>', 'system', 'single', 1626132570),
(1506, 863, NULL, NULL, NULL, 'New sales', '<p>Congratulations! There is a new sales for your class Health And Fitness Masterclass .</p>', 'system', 'single', 1626132844),
(1507, 1015, NULL, NULL, NULL, 'New purchase completed', '<p>The class Health And Fitness Masterclass successfully purchased. Now you can start learning.</p>', 'system', 'single', 1626132844),
(1508, 1015, NULL, NULL, NULL, 'New financial document', '<p>&nbsp;New financial document submitted for your class Health And Fitness Masterclass with type deduction and amount 17.60 .</p>', 'system', 'single', 1626132845),
(1509, 863, NULL, NULL, NULL, 'New badge', '<p>Congratilations! You received Top Seller&nbsp;badge.</p>', 'system', 'single', 1626132861),
(1510, 870, NULL, NULL, NULL, 'New badge', '<p>Congratilations! You received Top Seller&nbsp;badge.</p>', 'system', 'single', 1626132861),
(1511, 1014, NULL, NULL, NULL, 'New badge', '<p>Congratilations! You received New User&nbsp;badge.</p>', 'system', 'single', 1626150992),
(1512, 1015, NULL, NULL, NULL, 'New pending quiz', '<p>Cameron Schofield passed Final Quiz quiz of the Learn Linux in 5 Days class and waiting for correction to get results.</p>', 'system', 'single', 1626204790),
(1513, 995, NULL, NULL, NULL, 'Waiting quiz result', '<p>Your pending quiz corrected and your result is passed for Final Quiz quiz of Learn Linux in 5 Days class.</p>', 'system', 'single', 1626204825),
(1514, 867, NULL, NULL, NULL, 'New badge', '<p>Congratilations! You received Expert Vendor&nbsp;badge.</p>', 'system', 'single', 1626214437),
(1515, 1015, NULL, NULL, NULL, 'New badge', '<p>Congratilations! You received Expert Vendor&nbsp;badge.</p>', 'system', 'single', 1626214438),
(1516, 923, NULL, NULL, NULL, 'New feedback', '<p>Your class How to Travel Around the World received a 5 stars rating from Robert B. Gray .</p>', 'system', 'single', 1626214531),
(1517, 1015, NULL, NULL, NULL, 'New feedback', '<p>Your class Excel from Beginner to Advanced received a 4.75 stars rating from Robert B. Gray .</p>', 'system', 'single', 1626214590),
(1518, 934, NULL, NULL, NULL, 'New feedback', '<p>Your class Learn Python Programming received a 5 stars rating from Robert B. Gray .</p>', 'system', 'single', 1626214647),
(1519, 1015, NULL, NULL, NULL, 'New feedback', '<p>Your class Learn Linux in 5 Days received a 4 stars rating from Robert B. Gray .</p>', 'system', 'single', 1626214731),
(1520, 1016, NULL, NULL, NULL, 'New feedback', '<p>Your class Become a Product Manager received a 5 stars rating from Robert B. Gray .</p>', 'system', 'single', 1626214849),
(1521, 934, NULL, NULL, NULL, 'New badge', '<p>Congratilations! You received Golden Classes&nbsp;badge.</p>', 'system', 'single', 1626232841),
(1522, 934, NULL, NULL, NULL, 'New badge', '<p>Congratilations! You received Fantastic Support&nbsp;badge.</p>', 'system', 'single', 1626232843),
(1523, 934, NULL, NULL, NULL, 'New feedback', '<p>Your class Web Design for Beginners received a 4.25 stars rating from Cameron Schofield .</p>', 'system', 'single', 1626232945),
(1524, 929, NULL, NULL, NULL, 'New feedback', '<p>Your class The Future of Energy received a 2.5 stars rating from Cameron Schofield .</p>', 'system', 'single', 1626233054),
(1525, 3, NULL, NULL, NULL, 'New feedback', '<p>Your class Learn and Understand AngularJS received a 2.75 stars rating from Cameron Schofield .</p>', 'system', 'single', 1626233222),
(1526, 1016, NULL, NULL, NULL, 'New feedback', '<p>Your class Become a Product Manager received a 3.75 stars rating from Cameron Schofield .</p>', 'system', 'single', 1626233313),
(1527, 929, NULL, NULL, NULL, 'New feedback', '<p>Your class How to Manage & Influence Your Virtual Team received a 3.75 stars rating from Cameron Schofield .</p>', 'system', 'single', 1626233413),
(1528, 867, NULL, NULL, NULL, 'New badge', '<p>Congratilations! You received Golden Classes&nbsp;badge.</p>', 'system', 'single', 1626233555),
(1529, 867, NULL, NULL, NULL, 'New badge', '<p>Congratilations! You received Fantastic Support&nbsp;badge.</p>', 'system', 'single', 1626233556),
(1530, 867, NULL, NULL, NULL, 'Your class created', '<p>Your class Travel Management Course successfully created. It will be published after approval.</p>', 'system', 'single', 1626234714),
(1531, 1015, NULL, NULL, NULL, 'Your class approved', '<p>Your class Travel Management Course successfully approved. Now you can find it on the website.</p>', 'system', 'single', 1626234749),
(1532, 1015, NULL, NULL, NULL, 'New badge', '<p>Congratilations! You received Golden Classes&nbsp;badge.</p>', 'system', 'single', 1626234771),
(1533, 1015, NULL, NULL, NULL, 'New badge', '<p>Congratilations! You received Amazing Support&nbsp;badge.</p>', 'system', 'single', 1626234771),
(1534, 1, NULL, NULL, NULL, 'New comment for your class', '<p>Robert Ransdell left a new comment on your class Health And Fitness Masterclass .</p>', 'system', 'single', 1626235679),
(1535, 870, NULL, NULL, NULL, 'New comment for your class', '<p>Robert Ransdell left a new comment on your class Health And Fitness Masterclass .</p>', 'system', 'single', 1626235693),
(1536, 1016, NULL, NULL, NULL, 'New badge', '<p>Congratilations! You received Amazing Support&nbsp;badge.</p>', 'system', 'single', 1626235711),
(1537, 923, NULL, NULL, NULL, 'New badge', '<p>Congratilations! You received Golden Classes&nbsp;badge.</p>', 'system', 'single', 1626235803),
(1538, 923, NULL, NULL, NULL, 'New badge', '<p>Congratilations! You received Fantastic Support&nbsp;badge.</p>', 'system', 'single', 1626235803),
(1539, 934, NULL, NULL, NULL, 'New badge', '<p>Congratilations! You received Amazing Support&nbsp;badge.</p>', 'system', 'single', 1626235937),
(1540, 4, NULL, NULL, NULL, 'New badge', '<p>Congratilations! You received Silver Classes&nbsp;badge.</p>', 'system', 'single', 1626236007),
(1541, 4, NULL, NULL, NULL, 'New badge', '<p>Congratilations! You received Amazing Support&nbsp;badge.</p>', 'system', 'single', 1626236007),
(1542, 929, NULL, NULL, NULL, 'New badge', '<p>Congratilations! You received Good Support&nbsp;badge.</p>', 'system', 'single', 1626236028),
(1543, 1015, NULL, NULL, NULL, 'New pending quiz', '<p>Morgan Sullivan passed Final Quiz quiz of the Learn Linux in 5 Days class and waiting for correction to get results.</p>', 'system', 'single', 1626237968),
(1544, 979, NULL, NULL, NULL, 'Waiting quiz result', '<p>Your pending quiz corrected and your result is passed for Final Quiz quiz of Learn Linux in 5 Days class.</p>', 'system', 'single', 1626237996),
(1545, 3, NULL, NULL, NULL, 'New badge', '<p>Congratilations! You received Good Support&nbsp;badge.</p>', 'system', 'single', 1626239421),
(1546, 1, NULL, NULL, NULL, 'New comment for your class', '<p>Cameron Schofield left a new comment on your class Become a Product Manager .</p>', 'system', 'single', 1626240118),
(1547, 1016, NULL, NULL, NULL, 'New comment for your class', '<p>Cameron Schofield left a new comment on your class Become a Product Manager .</p>', 'system', 'single', 1626240131),
(1548, 1016, NULL, NULL, NULL, 'New comment for your class', '<p>Ricardo dave left a new comment on your class Become a Product Manager .</p>', 'system', 'single', 1626240383),
(1549, 870, NULL, NULL, NULL, 'Your class approved', '<p>Your class Health And Fitness Masterclass successfully approved. Now you can find it on the website.</p>', 'system', 'single', 1626240665),
(1550, 870, NULL, NULL, NULL, 'Your class approved', '<p>Your class Health And Fitness Masterclass successfully approved. Now you can find it on the website.</p>', 'system', 'single', 1626240714),
(1551, 1015, NULL, NULL, NULL, 'Your class approved', '<p>Your class Excel from Beginner to Advanced successfully approved. Now you can find it on the website.</p>', 'system', 'single', 1626240740),
(1552, 3, NULL, NULL, NULL, 'Your class approved', '<p>Your class Active Listening: You Can Be a Great Listener successfully approved. Now you can find it on the website.</p>', 'system', 'single', 1626240800),
(1553, 3, NULL, NULL, NULL, 'Your class approved', '<p>Your class Learn and Understand AngularJS successfully approved. Now you can find it on the website.</p>', 'system', 'single', 1626240827),
(1554, 929, NULL, NULL, NULL, 'Offline payment submitted', '<p>An offline payment request with the amount 300 submitted successfully.</p>', 'system', 'single', 1626241046),
(1555, 929, NULL, NULL, NULL, 'Offline payment approved', '<p>Offline payment request with the amount 300 successfully approved.</p>', 'system', 'single', 1626241074),
(1556, NULL, NULL, NULL, NULL, 'New sales', '<p>Congratulations! There is a new sales for your class The Future of Energy .</p>', 'system', 'single', 1626241152),
(1557, 929, NULL, NULL, NULL, 'New purchase completed', '<p>The class The Future of Energy successfully purchased. Now you can start learning.</p>', 'system', 'single', 1626241152),
(1558, 929, NULL, NULL, NULL, 'New financial document', '<p>&nbsp;New financial document submitted for your class The Future of Energy with type deduction and amount 55.00 .</p>', 'system', 'single', 1626241152),
(1559, 929, NULL, NULL, NULL, 'Promotion plan activated', '<p>Promotion plan Bronze&nbsp;&nbsp;activated for the call The Future of Energy .</p>', 'system', 'single', 1626241153),
(1560, 864, NULL, NULL, NULL, 'New sales', '<p>Congratulations! There is a new sales for your class Active Listening: You Can Be a Great Listener .</p>', 'system', 'single', 1626241212),
(1561, 929, NULL, NULL, NULL, 'New purchase completed', '<p>The class Active Listening: You Can Be a Great Listener successfully purchased. Now you can start learning.</p>', 'system', 'single', 1626241213),
(1562, 929, NULL, NULL, NULL, 'New financial document', '<p>&nbsp;New financial document submitted for your class Active Listening: You Can Be a Great Listener with type deduction and amount 33.00 .</p>', 'system', 'single', 1626241213),
(1563, 864, NULL, NULL, NULL, 'New badge', '<p>Congratilations! You received Best Seller&nbsp;badge.</p>', 'system', 'single', 1626241242);
INSERT INTO `notifications` (`id`, `user_id`, `sender_id`, `group_id`, `webinar_id`, `title`, `message`, `sender`, `type`, `created_at`) VALUES
(1564, 1, NULL, NULL, NULL, 'New comment for your class', '<p>Kate Williams left a new comment on your class Become a Product Manager .</p>', 'system', 'single', 1626241320),
(1565, 1016, NULL, NULL, NULL, 'New comment for your class', '<p>Kate Williams left a new comment on your class Become a Product Manager .</p>', 'system', 'single', 1626241345),
(1566, 1, NULL, NULL, NULL, 'New comment for your class', '<p>Kate Williams left a new comment on your class Active Listening: You Can Be a Great Listener .</p>', 'system', 'single', 1626241386),
(1567, 3, NULL, NULL, NULL, 'New comment for your class', '<p>Kate Williams left a new comment on your class Active Listening: You Can Be a Great Listener .</p>', 'system', 'single', 1626241400),
(1568, 3, NULL, NULL, NULL, 'New comment for your class', '<p>James Kong left a new comment on your class Active Listening: You Can Be a Great Listener .</p>', 'system', 'single', 1626242090),
(1569, 1016, NULL, NULL, NULL, 'New comment for your class', '<p>Kate Williams left a new comment on your class Become a Product Manager .</p>', 'system', 'single', 1626242094),
(1570, 1, NULL, NULL, NULL, 'New badge', '<p>Congratilations! You received Faitful User&nbsp;badge.</p>', 'system', 'single', 1626242992),
(1571, 996, NULL, NULL, NULL, 'Meeting finished', '<p>The meeting finished. Instructor: Robert Ransdell Student:&nbsp; Robert B. Gray&nbsp; Meeting time: 2021-07-12 .</p>', 'system', 'single', 1626243180),
(1572, 1015, NULL, NULL, NULL, 'Meeting finished', '<p>The meeting finished. Instructor: Robert Ransdell Student:&nbsp; Robert B. Gray&nbsp; Meeting time: 2021-07-12 .</p>', 'system', 'single', 1626243180),
(1573, 1015, NULL, NULL, NULL, 'New pending quiz', '<p>Kate Williams passed Final Quiz quiz of the Learn Linux in 5 Days class and waiting for correction to get results.</p>', 'system', 'single', 1626243488),
(1574, 1015, NULL, NULL, NULL, 'Your class approved', '<p>Your class Learn Linux in 5 Days successfully approved. Now you can find it on the website.</p>', 'system', 'single', 1626246628),
(1575, 923, NULL, NULL, NULL, 'Your class approved', '<p>Your class Effective Time Management successfully approved. Now you can find it on the website.</p>', 'system', 'single', 1626246694),
(1576, 870, NULL, NULL, NULL, 'Your class approved', '<p>Your class Health And Fitness Masterclass successfully approved. Now you can find it on the website.</p>', 'system', 'single', 1626246793),
(1577, 923, NULL, NULL, NULL, 'Your class approved', '<p>Your class Effective Time Management successfully approved. Now you can find it on the website.</p>', 'system', 'single', 1626246814),
(1578, 870, NULL, NULL, NULL, 'New sales', '<p>Congratulations! There is a new sales for your class  .</p>', 'system', 'single', 1626247195),
(1579, 995, NULL, NULL, NULL, 'New purchase completed', '<p>The class  successfully purchased. Now you can start learning.</p>', 'system', 'single', 1626247195),
(1580, 995, NULL, NULL, NULL, 'New meeting request', '<p>New meeting booked by Cameron Schofield for 2021-09-01  with the amount 100 .</p>', 'system', 'single', 1626247196),
(1581, 870, NULL, NULL, NULL, 'New meeting request', '<p>New meeting booked by Cameron Schofield for 2021-09-01  with the amount 100 .</p>', 'system', 'single', 1626247196),
(1582, 995, NULL, NULL, NULL, 'New financial document', '<p>&nbsp;New financial document submitted for your class Meeting Reservation with type deduction and amount 110.00 .</p>', 'system', 'single', 1626247196),
(1583, 1, NULL, NULL, NULL, 'New support ticket', '<p>New support ticket received with subject Problem with quiz .</p>', 'system', 'single', 1626250124),
(1584, 870, NULL, NULL, NULL, 'New feedback', '<p>Your class Health And Fitness Masterclass received a 5 stars rating from Cameron Schofield .</p>', 'system', 'single', 1626283457),
(1585, 863, NULL, NULL, NULL, 'New badge', '<p>Congratilations! You received Golden Classes&nbsp;badge.</p>', 'system', 'single', 1626283475),
(1586, 863, NULL, NULL, NULL, 'New badge', '<p>Congratilations! You received Fantastic Support&nbsp;badge.</p>', 'system', 'single', 1626283486),
(1587, 870, NULL, NULL, NULL, 'New badge', '<p>Congratilations! You received Golden Classes&nbsp;badge.</p>', 'system', 'single', 1626283490),
(1588, 870, NULL, NULL, NULL, 'New badge', '<p>Congratilations! You received Fantastic Support&nbsp;badge.</p>', 'system', 'single', 1626283496),
(1589, 870, NULL, NULL, NULL, 'New feedback', '<p>Your class Health And Fitness Masterclass received a 5 stars rating from Morgan Sullivan .</p>', 'system', 'single', 1626283559),
(1590, 1, NULL, NULL, NULL, 'New comment for your class', '<p>Robert Ransdell left a new comment on your class Learn Python Programming .</p>', 'system', 'single', 1626493830),
(1591, 1015, NULL, NULL, NULL, 'New badge', '<p>Congratilations! You received Fantastic Support&nbsp;badge.</p>', 'system', 'single', 1626508221),
(1592, 3, NULL, NULL, NULL, 'New badge', '<p>Congratilations! You received Bronze Classes&nbsp;badge.</p>', 'system', 'single', 1626508287),
(1593, 3, NULL, NULL, NULL, 'New badge', '<p>Congratilations! You received Amazing Support&nbsp;badge.</p>', 'system', 'single', 1626508287),
(1594, 929, NULL, NULL, NULL, 'New badge', '<p>Congratilations! You received Amazing Support&nbsp;badge.</p>', 'system', 'single', 1626508287),
(1595, 867, NULL, NULL, NULL, 'New sales', '<p>Congratulations! There is a new sales for your class Effective Time Management .</p>', 'system', 'single', 1626508956),
(1596, 996, NULL, NULL, NULL, 'New purchase completed', '<p>The class Effective Time Management successfully purchased. Now you can start learning.</p>', 'system', 'single', 1626508957),
(1597, 996, NULL, NULL, NULL, 'New financial document', '<p>&nbsp;New financial document submitted for your class Effective Time Management with type deduction and amount 29.70 .</p>', 'system', 'single', 1626508957),
(1598, 923, NULL, NULL, NULL, 'New feedback', '<p>Your class Effective Time Management received a 5 stars rating from Robert B. Gray .</p>', 'system', 'single', 1626508980),
(1599, 1, NULL, NULL, NULL, 'New comment for your class', '<p>Robert B. Gray left a new comment on your class Active Listening: You Can Be a Great Listener .</p>', 'system', 'single', 1626509207),
(1600, 1, NULL, NULL, NULL, 'New comment for your class', '<p>Robert B. Gray left a new comment on your class Active Listening: You Can Be a Great Listener .</p>', 'system', 'single', 1626509327),
(1601, 1, NULL, NULL, NULL, 'New comment for your class', '<p>Robert Ransdell left a new comment on your class Become a Product Manager .</p>', 'system', 'single', 1626509546),
(1602, 3, NULL, NULL, NULL, 'New comment for your class', '<p>Robert B. Gray left a new comment on your class Active Listening: You Can Be a Great Listener .</p>', 'system', 'single', 1626509591),
(1603, 1015, NULL, NULL, NULL, 'New badge', '<p>Congratilations! You received Loyal User&nbsp;badge.</p>', 'system', 'single', 1627543283),
(1604, 934, NULL, NULL, NULL, 'New badge', '<p>Congratilations! You received Faitful User&nbsp;badge.</p>', 'system', 'single', 1628619121),
(1605, 1016, NULL, NULL, NULL, 'New badge', '<p>Congratilations! You received Loyal User&nbsp;badge.</p>', 'system', 'single', 1628619122),
(1606, 930, NULL, NULL, NULL, 'Offline payment approved', '<p>Offline payment request with the amount 250 successfully approved.</p>', 'system', 'single', 1628704280),
(1607, 923, NULL, NULL, NULL, 'Offline payment approved', '<p>Offline payment request with the amount 300 successfully approved.</p>', 'system', 'single', 1628704284),
(1608, 996, NULL, NULL, NULL, 'Offline payment submitted', '<p>An offline payment request with the amount 200 submitted successfully.</p>', 'system', 'single', 1628704322),
(1609, 995, NULL, NULL, NULL, 'Offline payment submitted', '<p>An offline payment request with the amount 100 submitted successfully.</p>', 'system', 'single', 1628704347),
(1610, 995, NULL, NULL, NULL, 'Offline payment submitted', '<p>An offline payment request with the amount 200 submitted successfully.</p>', 'system', 'single', 1628704369),
(1611, 995, NULL, NULL, NULL, 'Offline payment approved', '<p>Offline payment request with the amount 200 successfully approved.</p>', 'system', 'single', 1628704378),
(1612, 995, NULL, NULL, NULL, 'Offline payment approved', '<p>Offline payment request with the amount 100 successfully approved.</p>', 'system', 'single', 1628704382),
(1613, 996, NULL, NULL, NULL, 'Offline payment approved', '<p>Offline payment request with the amount 200 successfully approved.</p>', 'system', 'single', 1628704397),
(1614, 979, NULL, NULL, NULL, 'Offline payment submitted', '<p>An offline payment request with the amount 100 submitted successfully.</p>', 'system', 'single', 1628704436),
(1615, 979, NULL, NULL, NULL, 'Offline payment rejected', '<p>Sorry, offline payment request with the amount 100&nbsp;rejected.</p>', 'system', 'single', 1628704449),
(1616, 930, NULL, NULL, NULL, 'Offline payment submitted', '<p>An offline payment request with the amount 100 submitted successfully.</p>', 'system', 'single', 1628785223),
(1617, 930, NULL, NULL, NULL, 'Offline payment submitted', '<p>An offline payment request with the amount 555 submitted successfully.</p>', 'system', 'single', 1628785232),
(1618, 930, NULL, NULL, NULL, 'Offline payment submitted', '<p>An offline payment request with the amount 18919 submitted successfully.</p>', 'system', 'single', 1628785247),
(1619, 930, NULL, NULL, NULL, 'Offline payment submitted', '<p>An offline payment request with the amount 18919 submitted successfully.</p>', 'system', 'single', 1628785251),
(1620, 930, NULL, NULL, NULL, 'Offline payment submitted', '<p>An offline payment request with the amount 888 submitted successfully.</p>', 'system', 'single', 1628785264),
(1621, 930, NULL, NULL, NULL, 'Offline payment submitted', '<p>An offline payment request with the amount 44 submitted successfully.</p>', 'system', 'single', 1628785278),
(1622, 930, NULL, NULL, NULL, 'Offline payment submitted', '<p>An offline payment request with the amount 500 submitted successfully.</p>', 'system', 'single', 1628785293),
(1623, 930, NULL, NULL, NULL, 'Offline payment submitted', '<p>An offline payment request with the amount 555 submitted successfully.</p>', 'system', 'single', 1628785304),
(1624, 930, NULL, NULL, NULL, 'Offline payment submitted', '<p>An offline payment request with the amount 555 submitted successfully.</p>', 'system', 'single', 1628785307),
(1625, 930, NULL, NULL, NULL, 'Offline payment submitted', '<p>An offline payment request with the amount 555 submitted successfully.</p>', 'system', 'single', 1628785327),
(1626, 930, NULL, NULL, NULL, 'Offline payment submitted', '<p>An offline payment request with the amount 555 submitted successfully.</p>', 'system', 'single', 1628785330),
(1627, 930, NULL, NULL, NULL, 'Offline payment submitted', '<p>An offline payment request with the amount 444 submitted successfully.</p>', 'system', 'single', 1628785342),
(1628, 930, NULL, NULL, NULL, 'Offline payment submitted', '<p>An offline payment request with the amount 78797 submitted successfully.</p>', 'system', 'single', 1628785393),
(1629, 996, NULL, NULL, NULL, 'New badge', '<p>Congratilations! You received &nbsp;badge.</p>', 'system', 'single', 1635366097),
(1630, 995, NULL, NULL, NULL, 'New badge', '<p>Congratilations! You received &nbsp;badge.</p>', 'system', 'single', 1635366115),
(1631, 1015, NULL, NULL, NULL, 'New badge', '<p>Congratilations! You received &nbsp;badge.</p>', 'system', 'single', 1635404223),
(1632, 4, NULL, NULL, NULL, 'New badge', '<p>Congratilations! You received Golden Classes&nbsp;badge.</p>', 'system', 'single', 1635405357),
(1633, 4, NULL, NULL, NULL, 'New badge', '<p>Congratilations! You received Fantastic Support&nbsp;badge.</p>', 'system', 'single', 1635405358),
(1634, 979, NULL, NULL, NULL, 'New badge', '<p>Congratilations! You received Faitful User&nbsp;badge.</p>', 'system', 'single', 1635405486),
(1635, 1014, NULL, NULL, NULL, 'New badge', '<p>Congratilations! You received Loyal User&nbsp;badge.</p>', 'system', 'single', 1635406181),
(1636, 995, NULL, NULL, NULL, 'New badge', '<p>Congratilations! You received Faitful User&nbsp;badge.</p>', 'system', 'single', 1635408182),
(1637, 1015, NULL, NULL, NULL, 'Your class approved', '<p>Your class Travel Management Course successfully approved. Now you can find it on the website.</p>', 'system', 'single', 1635410916),
(1638, 1015, NULL, NULL, NULL, 'Your class approved', '<p>Your class Travel Management Course successfully approved. Now you can find it on the website.</p>', 'system', 'single', 1635411032),
(1639, 1015, NULL, NULL, NULL, 'Your class approved', '<p>Your class Travel Management Course successfully approved. Now you can find it on the website.</p>', 'system', 'single', 1635411039),
(1640, 867, NULL, NULL, NULL, 'New sales', '<p>Congratulations! There is a new sales for your class Effective Time Management .</p>', 'system', 'single', 1635412196),
(1641, 929, NULL, NULL, NULL, 'New purchase completed', '<p>The class Effective Time Management successfully purchased. Now you can start learning.</p>', 'system', 'single', 1635412196),
(1642, 929, NULL, NULL, NULL, 'New financial document', '<p>&nbsp;New financial document submitted for your class Effective Time Management with type deduction and amount 33.00 .</p>', 'system', 'single', 1635412197),
(1643, 1015, NULL, NULL, NULL, 'Your class approved', '<p>Your class Curso de gestión de viajes successfully approved. Now you can find it on the website.</p>', 'system', 'single', 1635442592),
(1644, 923, NULL, NULL, NULL, 'Your class approved', '<p>Your class Cómo viajar por el mundo successfully approved. Now you can find it on the website.</p>', 'system', 'single', 1635442687),
(1645, 923, NULL, NULL, NULL, 'Your class approved', '<p>Your class Cómo viajar por el mundo successfully approved. Now you can find it on the website.</p>', 'system', 'single', 1635442733),
(1646, 923, NULL, NULL, NULL, 'Your class approved', '<p>Your class كيف تسافر حول العالم successfully approved. Now you can find it on the website.</p>', 'system', 'single', 1635443083),
(1647, 934, NULL, NULL, NULL, 'Your class approved', '<p>Your class تصميم المواقع للمبتدئين successfully approved. Now you can find it on the website.</p>', 'system', 'single', 1635443257),
(1648, 934, NULL, NULL, NULL, 'Your class approved', '<p>Your class Diseño web para principiantes successfully approved. Now you can find it on the website.</p>', 'system', 'single', 1635443302),
(1649, 929, NULL, NULL, NULL, 'Your class approved', '<p>Your class El futuro de la energía successfully approved. Now you can find it on the website.</p>', 'system', 'single', 1635443448),
(1650, 929, NULL, NULL, NULL, 'Your class approved', '<p>Your class مستقبل الطاقة successfully approved. Now you can find it on the website.</p>', 'system', 'single', 1635443492),
(1651, 929, NULL, NULL, NULL, 'Your class approved', '<p>Your class كيفية إدارة والتأثير على فريقك الافتراضي successfully approved. Now you can find it on the website.</p>', 'system', 'single', 1635443668),
(1652, 929, NULL, NULL, NULL, 'Your class approved', '<p>Your class Cómo administrar e influir en su equipo virtual successfully approved. Now you can find it on the website.</p>', 'system', 'single', 1635443747),
(1653, 1016, NULL, NULL, NULL, 'Your class approved', '<p>Your class Conviértete en gerente de producto successfully approved. Now you can find it on the website.</p>', 'system', 'single', 1635443872),
(1654, 1016, NULL, NULL, NULL, 'Your class approved', '<p>Your class كن مدير منتج successfully approved. Now you can find it on the website.</p>', 'system', 'single', 1635443991),
(1655, 3, NULL, NULL, NULL, 'Your class approved', '<p>Your class الاستماع النشط: يمكنك أن تكون مستمعًا جيدًا successfully approved. Now you can find it on the website.</p>', 'system', 'single', 1635444233),
(1656, 3, NULL, NULL, NULL, 'Your class approved', '<p>Your class Escucha activa: puedes ser un gran oyente successfully approved. Now you can find it on the website.</p>', 'system', 'single', 1635444317),
(1657, 870, NULL, NULL, NULL, 'Your class approved', '<p>Your class Masterclass de salud y fitness successfully approved. Now you can find it on the website.</p>', 'system', 'single', 1635444457),
(1658, 870, NULL, NULL, NULL, 'Your class approved', '<p>Your class دروس متقدمة في الصحة واللياقة البدنية successfully approved. Now you can find it on the website.</p>', 'system', 'single', 1635444517),
(1659, 3, NULL, NULL, NULL, 'Your class approved', '<p>Your class تعلم وافهم AngularJS successfully approved. Now you can find it on the website.</p>', 'system', 'single', 1635444683),
(1660, 3, NULL, NULL, NULL, 'Your class approved', '<p>Your class Aprenda y comprenda AngularJS successfully approved. Now you can find it on the website.</p>', 'system', 'single', 1635444769),
(1661, 923, NULL, NULL, NULL, 'Your class approved', '<p>Your class Gestión eficaz del tiempo successfully approved. Now you can find it on the website.</p>', 'system', 'single', 1635444834),
(1662, 923, NULL, NULL, NULL, 'Your class approved', '<p>Your class ادارة الوقت بفاعلية successfully approved. Now you can find it on the website.</p>', 'system', 'single', 1635444866),
(1663, 1015, NULL, NULL, NULL, 'Your class approved', '<p>Your class مايكروسوفت اكسل من المبتدئين إلى المتقدمين successfully approved. Now you can find it on the website.</p>', 'system', 'single', 1635444974),
(1664, 1015, NULL, NULL, NULL, 'Your class approved', '<p>Your class تعلم لينكس في خمسة أيام successfully approved. Now you can find it on the website.</p>', 'system', 'single', 1635445120),
(1665, 1015, NULL, NULL, NULL, 'Your class approved', '<p>Your class Aprenda Linux en cinco días successfully approved. Now you can find it on the website.</p>', 'system', 'single', 1635445181),
(1666, 934, NULL, NULL, NULL, 'Your class approved', '<p>Your class Aprenda a programar en Python successfully approved. Now you can find it on the website.</p>', 'system', 'single', 1635445296),
(1667, 934, NULL, NULL, NULL, 'Your class approved', '<p>Your class تعلم برمجة بايثون successfully approved. Now you can find it on the website.</p>', 'system', 'single', 1635445377),
(1668, 996, NULL, NULL, NULL, 'New badge', '<p>Congratilations! You received Faitful User&nbsp;badge.</p>', 'system', 'single', 1639377925),
(1669, 923, NULL, NULL, NULL, 'Your class approved', '<p>Your class How to Travel Around the World successfully approved. Now you can find it on the website.</p>', 'system', 'single', 1639378044),
(1670, 870, NULL, NULL, NULL, 'Your class approved', '<p>Your class Health And Fitness Masterclass successfully approved. Now you can find it on the website.</p>', 'system', 'single', 1639378097),
(1671, 923, NULL, NULL, NULL, 'Your class approved', '<p>Your class Effective Time Management successfully approved. Now you can find it on the website.</p>', 'system', 'single', 1639378108),
(1672, 1017, NULL, NULL, NULL, 'New financial document', '<p>&nbsp;New financial document submitted for your class [c.title] with type addiction and amount 500 .</p>', 'system', 'single', 1639379205),
(1673, 867, NULL, NULL, NULL, 'New sales', '<p>Congratulations! There is a new sales for your class Effective Time Management .</p>', 'system', 'single', 1639379284),
(1674, 1017, NULL, NULL, NULL, 'New purchase completed', '<p>The class Effective Time Management successfully purchased. Now you can start learning.</p>', 'system', 'single', 1639379284),
(1675, 1017, NULL, NULL, NULL, 'New financial document', '<p>&nbsp;New financial document submitted for your class Effective Time Management with type deduction and amount 33.00 .</p>', 'system', 'single', 1639379284),
(1676, 1015, NULL, NULL, NULL, 'New sales', '<p>Congratulations! There is a new sales for your class Excel from Beginner to Advanced .</p>', 'system', 'single', 1639379350),
(1677, 1017, NULL, NULL, NULL, 'New purchase completed', '<p>The class Excel from Beginner to Advanced successfully purchased. Now you can start learning.</p>', 'system', 'single', 1639379351),
(1678, 1017, NULL, NULL, NULL, 'New financial document', '<p>&nbsp;New financial document submitted for your class Excel from Beginner to Advanced with type deduction and amount 110.00 .</p>', 'system', 'single', 1639379351),
(1679, 864, NULL, NULL, NULL, 'New sales', '<p>Congratulations! There is a new sales for your class Active Listening: You Can Be a Great Listener .</p>', 'system', 'single', 1639379388),
(1680, 1017, NULL, NULL, NULL, 'New purchase completed', '<p>The class Active Listening: You Can Be a Great Listener successfully purchased. Now you can start learning.</p>', 'system', 'single', 1639379389),
(1681, 1017, NULL, NULL, NULL, 'New financial document', '<p>&nbsp;New financial document submitted for your class Active Listening: You Can Be a Great Listener with type deduction and amount 33.00 .</p>', 'system', 'single', 1639379394),
(1682, 1016, NULL, NULL, NULL, 'New badge', '<p>Congratilations! You received Faitful User&nbsp;badge.</p>', 'system', 'single', 1645697363),
(1683, 1015, NULL, NULL, NULL, 'New badge', '<p>Congratilations! You received Faitful User&nbsp;badge.</p>', 'system', 'single', 1645697399),
(1684, 923, NULL, NULL, NULL, 'Your class approved', '<p>Your class How to Travel Around the World successfully approved. Now you can find it on the website.</p>', 'system', 'single', 1645726175),
(1685, 929, NULL, NULL, NULL, 'Your class approved', '<p>Your class How to Manage & Influence Your Virtual Team successfully approved. Now you can find it on the website.</p>', 'system', 'single', 1645726208),
(1686, 929, NULL, NULL, NULL, 'Your class approved', '<p>Your class How to Manage & Influence Your Virtual Team successfully approved. Now you can find it on the website.</p>', 'system', 'single', 1645726231),
(1687, 3, NULL, NULL, NULL, 'New badge', '<p>Congratilations! You received Top Seller&nbsp;badge.</p>', 'system', 'single', 1645782214),
(1688, 929, NULL, NULL, NULL, 'Your class approved', '<p>Your class How to Manage & Influence Your Virtual Team successfully approved. Now you can find it on the website.</p>', 'system', 'single', 1646028920),
(1689, 1015, NULL, NULL, NULL, 'Your class approved', '<p>Your class The Professional Guitar Masterclass successfully approved. Now you can find it on the website.</p>', 'system', 'single', 1646127145),
(1690, 1015, NULL, NULL, NULL, 'Your class approved', '<p>Your class The Professional Guitar Masterclass successfully approved. Now you can find it on the website.</p>', 'system', 'single', 1646130427),
(1691, 1015, NULL, NULL, NULL, 'Your class created', '<p>Your class New in-App Live System successfully created. It will be published after approval.</p>', 'system', 'single', 1646171990),
(1692, 1015, NULL, NULL, NULL, 'Your class approved', '<p>Your class New in-App Live System successfully approved. Now you can find it on the website.</p>', 'system', 'single', 1646172006),
(1693, 1015, NULL, NULL, NULL, 'New sales', '<p>Congratulations! There is a new sales for your class New in-App Live System .</p>', 'system', 'single', 1646172086),
(1694, 995, NULL, NULL, NULL, 'New purchase completed', '<p>The class New in-App Live System successfully purchased. Now you can start learning.</p>', 'system', 'single', 1646172086),
(1695, 995, NULL, NULL, NULL, 'New financial document', '<p>&nbsp;New financial document submitted for your class New in-App Live System with type deduction and amount 11.00 .</p>', 'system', 'single', 1646172087),
(1696, 1015, NULL, NULL, NULL, 'New sales', '<p>Congratulations! There is a new sales for your class New in-App Live System .</p>', 'system', 'single', 1646172123),
(1697, 996, NULL, NULL, NULL, 'New purchase completed', '<p>The class New in-App Live System successfully purchased. Now you can start learning.</p>', 'system', 'single', 1646172123),
(1698, 996, NULL, NULL, NULL, 'New financial document', '<p>&nbsp;New financial document submitted for your class New in-App Live System with type deduction and amount 9.90 .</p>', 'system', 'single', 1646172124),
(1699, 1015, NULL, NULL, NULL, 'New sales', '<p>Congratulations! There is a new sales for your class New in-App Live System .</p>', 'system', 'single', 1646172159),
(1700, 979, NULL, NULL, NULL, 'New purchase completed', '<p>The class New in-App Live System successfully purchased. Now you can start learning.</p>', 'system', 'single', 1646172159),
(1701, 979, NULL, NULL, NULL, 'New financial document', '<p>&nbsp;New financial document submitted for your class New in-App Live System with type deduction and amount 11.00 .</p>', 'system', 'single', 1646172160),
(1702, 1015, NULL, NULL, NULL, 'New sales', '<p>Congratulations! There is a new sales for your class New in-App Live System .</p>', 'system', 'single', 1646172296),
(1703, 929, NULL, NULL, NULL, 'New purchase completed', '<p>The class New in-App Live System successfully purchased. Now you can start learning.</p>', 'system', 'single', 1646172296),
(1704, 929, NULL, NULL, NULL, 'New financial document', '<p>&nbsp;New financial document submitted for your class New in-App Live System with type deduction and amount 11.00 .</p>', 'system', 'single', 1646172296),
(1705, 923, NULL, NULL, NULL, 'Your class approved', '<p>Your class How to Travel Around the World successfully approved. Now you can find it on the website.</p>', 'system', 'single', 1646172352),
(1706, 923, NULL, NULL, NULL, 'Your class approved', '<p>Your class Effective Time Management successfully approved. Now you can find it on the website.</p>', 'system', 'single', 1646172394),
(1707, 1015, NULL, NULL, NULL, 'Your class created', '<p>Your class New in-App Live System successfully created. It will be published after approval.</p>', 'system', 'single', 1646172624),
(1708, 1015, NULL, NULL, NULL, 'Your class approved', '<p>Your class New in-App Live System successfully approved. Now you can find it on the website.</p>', 'system', 'single', 1646172650),
(1709, 1015, NULL, NULL, NULL, 'Your class created', '<p>Your class New in-App Live System successfully created. It will be published after approval.</p>', 'system', 'single', 1646173046),
(1710, 1015, NULL, NULL, NULL, 'Your class approved', '<p>Your class New Learning Page successfully approved. Now you can find it on the website.</p>', 'system', 'single', 1646173945),
(1711, 1017, NULL, NULL, NULL, 'New badge', '<p>Congratilations! You received Loyal User&nbsp;badge.</p>', 'system', 'single', 1646174015),
(1712, 1015, NULL, NULL, NULL, 'Your class approved', '<p>Your class New in-App Live System successfully approved. Now you can find it on the website.</p>', 'system', 'single', 1646174680),
(1713, 1015, NULL, NULL, NULL, 'Your class approved', '<p>Your class New in-App Live System successfully approved. Now you can find it on the website.</p>', 'system', 'single', 1646175192),
(1714, 1015, NULL, NULL, NULL, 'Your class approved', '<p>Your class New in-App Live System successfully approved. Now you can find it on the website.</p>', 'system', 'single', 1646175313),
(1715, 1015, NULL, NULL, NULL, 'Your class approved', '<p>Your class New in-App Live System successfully approved. Now you can find it on the website.</p>', 'system', 'single', 1646175337),
(1764, 863, NULL, NULL, NULL, 'New badge', '<p><span style=\"color: rgb(78, 94, 106); font-family: &quot;Open Sans&quot;, &quot;Helvetica Neue&quot;, Helvetica, Arial, sans-serif; font-size: 13.5px;\">Congratulations</span>! You received Golden Classes&nbsp;badge.</p>', 'system', 'single', 1646263574),
(1765, 863, NULL, NULL, NULL, 'New badge', '<p><span style=\"color: rgb(78, 94, 106); font-family: &quot;Open Sans&quot;, &quot;Helvetica Neue&quot;, Helvetica, Arial, sans-serif; font-size: 13.5px;\">Congratulations</span>! You received Top Seller&nbsp;badge.</p>', 'system', 'single', 1646263574),
(1766, 863, NULL, NULL, NULL, 'New badge', '<p><span style=\"color: rgb(78, 94, 106); font-family: &quot;Open Sans&quot;, &quot;Helvetica Neue&quot;, Helvetica, Arial, sans-serif; font-size: 13.5px;\">Congratulations</span>! You received Fantastic Support&nbsp;badge.</p>', 'system', 'single', 1646263574),
(1767, 868, NULL, NULL, NULL, 'New badge', '<p><span style=\"color: rgb(78, 94, 106); font-family: &quot;Open Sans&quot;, &quot;Helvetica Neue&quot;, Helvetica, Arial, sans-serif; font-size: 13.5px;\">Congratulations</span>! You received Faithful User&nbsp;badge.</p>', 'system', 'single', 1646287364),
(1768, 996, NULL, NULL, NULL, 'New badge', '<p><span style=\"color: rgb(78, 94, 106); font-family: &quot;Open Sans&quot;, &quot;Helvetica Neue&quot;, Helvetica, Arial, sans-serif; font-size: 13.5px;\">Congratulations</span>! You received Faithful User&nbsp;badge.</p>', 'system', 'single', 1646290203),
(1769, 995, NULL, NULL, NULL, 'New badge', '<p><span style=\"color: rgb(78, 94, 106); font-family: &quot;Open Sans&quot;, &quot;Helvetica Neue&quot;, Helvetica, Arial, sans-serif; font-size: 13.5px;\">Congratulations</span>! You received Faithful User&nbsp;badge.</p>', 'system', 'single', 1646302693),
(1770, 923, NULL, NULL, NULL, 'New badge', '<p><span style=\"color: rgb(78, 94, 106); font-family: &quot;Open Sans&quot;, &quot;Helvetica Neue&quot;, Helvetica, Arial, sans-serif; font-size: 13.5px;\">Congratulations</span>! You received Faithful User&nbsp;badge.</p>', 'system', 'single', 1646326059),
(1771, 923, NULL, NULL, NULL, 'New badge', '<p><span style=\"color: rgb(78, 94, 106); font-family: &quot;Open Sans&quot;, &quot;Helvetica Neue&quot;, Helvetica, Arial, sans-serif; font-size: 13.5px;\">Congratulations</span>! You received Senior Vendor&nbsp;badge.</p>', 'system', 'single', 1646326060),
(1772, 923, NULL, NULL, NULL, 'New badge', '<p><span style=\"color: rgb(78, 94, 106); font-family: &quot;Open Sans&quot;, &quot;Helvetica Neue&quot;, Helvetica, Arial, sans-serif; font-size: 13.5px;\">Congratulations</span>! You received Golden Classes&nbsp;badge.</p>', 'system', 'single', 1646326060),
(1773, 923, NULL, NULL, NULL, 'New badge', '<p><span style=\"color: rgb(78, 94, 106); font-family: &quot;Open Sans&quot;, &quot;Helvetica Neue&quot;, Helvetica, Arial, sans-serif; font-size: 13.5px;\">Congratulations</span>! You received Top Seller&nbsp;badge.</p>', 'system', 'single', 1646326060),
(1774, 923, NULL, NULL, NULL, 'New badge', '<p><span style=\"color: rgb(78, 94, 106); font-family: &quot;Open Sans&quot;, &quot;Helvetica Neue&quot;, Helvetica, Arial, sans-serif; font-size: 13.5px;\">Congratulations</span>! You received Fantastic Support&nbsp;badge.</p>', 'system', 'single', 1646326061),
(1775, 929, NULL, NULL, NULL, 'Your class approved', '<p>Your class How to Manage Your Virtual Team successfully approved. Now you can find it on the website.</p>', 'system', 'single', 1646350436),
(1776, 1015, NULL, NULL, NULL, 'New feedback', '<p>Your class New Learning Page received a 5 stars rating from Cameron Schofield .</p>', 'system', 'single', 1646352833),
(1777, 1015, NULL, NULL, NULL, 'New sales', '<p>Congratulations! There is a new sales for your class  .</p>', 'system', 'single', 1646379288),
(1778, 995, NULL, NULL, NULL, 'New purchase completed', '<p>The class  successfully purchased. Now you can start learning.</p>', 'system', 'single', 1646379289),
(1779, 995, NULL, NULL, NULL, 'New meeting request', '<p>New meeting booked by Cameron Schofield for 2022-03-15  with the amount 750 .</p>', 'system', 'single', 1646379289),
(1780, 1015, NULL, NULL, NULL, 'New meeting request', '<p>New meeting booked by Cameron Schofield for 2022-03-15  with the amount 750 .</p>', 'system', 'single', 1646379290),
(1781, 995, NULL, NULL, NULL, 'New financial document', '<p>&nbsp;New financial document submitted for your class Reservation Appointment with type deduction and amount 825.00 .</p>', 'system', 'single', 1646379290),
(1782, 1017, NULL, NULL, NULL, 'New badge', '<p><span style=\"color: rgb(78, 94, 106); font-family: &quot;Open Sans&quot;, &quot;Helvetica Neue&quot;, Helvetica, Arial, sans-serif; font-size: 13.5px;\">Congratulations</span>! You received Loyal User&nbsp;badge.</p>', 'system', 'single', 1646379366),
(1783, 867, NULL, NULL, NULL, 'New financial document', '<p>&nbsp;New financial document submitted for your class [c.title] with type addiction and amount 200 .</p>', 'system', 'single', 1646381415),
(1784, 870, NULL, NULL, NULL, 'New badge', '<p>You received Faithful User&nbsp;badge.</p>', 'system', 'single', 1646384782),
(1785, 870, NULL, NULL, NULL, 'New badge', '<p>You received Junior Vendor&nbsp;badge.</p>', 'system', 'single', 1646384788),
(1786, 870, NULL, NULL, NULL, 'New badge', '<p>You received Golden Classes&nbsp;badge.</p>', 'system', 'single', 1646384788),
(1787, 870, NULL, NULL, NULL, 'New badge', '<p>You received Top Seller&nbsp;badge.</p>', 'system', 'single', 1646384789),
(1788, 870, NULL, NULL, NULL, 'New badge', '<p>You received Fantastic Support&nbsp;badge.</p>', 'system', 'single', 1646384794),
(1789, 930, NULL, NULL, NULL, 'New badge', '<p>You received Faithful User&nbsp;badge.</p>', 'system', 'single', 1646386699),
(1790, NULL, NULL, NULL, NULL, 'New sales', '<p>Congratulations! There is a new sales for your class Pro Registration package .</p>', 'system', 'single', 1646386787),
(1791, 930, NULL, NULL, NULL, 'New purchase completed', '<p>The class Pro Registration package successfully purchased. Now you can start learning.</p>', 'system', 'single', 1646386787),
(1792, 930, NULL, NULL, NULL, 'New financial document', '<p>&nbsp;New financial document submitted for your class [c.title] with type deduction and amount 218.90 .</p>', 'system', 'single', 1646386792),
(1793, 859, NULL, NULL, NULL, 'New badge', '<p>You received Faithful User&nbsp;badge.</p>', 'system', 'single', 1646387054),
(1794, 1015, NULL, NULL, NULL, 'New badge', '<p>You received Faithful User&nbsp;badge.</p>', 'system', 'single', 1646387094),
(1795, 1015, NULL, NULL, NULL, 'New badge', '<p>You received Expert Vendor&nbsp;badge.</p>', 'system', 'single', 1646387101),
(1796, 1015, NULL, NULL, NULL, 'New badge', '<p>You received Golden Classes&nbsp;badge.</p>', 'system', 'single', 1646387102),
(1797, 1015, NULL, NULL, NULL, 'New badge', '<p>You received King Seller&nbsp;badge.</p>', 'system', 'single', 1646387102),
(1798, 1015, NULL, NULL, NULL, 'New badge', '<p>You received Fantastic Support&nbsp;badge.</p>', 'system', 'single', 1646387107),
(1799, 859, NULL, NULL, NULL, 'New financial document', '<p>&nbsp;New financial document submitted for your class [c.title] with type addiction and amount 500 .</p>', 'system', 'single', 1646387608),
(1800, NULL, NULL, NULL, NULL, 'New sales', '<p>Congratulations! There is a new sales for your class Basic Registration package .</p>', 'system', 'single', 1646387655),
(1801, 859, NULL, NULL, NULL, 'New purchase completed', '<p>The class Basic Registration package successfully purchased. Now you can start learning.</p>', 'system', 'single', 1646387655),
(1802, 859, NULL, NULL, NULL, 'New financial document', '<p>&nbsp;New financial document submitted for your class [c.title] with type deduction and amount 220.00 .</p>', 'system', 'single', 1646387660),
(1803, 1017, NULL, NULL, NULL, 'New badge', '<p>You received Loyal User&nbsp;badge.</p>', 'system', 'single', 1646387776),
(1804, 996, NULL, NULL, NULL, 'New badge', '<p>You received Faithful User&nbsp;badge.</p>', 'system', 'single', 1646389863),
(1805, 934, NULL, NULL, NULL, 'New badge', '<p>You received Faithful User&nbsp;badge.</p>', 'system', 'single', 1646389876),
(1806, 934, NULL, NULL, NULL, 'New badge', '<p>You received Senior Vendor&nbsp;badge.</p>', 'system', 'single', 1646389876),
(1807, 934, NULL, NULL, NULL, 'New badge', '<p>You received Golden Classes&nbsp;badge.</p>', 'system', 'single', 1646389881),
(1808, 934, NULL, NULL, NULL, 'New badge', '<p>You received Best Seller&nbsp;badge.</p>', 'system', 'single', 1646389887),
(1809, 934, NULL, NULL, NULL, 'New badge', '<p>You received Fantastic Support&nbsp;badge.</p>', 'system', 'single', 1646389887),
(1810, 1015, NULL, NULL, NULL, 'Your class approved', '<p>Your class New In-App Live System successfully approved. Now you can find it on the website.</p>', 'system', 'single', 1646392216),
(1811, 995, NULL, NULL, NULL, 'New badge', '<p>You received Faithful User&nbsp;badge.</p>', 'system', 'single', 1646396328),
(1812, 1016, NULL, NULL, NULL, 'New badge', '<p>You received Faithful User&nbsp;badge.</p>', 'system', 'single', 1646396360),
(1813, 1016, NULL, NULL, NULL, 'New badge', '<p>You received Junior Vendor&nbsp;badge.</p>', 'system', 'single', 1646396362),
(1814, 1016, NULL, NULL, NULL, 'New badge', '<p>You received Golden Classes&nbsp;badge.</p>', 'system', 'single', 1646396363),
(1815, 1016, NULL, NULL, NULL, 'New badge', '<p>You received Top Seller&nbsp;badge.</p>', 'system', 'single', 1646396363),
(1816, 1016, NULL, NULL, NULL, 'New badge', '<p>You received Fantastic Support&nbsp;badge.</p>', 'system', 'single', 1646396368),
(1817, 934, NULL, NULL, NULL, 'Your class approved', '<p>Your class Web Design for Beginners successfully approved. Now you can find it on the website.</p>', 'system', 'single', 1646396836),
(1818, 929, NULL, NULL, NULL, 'Your class approved', '<p>Your class How to Manage Your Virtual Team successfully approved. Now you can find it on the website.</p>', 'system', 'single', 1646396847),
(1819, 929, NULL, NULL, NULL, 'Your class approved', '<p>Your class The Future of Energy successfully approved. Now you can find it on the website.</p>', 'system', 'single', 1646396857),
(1820, 979, NULL, NULL, NULL, 'New badge', '<p>You received Faithful User&nbsp;badge.</p>', 'system', 'single', 1646398166),
(1821, 3, NULL, NULL, NULL, 'New badge', '<p>You received Faithful User&nbsp;badge.</p>', 'system', 'single', 1646406163),
(1822, 3, NULL, NULL, NULL, 'New badge', '<p>You received Senior Vendor&nbsp;badge.</p>', 'system', 'single', 1646406163),
(1823, 3, NULL, NULL, NULL, 'New badge', '<p>You received Bronze Classes&nbsp;badge.</p>', 'system', 'single', 1646406164),
(1824, 3, NULL, NULL, NULL, 'New badge', '<p>You received Top Seller&nbsp;badge.</p>', 'system', 'single', 1646406169),
(1825, 3, NULL, NULL, NULL, 'New badge', '<p>You received Amazing Support&nbsp;badge.</p>', 'system', 'single', 1646406174),
(1826, 4, NULL, NULL, NULL, 'New badge', '<p>You received Faithful User&nbsp;badge.</p>', 'system', 'single', 1646406175),
(1827, 4, NULL, NULL, NULL, 'New badge', '<p>You received Junior Vendor&nbsp;badge.</p>', 'system', 'single', 1646406175),
(1828, 4, NULL, NULL, NULL, 'New badge', '<p>You received Golden Classes&nbsp;badge.</p>', 'system', 'single', 1646406175),
(1829, 4, NULL, NULL, NULL, 'New badge', '<p>You received Best Seller&nbsp;badge.</p>', 'system', 'single', 1646406181),
(1830, 4, NULL, NULL, NULL, 'New badge', '<p>You received Fantastic Support&nbsp;badge.</p>', 'system', 'single', 1646406181),
(1831, 863, NULL, NULL, NULL, 'New badge', '<p>You received Faithful User&nbsp;badge.</p>', 'system', 'single', 1646406181),
(1832, 863, NULL, NULL, NULL, 'New badge', '<p>You received Junior Vendor&nbsp;badge.</p>', 'system', 'single', 1646406182),
(1833, 863, NULL, NULL, NULL, 'New badge', '<p>You received Golden Classes&nbsp;badge.</p>', 'system', 'single', 1646406187),
(1834, 863, NULL, NULL, NULL, 'New badge', '<p>You received Top Seller&nbsp;badge.</p>', 'system', 'single', 1646406187),
(1835, 863, NULL, NULL, NULL, 'New badge', '<p>You received Fantastic Support&nbsp;badge.</p>', 'system', 'single', 1646406193),
(1836, 864, NULL, NULL, NULL, 'New badge', '<p>You received Faithful User&nbsp;badge.</p>', 'system', 'single', 1646406198),
(1837, 864, NULL, NULL, NULL, 'New badge', '<p>You received Junior Vendor&nbsp;badge.</p>', 'system', 'single', 1646406198),
(1838, 864, NULL, NULL, NULL, 'New badge', '<p>You received Best Seller&nbsp;badge.</p>', 'system', 'single', 1646406198),
(1839, 867, NULL, NULL, NULL, 'New badge', '<p>You received Faithful User&nbsp;badge.</p>', 'system', 'single', 1646406199),
(1840, 867, NULL, NULL, NULL, 'New badge', '<p>You received Expert Vendor&nbsp;badge.</p>', 'system', 'single', 1646406199),
(1841, 867, NULL, NULL, NULL, 'New badge', '<p>You received Golden Classes&nbsp;badge.</p>', 'system', 'single', 1646406199),
(1842, 867, NULL, NULL, NULL, 'New badge', '<p>You received Top Seller&nbsp;badge.</p>', 'system', 'single', 1646406205),
(1843, 867, NULL, NULL, NULL, 'New badge', '<p>You received Fantastic Support&nbsp;badge.</p>', 'system', 'single', 1646406205),
(1844, 868, NULL, NULL, NULL, 'New badge', '<p>You received Faithful User&nbsp;badge.</p>', 'system', 'single', 1646406205),
(1845, 870, NULL, NULL, NULL, 'New badge', '<p>Congrolation ! You received Faithful User badge.</p>', 'system', 'single', 1646408504),
(1846, 870, NULL, NULL, NULL, 'New badge', '<p>Congrolation ! You received Junior Vendor badge.</p>', 'system', 'single', 1646408511),
(1847, 870, NULL, NULL, NULL, 'New badge', '<p>Congrolation ! You received Golden Classes badge.</p>', 'system', 'single', 1646408516),
(1848, 870, NULL, NULL, NULL, 'New badge', '<p>Congrolation ! You received Top Seller badge.</p>', 'system', 'single', 1646408522),
(1849, 870, NULL, NULL, NULL, 'New badge', '<p>Congrolation ! You received Fantastic Support badge.</p>', 'system', 'single', 1646408527),
(1850, 934, NULL, NULL, NULL, 'New badge', '<p>Congrolation! You received Faithful User badge.</p>', 'system', 'single', 1646408593),
(1851, 934, NULL, NULL, NULL, 'New badge', '<p>Congrolation! You received Senior Vendor badge.</p>', 'system', 'single', 1646408594),
(1852, 934, NULL, NULL, NULL, 'New badge', '<p>Congrolation! You received Golden Classes badge.</p>', 'system', 'single', 1646408596),
(1853, 934, NULL, NULL, NULL, 'New badge', '<p>Congrolation! You received Best Seller badge.</p>', 'system', 'single', 1646408601),
(1854, 934, NULL, NULL, NULL, 'New badge', '<p>Congrolation! You received Fantastic Support badge.</p>', 'system', 'single', 1646408606),
(1855, 1015, NULL, NULL, NULL, 'New badge', '<p>Congrolation! You received Faithful User badge.</p>', 'system', 'single', 1646408712),
(1856, 1015, NULL, NULL, NULL, 'New badge', '<p>Congrolation! You received Expert Vendor badge.</p>', 'system', 'single', 1646408713),
(1857, 1015, NULL, NULL, NULL, 'New badge', '<p>Congrolation! You received Golden Classes badge.</p>', 'system', 'single', 1646408719),
(1858, 1015, NULL, NULL, NULL, 'New badge', '<p>Congrolation! You received King Seller badge.</p>', 'system', 'single', 1646408724),
(1859, 1015, NULL, NULL, NULL, 'New badge', '<p>Congrolation! You received Fantastic Support badge.</p>', 'system', 'single', 1646408730),
(1860, 995, NULL, NULL, NULL, 'New badge', '<p>Congrolation! You received Faithful User badge.</p>', 'system', 'single', 1646412265),
(1861, 870, NULL, NULL, NULL, 'New badge', '<p>Congrolation! You received Faithful User badge.</p>', 'system', 'single', 1646412316),
(1862, 870, NULL, NULL, NULL, 'New badge', '<p>Congrolation! You received Junior Vendor badge.</p>', 'system', 'single', 1646412321),
(1863, 870, NULL, NULL, NULL, 'New badge', '<p>Congrolation! You received Golden Classes badge.</p>', 'system', 'single', 1646412322),
(1864, 870, NULL, NULL, NULL, 'New badge', '<p>Congrolation! You received Top Seller badge.</p>', 'system', 'single', 1646412323),
(1865, 870, NULL, NULL, NULL, 'New badge', '<p>Congrolation! You received Fantastic Support badge.</p>', 'system', 'single', 1646412328),
(1866, 995, NULL, NULL, NULL, 'Offline payment submitted', '<p>An offline payment request with the amount 100 submitted successfully.</p>', 'system', 'single', 1646413097),
(1867, 1016, NULL, NULL, NULL, 'New badge', '<p>Congrolation! You received Faithful User badge.</p>', 'system', 'single', 1646413370),
(1868, 1016, NULL, NULL, NULL, 'New badge', '<p>Congrolation! You received Junior Vendor badge.</p>', 'system', 'single', 1646413376),
(1869, 1016, NULL, NULL, NULL, 'New badge', '<p>Congrolation! You received Golden Classes badge.</p>', 'system', 'single', 1646413376),
(1870, 1016, NULL, NULL, NULL, 'New badge', '<p>Congrolation! You received Top Seller badge.</p>', 'system', 'single', 1646413377),
(1871, 1016, NULL, NULL, NULL, 'New badge', '<p>Congrolation! You received Fantastic Support badge.</p>', 'system', 'single', 1646413380),
(1872, 1016, NULL, NULL, NULL, 'New feedback', '<p>Your class Become a Product Manager received a 5 stars rating from Robert Ransdell .</p>', 'system', 'single', 1646413440),
(1873, 996, NULL, NULL, NULL, 'New badge', '<p>Congrolation! You received Faithful User badge.</p>', 'system', 'single', 1646414245),
(1874, 1015, NULL, NULL, NULL, 'Your class approved', '<p>Your class New In-App Live System successfully approved. Now you can find it on the website.</p>', 'system', 'single', 1646415127),
(1875, 1015, NULL, NULL, NULL, 'Your class approved', '<p>Your class New Learning Page successfully approved. Now you can find it on the website.</p>', 'system', 'single', 1646415140),
(1876, 929, NULL, NULL, NULL, 'New badge', '<p>Congrolation! You received Faithful User badge.</p>', 'system', 'single', 1646415745),
(1877, 929, NULL, NULL, NULL, 'New badge', '<p>Congrolation! You received Senior Vendor badge.</p>', 'system', 'single', 1646415750),
(1878, 929, NULL, NULL, NULL, 'New badge', '<p>Congrolation! You received Golden Classes badge.</p>', 'system', 'single', 1646415755),
(1879, 929, NULL, NULL, NULL, 'New badge', '<p>Congrolation! You received Top Seller badge.</p>', 'system', 'single', 1646415756),
(1880, 929, NULL, NULL, NULL, 'New badge', '<p>Congrolation! You received Amazing Support badge.</p>', 'system', 'single', 1646415756),
(1881, 923, NULL, NULL, NULL, 'New badge', '<p>Congrolation! You received Faithful User badge.</p>', 'system', 'single', 1646415757),
(1882, 923, NULL, NULL, NULL, 'New badge', '<p>Congrolation! You received Senior Vendor badge.</p>', 'system', 'single', 1646415757),
(1883, 923, NULL, NULL, NULL, 'New badge', '<p>Congrolation! You received Golden Classes badge.</p>', 'system', 'single', 1646415757),
(1884, 923, NULL, NULL, NULL, 'New badge', '<p>Congrolation! You received Top Seller badge.</p>', 'system', 'single', 1646415758),
(1885, 923, NULL, NULL, NULL, 'New badge', '<p>Congrolation! You received Fantastic Support badge.</p>', 'system', 'single', 1646415763),
(1886, 4, NULL, NULL, NULL, 'New badge', '<p>Congrolation! You received Faithful User badge.</p>', 'system', 'single', 1646426799),
(1887, 4, NULL, NULL, NULL, 'New badge', '<p>Congrolation! You received Junior Vendor badge.</p>', 'system', 'single', 1646426800),
(1888, 4, NULL, NULL, NULL, 'New badge', '<p>Congrolation! You received Golden Classes badge.</p>', 'system', 'single', 1646426805),
(1889, 4, NULL, NULL, NULL, 'New badge', '<p>Congrolation! You received Best Seller badge.</p>', 'system', 'single', 1646426826),
(1890, 4, NULL, NULL, NULL, 'New badge', '<p>Congrolation! You received Fantastic Support badge.</p>', 'system', 'single', 1646426831),
(1891, 1015, NULL, NULL, NULL, 'Your class approved', '<p>Your class New Learning Page successfully approved. Now you can find it on the website.</p>', 'system', 'single', 1646492850),
(1892, 1015, NULL, NULL, NULL, 'new badge', '<p>You received Faithful User&nbsp;badge</p>', 'system', 'single', 1655151400),
(1893, 1015, NULL, NULL, NULL, 'new badge', '<p>You received Expert Vendor&nbsp;badge</p>', 'system', 'single', 1655151401),
(1894, 1015, NULL, NULL, NULL, 'new badge', '<p>You received Golden Classes&nbsp;badge</p>', 'system', 'single', 1655151401),
(1895, 1015, NULL, NULL, NULL, 'new badge', '<p>You received King Seller&nbsp;badge</p>', 'system', 'single', 1655151402),
(1896, 1015, NULL, NULL, NULL, 'new badge', '<p>You received Fantastic Support&nbsp;badge</p>', 'system', 'single', 1655151402),
(1897, 1016, NULL, NULL, NULL, 'new badge', '<p>You received Faithful User&nbsp;badge</p>', 'system', 'single', 1655151402),
(1898, 1016, NULL, NULL, NULL, 'new badge', '<p>You received Junior Vendor&nbsp;badge</p>', 'system', 'single', 1655151402),
(1899, 1016, NULL, NULL, NULL, 'new badge', '<p>You received Golden Classes&nbsp;badge</p>', 'system', 'single', 1655151403),
(1900, 1016, NULL, NULL, NULL, 'new badge', '<p>You received Top Seller&nbsp;badge</p>', 'system', 'single', 1655151403),
(1901, 1016, NULL, NULL, NULL, 'new badge', '<p>You received Fantastic Support&nbsp;badge</p>', 'system', 'single', 1655151403),
(1902, 995, NULL, NULL, NULL, 'new badge', '<p>You received Faithful User&nbsp;badge</p>', 'system', 'single', 1655617838),
(1903, 1, NULL, NULL, NULL, 'new badge', '<p>You received Faithful User&nbsp;badge</p>', 'system', 'single', 1655618081),
(1904, 934, NULL, NULL, NULL, 'new badge', '<p>You received Faithful User&nbsp;badge</p>', 'system', 'single', 1655626424),
(1905, 934, NULL, NULL, NULL, 'new badge', '<p>You received Senior Vendor&nbsp;badge</p>', 'system', 'single', 1655626430),
(1906, 934, NULL, NULL, NULL, 'new badge', '<p>You received Golden Classes&nbsp;badge</p>', 'system', 'single', 1655626430),
(1907, 934, NULL, NULL, NULL, 'new badge', '<p>You received Best Seller&nbsp;badge</p>', 'system', 'single', 1655626430),
(1908, 934, NULL, NULL, NULL, 'new badge', '<p>You received Fantastic Support&nbsp;badge</p>', 'system', 'single', 1655626436),
(1909, 1017, NULL, NULL, NULL, 'new badge', '<p>You received Faithful User&nbsp;badge</p>', 'system', 'single', 1655697087),
(1910, 929, NULL, NULL, NULL, 'new badge', '<p>You received Faithful User&nbsp;badge</p>', 'system', 'single', 1655718810),
(1911, 929, NULL, NULL, NULL, 'new badge', '<p>You received Senior Vendor&nbsp;badge</p>', 'system', 'single', 1655718816),
(1912, 929, NULL, NULL, NULL, 'new badge', '<p>You received Golden Classes&nbsp;badge</p>', 'system', 'single', 1655718817),
(1913, 929, NULL, NULL, NULL, 'new badge', '<p>You received Top Seller&nbsp;badge</p>', 'system', 'single', 1655718817),
(1914, 929, NULL, NULL, NULL, 'new badge', '<p>You received Amazing Support&nbsp;badge</p>', 'system', 'single', 1655718818),
(1915, 979, NULL, NULL, NULL, 'new badge', '<p>You received Faithful User&nbsp;badge</p>', 'system', 'single', 1655786599);
INSERT INTO `notifications` (`id`, `user_id`, `sender_id`, `group_id`, `webinar_id`, `title`, `message`, `sender`, `type`, `created_at`) VALUES
(1916, 930, NULL, NULL, NULL, 'new badge', '<p>You received Faithful User&nbsp;badge</p>', 'system', 'single', 1655786673),
(1917, 923, NULL, NULL, NULL, 'new badge', '<p>You received Faithful User&nbsp;badge</p>', 'system', 'single', 1655787580),
(1918, 923, NULL, NULL, NULL, 'new badge', '<p>You received Senior Vendor&nbsp;badge</p>', 'system', 'single', 1655787581),
(1919, 923, NULL, NULL, NULL, 'new badge', '<p>You received Golden Classes&nbsp;badge</p>', 'system', 'single', 1655787582),
(1920, 923, NULL, NULL, NULL, 'new badge', '<p>You received Fantastic Support&nbsp;badge</p>', 'system', 'single', 1655787582),
(1921, 996, NULL, NULL, NULL, 'new badge', '<p>You received Faithful User&nbsp;badge</p>', 'system', 'single', 1655788012),
(1922, 870, NULL, NULL, NULL, 'new badge', '<p>You received Faithful User&nbsp;badge</p>', 'system', 'single', 1655788252),
(1923, 870, NULL, NULL, NULL, 'new badge', '<p>You received Junior Vendor&nbsp;badge</p>', 'system', 'single', 1655788252),
(1924, 870, NULL, NULL, NULL, 'new badge', '<p>You received Golden Classes&nbsp;badge</p>', 'system', 'single', 1655788252),
(1925, 870, NULL, NULL, NULL, 'new badge', '<p>You received Fantastic Support&nbsp;badge</p>', 'system', 'single', 1655788253),
(1926, 3, NULL, NULL, NULL, 'new badge', '<p>You received Faithful User&nbsp;badge</p>', 'system', 'single', 1655788547),
(1927, 3, NULL, NULL, NULL, 'new badge', '<p>You received Senior Vendor&nbsp;badge</p>', 'system', 'single', 1655788548),
(1928, 3, NULL, NULL, NULL, 'new badge', '<p>You received Bronze Classes&nbsp;badge</p>', 'system', 'single', 1655788548),
(1929, 3, NULL, NULL, NULL, 'new badge', '<p>You received Best Seller&nbsp;badge</p>', 'system', 'single', 1655788548),
(1930, 3, NULL, NULL, NULL, 'new badge', '<p>You received Amazing Support&nbsp;badge</p>', 'system', 'single', 1655788549),
(1931, 859, NULL, NULL, NULL, 'new badge', '<p>You received Faithful User&nbsp;badge</p>', 'system', 'single', 1655789571),
(1932, 929, NULL, NULL, NULL, 'new badge', '<p>You received Expert Vendor&nbsp;badge</p>', 'system', 'single', 1655799442),
(1933, 929, NULL, NULL, NULL, 'Course created', '<p>you create new course&nbsp;with Title Drip & Assignment Features</p>', 'system', 'single', 1655804545),
(1934, 929, NULL, NULL, NULL, 'Course approve', '<p>your course with title Drip & Assignment Features approved</p>', 'system', 'single', 1655804610),
(1935, 929, NULL, NULL, NULL, 'Course approve', '<p>your course with title Drip and Assignment Features approved</p>', 'system', 'single', 1655804649),
(1936, 867, NULL, NULL, NULL, 'new badge', '<p>You received Faithful User&nbsp;badge</p>', 'system', 'single', 1655822951),
(1937, 867, NULL, NULL, NULL, 'new badge', '<p>You received Expert Vendor&nbsp;badge</p>', 'system', 'single', 1655822952),
(1938, 867, NULL, NULL, NULL, 'new badge', '<p>You received Golden Classes&nbsp;badge</p>', 'system', 'single', 1655822952),
(1939, 867, NULL, NULL, NULL, 'new badge', '<p>You received Top Seller&nbsp;badge</p>', 'system', 'single', 1655822952),
(1940, 867, NULL, NULL, NULL, 'new badge', '<p>You received Fantastic Support&nbsp;badge</p>', 'system', 'single', 1655822953),
(1941, 863, NULL, NULL, NULL, 'new badge', '<p>You received Faithful User&nbsp;badge</p>', 'system', 'single', 1655822954),
(1942, 863, NULL, NULL, NULL, 'new badge', '<p>You received Junior Vendor&nbsp;badge</p>', 'system', 'single', 1655822954),
(1943, 863, NULL, NULL, NULL, 'new badge', '<p>You received Golden Classes&nbsp;badge</p>', 'system', 'single', 1655822954),
(1944, 863, NULL, NULL, NULL, 'new badge', '<p>You received Top Seller&nbsp;badge</p>', 'system', 'single', 1655822955),
(1945, 864, NULL, NULL, NULL, 'new badge', '<p>You received Faithful User&nbsp;badge</p>', 'system', 'single', 1655822955),
(1946, 863, NULL, NULL, NULL, 'new badge', '<p>You received Fantastic Support&nbsp;badge</p>', 'system', 'single', 1655822955),
(1947, 864, NULL, NULL, NULL, 'new badge', '<p>You received Junior Vendor&nbsp;badge</p>', 'system', 'single', 1655822955),
(1948, 864, NULL, NULL, NULL, 'new badge', '<p>You received Best Seller&nbsp;badge</p>', 'system', 'single', 1655822955),
(1949, 4, NULL, NULL, NULL, 'new badge', '<p>You received Faithful User&nbsp;badge</p>', 'system', 'single', 1655823000),
(1950, 4, NULL, NULL, NULL, 'new badge', '<p>You received Junior Vendor&nbsp;badge</p>', 'system', 'single', 1655823000),
(1951, 4, NULL, NULL, NULL, 'new badge', '<p>You received Golden Classes&nbsp;badge</p>', 'system', 'single', 1655823001),
(1952, 4, NULL, NULL, NULL, 'new badge', '<p>You received Best Seller&nbsp;badge</p>', 'system', 'single', 1655823001),
(1953, 4, NULL, NULL, NULL, 'new badge', '<p>You received Fantastic Support&nbsp;badge</p>', 'system', 'single', 1655823001),
(1954, 929, NULL, NULL, NULL, 'Course approve', '<p>your course with title Drip and Assignment Features approved</p>', 'system', 'single', 1655871649),
(1955, 929, NULL, NULL, NULL, 'Rating (Feedback)', '<p>new feedback submitted for course with title Drip and Assignment Features bu student Robert B. Gray and rate 4</p>', 'system', 'single', 1655875572),
(1956, 1015, NULL, NULL, NULL, 'new badge', '<p>You received Loyal User&nbsp;badge</p>', 'system', 'single', 1655907547),
(1957, 1019, NULL, NULL, NULL, 'new badge', '<p>You received New User&nbsp;badge</p>', 'system', 'single', 1655970555),
(1958, 1015, NULL, NULL, NULL, 'New sales', '<p>new sale for course with title Microsoft Office Beginner to Expert Bundle</p>', 'system', 'single', 1656083262),
(1959, 930, NULL, NULL, NULL, 'New purchase', '<p>new purchase for course with title Microsoft Office Beginner to Expert Bundle</p>', 'system', 'single', 1656083262),
(1960, 930, NULL, NULL, NULL, 'New financial document', '<p>&nbsp;New financial document for course Microsoft Office Beginner to Expert Bundle with type deduction with price 55.00</p>', 'system', 'single', 1656083263),
(1961, 1016, NULL, NULL, NULL, 'new badge', '<p>You received Loyal User&nbsp;badge</p>', 'system', 'single', 1656083787),
(1962, 1015, NULL, NULL, NULL, 'Rating (Feedback)', '<p>new feedback submitted for course with title Travel Management Course bu student Cameron Schofield and rate 5</p>', 'system', 'single', 1656103090),
(1963, 1015, NULL, NULL, NULL, 'Course approve', '<p>your course with title New Learning Page approved</p>', 'system', 'single', 1656103140),
(1964, 995, NULL, NULL, NULL, 'New financial document', '<p>&nbsp;New financial document for course Sherlock Holmes e-book with type deduction with price 5.25</p>', 'system', 'single', 1656103844),
(1965, 923, NULL, NULL, NULL, 'New financial document', '<p>&nbsp;New financial document for course Painting tools with type deduction with price 31.25</p>', 'system', 'single', 1656104131),
(1966, 864, NULL, NULL, NULL, 'New sales', '<p>new sale for course with title Active Listening: You Can Be a Great Listener</p>', 'system', 'single', 1656130482),
(1967, 996, NULL, NULL, NULL, 'New purchase', '<p>new purchase for course with title Active Listening: You Can Be a Great Listener</p>', 'system', 'single', 1656130482),
(1968, 996, NULL, NULL, NULL, 'New financial document', '<p>&nbsp;New financial document for course Active Listening: You Can Be a Great Listener with type deduction with price 39.60</p>', 'system', 'single', 1656130482),
(1969, 864, NULL, NULL, NULL, 'new badge', '<p>You received Top Seller&nbsp;badge</p>', 'system', 'single', 1656130495),
(1970, 3, NULL, NULL, NULL, 'Rating (Feedback)', '<p>new feedback submitted for course with title Active Listening: You Can Be a Great Listener bu student Robert B. Gray and rate 5</p>', 'system', 'single', 1656130561),
(1971, 930, NULL, NULL, NULL, 'New financial document', '<p>&nbsp;New financial document for course Advanced microscope with type deduction with price 314.50</p>', 'system', 'single', 1656130707),
(1972, 996, NULL, NULL, NULL, 'New financial document', '<p>&nbsp;New financial document for course Business Software with type deduction with price 78.75</p>', 'system', 'single', 1656130963),
(1973, 929, NULL, NULL, NULL, 'Course approve', '<p>your course with title Drip and Assignment Features approved</p>', 'system', 'single', 1656137686),
(1974, 929, NULL, NULL, NULL, 'Course approve', '<p>your course with title Drip and Assignment Features approved</p>', 'system', 'single', 1656137739),
(1975, 934, NULL, NULL, NULL, 'New sales', '<p>new sale for course with title A-Z Web Programming</p>', 'system', 'single', 1656139703),
(1976, 979, NULL, NULL, NULL, 'New purchase', '<p>new purchase for course with title A-Z Web Programming</p>', 'system', 'single', 1656139704),
(1977, 979, NULL, NULL, NULL, 'New financial document', '<p>&nbsp;New financial document for course A-Z Web Programming with type deduction with price 8.80</p>', 'system', 'single', 1656139704),
(1978, 929, NULL, NULL, NULL, 'New sales', '<p>new sale for course with title Solar Energy Design Course From Zero To Hero</p>', 'system', 'single', 1656139705),
(1979, 979, NULL, NULL, NULL, 'New purchase', '<p>new purchase for course with title Solar Energy Design Course From Zero To Hero</p>', 'system', 'single', 1656139705),
(1980, 979, NULL, NULL, NULL, 'New financial document', '<p>&nbsp;New financial document for course Solar Energy Design Course From Zero To Hero with type deduction with price 27.50</p>', 'system', 'single', 1656139705),
(1981, 929, NULL, NULL, NULL, 'Course approve', '<p>your course with title New Update Features approved</p>', 'system', 'single', 1656142775),
(1982, 1015, NULL, NULL, NULL, 'new badge', '<p>You received Store Best Seller&nbsp;badge</p>', 'system', 'single', 1656148218),
(1983, 1015, NULL, NULL, NULL, 'new badge', '<p>You received Forums Top User&nbsp;badge</p>', 'system', 'single', 1656148220),
(1984, 1017, NULL, NULL, NULL, 'new badge', '<p>You received Loyal User&nbsp;badge</p>', 'system', 'single', 1656148474),
(1985, 1017, NULL, NULL, NULL, 'new badge', '<p>You received Forums Top User&nbsp;badge</p>', 'system', 'single', 1656148474),
(1986, 1017, NULL, NULL, NULL, 'New financial document', '<p>&nbsp;New financial document for course Painting tools with type deduction with price 26.00</p>', 'system', 'single', 1656148574),
(1987, 995, NULL, NULL, NULL, 'new badge', '<p>You received Forums Top User&nbsp;badge</p>', 'system', 'single', 1656148637),
(1988, 995, NULL, NULL, NULL, 'New financial document', '<p>&nbsp;New financial document for course  with type addiction with price 300</p>', 'system', 'single', 1656148789),
(1989, 995, NULL, NULL, NULL, 'New financial document', '<p>&nbsp;New financial document for course Painting tools with type deduction with price 52.25</p>', 'system', 'single', 1656148838),
(1990, 1016, NULL, NULL, NULL, 'new badge', '<p>You received Store Best Seller&nbsp;badge</p>', 'system', 'single', 1656194232),
(1991, 864, NULL, NULL, NULL, 'new badge', '<p>You received Golden Classes&nbsp;badge</p>', 'system', 'single', 1656194599),
(1992, 864, NULL, NULL, NULL, 'new badge', '<p>You received Fantastic Support&nbsp;badge</p>', 'system', 'single', 1656194599),
(1993, 870, NULL, NULL, NULL, 'new badge', '<p>You received Forums Top User&nbsp;badge</p>', 'system', 'single', 1656219366),
(1994, 996, NULL, NULL, NULL, 'new badge', '<p>You received Forums Top User&nbsp;badge</p>', 'system', 'single', 1656219590),
(1995, 929, NULL, NULL, NULL, 'Course approve', '<p>your course with title New Update Features approved</p>', 'system', 'single', 1656219955),
(1996, 1015, NULL, NULL, NULL, 'Course approve', '<p>your course with title New Learning Page approved</p>', 'system', 'single', 1656220500),
(1997, 929, NULL, NULL, NULL, 'Course approve', '<p>your course with title New Update Features approved</p>', 'system', 'single', 1656220512),
(1998, 995, NULL, NULL, NULL, 'New financial document', '<p>&nbsp;New financial document for course Where the Crawdads Sing e-book with type deduction with price 17.00</p>', 'system', 'single', 1656322658),
(1999, 1015, NULL, NULL, NULL, 'Course approve', '<p>your course with title New Learning Page approved</p>', 'system', 'single', 1656362307),
(2000, 929, NULL, NULL, NULL, 'Course approve', '<p>your course with title New Update Features approved</p>', 'system', 'single', 1656362329),
(2001, 1015, NULL, NULL, NULL, 'Course approve', '<p>your course with title New Learning Page approved</p>', 'system', 'single', 1656406697),
(2002, 923, NULL, NULL, NULL, 'new badge', '<p>You received Forums Top User&nbsp;badge</p>', 'system', 'single', 1656530749),
(2003, 929, NULL, NULL, NULL, 'Course approve', '<p>your course with title New Update Features approved</p>', 'system', 'single', 1656662548),
(2004, 1015, NULL, NULL, NULL, 'Course created', '<p>you create new course&nbsp;with Title New Learning Page</p>', 'system', 'single', 1656664502),
(2005, 1015, NULL, NULL, NULL, 'Course approve', '<p>your course with title New Learning Page approved</p>', 'system', 'single', 1656664518),
(2006, 929, NULL, NULL, NULL, 'Course approve', '<p>your course with title New Update Features approved</p>', 'system', 'single', 1656664534),
(2007, 995, NULL, NULL, NULL, 'Certificate', '<p>certificate recived for course Travel Management Course</p>', 'system', 'single', 1656664855),
(2008, 1015, NULL, NULL, NULL, 'Course approve', '<p>your course with title New Learning Page approved</p>', 'system', 'single', 1677569169),
(2009, 929, NULL, NULL, NULL, 'Course approve', '<p>your course with title New Update Features approved</p>', 'system', 'single', 1677573590),
(2010, 1019, NULL, NULL, NULL, 'new badge', '<p>You received Loyal User&nbsp;badge</p>', 'system', 'single', 1678904160),
(2011, 934, NULL, NULL, NULL, 'Your upcoming course followed', '<p>Cameron Schofield followed your upcoming course Web Design for Beginners</p>', 'system', 'single', 1678908505),
(2012, 930, NULL, NULL, NULL, 'New reward point', '<p>You get 10&nbsp;for New Badge&nbsp;on 15 Mar 2023 15:28</p>', 'system', 'single', 1678908532),
(2013, 930, NULL, NULL, NULL, 'new badge', '<p>You received Forums Top User&nbsp;badge</p>', 'system', 'single', 1678908532),
(2014, 934, NULL, NULL, NULL, 'Your upcoming course followed', '<p>Jade Harrison followed your upcoming course Web Design for Beginners</p>', 'system', 'single', 1678908543),
(2015, 934, NULL, NULL, NULL, 'Your upcoming course followed', '<p>Robert B. Gray followed your upcoming course Web Design for Beginners</p>', 'system', 'single', 1678908564),
(2016, 934, NULL, NULL, NULL, 'Your upcoming course followed', '<p>Alex Pmelaa followed your upcoming course Web Design for Beginners</p>', 'system', 'single', 1678908593),
(2017, 934, NULL, NULL, NULL, 'Your upcoming course followed', '<p>Morgan Sullivan followed your upcoming course Web Design for Beginners</p>', 'system', 'single', 1678908616),
(2018, 934, NULL, NULL, NULL, 'Your upcoming course published', '<p>Your upcoming course Web Design for Beginners&nbsp;published.</p>', 'system', 'single', 1678908647),
(2019, 995, NULL, NULL, NULL, 'Upcoming course published and is accessible', '<p>The upcoming course Web Design for Beginners published now and you can check it.</p>', 'system', 'single', 1678908647),
(2020, 930, NULL, NULL, NULL, 'Upcoming course published and is accessible', '<p>The upcoming course Web Design for Beginners published now and you can check it.</p>', 'system', 'single', 1678908647),
(2021, 996, NULL, NULL, NULL, 'Upcoming course published and is accessible', '<p>The upcoming course Web Design for Beginners published now and you can check it.</p>', 'system', 'single', 1678908647),
(2022, 1017, NULL, NULL, NULL, 'Upcoming course published and is accessible', '<p>The upcoming course Web Design for Beginners published now and you can check it.</p>', 'system', 'single', 1678908647),
(2023, 979, NULL, NULL, NULL, 'Upcoming course published and is accessible', '<p>The upcoming course Web Design for Beginners published now and you can check it.</p>', 'system', 'single', 1678908647),
(2024, 1016, NULL, NULL, NULL, 'Your upcoming course followed', '<p>Robert B. Gray followed your upcoming course Digital Photography</p>', 'system', 'single', 1678908833),
(2025, 1016, NULL, NULL, NULL, 'Your upcoming course followed', '<p>Cameron Schofield followed your upcoming course Digital Photography</p>', 'system', 'single', 1678908841),
(2026, 1016, NULL, NULL, NULL, 'Your upcoming course followed', '<p>Jade Harrison followed your upcoming course Digital Photography</p>', 'system', 'single', 1678908851),
(2027, 1015, NULL, NULL, NULL, 'Your upcoming course followed', '<p>Robert B. Gray followed your upcoming course Python for Beginners</p>', 'system', 'single', 1678908877),
(2028, 1015, NULL, NULL, NULL, 'Your upcoming course followed', '<p>Morgan Sullivan followed your upcoming course Python for Beginners</p>', 'system', 'single', 1678908893),
(2029, 1, NULL, NULL, NULL, 'New item created', '<p>Jessica Wray created a new item with title Installment feature</p>', 'system', 'single', 1678910860),
(2030, 870, NULL, NULL, NULL, 'Course created', '<p>you create new course&nbsp;with Title Installment and Secure Host features</p>', 'system', 'single', 1678911932),
(2031, 1, NULL, NULL, NULL, 'Content review request', '<p>Jessica Wray sent a review request for Installment and Secure Host features</p>', 'system', 'single', 1678911932),
(2032, 870, NULL, NULL, NULL, 'New reward point', '<p>You get 20&nbsp;for New Badge&nbsp;on 15 Mar 2023 16:26</p>', 'system', 'single', 1678911991),
(2033, 870, NULL, NULL, NULL, 'new badge', '<p>You received Senior Vendor&nbsp;badge</p>', 'system', 'single', 1678911991),
(2034, 3, NULL, NULL, NULL, 'New reward point', '<p>You get 50&nbsp;for New Badge&nbsp;on 15 Mar 2023 16:27</p>', 'system', 'single', 1678912055),
(2035, 3, NULL, NULL, NULL, 'new badge', '<p>You received Golden Classes&nbsp;badge</p>', 'system', 'single', 1678912055),
(2036, 3, NULL, NULL, NULL, 'New reward point', '<p>You get 20&nbsp;for New Badge&nbsp;on 15 Mar 2023 16:27</p>', 'system', 'single', 1678912055),
(2037, 3, NULL, NULL, NULL, 'new badge', '<p>You received Fantastic Support&nbsp;badge</p>', 'system', 'single', 1678912055),
(2038, 3, NULL, NULL, NULL, 'New reward point', '<p>You get 10&nbsp;for New Badge&nbsp;on 15 Mar 2023 16:27</p>', 'system', 'single', 1678912055),
(2039, 3, NULL, NULL, NULL, 'new badge', '<p>You received Forums Top User&nbsp;badge</p>', 'system', 'single', 1678912055),
(2040, 870, NULL, NULL, NULL, 'Course approve', '<p>your course with title Installment and Secure Host approved</p>', 'system', 'single', 1678912167),
(2041, 870, NULL, NULL, NULL, 'New reward point', '<p>You get 50&nbsp;for Publishing a Course&nbsp;on 15 Mar 2023 16:29</p>', 'system', 'single', 1678912167),
(2042, 870, NULL, NULL, NULL, 'Course approve', '<p>your course with title Installment and Secure Host approved</p>', 'system', 'single', 1678912277),
(2043, 870, NULL, NULL, NULL, 'Course approve', '<p>your course with title Installment and Secure Host approved</p>', 'system', 'single', 1678913755),
(2044, 870, NULL, NULL, NULL, 'Course approve', '<p>your course with title Installment and Secure Host approved</p>', 'system', 'single', 1678914025),
(2045, 870, NULL, NULL, NULL, 'Course created', '<p>you create new course&nbsp;with Title Installment and Secure Host</p>', 'system', 'single', 1678915115),
(2046, 1, NULL, NULL, NULL, 'Content review request', '<p>Jessica Wray sent a review request for Installment and Secure Host</p>', 'system', 'single', 1678915115),
(2047, 995, NULL, NULL, NULL, 'Installment request submitted', '<p>Your installment for Installment payment with 0% interest&nbsp;at $100&nbsp;submitted successfully.</p>', 'system', 'single', 1678915403),
(2048, 1, NULL, NULL, NULL, 'Installment request submitted (Admin)', '<p>Cameron Schofield submitted an installment request for Installment payment with 0% interest&nbsp;at $100.</p>', 'system', 'single', 1678915403),
(2049, 995, NULL, NULL, NULL, 'New reward point', '<p>You get 165&nbsp;for Purchase&nbsp;on 15 Mar 2023 17:24</p>', 'system', 'single', 1678915490),
(2050, 995, NULL, NULL, NULL, 'New financial document', '<p>&nbsp;New financial document for course Installment Upfront with type deduction with price $33</p>', 'system', 'single', 1678915490),
(2051, 995, NULL, NULL, NULL, 'Installment verification request submitted', '<p>We received your verification request for Installment payment with 0% interest&nbsp;on 15 Mar 2023 - 17:24&nbsp;and the result will be informed to you soon.</p>', 'system', 'single', 1678915490),
(2052, 1, NULL, NULL, NULL, 'Installment verification request submitted (Admin)', '<p>Cameron Schofield submitted a verification request for Installment payment with 0% interest&nbsp;on 15 Mar 2023 - 17:24.</p>', 'system', 'single', 1678915490),
(2053, 995, NULL, NULL, NULL, 'Installment verification request approved', '<p>Your verification request for Installment payment with 0% interest&nbsp;approved.</p>', 'system', 'single', 1678915553),
(2054, 979, NULL, NULL, NULL, 'Installment request submitted', '<p>Your installment for Installment payment with 0% interest&nbsp;at $100&nbsp;submitted successfully.</p>', 'system', 'single', 1678917752),
(2055, 1, NULL, NULL, NULL, 'Installment request submitted (Admin)', '<p>Morgan Sullivan submitted an installment request for Installment payment with 0% interest&nbsp;at $100.</p>', 'system', 'single', 1678917752),
(2056, 979, NULL, NULL, NULL, 'New reward point', '<p>You get 165&nbsp;for Purchase&nbsp;on 15 Mar 2023 18:02</p>', 'system', 'single', 1678917767),
(2057, 979, NULL, NULL, NULL, 'New financial document', '<p>&nbsp;New financial document for course Installment Upfront with type deduction with price $33</p>', 'system', 'single', 1678917767),
(2058, 979, NULL, NULL, NULL, 'Installment verification request submitted', '<p>We received your verification request for Installment payment with 0% interest&nbsp;on 15 Mar 2023 - 18:02&nbsp;and the result will be informed to you soon.</p>', 'system', 'single', 1678917767),
(2059, 1, NULL, NULL, NULL, 'Installment verification request submitted (Admin)', '<p>Morgan Sullivan submitted a verification request for Installment payment with 0% interest&nbsp;on 15 Mar 2023 - 18:02.</p>', 'system', 'single', 1678917767),
(2060, 929, NULL, NULL, NULL, 'New sales', '<p>new sale for course with title The Future of Energy (A gift for Cameron Schofield on 15 Mar 2023 10:30)</p>', 'system', 'single', 1678919437),
(2061, 979, NULL, NULL, NULL, 'New purchase', '<p>new purchase for course with title The Future of Energy (A gift for Cameron Schofield on 15 Mar 2023 10:30)</p>', 'system', 'single', 1678919437),
(2062, 1, NULL, NULL, NULL, 'New course enrollment', '<p>Morgan Sullivan enrolled in The Future of Energy (A gift for Cameron Schofield on 15 Mar 2023 10:30)&nbsp;on 15 Mar 2023 18:30&nbsp;at $39.60</p>', 'system', 'single', 1678919437),
(2063, 979, NULL, NULL, NULL, 'New reward point', '<p>You get 198&nbsp;for Purchase&nbsp;on 15 Mar 2023 18:30</p>', 'system', 'single', 1678919437),
(2064, 995, NULL, NULL, NULL, 'You received a gift', '<p>Morgan Sullivan&nbsp;sent you The Future of Energy which is a course&nbsp;as a gift with the following message: Hi, Dear Cameron.\r\nI hope to this course be helpful for you.\r\nFrom Morgan.</p>', 'system', 'single', 1678919437),
(2065, 979, NULL, NULL, NULL, 'Gift submitted successfully', '<p>Your gift request for Cameron Schofield&nbsp;submitted successfully on 15 Mar 2023 18:30&nbsp;and the The Future of Energy which is a course&nbsp;at $39.60&nbsp;will be sent to the recipient on 15 Mar 2023 10:30&nbsp;with the following message: Hi, Dear Cameron.\r\nI hope to this course be helpful for you.\r\nFrom Morgan.</p>', 'system', 'single', 1678919437),
(2066, 1, NULL, NULL, NULL, 'Gift request submitted (Admin)', '<p>Morgan Sullivan submitted a gift request for The Future of Energy&nbsp;which is a course&nbsp;for Cameron Schofield&nbsp;on 15 Mar 2023 18:30&nbsp;at $39.60&nbsp;and it will be sent to the recipient on 15 Mar 2023 10:30</p>', 'system', 'single', 1678919437),
(2067, 979, NULL, NULL, NULL, 'New financial document', '<p>&nbsp;New financial document for course The Future of Energy (A gift for Cameron Schofield on 15 Mar 2023 10:30) with type deduction with price $39.60</p>', 'system', 'single', 1678919437),
(2068, 995, NULL, NULL, NULL, 'New reward point', '<p>You get 20&nbsp;for Course Completion&nbsp;on 15 Mar 2023 18:30</p>', 'system', 'single', 1678919451),
(2069, 930, NULL, NULL, NULL, 'Installment request submitted', '<p>Your installment for Installment payment On Christmas&nbsp;at $100&nbsp;submitted successfully.</p>', 'system', 'single', 1678922498),
(2070, 1, NULL, NULL, NULL, 'Installment request submitted (Admin)', '<p>Jade Harrison submitted an installment request for Installment payment On Christmas&nbsp;at $100.</p>', 'system', 'single', 1678922498),
(2071, 930, NULL, NULL, NULL, 'New reward point', '<p>You get 165&nbsp;for Purchase&nbsp;on 15 Mar 2023 19:21</p>', 'system', 'single', 1678922511),
(2072, 930, NULL, NULL, NULL, 'New financial document', '<p>&nbsp;New financial document for course Installment Upfront with type deduction with price $33</p>', 'system', 'single', 1678922511),
(2073, 930, NULL, NULL, NULL, 'Installment verification request submitted', '<p>We received your verification request for Installment payment On Christmas&nbsp;on 15 Mar 2023 - 19:21&nbsp;and the result will be informed to you soon.</p>', 'system', 'single', 1678922511),
(2074, 1, NULL, NULL, NULL, 'Installment verification request submitted (Admin)', '<p>Jade Harrison submitted a verification request for Installment payment On Christmas&nbsp;on 15 Mar 2023 - 19:21.</p>', 'system', 'single', 1678922511),
(2075, 930, NULL, NULL, NULL, 'You got cashback!', '<p>You got $3&nbsp;as cashback and this amount added to your account.</p>', 'system', 'single', 1678922511),
(2076, 1, NULL, NULL, NULL, 'User got cashback (Admin)', '<p>Jade Harrison got $3 as cashback and this amount charged to their account.</p>', 'system', 'single', 1678922511),
(2077, 995, NULL, NULL, NULL, 'New reward point', '<p>You get 110&nbsp;for Purchase&nbsp;on 15 Mar 2023 19:24</p>', 'system', 'single', 1678922691),
(2078, 995, NULL, NULL, NULL, 'New financial document', '<p>&nbsp;New financial document for course Installment with type deduction with price $22</p>', 'system', 'single', 1678922691),
(2079, 995, NULL, NULL, NULL, 'Installment paid successfully', '<p>You paid $20&nbsp;for Installment payment On Christmas&nbsp;with due date 15 Mar 2023 - 19:24&nbsp;successfully.</p>', 'system', 'single', 1678922691),
(2080, 1, NULL, NULL, NULL, 'Installment paid successfully (Admin)', '<p>Cameron Schofield paid $20&nbsp;for Installment payment On Christmas&nbsp;with the due date 15 Mar 2023 - 19:24&nbsp;successfully.</p>', 'system', 'single', 1678922691),
(2081, 995, NULL, NULL, NULL, 'You got cashback!', '<p>You got $2&nbsp;as cashback and this amount added to your account.</p>', 'system', 'single', 1678922691),
(2082, 1, NULL, NULL, NULL, 'User got cashback (Admin)', '<p>Cameron Schofield got $2 as cashback and this amount charged to their account.</p>', 'system', 'single', 1678922691),
(2083, 930, NULL, NULL, NULL, 'Installment verification request approved', '<p>Your verification request for Installment payment On Christmas&nbsp;approved.</p>', 'system', 'single', 1678922711),
(2084, 1017, NULL, NULL, NULL, 'Installment request submitted', '<p>Your installment for Installment payment On Christmas&nbsp;at $100&nbsp;submitted successfully.</p>', 'system', 'single', 1678923546),
(2085, 1, NULL, NULL, NULL, 'Installment request submitted (Admin)', '<p>Alex Pmelaa submitted an installment request for Installment payment On Christmas&nbsp;at $100.</p>', 'system', 'single', 1678923546),
(2086, 1017, NULL, NULL, NULL, 'New reward point', '<p>You get 165&nbsp;for Purchase&nbsp;on 15 Mar 2023 19:39</p>', 'system', 'single', 1678923556),
(2087, 1017, NULL, NULL, NULL, 'New financial document', '<p>&nbsp;New financial document for course Installment Upfront with type deduction with price $33</p>', 'system', 'single', 1678923556),
(2088, 1017, NULL, NULL, NULL, 'Installment verification request submitted', '<p>We received your verification request for Installment payment On Christmas&nbsp;on 15 Mar 2023 - 19:39&nbsp;and the result will be informed to you soon.</p>', 'system', 'single', 1678923556),
(2089, 1, NULL, NULL, NULL, 'Installment verification request submitted (Admin)', '<p>Alex Pmelaa submitted a verification request for Installment payment On Christmas&nbsp;on 15 Mar 2023 - 19:39.</p>', 'system', 'single', 1678923556),
(2090, 1017, NULL, NULL, NULL, 'You got cashback!', '<p>You got $3&nbsp;as cashback and this amount added to your account.</p>', 'system', 'single', 1678923556),
(2091, 1, NULL, NULL, NULL, 'User got cashback (Admin)', '<p>Alex Pmelaa got $3 as cashback and this amount charged to their account.</p>', 'system', 'single', 1678923556),
(2092, 1017, NULL, NULL, NULL, 'Installment verification request approved', '<p>Your verification request for Installment payment On Christmas&nbsp;approved.</p>', 'system', 'single', 1678923608),
(2093, 979, NULL, NULL, NULL, 'You have an unpaid installment', '<p>You have an installment for Installment payment On Christmas&nbsp;at $20&nbsp;for today. Please pay it as soon as possible.</p>', 'system', 'single', 1678925414),
(2094, 930, NULL, NULL, NULL, 'You have an unpaid installment', '<p>You have an installment for Installment payment On Christmas&nbsp;at $20&nbsp;for today. Please pay it as soon as possible.</p>', 'system', 'single', 1678925414),
(2095, 1017, NULL, NULL, NULL, 'You have an unpaid installment', '<p>You have an installment for Installment payment On Christmas&nbsp;at $20&nbsp;for today. Please pay it as soon as possible.</p>', 'system', 'single', 1678925414),
(2096, 979, NULL, NULL, NULL, 'Installment request submitted', '<p>Your installment for Installment payment On Christmas&nbsp;at $100&nbsp;submitted successfully.</p>', 'system', 'single', 1678925780),
(2097, 1, NULL, NULL, NULL, 'Installment request submitted (Admin)', '<p>Morgan Sullivan submitted an installment request for Installment payment On Christmas&nbsp;at $100.</p>', 'system', 'single', 1678925780),
(2098, 979, NULL, NULL, NULL, 'New reward point', '<p>You get 165&nbsp;for Purchase&nbsp;on 15 Mar 2023 20:16</p>', 'system', 'single', 1678925790),
(2099, 979, NULL, NULL, NULL, 'New financial document', '<p>&nbsp;New financial document for course Installment Upfront with type deduction with price $33</p>', 'system', 'single', 1678925790),
(2100, 979, NULL, NULL, NULL, 'Installment verification request submitted', '<p>We received your verification request for Installment payment On Christmas&nbsp;on 15 Mar 2023 - 20:16&nbsp;and the result will be informed to you soon.</p>', 'system', 'single', 1678925790),
(2101, 1, NULL, NULL, NULL, 'Installment verification request submitted (Admin)', '<p>Morgan Sullivan submitted a verification request for Installment payment On Christmas&nbsp;on 15 Mar 2023 - 20:16.</p>', 'system', 'single', 1678925790),
(2102, 979, NULL, NULL, NULL, 'You got cashback!', '<p>You got $3&nbsp;as cashback and this amount added to your account.</p>', 'system', 'single', 1678925790),
(2103, 1, NULL, NULL, NULL, 'User got cashback (Admin)', '<p>Morgan Sullivan got $3 as cashback and this amount charged to their account.</p>', 'system', 'single', 1678925790),
(2104, 979, NULL, NULL, NULL, 'Installment verification request approved', '<p>Your verification request for Installment payment On Christmas&nbsp;approved.</p>', 'system', 'single', 1678925811),
(2105, 995, NULL, NULL, NULL, 'Installment request submitted', '<p>Your installment for Installment payment On Christmas&nbsp;at $100&nbsp;submitted successfully.</p>', 'system', 'single', 1678925906),
(2106, 1, NULL, NULL, NULL, 'Installment request submitted (Admin)', '<p>Cameron Schofield submitted an installment request for Installment payment On Christmas&nbsp;at $100.</p>', 'system', 'single', 1678925906),
(2107, 995, NULL, NULL, NULL, 'New reward point', '<p>You get 165&nbsp;for Purchase&nbsp;on 15 Mar 2023 20:18</p>', 'system', 'single', 1678925916),
(2108, 995, NULL, NULL, NULL, 'New financial document', '<p>&nbsp;New financial document for course Installment Upfront with type deduction with price $33</p>', 'system', 'single', 1678925916),
(2109, 995, NULL, NULL, NULL, 'Installment verification request submitted', '<p>We received your verification request for Installment payment On Christmas&nbsp;on 15 Mar 2023 - 20:18&nbsp;and the result will be informed to you soon.</p>', 'system', 'single', 1678925916),
(2110, 1, NULL, NULL, NULL, 'Installment verification request submitted (Admin)', '<p>Cameron Schofield submitted a verification request for Installment payment On Christmas&nbsp;on 15 Mar 2023 - 20:18.</p>', 'system', 'single', 1678925916),
(2111, 995, NULL, NULL, NULL, 'You got cashback!', '<p>You got $3&nbsp;as cashback and this amount added to your account.</p>', 'system', 'single', 1678925916),
(2112, 1, NULL, NULL, NULL, 'User got cashback (Admin)', '<p>Cameron Schofield got $3 as cashback and this amount charged to their account.</p>', 'system', 'single', 1678925916),
(2113, 995, NULL, NULL, NULL, 'Installment verification request approved', '<p>Your verification request for Installment payment On Christmas&nbsp;approved.</p>', 'system', 'single', 1678925934),
(2114, 995, NULL, NULL, NULL, 'New reward point', '<p>You get 110&nbsp;for Purchase&nbsp;on 15 Mar 2023 20:20</p>', 'system', 'single', 1678926039),
(2115, 995, NULL, NULL, NULL, 'New financial document', '<p>&nbsp;New financial document for course Installment with type deduction with price $22</p>', 'system', 'single', 1678926039),
(2116, 995, NULL, NULL, NULL, 'Installment paid successfully', '<p>You paid $20&nbsp;for Installment payment On Christmas&nbsp;with due date 15 Mar 2023 - 20:20&nbsp;successfully.</p>', 'system', 'single', 1678926039),
(2117, 1, NULL, NULL, NULL, 'Installment paid successfully (Admin)', '<p>Cameron Schofield paid $20&nbsp;for Installment payment On Christmas&nbsp;with the due date 15 Mar 2023 - 20:20&nbsp;successfully.</p>', 'system', 'single', 1678926039),
(2118, 995, NULL, NULL, NULL, 'You got cashback!', '<p>You got $2&nbsp;as cashback and this amount added to your account.</p>', 'system', 'single', 1678926040),
(2119, 1, NULL, NULL, NULL, 'User got cashback (Admin)', '<p>Cameron Schofield got $2 as cashback and this amount charged to their account.</p>', 'system', 'single', 1678926040),
(2120, 1015, NULL, NULL, NULL, 'Course approve', '<p>your course with title New In-App Live System approved</p>', 'system', 'single', 1678955325),
(2121, 1, NULL, NULL, NULL, 'User submitted in waitlist', '<p>Alex Pmelaa submitted to New In-App Live System&nbsp;waitlist.</p>', 'system', 'single', 1678955365),
(2122, 1017, NULL, NULL, NULL, 'You submitted to waitlist', '<p>You submitted to New In-App Live System&nbsp;waitlist.</p>', 'system', 'single', 1678955365),
(2123, 1, NULL, NULL, NULL, 'User submitted in waitlist', '<p>King Pictures submitted to New In-App Live System&nbsp;waitlist.</p>', 'system', 'single', 1678955432),
(2124, 4, NULL, NULL, NULL, 'You submitted to waitlist', '<p>You submitted to New In-App Live System&nbsp;waitlist.</p>', 'system', 'single', 1678955432),
(2125, 868, NULL, NULL, NULL, 'new badge', '<p>You received Faithful User&nbsp;badge</p>', 'system', 'single', 1678955437),
(2126, 1, NULL, NULL, NULL, 'User submitted in waitlist', '<p>TechDecomposed submitted to New In-App Live System&nbsp;waitlist.</p>', 'system', 'single', 1678955461),
(2127, 868, NULL, NULL, NULL, 'You submitted to waitlist', '<p>You submitted to New In-App Live System&nbsp;waitlist.</p>', 'system', 'single', 1678955461),
(2128, 1015, NULL, NULL, NULL, 'Course approve', '<p>your course with title New In-App Live System approved</p>', 'system', 'single', 1678958013),
(2129, 1015, NULL, NULL, NULL, 'Course approve', '<p>your course with title New In-App Live System approved</p>', 'system', 'single', 1678958056),
(2130, 929, NULL, NULL, NULL, 'Course approve', '<p>your course with title New Update Features approved</p>', 'system', 'single', 1678958075),
(2131, 1, NULL, NULL, NULL, 'User submitted in waitlist', '<p>Eliza Canales submitted to New In-App Live System&nbsp;waitlist.</p>', 'system', 'single', 1678958278),
(2132, 1, NULL, NULL, NULL, 'New user registered', '<p>Lewis Erickson registered on the platform on 16 Mar 2023 05:25&nbsp;as Student</p>', 'system', 'single', 1678958736),
(2133, 995, NULL, NULL, NULL, 'New reward point', '<p>You get 5&nbsp;for Referral & Affiliate&nbsp;on 16 Mar 2023 05:26</p>', 'system', 'single', 1678958778),
(2134, 995, NULL, NULL, NULL, 'New user registered with your affiliate code', '<p>Lewis Erickson registered with your affiliate code on 16 Mar 2023.</p>', 'system', 'single', 1678958778),
(2135, 1045, NULL, NULL, NULL, 'New reward point', '<p>You get 5&nbsp;for Registration&nbsp;on 16 Mar 2023 05:26</p>', 'system', 'single', 1678958778),
(2136, 1045, NULL, NULL, NULL, 'New financial document', '<p>&nbsp;New financial document for course  with type addiction with price $150</p>', 'system', 'single', 1678959187),
(2137, 870, NULL, NULL, NULL, 'New sales', '<p>new sale for course with title Installment and Secure Host</p>', 'system', 'single', 1678959222),
(2138, 1045, NULL, NULL, NULL, 'New purchase', '<p>new purchase for course with title Installment and Secure Host</p>', 'system', 'single', 1678959222),
(2139, 1, NULL, NULL, NULL, 'New course enrollment', '<p>Lewis Erickson enrolled in Installment and Secure Host&nbsp;on 16 Mar 2023 05:33&nbsp;at $110</p>', 'system', 'single', 1678959222),
(2140, 1045, NULL, NULL, NULL, 'New reward point', '<p>You get 550&nbsp;for Purchase&nbsp;on 16 Mar 2023 05:33</p>', 'system', 'single', 1678959222),
(2141, 1045, NULL, NULL, NULL, 'New financial document', '<p>&nbsp;New financial document for course Installment and Secure Host with type deduction with price $110</p>', 'system', 'single', 1678959222),
(2142, 1, NULL, NULL, NULL, 'New user registered', '<p>Robert Travis registered on the platform on 16 Mar 2023 05:37&nbsp;as Student</p>', 'system', 'single', 1678959456),
(2143, 995, NULL, NULL, NULL, 'New reward point', '<p>You get 5&nbsp;for Referral & Affiliate&nbsp;on 16 Mar 2023 05:38</p>', 'system', 'single', 1678959533),
(2144, 995, NULL, NULL, NULL, 'New user registered with your affiliate code', '<p>Robert Travis registered with your affiliate code on 16 Mar 2023.</p>', 'system', 'single', 1678959533),
(2145, 1046, NULL, NULL, NULL, 'New reward point', '<p>You get 5&nbsp;for Registration&nbsp;on 16 Mar 2023 05:38</p>', 'system', 'single', 1678959533),
(2146, 870, NULL, NULL, NULL, 'new badge', '<p>You received Best Seller&nbsp;badge</p>', 'system', 'single', 1678960947),
(2147, 995, NULL, NULL, NULL, 'Installment request submitted', '<p>Your installment for Installment payment On Christmas&nbsp;at $100&nbsp;submitted successfully.</p>', 'system', 'single', 1678960995),
(2148, 1, NULL, NULL, NULL, 'Installment request submitted (Admin)', '<p>Cameron Schofield submitted an installment request for Installment payment On Christmas&nbsp;at $100.</p>', 'system', 'single', 1678960995),
(2149, 995, NULL, NULL, NULL, 'New reward point', '<p>You get 165&nbsp;for Purchase&nbsp;on 16 Mar 2023 06:03</p>', 'system', 'single', 1678961006),
(2150, 995, NULL, NULL, NULL, 'New financial document', '<p>&nbsp;New financial document for course Installment Upfront with type deduction with price $33</p>', 'system', 'single', 1678961006),
(2151, 995, NULL, NULL, NULL, 'Installment verification request submitted', '<p>We received your verification request for Installment payment On Christmas&nbsp;on 16 Mar 2023 - 06:03&nbsp;and the result will be informed to you soon.</p>', 'system', 'single', 1678961006),
(2152, 1, NULL, NULL, NULL, 'Installment verification request submitted (Admin)', '<p>Cameron Schofield submitted a verification request for Installment payment On Christmas&nbsp;on 16 Mar 2023 - 06:03.</p>', 'system', 'single', 1678961006),
(2153, 929, NULL, NULL, NULL, 'New sales', '<p>new sale for course with title The Future of Energy</p>', 'system', 'single', 1678961218),
(2154, 930, NULL, NULL, NULL, 'New purchase', '<p>new purchase for course with title The Future of Energy</p>', 'system', 'single', 1678961218),
(2155, 1, NULL, NULL, NULL, 'New course enrollment', '<p>Jade Harrison enrolled in The Future of Energy&nbsp;on 16 Mar 2023 06:06&nbsp;at $39.60</p>', 'system', 'single', 1678961218),
(2156, 930, NULL, NULL, NULL, 'New reward point', '<p>You get 198&nbsp;for Purchase&nbsp;on 16 Mar 2023 06:06</p>', 'system', 'single', 1678961218),
(2157, 930, NULL, NULL, NULL, 'New financial document', '<p>&nbsp;New financial document for course The Future of Energy with type deduction with price $39.60</p>', 'system', 'single', 1678961218),
(2158, 930, NULL, NULL, NULL, 'You got cashback!', '<p>You got $3.60&nbsp;as cashback and this amount added to your account.</p>', 'system', 'single', 1678961218),
(2159, 1, NULL, NULL, NULL, 'User got cashback (Admin)', '<p>Jade Harrison got $3.60 as cashback and this amount charged to their account.</p>', 'system', 'single', 1678961218),
(2160, 995, NULL, NULL, NULL, 'Installment verification request approved', '<p>Your verification request for Installment payment On Christmas&nbsp;approved.</p>', 'system', 'single', 1678961558),
(2161, 979, NULL, NULL, NULL, 'Installment request submitted', '<p>Your installment for Installment payment On Christmas&nbsp;at $100&nbsp;submitted successfully.</p>', 'system', 'single', 1678961644),
(2162, 1, NULL, NULL, NULL, 'Installment request submitted (Admin)', '<p>Morgan Sullivan submitted an installment request for Installment payment On Christmas&nbsp;at $100.</p>', 'system', 'single', 1678961644),
(2163, 979, NULL, NULL, NULL, 'New reward point', '<p>You get 165&nbsp;for Purchase&nbsp;on 16 Mar 2023 06:14</p>', 'system', 'single', 1678961652),
(2164, 979, NULL, NULL, NULL, 'New financial document', '<p>&nbsp;New financial document for course Installment Upfront with type deduction with price $33</p>', 'system', 'single', 1678961652),
(2165, 979, NULL, NULL, NULL, 'Installment verification request submitted', '<p>We received your verification request for Installment payment On Christmas&nbsp;on 16 Mar 2023 - 06:14&nbsp;and the result will be informed to you soon.</p>', 'system', 'single', 1678961652),
(2166, 1, NULL, NULL, NULL, 'Installment verification request submitted (Admin)', '<p>Morgan Sullivan submitted a verification request for Installment payment On Christmas&nbsp;on 16 Mar 2023 - 06:14.</p>', 'system', 'single', 1678961652),
(2167, 979, NULL, NULL, NULL, 'You got cashback!', '<p>You got $3&nbsp;as cashback and this amount added to your account.</p>', 'system', 'single', 1678961652),
(2168, 1, NULL, NULL, NULL, 'User got cashback (Admin)', '<p>Morgan Sullivan got $3 as cashback and this amount charged to their account.</p>', 'system', 'single', 1678961652),
(2169, 1045, NULL, NULL, NULL, 'New reward point', '<p>You get 5&nbsp;for New Badge&nbsp;on 17 Mar 2023 17:26</p>', 'system', 'single', 1679088389),
(2170, 1045, NULL, NULL, NULL, 'new badge', '<p>You received New User&nbsp;badge</p>', 'system', 'single', 1679088389),
(2171, 867, NULL, NULL, NULL, 'New sales', '<p>new sale for course with title Effective Time Management</p>', 'system', 'single', 1679088431),
(2172, 1045, NULL, NULL, NULL, 'New purchase', '<p>new purchase for course with title Effective Time Management</p>', 'system', 'single', 1679088431),
(2173, 1, NULL, NULL, NULL, 'New course enrollment', '<p>Lewis Erickson enrolled in Effective Time Management&nbsp;on 17 Mar 2023 17:27&nbsp;at $33</p>', 'system', 'single', 1679088431),
(2174, 1045, NULL, NULL, NULL, 'New reward point', '<p>You get 165&nbsp;for Purchase&nbsp;on 17 Mar 2023 17:27</p>', 'system', 'single', 1679088431),
(2175, 1045, NULL, NULL, NULL, 'New financial document', '<p>&nbsp;New financial document for course Effective Time Management with type deduction with price $33</p>', 'system', 'single', 1679088431),
(2176, 1045, NULL, NULL, NULL, 'You got cashback!', '<p>You got $3&nbsp;as cashback and this amount added to your account.</p>', 'system', 'single', 1679088431),
(2177, 1, NULL, NULL, NULL, 'User got cashback (Admin)', '<p>Lewis Erickson got $3 as cashback and this amount charged to their account.</p>', 'system', 'single', 1679088431),
(2178, 870, NULL, NULL, NULL, 'Course approve', '<p>your course with title Installment and Secure Host approved</p>', 'system', 'single', 1679090720),
(2179, 929, NULL, NULL, NULL, 'Course approve', '<p>your course with title New Update Features approved</p>', 'system', 'single', 1679090824),
(2180, 1046, NULL, NULL, NULL, 'New reward point', '<p>You get 5&nbsp;for New Badge&nbsp;on 17 Mar 2023 18:44</p>', 'system', 'single', 1679093055),
(2181, 1046, NULL, NULL, NULL, 'new badge', '<p>You received New User&nbsp;badge</p>', 'system', 'single', 1679093055),
(2182, 870, NULL, NULL, NULL, 'Rating (Feedback)', '<p>new feedback submitted for course with title Installment and Secure Host bu student Cameron Schofield and rate 5</p>', 'system', 'single', 1679093221),
(2183, 1, NULL, NULL, NULL, 'New item review (Rating)', '<p>Cameron Schofield submitted a new rate for Installment and Secure Host</p>', 'system', 'single', 1679093221),
(2184, 995, NULL, NULL, NULL, 'New reward point', '<p>You get 15&nbsp;for Course Review (Rate)&nbsp;on 17 Mar 2023 18:47</p>', 'system', 'single', 1679093248),
(2185, 1, NULL, NULL, NULL, 'New user registered', '<p>Shaheen Nawaz registered on the platform on 27 Jun 2023 16:25&nbsp;as Student</p>', 'system', 'single', 1687897511),
(2186, 1047, NULL, NULL, NULL, 'New reward point', '<p>You get 5&nbsp;for New Badge&nbsp;on 3 Jul 2023 03:47</p>', 'system', 'single', 1688370429),
(2187, 1047, NULL, NULL, NULL, 'new badge', '<p>You received New User&nbsp;badge</p>', 'system', 'single', 1688370459),
(2188, 870, NULL, NULL, NULL, 'Course approve', '<p>your course with title Installment and Secure Host 0 approved</p>', 'system', 'single', 1688376089),
(2189, 1, NULL, NULL, NULL, 'New item created', '<p>Robert Ransdell created a new item with title New</p>', 'system', 'single', 1688378036),
(2190, 1015, NULL, NULL, NULL, 'Course created', '<p>you create new course&nbsp;with Title New</p>', 'system', 'single', 1688378375),
(2191, 1, NULL, NULL, NULL, 'Content review request', '<p>Robert Ransdell sent a review request for New</p>', 'system', 'single', 1688378405),
(2192, 870, NULL, NULL, NULL, 'Course approve', '<p>your course with title Introduction to Oil and Gas Exploration approved</p>', 'system', 'single', 1688379178),
(2193, 929, NULL, NULL, NULL, 'Course approve', '<p>your course with title Petroleum Reservoir Engineering approved</p>', 'system', 'single', 1688379687),
(2194, 1, NULL, NULL, NULL, 'New course enrollment', '<p>Cameron Schofield enrolled in Petroleum Reservoir Engineering&nbsp;on 3 Jul 2023 06:22&nbsp;at Free</p>', 'system', 'single', 1688379740),
(2195, 1015, NULL, NULL, NULL, 'Course approve', '<p>your course with title Gas Processing and Treatment approved</p>', 'system', 'single', 1688380089),
(2196, 1015, NULL, NULL, NULL, 'Course approve', '<p>your course with title Gas Processing and Treatment approved</p>', 'system', 'single', 1688380495),
(2197, 1015, NULL, NULL, NULL, 'Course approve', '<p>your course with title Gas Processing and Treatment approved</p>', 'system', 'single', 1688380779),
(2198, 995, NULL, NULL, NULL, 'New reward point', '<p>You get 20&nbsp;for Course Completion&nbsp;on 3 Jul 2023 06:43</p>', 'system', 'single', 1688381024),
(2199, 1015, NULL, NULL, NULL, 'Course approve', '<p>your course with title Offshore Drilling and Production approved</p>', 'system', 'single', 1688381096),
(2200, 867, NULL, NULL, NULL, 'New reward point', '<p>You get 50&nbsp;for Publishing a Course&nbsp;on 3 Jul 2023 06:45</p>', 'system', 'single', 1688381126),
(2201, 1015, NULL, NULL, NULL, 'Course approve', '<p>your course with title Offshore Drilling and Production approved</p>', 'system', 'single', 1688381331),
(2202, 1015, NULL, NULL, NULL, 'Course approve', '<p>your course with title Offshore Drilling and Production approved</p>', 'system', 'single', 1688381336),
(2203, 934, NULL, NULL, NULL, 'Course approve', '<p>your course with title Pipeline Design and Integrity Management approved</p>', 'system', 'single', 1688382024),
(2204, 929, NULL, NULL, NULL, 'Course approve', '<p>your course with title Energy Economics and Geopolitics approved</p>', 'system', 'single', 1688382408),
(2205, 929, NULL, NULL, NULL, 'Course approve', '<p>your course with title Environmental Management in Oil and Gas Operations approved</p>', 'system', 'single', 1688382926),
(2206, 1016, NULL, NULL, NULL, 'Course approve', '<p>your course with title Health and Safety in the Oil and Gas Industry approved</p>', 'system', 'single', 1688383539),
(2207, 1016, NULL, NULL, NULL, 'New reward point', '<p>You get 50&nbsp;for Publishing a Course&nbsp;on 3 Jul 2023 07:26</p>', 'system', 'single', 1688383569),
(2208, 1015, NULL, NULL, NULL, 'Course approve', '<p>your course with title Introduction to Oil and Gas Exploration approved</p>', 'system', 'single', 1688384606),
(2209, 923, NULL, NULL, NULL, 'Course approve', '<p>your course with title Environmental Management in Oil and Gas Operations approved</p>', 'system', 'single', 1688384829),
(2210, 867, NULL, NULL, NULL, 'New reward point', '<p>You get 20&nbsp;for New Badge&nbsp;on 3 Jul 2023 07:47</p>', 'system', 'single', 1688384872),
(2211, 867, NULL, NULL, NULL, 'new badge', '<p>You received Senior Vendor&nbsp;badge</p>', 'system', 'single', 1688384880),
(2212, 923, NULL, NULL, NULL, 'New reward point', '<p>You get 10&nbsp;for New Badge&nbsp;on 3 Jul 2023 07:48</p>', 'system', 'single', 1688384903),
(2213, 923, NULL, NULL, NULL, 'new badge', '<p>You received Junior Vendor&nbsp;badge</p>', 'system', 'single', 1688384910);
INSERT INTO `notifications` (`id`, `user_id`, `sender_id`, `group_id`, `webinar_id`, `title`, `message`, `sender`, `type`, `created_at`) VALUES
(2214, 3, NULL, NULL, NULL, 'Course approve', '<p>your course with title Health and Safety in the Oil and Gas Industry approved</p>', 'system', 'single', 1688385021),
(2215, 864, NULL, NULL, NULL, 'New reward point', '<p>You get 50&nbsp;for Publishing a Course&nbsp;on 3 Jul 2023 07:50</p>', 'system', 'single', 1688385051),
(2216, 3, NULL, NULL, NULL, 'New reward point', '<p>You get 10&nbsp;for New Badge&nbsp;on 3 Jul 2023 07:51</p>', 'system', 'single', 1688385106),
(2217, 3, NULL, NULL, NULL, 'new badge', '<p>You received Junior Vendor&nbsp;badge</p>', 'system', 'single', 1688385136),
(2218, 1014, NULL, NULL, NULL, 'New reward point', '<p>You get 15&nbsp;for New Badge&nbsp;on 3 Jul 2023 09:11</p>', 'system', 'single', 1688389897),
(2219, 1014, NULL, NULL, NULL, 'new badge', '<p>You received Faithful User&nbsp;badge</p>', 'system', 'single', 1688389928),
(2220, 1046, NULL, NULL, NULL, 'New reward point', '<p>You get 10&nbsp;for New Badge&nbsp;on 3 Jul 2023 09:18</p>', 'system', 'single', 1688390284),
(2221, 1046, NULL, NULL, NULL, 'new badge', '<p>You received Loyal User&nbsp;badge</p>', 'system', 'single', 1688390314),
(2222, 1045, NULL, NULL, NULL, 'New reward point', '<p>You get 10&nbsp;for New Badge&nbsp;on 3 Jul 2023 09:46</p>', 'system', 'single', 1688392008),
(2223, 1045, NULL, NULL, NULL, 'new badge', '<p>You received Loyal User&nbsp;badge</p>', 'system', 'single', 1688392038),
(2224, 1019, NULL, NULL, NULL, 'New reward point', '<p>You get 15&nbsp;for New Badge&nbsp;on 3 Jul 2023 09:49</p>', 'system', 'single', 1688392195),
(2225, 1019, NULL, NULL, NULL, 'new badge', '<p>You received Faithful User&nbsp;badge</p>', 'system', 'single', 1688392212),
(2226, 1015, NULL, NULL, NULL, 'Course approve', '<p>your course with title Introduction to Oil and Gas Exploration approved</p>', 'system', 'single', 1690982054),
(2227, 1015, NULL, NULL, NULL, 'Course approve', '<p>your course with title Introduction to Project Management approved</p>', 'system', 'single', 1691148466),
(2228, 1015, NULL, NULL, NULL, 'Course approve', '<p>your course with title Project Management approved</p>', 'system', 'single', 1691148870),
(2229, 995, NULL, NULL, NULL, 'New quiz added to course', '<p>New quiz with the title Quiz 1&nbsp;added to the course Project Management.</p>', 'system', 'single', 1691149656),
(2230, 995, NULL, NULL, NULL, 'New quiz added to course', '<p>New quiz with the title Quiz 3&nbsp;added to the course Project Management.</p>', 'system', 'single', 1691156909),
(2231, 995, NULL, NULL, NULL, 'New quiz added to course', '<p>New quiz with the title Assessment Exam&nbsp;added to the course Project Management.</p>', 'system', 'single', 1691158615),
(2232, 995, NULL, NULL, NULL, 'New quiz added to course', '<p>New quiz with the title Quiz 4&nbsp;added to the course Project Management.</p>', 'system', 'single', 1691160408),
(2233, 995, NULL, NULL, NULL, 'New quiz added to course', '<p>New quiz with the title Quiz 5&nbsp;added to the course Project Management.</p>', 'system', 'single', 1691163049),
(2234, 1015, NULL, NULL, NULL, 'Course approve', '<p>your course with title Project Management approved</p>', 'system', 'single', 1691163480),
(2235, 870, NULL, NULL, NULL, 'Course approve', '<p>your course with title Introduction to Oil and Gas Exploration approved</p>', 'system', 'single', 1691168821),
(2236, 929, NULL, NULL, NULL, 'Course approve', '<p>your course with title Petroleum Reservoir Engineering approved</p>', 'system', 'single', 1691168923),
(2237, 1015, NULL, NULL, NULL, 'Course approve', '<p>your course with title Gas Processing and Treatment approved</p>', 'system', 'single', 1691169026),
(2238, 1015, NULL, NULL, NULL, 'Course approve', '<p>your course with title Gas Processing and Treatment approved</p>', 'system', 'single', 1691169177),
(2239, 1015, NULL, NULL, NULL, 'Course approve', '<p>your course with title Project Management approved</p>', 'system', 'single', 1691169295),
(2240, 934, NULL, NULL, NULL, 'Course approve', '<p>your course with title Pipeline Design and Integrity Management approved</p>', 'system', 'single', 1691169335),
(2241, 929, NULL, NULL, NULL, 'Course approve', '<p>your course with title Energy Economics and Geopolitics approved</p>', 'system', 'single', 1691169391),
(2242, 929, NULL, NULL, NULL, 'Course approve', '<p>your course with title Environmental Management in Oil and Gas Operations approved</p>', 'system', 'single', 1691169428),
(2243, 1016, NULL, NULL, NULL, 'Course approve', '<p>your course with title Health and Safety in the Oil and Gas Industry approved</p>', 'system', 'single', 1691169471),
(2244, 1015, NULL, NULL, NULL, 'Course approve', '<p>your course with title Gas Processing and Treatment approved</p>', 'system', 'single', 1691169517),
(2245, 1015, NULL, NULL, NULL, 'Course approve', '<p>your course with title Project Management approved</p>', 'system', 'single', 1691241617),
(2246, 1015, NULL, NULL, NULL, 'Course approve', '<p>your course with title Project Management approved</p>', 'system', 'single', 1691241626),
(2247, 1015, NULL, NULL, NULL, 'Course approve', '<p>your course with title Project Management approved</p>', 'system', 'single', 1691241629),
(2248, 1015, NULL, NULL, NULL, 'Course approve', '<p>your course with title Project Management approved</p>', 'system', 'single', 1691241630),
(2249, 1015, NULL, NULL, NULL, 'Course approve', '<p>your course with title Project Management approved</p>', 'system', 'single', 1691241630),
(2250, 1015, NULL, NULL, NULL, 'Course approve', '<p>your course with title Project Management approved</p>', 'system', 'single', 1691241690),
(2251, 1015, NULL, NULL, NULL, 'Course approve', '<p>your course with title Software Development approved</p>', 'system', 'single', 1691243395),
(2252, 1015, NULL, NULL, NULL, 'New reward point', '<p>You get 50&nbsp;for Publishing a Course&nbsp;on 5 Aug 2023 09:50</p>', 'system', 'single', 1691243425),
(2253, 1015, NULL, NULL, NULL, 'Course approve', '<p>your course with title Software Development approved</p>', 'system', 'single', 1691243546),
(2254, 1015, NULL, NULL, NULL, 'Course approve', '<p>your course with title Business Analysis approved</p>', 'system', 'single', 1691244465),
(2255, 1015, NULL, NULL, NULL, 'New reward point', '<p>You get 50&nbsp;for Publishing a Course&nbsp;on 5 Aug 2023 10:08</p>', 'system', 'single', 1691244495),
(2256, 1015, NULL, NULL, NULL, 'Course approve', '<p>your course with title UI/UX approved</p>', 'system', 'single', 1691245759),
(2257, 1015, NULL, NULL, NULL, 'Course approve', '<p>your course with title UI/UX approved</p>', 'system', 'single', 1691245773),
(2258, 1015, NULL, NULL, NULL, 'New reward point', '<p>You get 50&nbsp;for Publishing a Course&nbsp;on 5 Aug 2023 10:29</p>', 'system', 'single', 1691245789),
(2259, 1015, NULL, NULL, NULL, 'Course approve', '<p>your course with title UI/UX approved</p>', 'system', 'single', 1691245799),
(2260, 1, NULL, NULL, NULL, 'New user registered', '<p>Gers_cpPr registered on the platform on 6 Aug 2023 03:22&nbsp;as Student</p>', 'system', 'single', 1691288577),
(2261, 1015, NULL, NULL, NULL, 'Course approve', '<p>your course with title Software Development approved</p>', 'system', 'single', 1692093240),
(2262, 1015, NULL, NULL, NULL, 'Course approve', '<p>your course with title Software Development approved</p>', 'system', 'single', 1692104637),
(2263, 1, NULL, NULL, NULL, 'New item review (Rating)', '<p>suleiman submitted a new rate for [item_title]</p>', 'system', 'single', 1692878177),
(2264, 1, NULL, NULL, NULL, 'New item created', '<p>Bayscom Energy created a new item with title project management</p>', 'system', 'single', 1692878607),
(2265, 859, NULL, NULL, NULL, 'Course created', '<p>you create new course&nbsp;with Title project management</p>', 'system', 'single', 1692878884),
(2266, 1, NULL, NULL, NULL, 'Content review request', '<p>Bayscom Energy sent a review request for project management</p>', 'system', 'single', 1692878914),
(2267, 859, NULL, NULL, NULL, 'New reward point', '<p>You get 10&nbsp;for New Badge&nbsp;on 24 Aug 2023 08:15</p>', 'system', 'single', 1692879335),
(2268, 859, NULL, NULL, NULL, 'new badge', '<p>You received Junior Vendor&nbsp;badge</p>', 'system', 'single', 1692879365),
(2269, 859, NULL, NULL, NULL, 'Bundle submitted successfully', '<p>Your bundle with the title BM&nbsp;submitted successfully.</p>', 'system', 'single', 1692879753),
(2270, 1, NULL, NULL, NULL, 'Bundle submitted (Admin)', '<p>Bayscom Energy submitted a bundle with the title BM.</p>', 'system', 'single', 1692879783),
(2271, 1, NULL, NULL, NULL, 'New item created', '<p>Bayscom Energy created a new item with title BM</p>', 'system', 'single', 1692879813),
(2272, 1, NULL, NULL, NULL, 'Content review request', '<p>Bayscom Energy sent a review request for BM</p>', 'system', 'single', 1692879963),
(2273, 1, NULL, NULL, NULL, 'New item created', '<p>Bayscom Energy created a new item with title IT Proffessional</p>', 'system', 'single', 1692880225),
(2274, 859, NULL, NULL, NULL, 'Course created', '<p>you create new course&nbsp;with Title IT Proffessional</p>', 'system', 'single', 1692880340),
(2275, 1, NULL, NULL, NULL, 'Content review request', '<p>Bayscom Energy sent a review request for IT Proffessional</p>', 'system', 'single', 1692880370),
(2276, 859, NULL, NULL, NULL, 'Course created', '<p>you create new course&nbsp;with Title IT Proffessional</p>', 'system', 'single', 1692880610),
(2277, 1, NULL, NULL, NULL, 'Content review request', '<p>Bayscom Energy sent a review request for IT Proffessional</p>', 'system', 'single', 1692880640),
(2278, 1, NULL, NULL, NULL, 'New item review (Rating)', '<p>thankgod submitted a new rate for [item_title]</p>', 'system', 'single', 1692885435),
(2279, 859, NULL, NULL, NULL, 'Course created', '<p>you create new course&nbsp;with Title IT Proffessional</p>', 'system', 'single', 1692885687),
(2280, 1, NULL, NULL, NULL, 'Content review request', '<p>Bayscom Energy sent a review request for IT Proffessional</p>', 'system', 'single', 1692885717),
(2281, 859, NULL, NULL, NULL, 'Course created', '<p>you create new course&nbsp;with Title IT Proffessional</p>', 'system', 'single', 1692885896),
(2282, 1, NULL, NULL, NULL, 'Content review request', '<p>Bayscom Energy sent a review request for IT Proffessional</p>', 'system', 'single', 1692885926),
(2283, 859, NULL, NULL, NULL, 'Become instructor/organization request approved', '<p>Your become instructor/organization request is approved.</p>', 'system', 'single', 1692886444),
(2284, 859, NULL, NULL, NULL, 'Become instructor/organization request approved', '<p>Your become instructor/organization request is approved.</p>', 'system', 'single', 1692886448),
(2285, 859, NULL, NULL, NULL, 'New reward point', '<p>You get 20&nbsp;for New Badge&nbsp;on 24 Aug 2023 10:14</p>', 'system', 'single', 1692886461),
(2286, 859, NULL, NULL, NULL, 'new badge', '<p>You received Senior Vendor&nbsp;badge</p>', 'system', 'single', 1692886464),
(2287, 859, NULL, NULL, NULL, 'new badge', '<p>You received Best Seller&nbsp;badge</p>', 'system', 'single', 1692887615),
(2288, 859, NULL, NULL, NULL, 'Course approve', '<p>your course with title IT Proffessional approved</p>', 'system', 'single', 1692891423),
(2289, 859, NULL, NULL, NULL, 'New reward point', '<p>You get 50&nbsp;for Publishing a Course&nbsp;on 24 Aug 2023 11:37</p>', 'system', 'single', 1692891453),
(2290, 859, NULL, NULL, NULL, 'Course approve', '<p>your course with title IT Proffessional approved</p>', 'system', 'single', 1692891507),
(2291, 859, NULL, NULL, NULL, 'Course approve', '<p>your course with title IT Proffessional approved</p>', 'system', 'single', 1692891547),
(2292, 1, NULL, NULL, NULL, 'New user registered', '<p>dummy profile registered on the platform on 24 Aug 2023 17:07&nbsp;as Instructor</p>', 'system', 'single', 1692893241),
(2293, 1, NULL, NULL, NULL, 'New user registered', '<p>play guy registered on the platform on 24 Aug 2023 17:11&nbsp;as Instructor</p>', 'system', 'single', 1692893504),
(2294, 1050, NULL, NULL, NULL, 'New reward point', '<p>You get 5&nbsp;for New Badge&nbsp;on 25 Aug 2023 05:53</p>', 'system', 'single', 1692939231),
(2295, 1050, NULL, NULL, NULL, 'new badge', '<p>You received New User&nbsp;badge</p>', 'system', 'single', 1692939262),
(2296, 1, NULL, NULL, NULL, 'New user registered', '<p>Amusan Victor registered on the platform on 25 Aug 2023 19:18&nbsp;as Student</p>', 'system', 'single', 1692987481),
(2297, 1, NULL, NULL, NULL, 'New user registered', '<p>RodneyPAw registered on the platform on 31 Aug 2023 02:49&nbsp;as Student</p>', 'system', 'single', 1693446570),
(2298, 1, NULL, NULL, NULL, 'New user registered', '<p>RodneyPAw registered on the platform on 31 Aug 2023 09:10&nbsp;as Student</p>', 'system', 'single', 1693469425),
(2299, 1050, NULL, NULL, NULL, 'New reward point', '<p>You get 10&nbsp;for New Badge&nbsp;on 31 Aug 2023 10:55</p>', 'system', 'single', 1693493743),
(2300, 1050, NULL, NULL, NULL, 'new badge', '<p>You received Junior Vendor&nbsp;badge</p>', 'system', 'single', 1693493774),
(2301, 1050, NULL, NULL, NULL, 'Course approve', '<p>your course with title ABC of Crude oil approved</p>', 'system', 'single', 1693494038),
(2302, 1050, NULL, NULL, NULL, 'New reward point', '<p>You get 50&nbsp;for Publishing a Course&nbsp;on 31 Aug 2023 11:01</p>', 'system', 'single', 1693494068),
(2303, 1, NULL, NULL, NULL, 'New item created', '<p>thankgod created a new item with title XYZ of oil</p>', 'system', 'single', 1693494538),
(2304, 1015, NULL, NULL, NULL, 'Course approve', '<p>your course with title ABC of office approved</p>', 'system', 'single', 1693495831),
(2305, 1015, NULL, NULL, NULL, 'New reward point', '<p>You get 50&nbsp;for Publishing a Course&nbsp;on 31 Aug 2023 11:31</p>', 'system', 'single', 1693495861),
(2306, 1, NULL, NULL, NULL, 'New item review (Rating)', '<p>Ife Oluwa submitted a new rate for [item_title]</p>', 'system', 'single', 1693497164),
(2307, 1, NULL, NULL, NULL, 'New item created', '<p>Bayscom Energy created a new item with title Phone ABC</p>', 'system', 'single', 1693497305),
(2308, 1050, NULL, NULL, NULL, 'New reward point', '<p>You get 20&nbsp;for New Badge&nbsp;on 31 Aug 2023 11:56</p>', 'system', 'single', 1693497394),
(2309, 1050, NULL, NULL, NULL, 'new badge', '<p>You received Senior Vendor&nbsp;badge</p>', 'system', 'single', 1693497424),
(2310, 859, NULL, NULL, NULL, 'New reward point', '<p>You get 30&nbsp;for New Badge&nbsp;on 31 Aug 2023 20:00</p>', 'system', 'single', 1693508447),
(2311, 859, NULL, NULL, NULL, 'new badge', '<p>You received Expert Vendor&nbsp;badge</p>', 'system', 'single', 1693508469),
(2312, 1056, NULL, NULL, NULL, 'New reward point', '<p>You get 10&nbsp;for New Badge&nbsp;on 31 Aug 2023 20:01</p>', 'system', 'single', 1693508477),
(2313, 1056, NULL, NULL, NULL, 'new badge', '<p>You received Junior Vendor&nbsp;badge</p>', 'system', 'single', 1693508499),
(2314, 1056, NULL, NULL, NULL, 'New reward point', '<p>You get 5&nbsp;for New Badge&nbsp;on 1 Sep 2023 05:44</p>', 'system', 'single', 1693543459),
(2315, 1056, NULL, NULL, NULL, 'new badge', '<p>You received New User&nbsp;badge</p>', 'system', 'single', 1693543490),
(2316, 1049, NULL, NULL, NULL, 'New reward point', '<p>You get 5&nbsp;for New Badge&nbsp;on 1 Sep 2023 10:04</p>', 'system', 'single', 1693577096),
(2317, 1049, NULL, NULL, NULL, 'new badge', '<p>You received New User&nbsp;badge</p>', 'system', 'single', 1693577126),
(2318, 1, NULL, NULL, NULL, 'New course enrollment', '<p>suleiman enrolled in IT Proffessional&nbsp;on 1 Sep 2023 10:23&nbsp;at Free</p>', 'system', 'single', 1693578209),
(2319, 1049, NULL, NULL, NULL, 'New reward point', '<p>You get 20&nbsp;for Course Completion&nbsp;on 1 Sep 2023 10:24</p>', 'system', 'single', 1693578278),
(2320, 870, NULL, NULL, NULL, 'Course approve', '<p>your course with title Introduction to Oil and Gas Exploration approved</p>', 'system', 'single', 1693578295),
(2321, 1050, NULL, NULL, NULL, 'Course approve', '<p>your course with title ABC of Crude oil approved</p>', 'system', 'single', 1693578773),
(2322, 1, NULL, NULL, NULL, 'New item review (Rating)', '<p>moha submitted a new rate for [item_title]</p>', 'system', 'single', 1693579432),
(2323, 1, NULL, NULL, NULL, 'New item review (Rating)', '<p>sule submitted a new rate for [item_title]</p>', 'system', 'single', 1693584375),
(2324, 1057, NULL, NULL, NULL, 'New reward point', '<p>You get 5&nbsp;for New Badge&nbsp;on 2 Sep 2023 15:05</p>', 'system', 'single', 1693663549),
(2325, 1057, NULL, NULL, NULL, 'new badge', '<p>You received New User&nbsp;badge</p>', 'system', 'single', 1693663579),
(2326, 1058, NULL, NULL, NULL, 'New reward point', '<p>You get 5&nbsp;for New Badge&nbsp;on 2 Sep 2023 15:06</p>', 'system', 'single', 1693663579),
(2327, 1058, NULL, NULL, NULL, 'new badge', '<p>You received New User&nbsp;badge</p>', 'system', 'single', 1693663609),
(2328, 870, NULL, NULL, NULL, 'Course approve', '<p>your course with title Introduction to Oil and Gas Exploration approved</p>', 'system', 'single', 1693672090),
(2329, 870, NULL, NULL, NULL, 'Course approve', '<p>your course with title Introduction to Oil and Gas Exploration approved</p>', 'system', 'single', 1693672159),
(2330, 929, NULL, NULL, NULL, 'Course approve', '<p>your course with title Petroleum Reservoir Engineering approved</p>', 'system', 'single', 1693672237),
(2331, 1015, NULL, NULL, NULL, 'Course approve', '<p>your course with title Gas Processing and Treatment approved</p>', 'system', 'single', 1693672306),
(2332, 1015, NULL, NULL, NULL, 'Course approve', '<p>your course with title Project Management approved</p>', 'system', 'single', 1693672382),
(2333, 929, NULL, NULL, NULL, 'Course approve', '<p>your course with title Energy Economics and Geopolitics approved</p>', 'system', 'single', 1693672531),
(2334, 1015, NULL, NULL, NULL, 'Course approve', '<p>your course with title Project Management approved</p>', 'system', 'single', 1693672547),
(2335, 859, NULL, NULL, NULL, 'Course approve', '<p>your course with title IT Proffessional approved</p>', 'system', 'single', 1693672615),
(2336, 1015, NULL, NULL, NULL, 'Course approve', '<p>your course with title Project Management approved</p>', 'system', 'single', 1693672710),
(2337, 859, NULL, NULL, NULL, 'Course approve', '<p>your course with title IT Proffessional approved</p>', 'system', 'single', 1693672773),
(2338, 859, NULL, NULL, NULL, 'Course approve', '<p>your course with title IT Proffessional approved</p>', 'system', 'single', 1693672826),
(2339, 1015, NULL, NULL, NULL, 'Course approve', '<p>your course with title Business Analysis approved</p>', 'system', 'single', 1693672881),
(2340, 870, NULL, NULL, NULL, 'Course approve', '<p>your course with title Introduction to Oil and Gas Exploration approved</p>', 'system', 'single', 1693672949),
(2341, 929, NULL, NULL, NULL, 'Course approve', '<p>your course with title Petroleum Reservoir Engineering approved</p>', 'system', 'single', 1693672990),
(2342, 1015, NULL, NULL, NULL, 'Course approve', '<p>your course with title Business Analysis approved</p>', 'system', 'single', 1693778581),
(2343, 1, NULL, NULL, NULL, 'New user registered', '<p>gril_vgPl registered on the platform on 4 Sep 2023 12:41&nbsp;as Student</p>', 'system', 'single', 1693827700),
(2344, 1, NULL, NULL, NULL, 'New user registered', '<p>Rondy Jim registered on the platform on 13 Sep 2023 13:43&nbsp;as Student</p>', 'system', 'single', 1694609019),
(2345, 1016, NULL, NULL, NULL, 'Course approve', '<p>your course with title Health and Safety in the Oil and Gas Industry approved</p>', 'system', 'single', 1694609614),
(2346, 929, NULL, NULL, NULL, 'Course approve', '<p>your course with title Environmental Management in Oil and Gas Operations approved</p>', 'system', 'single', 1694609869),
(2347, 859, NULL, NULL, NULL, 'Course approve', '<p>your course with title IT Proffessional approved</p>', 'system', 'single', 1694610964),
(2348, 859, NULL, NULL, NULL, 'Course approve', '<p>your course with title IT Proffessional approved</p>', 'system', 'single', 1694611047),
(2349, 859, NULL, NULL, NULL, 'Course approve', '<p>your course with title IT Proffessional approved</p>', 'system', 'single', 1694611500),
(2350, 870, NULL, NULL, NULL, 'Course approve', '<p>your course with title Introduction to Oil and Gas Exploration approved</p>', 'system', 'single', 1694965178),
(2351, 934, NULL, NULL, NULL, 'Course approve', '<p>your course with title Pipeline Design and Integrity Management approved</p>', 'system', 'single', 1694965259),
(2352, 929, NULL, NULL, NULL, 'Course approve', '<p>your course with title Energy Economics and Geopolitics approved</p>', 'system', 'single', 1694965378),
(2353, 929, NULL, NULL, NULL, 'Course approve', '<p>your course with title Environmental Management in Oil and Gas Operations approved</p>', 'system', 'single', 1694965474),
(2354, 1016, NULL, NULL, NULL, 'Course approve', '<p>your course with title Health and Safety in the Oil and Gas Industry approved</p>', 'system', 'single', 1694965539),
(2355, 1, NULL, NULL, NULL, 'New user registered', '<p>Thankgod Inc registered on the platform on 20 Sep 2023 14:05&nbsp;as Organization</p>', 'system', 'single', 1695215155),
(2356, 1, NULL, NULL, NULL, 'New course enrollment', '<p>Kingsley Kurah enrolled in UI/UX&nbsp;on 21 Sep 2023 12:27&nbsp;at Free</p>', 'system', 'single', 1695313648),
(2357, 1050, NULL, NULL, NULL, 'New reward point', '<p>You get 10&nbsp;for New Badge&nbsp;on 24 Sep 2023 04:16</p>', 'system', 'single', 1695525418),
(2358, 1050, NULL, NULL, NULL, 'new badge', '<p>You received Loyal User&nbsp;badge</p>', 'system', 'single', 1695525434),
(2359, 1056, NULL, NULL, NULL, 'New reward point', '<p>You get 10&nbsp;for New Badge&nbsp;on 17 Oct 2023 18:37</p>', 'system', 'single', 1697564255),
(2360, 1056, NULL, NULL, NULL, 'new badge', '<p>You received Loyal User&nbsp;badge</p>', 'system', 'single', 1697564285),
(2361, 1057, NULL, NULL, NULL, 'New reward point', '<p>You get 10&nbsp;for New Badge&nbsp;on 17 Oct 2023 18:38</p>', 'system', 'single', 1697564315),
(2362, 1057, NULL, NULL, NULL, 'new badge', '<p>You received Loyal User&nbsp;badge</p>', 'system', 'single', 1697564320),
(2363, 1058, NULL, NULL, NULL, 'New reward point', '<p>You get 10&nbsp;for New Badge&nbsp;on 17 Oct 2023 18:39</p>', 'system', 'single', 1697564341),
(2364, 1058, NULL, NULL, NULL, 'new badge', '<p>You received Loyal User&nbsp;badge</p>', 'system', 'single', 1697564345),
(2365, 1, NULL, NULL, NULL, 'New user registered', '<p>nkechi okoro registered on the platform on 23 Oct 2023 10:12&nbsp;as Instructor</p>', 'system', 'single', 1698052361),
(2366, 1, NULL, NULL, NULL, 'New user registered', '<p>nkechi walken registered on the platform on 23 Oct 2023 10:16&nbsp;as Organization</p>', 'system', 'single', 1698052593),
(2367, 1, NULL, NULL, NULL, 'New user registered', '<p>kanoyo registered on the platform on 23 Oct 2023 10:59&nbsp;as Instructor</p>', 'system', 'single', 1698055199),
(2368, 1, NULL, NULL, NULL, 'New user registered', '<p>house registered on the platform on 23 Oct 2023 11:20&nbsp;as Instructor</p>', 'system', 'single', 1698056457),
(2369, 1, NULL, NULL, NULL, 'New user registered', '<p>Pitroda Satyan registered on the platform on 1 Dec 2023 11:01&nbsp;as Student</p>', 'system', 'single', 1701424914),
(2370, 1, NULL, NULL, NULL, 'New user registered', '<p>Thomasthine registered on the platform on 16 Dec 2023 15:00&nbsp;as Student</p>', 'system', 'single', 1702735230),
(2371, 1, NULL, NULL, NULL, 'New user registered', '<p>Natatob registered on the platform on 15 Jan 2024 22:29&nbsp;as Student</p>', 'system', 'single', 1705354192),
(2372, 1, NULL, NULL, NULL, 'New user registered', '<p>Alvinker registered on the platform on 26 Jan 2024 04:36&nbsp;as Student</p>', 'system', 'single', 1706240192),
(2373, 1, NULL, NULL, NULL, 'New user registered', '<p>Nandom Kumchi registered on the platform on 4 Feb 2024 20:12&nbsp;as Student</p>', 'system', 'single', 1707073966),
(2374, 1, NULL, NULL, NULL, 'New user registered', '<p>Angir Nandom registered on the platform on 5 Feb 2024 18:56&nbsp;as Student</p>', 'system', 'single', 1707155761),
(2375, 1070, NULL, NULL, NULL, 'New reward point', '<p>You get 5&nbsp;for Registration&nbsp;on 5 Feb 2024 19:13</p>', 'system', 'single', 1707156836),
(2376, 1070, NULL, NULL, NULL, 'New reward point', '<p>You get 5&nbsp;for New Badge&nbsp;on 5 Feb 2024 19:13</p>', 'system', 'single', 1707156837),
(2377, 1070, NULL, NULL, NULL, 'new badge', '<p>You received New User&nbsp;badge</p>', 'system', 'single', 1707156837),
(2378, 1, NULL, NULL, NULL, 'New user registered', '<p>Efemena Alex registered on the platform on 5 Feb 2024 19:22&nbsp;as Instructor</p>', 'system', 'single', 1707157360),
(2379, 1072, NULL, NULL, NULL, 'New reward point', '<p>You get 5&nbsp;for Registration&nbsp;on 5 Feb 2024 19:25</p>', 'system', 'single', 1707157514),
(2380, 1, NULL, NULL, NULL, 'New item created', '<p>Efemena Alex created a new item with title Mathematics</p>', 'system', 'single', 1707159606),
(2381, 1072, NULL, NULL, NULL, 'Course created', '<p>you create new course&nbsp;with Title Mathematics</p>', 'system', 'single', 1707159870),
(2382, 1, NULL, NULL, NULL, 'Content review request', '<p>Efemena Alex sent a review request for Mathematics</p>', 'system', 'single', 1707159870),
(2383, 1, NULL, NULL, NULL, 'New user registered', '<p>Katung Daniel registered on the platform on 14 Feb 2024 16:48&nbsp;as Student</p>', 'system', 'single', 1707925727);

-- --------------------------------------------------------

--
-- Table structure for table `notifications_status`
--

CREATE TABLE `notifications_status` (
  `id` int(10) UNSIGNED NOT NULL,
  `user_id` int(10) UNSIGNED NOT NULL,
  `notification_id` int(10) UNSIGNED NOT NULL,
  `seen_at` int(10) UNSIGNED NOT NULL
) ENGINE=InnoDB DEFAULT CHARSET=utf8mb4 COLLATE=utf8mb4_unicode_ci ROW_FORMAT=DYNAMIC;

--
-- Dumping data for table `notifications_status`
--

INSERT INTO `notifications_status` (`id`, `user_id`, `notification_id`, `seen_at`) VALUES
(1, 995, 1431, 1646127235),
(2, 995, 1436, 1646127239),
(3, 995, 1435, 1646127239),
(4, 995, 1438, 1646127241),
(5, 995, 1439, 1646127242),
(6, 995, 1442, 1646127243),
(7, 995, 1441, 1646127245),
(8, 995, 1476, 1646127245),
(9, 995, 1475, 1646127246),
(10, 995, 1477, 1646127248),
(11, 995, 1348, 1646127256),
(12, 995, 1402, 1646127264),
(13, 995, 1404, 1646127265),
(14, 995, 1406, 1646127266),
(15, 995, 1407, 1646127267),
(16, 995, 1409, 1646127269),
(17, 995, 1412, 1646127270),
(18, 995, 1411, 1646127271),
(19, 995, 1427, 1646127272),
(20, 995, 1428, 1646127273),
(21, 995, 1430, 1646127276),
(22, 995, 1513, 1646127280),
(23, 995, 1579, 1646127281),
(24, 995, 1582, 1646127282),
(25, 995, 1580, 1646127282),
(26, 995, 1609, 1646127283),
(27, 995, 1610, 1646127286),
(337, 934, 2011, 1678908519),
(338, 995, 2049, 1678915505),
(341, 1, 2177, 1679090327),
(342, 1, 2185, 1687908563),
(343, 995, 2184, 1688379889),
(344, 867, 2211, 1688657696),
(345, 867, 2210, 1688657704),
(346, 867, 2200, 1688657937),
(347, 1, 2280, 1692886611);

-- --------------------------------------------------------

--
-- Table structure for table `notification_templates`
--

CREATE TABLE `notification_templates` (
  `id` int(10) UNSIGNED NOT NULL,
  `title` varchar(255) COLLATE utf8mb4_unicode_ci NOT NULL,
  `template` text COLLATE utf8mb4_unicode_ci NOT NULL
) ENGINE=InnoDB DEFAULT CHARSET=utf8mb4 COLLATE=utf8mb4_unicode_ci ROW_FORMAT=DYNAMIC;

--
-- Dumping data for table `notification_templates`
--

INSERT INTO `notification_templates` (`id`, `title`, `template`) VALUES
(2, 'new badge', '<p>You received [u.b.title]&nbsp;badge</p>'),
(3, 'Change user group', '<p>your group change to [u.g.title]</p>'),
(4, 'Course created', '<p>you create new course&nbsp;with Title [c.title]</p>'),
(5, 'Course approve', '<p>your course with title [c.title] approved</p>'),
(6, 'Course rejection', '<p>Your course with title [c.title] rejected</p>'),
(7, 'New comment', '<p>user [u.name] add new comment fro course with title [c.title]</p>'),
(8, 'New support message', '<p>user [u.name] send new support message for course with title [c.title]</p>'),
(9, 'support message replied', '<p>support message replied fro course [c.title]</p>'),
(10, 'New support for admin', '<p>send new support&nbsp; ticket with title&nbsp;[s.t.title]</p>'),
(11, 'support ticket replied for admin', '<p>replied support&nbsp; ticket with title&nbsp;[s.t.title]</p>'),
(12, 'New financial document', '<p>&nbsp;New financial document for course [c.title] with type [f.d.type] with price [amount]</p>'),
(13, 'Payout request', '<p>payout request with amount&nbsp; [payout.amount]</p>'),
(14, 'Payout proceed', 'Payout with amount [payout.amount]&nbsp;&nbsp;proceed by account [payout.account]'),
(15, 'New sales', '<p>new sale for course with title [c.title]</p>'),
(16, 'New purchase', '<p>new purchase for course with title [c.title]</p>'),
(17, 'Rating (Feedback)', '<p>new feedback submitted for course with title [c.title] bu student [student.name] and rate [rate.count]</p>'),
(18, 'Offline payment request', '<p>Offline payment request with amount [amount]</p>'),
(19, 'Offline payment approved', '<p>Offline payment request with amount [amount]&nbsp;approved</p>'),
(20, 'Offline payment rejected', '<p>Offline payment request with amount [amount]&nbsp;rejected</p>'),
(21, 'New subscribe plan', '<p>New subscribe plan activated by user [u.name] for plan [s.p.name]</p>'),
(22, 'New appointment', '<p>New appointment booked by user [u.name] in time [time.date] with price&nbsp;[amount]</p>'),
(23, 'New appointment link', '<p>appointment&nbsp; link defined by the [instructor.name]. time [time.date] and link is [link]</p>'),
(24, 'Appointment reminder', '<p>You have an appointment on [time.date]</p>'),
(25, 'Meeting finished', '<p>meeting finished instructor : [instructor.name] and student :&nbsp; [student.name] and time : [time.date]</p>'),
(26, 'New contact message', '<p>New contact message with title [c.u.title] and user name [u.name] recived</p>'),
(27, 'Webinar reminder', '<p>Webinar reminder time [time.date] webinar title [c.title]</p>'),
(28, 'Promotion plan', '<p>plan [p.p.name]&nbsp;&nbsp;activated for course [c.title]</p>'),
(29, 'Promotion plan for admin', '<p>new request promotion plan [p.p.name] for course [c.title]</p>'),
(30, 'Certificate', '<p>certificate recived for course [c.title]</p>'),
(31, 'Waiting quiz', '<p>student [student.name]&nbsp; waiting for quiz [q.title] for course [c.title]</p>'),
(32, 'Waiting quiz result', '<p>course [c.title]&nbsp;calculated quiz [q.title] result [q.result] by instructor</p>'),
(33, 'product new sale', '<p>new sale for product with title [p.title]</p>'),
(34, 'Product New purchase', '<p>new purchase for product with title [p.title]</p>'),
(35, 'Product New comment', '<p>user [u.name] add new comment fro product with title [p.title]</p>'),
(36, 'Product tracking code', '<p>user [u.name] add tracking code for product with title [p.title]</p>'),
(37, 'Product Rating (Feedback)', '<p>new feedback submitted for product with title [p.title] by user [u.name] and rate [rate.count]</p>'),
(38, 'Product receive shipment', '<p>user [u.name] received product with title [p.title]</p>'),
(39, 'Product out of stock', '<p>The product inventory ended with the title [p.title]</p>'),
(40, 'Send assignment by the student to the instructor', '<p>[student.name] send assignment for course by title [c.title]</p>'),
(41, 'when the instructor sends a message for assignment', '<p>[instructor.name] send message for course by title [c.title]</p>'),
(42, 'assignment grade', '<p>The [instructor.name]&nbsp;gave you a grade of [assignment_grade]&nbsp;for course by title [c.title]</p>'),
(43, 'user access to content', '<p>Your access to content is enabled.</p>'),
(44, 'Send post in topic', '<p>[u.name] send post in your topic with title [topic_title]&nbsp;</p>'),
(45, 'publish instructor blog post', '<p>your post with title [blog_title] published.</p>'),
(46, 'new comment for instructor blog', '<p>user [u.name] add new comment for your blog with title [blog_title]</p>'),
(47, 'Meeting reminder', '<p>Meeting reminder time [time.date] with instructor by name [instructor.name]</p>'),
(48, 'subscribe expire reminder', '<p>Your subscribe has been expired in&nbsp;[time.date]</p>'),
(49, 'Course Forum new Question', '<p>[u.name] registered a question in the [c.title]&nbsp;course forum.</p>'),
(50, 'New answer in course forum', '<p>[u.name] registered a answer in the [c.title]&nbsp;course forum.</p>'),
(52, 'You received a gift', '<p>[u.name]&nbsp;sent you [gift_title] which is a [gift_type]&nbsp;as a gift with the following message: [gift_message]</p>'),
(53, 'Gift submitted successfully', '<p>Your gift request for [u.name]&nbsp;submitted successfully on [time.date]&nbsp;and the [gift_title] which is a [gift_type]&nbsp;at [amount]&nbsp;will be sent to the recipient on [time.date.2]&nbsp;with the following message: [gift_message]</p>'),
(54, 'Gift sent to recipient', '<p>We sent the gift request that you submitted on [time.date]&nbsp;for [u.name]. We sent [gift_title]&nbsp;which is a [gift_type]&nbsp;to the recipient with the following message on [time.date] . [gift_message]</p>'),
(55, 'Gift request submitted (Admin)', '<p>[u.name.2] submitted a gift request for [gift_title]&nbsp;which is a [gift_type]&nbsp;for [u.name]&nbsp;on [time.date]&nbsp;at [amount]&nbsp;and it will be sent to the recipient on [time.date.2]</p>'),
(56, 'Gift sent to recipient (Admin)', '<p>The system sent a [gift_title]&nbsp;which is a [gift_type]&nbsp;to [u.name]&nbsp;on [time.date.2]&nbsp;successfully. [u.name.2]&nbsp;submitted this request on [time.date]&nbsp;at [amount].</p>'),
(57, 'You have an upcoming installment', '<p>You have an installment for [installment_title] at [amount]&nbsp;on due date [time.date]</p>'),
(58, 'You have an unpaid installment', '<p>You have an installment for [installment_title]&nbsp;at [amount]&nbsp;for today. Please pay it as soon as possible.</p>'),
(59, 'You have an overdue installment', '<p>You have an overdue installment for [installment_title]&nbsp;at [amount]&nbsp;on due date [time.date].</p>'),
(60, 'Installment verification request approved', '<p>Your verification request for [installment_title]&nbsp;approved.</p>'),
(61, 'Installment verification request rejected', '<p>Your verification request for [installment_title]&nbsp;rejected.</p>'),
(62, 'Installment paid successfully', '<p>You paid [amount]&nbsp;for [installment_title]&nbsp;with due date [time.date]&nbsp;successfully.</p>'),
(63, 'Installment paid successfully (Admin)', '<p>[u.name] paid [amount]&nbsp;for [installment_title]&nbsp;with the due date [time.date]&nbsp;successfully.</p>'),
(64, 'Installment upfront amount paid', '<p>You paid [amount] as upfront for&nbsp;[installment_title].</p>'),
(65, 'Installment verification request submitted', '<p>We received your verification request for [installment_title]&nbsp;on [time.date]&nbsp;and the result will be informed to you soon.</p>'),
(66, 'Installment verification request submitted (Admin)', '<p>[u.name] submitted a verification request for [installment_title]&nbsp;on [time.date].</p>'),
(67, 'Installment request submitted', '<p>Your installment for [installment_title]&nbsp;at [amount]&nbsp;submitted successfully.</p>'),
(68, 'Installment request submitted (Admin)', '<p>[u.name] submitted an installment request for [installment_title]&nbsp;at [amount].</p>'),
(69, 'New upcoming course submitted', '<p>Your upcoming course [item_title]&nbsp;submitted successfully.</p>'),
(70, 'New upcoming course submitted (Admin)', '<p>[u.name] submitted an upcoming course with title [item_title].</p>'),
(71, 'Upcoming course approved', '<p>Your upcoming course [item_title]&nbsp;approved.</p>'),
(72, 'Upcoming course rejected', '<p>Your upcoming course [item_title] rejected.</p>'),
(73, 'Your upcoming course published', '<p>Your upcoming course [item_title]&nbsp;published.</p>'),
(74, 'Your upcoming course followed', '<p>[u.name] followed your upcoming course [item_title]</p>'),
(75, 'Upcoming course published and is accessible', '<p>The upcoming course [item_title] published now and you can check it.</p>'),
(76, 'You got cashback!', '<p>You got [amount]&nbsp;as cashback and this amount added to your account.</p>'),
(77, 'User got cashback (Admin)', '<p>[u.name] got [amount] as cashback and this amount charged to their account.</p>'),
(78, 'Bundle submitted successfully', '<p>Your bundle with the title [item_title]&nbsp;submitted successfully.</p>'),
(79, 'Bundle submitted (Admin)', '<p>[u.name] submitted a bundle with the title [item_title].</p>'),
(80, 'Bundle published successfully', '<p>Your bundle with title [item_title]&nbsp;published successfully.</p>'),
(81, 'Bundle rejected', '<p>Your bundle with title [item_title]&nbsp;rejected.</p>'),
(82, 'New review for your bundle', '<p>[u.name] submitted a [rate.count] star rating for your bundle [item_title].</p>'),
(83, 'You got registration bonus', '<p>You got [amount]&nbsp;as registration bonus.</p>'),
(84, 'Registration bonus unlocked', '<p>Your registration bonus [amount]&nbsp;unlocked.</p>'),
(85, 'Registration bonus unlocked (Admin)', '<p>The registration bonus [amount] is unlocked for [u.name].</p>'),
(86, 'SaaS package activated successfully', '<p>[item_title] activated for you until [time.date].</p>'),
(87, 'SaaS package activated (Admin)', '<p>[u.name] activated [item_title]&nbsp;registration plan until [time.date].</p>'),
(88, 'Your contact message submitted', '<p>We received your contact message with the subject [c.u.title]&nbsp;on time.date].</p>'),
(89, 'New contact message received', '<p>New contact message received from [u.name] with subject [c.u.title] with message [c.u.message]</p>'),
(90, 'You submitted to waitlist', '<p>You submitted to [c.title]&nbsp;waitlist.</p>'),
(91, 'User submitted in waitlist', '<p>[u.name] submitted to [c.title]&nbsp;waitlist.</p>'),
(92, 'New user registered with your affiliate code', '<p>[u.name] registered with your affiliate code on [time.date].</p>'),
(93, 'New quiz added to course', '<p>New quiz with the title [q.title]&nbsp;added to the course [c.title].</p>'),
(94, 'New reward point', '<p>You get [points]&nbsp;for [item_title]&nbsp;on [time.date]</p>'),
(95, 'New notice', '<p>You got a new notice with title [c.title]&nbsp;on [time.date]</p>'),
(96, 'New course notice', '<p>You got a new course notice for [c.title]&nbsp;with title [item_title]</p>'),
(97, 'Your user role changed', '<p>Your user role changed to [u.role]</p>'),
(98, 'New user group', '<p>You added to [u.g.title] user group.</p>'),
(99, 'Become instructor/organization request approved', '<p>Your become instructor/organization request is approved.</p>'),
(100, 'Become instructor/organization request rejected', '<p>Your instructor/organization request rejected</p>'),
(101, 'New question in course forum', '<p>[u.name] posted a new question in [c.title] forum.</p>'),
(102, 'New answer in course forum', '<p>[u.name] posted a new answer in [c.title] forum.</p>'),
(103, 'Live meeting created', '<p>[instructor.name] started a new live meeting. Please login to your account and join it now...</p>'),
(104, 'New user registered', '<p>[u.name] registered on the platform on [time.date]&nbsp;as [u.role]</p>'),
(105, 'New instructor/organization request', '<p>[u.name] submit a user role change request on [time.date]</p>'),
(106, 'New course enrollment', '<p>[u.name] enrolled in [c.title]&nbsp;on [time.date]&nbsp;at [amount]</p>'),
(107, 'New forum topic', '<p>[u.name] created a new topic with title [topic_title]&nbsp;in [forum_title]&nbsp;forum.</p>'),
(108, 'New report', '<p>[u.name] sent a content review for revising.</p>'),
(109, 'New item created', '<p>[u.name] created a new item with title [item_title]</p>'),
(110, 'New store order', '<p>New store order received from [u.name]&nbsp;at [amount]</p>'),
(111, 'Subscription plan activated', '<p>[u.name] purchased [s.p.name]&nbsp;at [amount]</p>'),
(112, 'Content review request', '<p>[u.name] sent a review request for [item_title]</p>'),
(113, 'New user blog post', '<p>[u.name] submitted a blog article with title [blog_title]</p>'),
(114, 'New item review (Rating)', '<p>[u.name] submitted a new rate for [item_title]</p>'),
(115, 'New organization user', '<p>[organization.name] submitted [u.name]&nbsp;as new [u.role]</p>'),
(116, 'User wallet charge', '<p>[u.name] charged their wallet for [amount]</p>'),
(117, 'New payout request', '<p>[u.name] submitted a new payout request for [amount]</p>'),
(118, 'New offline payment request', '<p>[u.name] submitted a new offline payment request at [amount]</p>'),
(119, 'Content access approval', '<p>Your content access request approved. You can access all courses now...</p>');

-- --------------------------------------------------------

--
-- Table structure for table `offline_banks`
--

CREATE TABLE `offline_banks` (
  `id` int(10) UNSIGNED NOT NULL,
  `logo` varchar(255) COLLATE utf8mb4_unicode_ci NOT NULL,
  `created_at` bigint(20) UNSIGNED NOT NULL
) ENGINE=InnoDB DEFAULT CHARSET=utf8mb4 COLLATE=utf8mb4_unicode_ci;

--
-- Dumping data for table `offline_banks`
--

INSERT INTO `offline_banks` (`id`, `logo`, `created_at`) VALUES
(6, '/store/1/default_images/offline_payments/Qatar National Bank.png', 1678951755),
(7, '/store/1/default_images/offline_payments/jpmorgan.png', 1679089716),
(8, '/store/1/default_images/offline_payments/State Bank of India.png', 1679090036);

-- --------------------------------------------------------

--
-- Table structure for table `offline_bank_specifications`
--

CREATE TABLE `offline_bank_specifications` (
  `id` int(10) UNSIGNED NOT NULL,
  `offline_bank_id` int(10) UNSIGNED NOT NULL,
  `value` varchar(255) COLLATE utf8mb4_unicode_ci NOT NULL
) ENGINE=InnoDB DEFAULT CHARSET=utf8mb4 COLLATE=utf8mb4_unicode_ci;

--
-- Dumping data for table `offline_bank_specifications`
--

INSERT INTO `offline_bank_specifications` (`id`, `offline_bank_id`, `value`) VALUES
(17, 6, '2578-4910-3682-6288'),
(18, 6, '38152294372'),
(19, 6, 'QA66QUWW934528129454345775226'),
(20, 7, 'Rocket LMS'),
(21, 7, 'NL37ABNA2423554788'),
(22, 7, '5012-4518-1772-8911'),
(23, 8, '6282-4518-1237-7641'),
(24, 8, '56238341127'),
(25, 8, 'IN37ABNA2422193788');

-- --------------------------------------------------------

--
-- Table structure for table `offline_bank_specification_translations`
--

CREATE TABLE `offline_bank_specification_translations` (
  `id` int(10) UNSIGNED NOT NULL,
  `offline_bank_specification_id` int(10) UNSIGNED NOT NULL,
  `locale` varchar(255) COLLATE utf8mb4_unicode_ci NOT NULL,
  `name` varchar(255) COLLATE utf8mb4_unicode_ci NOT NULL
) ENGINE=InnoDB DEFAULT CHARSET=utf8mb4 COLLATE=utf8mb4_unicode_ci;

--
-- Dumping data for table `offline_bank_specification_translations`
--

INSERT INTO `offline_bank_specification_translations` (`id`, `offline_bank_specification_id`, `locale`, `name`) VALUES
(20, 17, 'en', 'Card ID'),
(21, 18, 'en', 'Account ID'),
(22, 19, 'en', 'IBAN'),
(23, 20, 'en', 'Account Holder'),
(24, 21, 'en', 'IBAN'),
(25, 22, 'en', 'Card Number'),
(26, 23, 'en', 'Card Number'),
(27, 24, 'en', 'Account ID'),
(28, 25, 'en', 'IBAN');

-- --------------------------------------------------------

--
-- Table structure for table `offline_bank_translations`
--

CREATE TABLE `offline_bank_translations` (
  `id` int(10) UNSIGNED NOT NULL,
  `offline_bank_id` int(10) UNSIGNED NOT NULL,
  `locale` varchar(255) COLLATE utf8mb4_unicode_ci NOT NULL,
  `title` varchar(255) COLLATE utf8mb4_unicode_ci NOT NULL
) ENGINE=InnoDB DEFAULT CHARSET=utf8mb4 COLLATE=utf8mb4_unicode_ci;

--
-- Dumping data for table `offline_bank_translations`
--

INSERT INTO `offline_bank_translations` (`id`, `offline_bank_id`, `locale`, `title`) VALUES
(7, 6, 'en', 'Qatar National Bank'),
(8, 7, 'en', 'JPMorgan'),
(9, 8, 'en', 'State Bank of India');

-- --------------------------------------------------------

--
-- Table structure for table `offline_payments`
--

CREATE TABLE `offline_payments` (
  `id` int(10) UNSIGNED NOT NULL,
  `user_id` int(10) UNSIGNED NOT NULL,
  `amount` int(11) NOT NULL,
  `offline_bank_id` int(10) UNSIGNED DEFAULT NULL,
  `reference_number` varchar(64) COLLATE utf8mb4_unicode_ci NOT NULL,
  `attachment` varchar(255) COLLATE utf8mb4_unicode_ci DEFAULT NULL,
  `status` enum('waiting','approved','reject') COLLATE utf8mb4_unicode_ci NOT NULL,
  `pay_date` varchar(64) COLLATE utf8mb4_unicode_ci NOT NULL,
  `created_at` int(11) NOT NULL
) ENGINE=InnoDB DEFAULT CHARSET=utf8mb4 COLLATE=utf8mb4_unicode_ci ROW_FORMAT=DYNAMIC;

--
-- Dumping data for table `offline_payments`
--

INSERT INTO `offline_payments` (`id`, `user_id`, `amount`, `offline_bank_id`, `reference_number`, `attachment`, `status`, `pay_date`, `created_at`) VALUES
(15, 996, 500, 6, '493214678', NULL, 'approved', '1625906880', 1625944192),
(16, 995, 1000, 6, '5492247188', NULL, 'approved', '1625888700', 1625950563),
(17, 979, 400, 6, '4637249712', NULL, 'approved', '1626160980', 1625992349),
(18, 1016, 100, 6, '56647132456', NULL, 'reject', '1626065100', 1625992606),
(20, 923, 300, 6, '8314667560', NULL, 'approved', '1626321000', 1625993428),
(21, 930, 250, 6, '5325469580', NULL, 'approved', '1626070800', 1625993489),
(22, 1015, 500, 6, '583359268', NULL, 'approved', '1626183840', 1626132546),
(23, 929, 300, 6, '56476312144', NULL, 'approved', '1626252480', 1626241046),
(24, 996, 200, 6, '261513513513', NULL, 'approved', '1627950600', 1628704322),
(25, 995, 100, 6, '546465654', NULL, 'approved', '1629204540', 1628704347),
(26, 995, 200, 6, '2123135131', NULL, 'approved', '1628610420', 1628704369),
(27, 979, 100, 6, '3416354544', NULL, 'reject', '1628606880', 1628704436),
(28, 930, 100, 6, '5161616', NULL, 'waiting', '1630413000', 1628785223),
(34, 930, 500, NULL, '3215415665', NULL, 'waiting', '1629469800', 1628785293),
(41, 995, 100, 6, '1647726485', '1646413097.png', 'waiting', '1646322780', 1646413097);

-- --------------------------------------------------------

--
-- Table structure for table `orders`
--

CREATE TABLE `orders` (
  `id` int(10) UNSIGNED NOT NULL,
  `user_id` int(10) UNSIGNED NOT NULL,
  `status` enum('pending','paying','paid','fail') COLLATE utf8mb4_unicode_ci NOT NULL,
  `payment_method` enum('credit','payment_channel') COLLATE utf8mb4_unicode_ci DEFAULT NULL,
  `is_charge_account` tinyint(1) NOT NULL DEFAULT 0,
  `amount` double(15,2) UNSIGNED NOT NULL,
  `tax` decimal(13,2) DEFAULT NULL,
  `total_discount` decimal(13,2) DEFAULT NULL,
  `total_amount` decimal(13,2) DEFAULT NULL,
  `product_delivery_fee` decimal(13,2) DEFAULT NULL,
  `reference_id` text COLLATE utf8mb4_unicode_ci DEFAULT NULL,
  `payment_data` text COLLATE utf8mb4_unicode_ci DEFAULT NULL,
  `created_at` int(10) UNSIGNED NOT NULL
) ENGINE=InnoDB DEFAULT CHARSET=utf8mb4 COLLATE=utf8mb4_unicode_ci ROW_FORMAT=DYNAMIC;

--
-- Dumping data for table `orders`
--

INSERT INTO `orders` (`id`, `user_id`, `status`, `payment_method`, `is_charge_account`, `amount`, `tax`, `total_discount`, `total_amount`, `product_delivery_fee`, `reference_id`, `payment_data`, `created_at`) VALUES
(306, 1015, 'pending', NULL, 0, 63.00, '6.30', NULL, '69.30', NULL, NULL, NULL, 1625145687),
(307, 996, 'paid', 'credit', 0, 150.00, '15.00', '0.00', '165.00', NULL, NULL, NULL, 1625944333),
(308, 995, 'paid', 'credit', 0, 100.00, '10.00', '0.00', '110.00', NULL, NULL, NULL, 1625952623),
(309, 995, 'paid', 'credit', 0, 10.00, '1.00', '0.00', '11.00', NULL, NULL, NULL, 1625953190),
(310, 995, 'paid', 'credit', 0, 125.00, '12.50', '0.00', '137.50', NULL, NULL, NULL, 1625996807),
(311, 995, 'paid', 'credit', 0, 50.00, '5.00', '0.00', '55.00', NULL, NULL, NULL, 1625996936),
(312, 995, 'paid', 'credit', 0, 100.00, '5.00', '50.00', '55.00', NULL, NULL, NULL, 1625996974),
(313, 995, 'paid', 'credit', 0, 16.00, '1.20', '4.00', '13.20', NULL, NULL, NULL, 1625997096),
(314, 996, 'paid', 'credit', 0, 25.00, '2.25', '2.50', '24.75', NULL, NULL, NULL, 1626060481),
(315, 996, 'paid', 'credit', 0, 100.00, '4.00', '60.00', '44.00', NULL, NULL, NULL, 1626060547),
(316, 930, 'paid', 'credit', 0, 100.00, '5.00', '50.00', '55.00', NULL, NULL, NULL, 1626060832),
(317, 979, 'paid', 'credit', 0, 60.00, '6.00', '0.00', '66.00', NULL, NULL, NULL, 1626061329),
(318, 979, 'paid', 'credit', 0, 50.00, '5.00', '0.00', '55.00', NULL, NULL, NULL, 1626061366),
(319, 995, 'paid', 'credit', 0, 20.00, '2.00', NULL, '22.00', NULL, NULL, NULL, 1626061431),
(320, 1015, 'pending', NULL, 0, 20.00, '2.00', '0.00', '22.00', NULL, NULL, NULL, 1626132487),
(321, 1015, 'paid', 'credit', 0, 20.00, '1.60', '4.00', '17.60', NULL, NULL, NULL, 1626132840),
(322, 929, 'pending', NULL, 0, 40.00, '3.00', '10.00', '33.00', NULL, NULL, NULL, 1626240993),
(323, 929, 'paid', 'credit', 0, 50.00, '5.00', NULL, '55.00', NULL, NULL, NULL, 1626241146),
(324, 929, 'paid', 'credit', 0, 40.00, '3.00', '10.00', '33.00', NULL, NULL, NULL, 1626241207),
(325, 995, 'paid', 'credit', 0, 100.00, '10.00', '0.00', '110.00', NULL, NULL, NULL, 1626247189),
(326, 1015, 'pending', NULL, 0, 20.00, '1.60', '4.00', '17.60', NULL, NULL, NULL, 1626284818),
(327, 996, 'paid', 'credit', 0, 30.00, '2.70', '3.00', '29.70', NULL, NULL, NULL, 1626508952),
(328, 929, 'paid', 'credit', 0, 30.00, '3.00', '0.00', '33.00', NULL, NULL, NULL, 1635412190),
(329, 979, 'pending', NULL, 0, 100.00, '10.00', NULL, '110.00', NULL, NULL, NULL, 1635448382),
(330, 1017, 'paid', 'credit', 0, 30.00, '3.00', '0.00', '33.00', NULL, NULL, NULL, 1639379271),
(331, 1017, 'paid', 'credit', 0, 100.00, '10.00', '0.00', '110.00', NULL, NULL, NULL, 1639379347),
(332, 1017, 'paid', 'credit', 0, 40.00, '3.00', '10.00', '33.00', NULL, NULL, NULL, 1639379382),
(333, 995, 'paid', 'credit', 0, 10.00, '1.00', '0.00', '11.00', NULL, NULL, NULL, 1646172083),
(334, 996, 'paid', 'credit', 0, 10.00, '0.90', '1.00', '9.90', NULL, NULL, NULL, 1646172119),
(335, 979, 'paid', 'credit', 0, 10.00, '1.00', '0.00', '11.00', NULL, NULL, NULL, 1646172156),
(336, 929, 'paid', 'credit', 0, 10.00, '1.00', '0.00', '11.00', NULL, NULL, NULL, 1646172292),
(337, 995, 'paid', 'credit', 0, 750.00, '75.00', '0.00', '825.00', NULL, NULL, NULL, 1646379279),
(338, 1017, 'pending', NULL, 0, 300.00, '30.00', '0.00', '330.00', NULL, NULL, NULL, 1646380150),
(339, 930, 'paid', 'credit', 0, 199.00, '19.90', NULL, '218.90', NULL, NULL, NULL, 1646386782),
(340, 859, 'paid', 'credit', 0, 200.00, '20.00', NULL, '220.00', NULL, NULL, NULL, 1646387650),
(341, 930, 'paid', 'credit', 0, 50.00, '5.00', '0.00', '55.00', '0.00', NULL, NULL, 1656083106),
(342, 995, 'paid', 'credit', 0, 5.00, '0.25', '0.00', '5.25', '0.00', NULL, NULL, 1656103838),
(343, 923, 'paid', 'credit', 0, 25.00, '1.25', '0.00', '31.25', '5.00', NULL, NULL, 1656104126),
(344, 996, 'paid', 'credit', 0, 40.00, '3.60', '4.00', '39.60', '0.00', NULL, NULL, 1656130476),
(345, 930, 'paid', 'credit', 0, 290.00, '14.50', '0.00', '314.50', '10.00', NULL, NULL, 1656130702),
(346, 996, 'paid', 'credit', 0, 75.00, '3.75', '0.00', '78.75', '0.00', NULL, NULL, 1656130959),
(347, 979, 'paid', 'credit', 0, 33.00, '3.30', '0.00', '36.30', '0.00', NULL, NULL, 1656139699),
(348, 1017, 'paid', 'credit', 0, 25.00, '1.00', '5.00', '26.00', '5.00', NULL, NULL, 1656148569),
(349, 995, 'pending', NULL, 0, 50.00, '2.25', '5.00', '52.25', '5.00', NULL, NULL, 1656148735),
(350, 995, 'paid', 'credit', 0, 50.00, '2.25', '5.00', '52.25', '5.00', NULL, NULL, 1656148833),
(351, 995, 'paid', 'credit', 0, 20.00, '1.00', '4.00', '17.00', '0.00', NULL, NULL, 1656322652),
(694, 995, 'paid', 'credit', 0, 30.00, '3.00', '0.00', '33.00', '0.00', NULL, NULL, 1678915479),
(695, 979, 'paid', 'credit', 0, 30.00, '3.00', '0.00', '33.00', '0.00', NULL, NULL, 1678917758),
(696, 979, 'paid', 'credit', 0, 60.00, '3.60', '24.00', '39.60', '0.00', NULL, NULL, 1678919425),
(697, 930, 'paid', 'credit', 0, 30.00, '3.00', '0.00', '33.00', '0.00', NULL, NULL, 1678922505),
(698, 995, 'paid', 'credit', 0, 20.00, '2.00', '0.00', '22.00', '0.00', NULL, NULL, 1678922687),
(699, 1017, 'paid', 'credit', 0, 30.00, '3.00', '0.00', '33.00', '0.00', NULL, NULL, 1678923549),
(700, 979, 'paid', 'credit', 0, 30.00, '3.00', '0.00', '33.00', '0.00', NULL, NULL, 1678925784),
(701, 995, 'paid', 'credit', 0, 30.00, '3.00', '0.00', '33.00', '0.00', NULL, NULL, 1678925910),
(702, 995, 'paid', 'credit', 0, 20.00, '2.00', '0.00', '22.00', '0.00', NULL, NULL, 1678926034),
(703, 1045, 'paid', 'credit', 0, 100.00, '10.00', '0.00', '110.00', '0.00', NULL, NULL, 1678959216),
(704, 995, 'paid', 'credit', 0, 30.00, '3.00', '0.00', '33.00', '0.00', NULL, NULL, 1678960998),
(705, 930, 'paid', 'credit', 0, 60.00, '3.60', '24.00', '39.60', '0.00', NULL, NULL, 1678961213),
(706, 979, 'paid', 'credit', 0, 30.00, '3.00', '0.00', '33.00', '0.00', NULL, NULL, 1678961648),
(707, 1045, 'paid', 'credit', 0, 30.00, '3.00', '0.00', '33.00', '0.00', NULL, NULL, 1679088424),
(708, 1046, 'pending', NULL, 0, 25.00, '2.50', '0.00', '27.50', '0.00', NULL, NULL, 1679093084);

-- --------------------------------------------------------

--
-- Table structure for table `order_items`
--

CREATE TABLE `order_items` (
  `id` int(10) UNSIGNED NOT NULL,
  `user_id` int(10) UNSIGNED NOT NULL,
  `order_id` int(10) UNSIGNED NOT NULL,
  `webinar_id` int(10) UNSIGNED DEFAULT NULL,
  `bundle_id` int(10) UNSIGNED DEFAULT NULL,
  `subscribe_id` int(10) UNSIGNED DEFAULT NULL,
  `promotion_id` int(10) UNSIGNED DEFAULT NULL,
  `gift_id` int(10) UNSIGNED DEFAULT NULL,
  `registration_package_id` int(10) UNSIGNED DEFAULT NULL,
  `product_id` int(10) UNSIGNED DEFAULT NULL,
  `product_order_id` int(10) UNSIGNED DEFAULT NULL,
  `installment_payment_id` int(10) UNSIGNED DEFAULT NULL,
  `reserve_meeting_id` int(10) UNSIGNED DEFAULT NULL,
  `ticket_id` int(10) UNSIGNED DEFAULT NULL,
  `discount_id` int(11) DEFAULT NULL,
  `become_instructor_id` int(10) UNSIGNED DEFAULT NULL,
  `amount` double(15,2) UNSIGNED DEFAULT NULL,
  `tax` int(10) UNSIGNED DEFAULT NULL,
  `tax_price` double(15,2) DEFAULT NULL,
  `commission` int(10) UNSIGNED DEFAULT NULL,
  `commission_price` double(15,2) DEFAULT NULL,
  `discount` double(15,2) DEFAULT NULL,
  `total_amount` double(15,2) DEFAULT NULL,
  `product_delivery_fee` double(15,2) DEFAULT NULL,
  `created_at` int(10) UNSIGNED DEFAULT NULL
) ENGINE=InnoDB DEFAULT CHARSET=utf8mb4 COLLATE=utf8mb4_unicode_ci ROW_FORMAT=DYNAMIC;

--
-- Dumping data for table `order_items`
--

INSERT INTO `order_items` (`id`, `user_id`, `order_id`, `webinar_id`, `bundle_id`, `subscribe_id`, `promotion_id`, `gift_id`, `registration_package_id`, `product_id`, `product_order_id`, `installment_payment_id`, `reserve_meeting_id`, `ticket_id`, `discount_id`, `become_instructor_id`, `amount`, `tax`, `tax_price`, `commission`, `commission_price`, `discount`, `total_amount`, `product_delivery_fee`, `created_at`) VALUES
(310, 1015, 306, 1996, NULL, NULL, 3, NULL, NULL, NULL, NULL, NULL, NULL, NULL, NULL, NULL, 63.00, 10, 6.30, 0, 0.00, NULL, 69.30, NULL, 1625145687),
(311, 996, 307, NULL, NULL, NULL, NULL, NULL, NULL, NULL, NULL, NULL, 48, NULL, NULL, NULL, 150.00, 10, 15.00, 20, 30.00, 0.00, 165.00, NULL, 1625944333),
(312, 995, 308, NULL, NULL, NULL, NULL, NULL, NULL, NULL, NULL, NULL, 49, NULL, NULL, NULL, 100.00, 10, 10.00, 20, 20.00, 0.00, 110.00, NULL, 1625952623),
(313, 995, 309, 2005, NULL, NULL, NULL, NULL, NULL, NULL, NULL, NULL, NULL, NULL, NULL, NULL, 10.00, 10, 1.00, 20, 2.00, 0.00, 11.00, NULL, 1625953190),
(314, 995, 310, NULL, NULL, NULL, NULL, NULL, NULL, NULL, NULL, NULL, 50, NULL, NULL, NULL, 125.00, 10, 12.50, 20, 25.00, 0.00, 137.50, NULL, 1625996807),
(315, 995, 311, 1999, NULL, NULL, NULL, NULL, NULL, NULL, NULL, NULL, NULL, NULL, NULL, NULL, 50.00, 10, 5.00, 10, 5.00, 0.00, 55.00, NULL, 1625996936),
(316, 995, 312, 1998, NULL, NULL, NULL, NULL, NULL, NULL, NULL, NULL, NULL, 28, NULL, NULL, 100.00, 10, 5.00, 20, 10.00, 50.00, 55.00, NULL, 1625996974),
(317, 995, 313, 2001, NULL, NULL, NULL, NULL, NULL, NULL, NULL, NULL, NULL, NULL, NULL, NULL, 20.00, 10, 1.60, 10, 1.60, 4.00, 17.60, NULL, 1625997096),
(318, 996, 314, 2006, NULL, NULL, NULL, NULL, NULL, NULL, NULL, NULL, NULL, NULL, NULL, NULL, 25.00, 10, 2.25, 20, 4.50, 2.50, 24.75, NULL, 1626060481),
(319, 996, 315, 1998, NULL, NULL, NULL, NULL, NULL, NULL, NULL, NULL, NULL, 28, NULL, NULL, 100.00, 10, 4.00, 20, 8.00, 60.00, 44.00, NULL, 1626060548),
(320, 930, 316, 1998, NULL, NULL, NULL, NULL, NULL, NULL, NULL, NULL, NULL, 28, NULL, NULL, 100.00, 10, 5.00, 20, 10.00, 50.00, 55.00, NULL, 1626060832),
(321, 979, 317, 2004, NULL, NULL, NULL, NULL, NULL, NULL, NULL, NULL, NULL, NULL, NULL, NULL, 60.00, 10, 6.00, 10, 6.00, 0.00, 66.00, NULL, 1626061329),
(322, 979, 318, 2002, NULL, NULL, NULL, NULL, NULL, NULL, NULL, NULL, NULL, NULL, NULL, NULL, 20.00, 10, 2.00, 20, 4.00, 0.00, 22.00, NULL, 1626061366),
(323, 979, 318, 2000, NULL, NULL, NULL, NULL, NULL, NULL, NULL, NULL, NULL, NULL, NULL, NULL, 30.00, 10, 3.00, 20, 6.00, 0.00, 33.00, NULL, 1626061366),
(324, 995, 319, NULL, NULL, 3, NULL, NULL, NULL, NULL, NULL, NULL, NULL, NULL, NULL, NULL, 20.00, 10, 2.00, 0, 0.00, NULL, 22.00, NULL, 1626061431),
(325, 1015, 320, 2002, NULL, NULL, NULL, NULL, NULL, NULL, NULL, NULL, NULL, NULL, NULL, NULL, 20.00, 10, 2.00, 20, 4.00, 0.00, 22.00, NULL, 1626132487),
(326, 1015, 321, 2002, NULL, NULL, NULL, NULL, NULL, NULL, NULL, NULL, NULL, NULL, 7, NULL, 20.00, 10, 1.60, 20, 3.20, 4.00, 17.60, NULL, 1626132840),
(327, 929, 322, 2003, NULL, NULL, NULL, NULL, NULL, NULL, NULL, NULL, NULL, 31, NULL, NULL, 40.00, 10, 3.00, 20, 6.00, 10.00, 33.00, NULL, 1626240993),
(328, 929, 323, 2004, NULL, NULL, 3, NULL, NULL, NULL, NULL, NULL, NULL, NULL, NULL, NULL, 50.00, 10, 5.00, 0, 0.00, NULL, 55.00, NULL, 1626241146),
(329, 929, 324, 2003, NULL, NULL, NULL, NULL, NULL, NULL, NULL, NULL, NULL, 31, NULL, NULL, 40.00, 10, 3.00, 20, 6.00, 10.00, 33.00, NULL, 1626241207),
(330, 995, 325, NULL, NULL, NULL, NULL, NULL, NULL, NULL, NULL, NULL, 51, NULL, NULL, NULL, 100.00, 10, 10.00, 20, 20.00, 0.00, 110.00, NULL, 1626247189),
(331, 1015, 326, 2001, NULL, NULL, NULL, NULL, NULL, NULL, NULL, NULL, NULL, NULL, NULL, NULL, 20.00, 10, 1.60, 10, 1.60, 4.00, 17.60, NULL, 1626284818),
(332, 996, 327, 2000, NULL, NULL, NULL, NULL, NULL, NULL, NULL, NULL, NULL, NULL, NULL, NULL, 30.00, 10, 2.70, 20, 5.40, 3.00, 29.70, NULL, 1626508952),
(333, 929, 328, 2000, NULL, NULL, NULL, NULL, NULL, NULL, NULL, NULL, NULL, NULL, NULL, NULL, 30.00, 10, 3.00, 20, 6.00, 0.00, 33.00, NULL, 1635412190),
(334, 979, 329, NULL, NULL, 4, NULL, NULL, NULL, NULL, NULL, NULL, NULL, NULL, NULL, NULL, 100.00, 10, 10.00, 0, 0.00, NULL, 110.00, NULL, 1635448382),
(335, 1017, 330, 2000, NULL, NULL, NULL, NULL, NULL, NULL, NULL, NULL, NULL, NULL, NULL, NULL, 30.00, 10, 3.00, 20, 6.00, 0.00, 33.00, NULL, 1639379271),
(336, 1017, 331, 1998, NULL, NULL, NULL, NULL, NULL, NULL, NULL, NULL, NULL, NULL, NULL, NULL, 100.00, 10, 10.00, 20, 20.00, 0.00, 110.00, NULL, 1639379347),
(337, 1017, 332, 2003, NULL, NULL, NULL, NULL, NULL, NULL, NULL, NULL, NULL, 31, NULL, NULL, 40.00, 10, 3.00, 20, 6.00, 10.00, 33.00, NULL, 1639379382),
(338, 995, 333, 2009, NULL, NULL, NULL, NULL, NULL, NULL, NULL, NULL, NULL, NULL, NULL, NULL, 10.00, 10, 1.00, 20, 2.00, 0.00, 11.00, NULL, 1646172083),
(339, 996, 334, 2009, NULL, NULL, NULL, NULL, NULL, NULL, NULL, NULL, NULL, NULL, NULL, NULL, 10.00, 10, 0.90, 20, 1.80, 1.00, 9.90, NULL, 1646172119),
(340, 979, 335, 2009, NULL, NULL, NULL, NULL, NULL, NULL, NULL, NULL, NULL, NULL, NULL, NULL, 10.00, 10, 1.00, 20, 2.00, 0.00, 11.00, NULL, 1646172156),
(341, 929, 336, 2009, NULL, NULL, NULL, NULL, NULL, NULL, NULL, NULL, NULL, NULL, NULL, NULL, 10.00, 10, 1.00, 20, 2.00, 0.00, 11.00, NULL, 1646172292),
(342, 995, 337, NULL, NULL, NULL, NULL, NULL, NULL, NULL, NULL, NULL, 1, NULL, NULL, NULL, 750.00, 10, 75.00, 20, 150.00, 0.00, 825.00, NULL, 1646379279),
(343, 1017, 338, NULL, NULL, NULL, NULL, NULL, NULL, NULL, NULL, NULL, 5, NULL, NULL, NULL, 300.00, 10, 30.00, 20, 60.00, 0.00, 330.00, NULL, 1646380150),
(344, 930, 339, NULL, NULL, NULL, NULL, NULL, 2, NULL, NULL, NULL, NULL, NULL, NULL, 5, 199.00, 10, 19.90, 0, 0.00, NULL, 218.90, NULL, 1646386782),
(345, 859, 340, NULL, NULL, NULL, NULL, NULL, 4, NULL, NULL, NULL, NULL, NULL, NULL, 6, 200.00, 10, 20.00, 0, 0.00, NULL, 220.00, NULL, 1646387650),
(346, 930, 341, NULL, 1, NULL, NULL, NULL, NULL, NULL, NULL, NULL, NULL, NULL, NULL, NULL, 50.00, 10, 5.00, 20, 10.00, 0.00, 55.00, 0.00, 1656083106),
(347, 995, 342, NULL, NULL, NULL, NULL, NULL, NULL, 4, 1, NULL, NULL, NULL, NULL, NULL, 5.00, 5, 0.25, 20, 1.00, 0.00, 5.25, 0.00, 1656103838),
(348, 923, 343, NULL, NULL, NULL, NULL, NULL, NULL, 1, 2, NULL, NULL, NULL, NULL, NULL, 25.00, 5, 1.25, 10, 2.50, 0.00, 31.25, 5.00, 1656104126),
(349, 996, 344, 2003, NULL, NULL, NULL, NULL, NULL, NULL, NULL, NULL, NULL, NULL, NULL, NULL, 40.00, 10, 3.60, 20, 7.20, 4.00, 39.60, 0.00, 1656130476),
(350, 930, 345, NULL, NULL, NULL, NULL, NULL, NULL, 2, 3, NULL, NULL, NULL, NULL, NULL, 290.00, 5, 14.50, 10, 29.00, 0.00, 314.50, 10.00, 1656130702),
(351, 996, 346, NULL, NULL, NULL, NULL, NULL, NULL, 5, 4, NULL, NULL, NULL, NULL, NULL, 75.00, 5, 3.75, 20, 15.00, 0.00, 78.75, 0.00, 1656130959),
(352, 979, 347, NULL, 2, NULL, NULL, NULL, NULL, NULL, NULL, NULL, NULL, NULL, NULL, NULL, 8.00, 10, 0.80, 20, 1.60, 0.00, 8.80, 0.00, 1656139699),
(353, 979, 347, NULL, 3, NULL, NULL, NULL, NULL, NULL, NULL, NULL, NULL, NULL, NULL, NULL, 25.00, 10, 2.50, 20, 5.00, 0.00, 27.50, 0.00, 1656139699),
(354, 1017, 348, NULL, NULL, NULL, NULL, NULL, NULL, 1, 5, NULL, NULL, NULL, NULL, NULL, 25.00, 5, 1.00, 10, 2.00, 5.00, 26.00, 5.00, 1656148569),
(355, 995, 349, NULL, NULL, NULL, NULL, NULL, NULL, 1, 6, NULL, NULL, NULL, NULL, NULL, 50.00, 5, 2.25, 10, 4.50, 5.00, 52.25, 5.00, 1656148735),
(356, 995, 350, NULL, NULL, NULL, NULL, NULL, NULL, 1, 6, NULL, NULL, NULL, NULL, NULL, 50.00, 5, 2.25, 10, 4.50, 5.00, 52.25, 5.00, 1656148833),
(357, 995, 351, NULL, NULL, NULL, NULL, NULL, NULL, 6, 7, NULL, NULL, NULL, 9, NULL, 20.00, 5, 1.00, 20, 4.00, 4.00, 17.00, 0.00, 1656322652),
(692, 995, 694, NULL, NULL, NULL, NULL, NULL, NULL, NULL, NULL, 1, NULL, NULL, NULL, NULL, 30.00, 10, 3.00, 20, 6.00, 0.00, 33.00, 0.00, 1678915479),
(693, 979, 695, NULL, NULL, NULL, NULL, NULL, NULL, NULL, NULL, 2, NULL, NULL, NULL, NULL, 30.00, 10, 3.00, 20, 6.00, 0.00, 33.00, 0.00, 1678917758),
(694, 979, 696, 2004, NULL, NULL, NULL, 6, NULL, NULL, NULL, NULL, NULL, NULL, NULL, NULL, 60.00, 10, 3.60, 10, 3.60, 24.00, 39.60, 0.00, 1678919425),
(695, 930, 697, NULL, NULL, NULL, NULL, NULL, NULL, NULL, NULL, 3, NULL, NULL, NULL, NULL, 30.00, 10, 3.00, 20, 6.00, 0.00, 33.00, 0.00, 1678922505),
(696, 995, 698, NULL, NULL, NULL, NULL, NULL, NULL, NULL, NULL, 4, NULL, NULL, NULL, NULL, 20.00, 10, 2.00, 20, 4.00, 0.00, 22.00, 0.00, 1678922687),
(697, 1017, 699, NULL, NULL, NULL, NULL, NULL, NULL, NULL, NULL, 5, NULL, NULL, NULL, NULL, 30.00, 10, 3.00, 20, 6.00, 0.00, 33.00, 0.00, 1678923549),
(698, 979, 700, NULL, NULL, NULL, NULL, NULL, NULL, NULL, NULL, 6, NULL, NULL, NULL, NULL, 30.00, 10, 3.00, 20, 6.00, 0.00, 33.00, 0.00, 1678925784),
(699, 995, 701, NULL, NULL, NULL, NULL, NULL, NULL, NULL, NULL, 7, NULL, NULL, NULL, NULL, 30.00, 10, 3.00, 20, 6.00, 0.00, 33.00, 0.00, 1678925910),
(700, 995, 702, NULL, NULL, NULL, NULL, NULL, NULL, NULL, NULL, 9, NULL, NULL, NULL, NULL, 20.00, 10, 2.00, 20, 4.00, 0.00, 22.00, 0.00, 1678926034),
(701, 1045, 703, 2022, NULL, NULL, NULL, NULL, NULL, NULL, NULL, NULL, NULL, NULL, NULL, NULL, 100.00, 10, 10.00, 20, 20.00, 0.00, 110.00, 0.00, 1678959216),
(702, 995, 704, NULL, NULL, NULL, NULL, NULL, NULL, NULL, NULL, 10, NULL, NULL, NULL, NULL, 30.00, 10, 3.00, 20, 6.00, 0.00, 33.00, 0.00, 1678960998),
(703, 930, 705, 2004, NULL, NULL, NULL, NULL, NULL, NULL, NULL, NULL, NULL, NULL, NULL, NULL, 60.00, 10, 3.60, 10, 3.60, 24.00, 39.60, 0.00, 1678961213),
(704, 979, 706, NULL, NULL, NULL, NULL, NULL, NULL, NULL, NULL, 11, NULL, NULL, NULL, NULL, 30.00, 10, 3.00, 20, 6.00, 0.00, 33.00, 0.00, 1678961648),
(705, 1045, 707, 2000, NULL, NULL, NULL, NULL, NULL, NULL, NULL, NULL, NULL, NULL, NULL, NULL, 30.00, 10, 3.00, 20, 6.00, 0.00, 33.00, 0.00, 1679088424),
(706, 1046, 708, NULL, 3, NULL, NULL, NULL, NULL, NULL, NULL, NULL, NULL, NULL, NULL, NULL, 25.00, 10, 2.50, 10, 2.50, 0.00, 27.50, 0.00, 1679093084);

-- --------------------------------------------------------

--
-- Table structure for table `pages`
--

CREATE TABLE `pages` (
  `id` int(10) UNSIGNED NOT NULL,
  `link` varchar(255) COLLATE utf8mb4_unicode_ci NOT NULL,
  `name` varchar(255) COLLATE utf8mb4_unicode_ci NOT NULL,
  `robot` tinyint(1) NOT NULL DEFAULT 0,
  `status` enum('publish','draft') COLLATE utf8mb4_unicode_ci NOT NULL DEFAULT 'draft',
  `created_at` int(10) UNSIGNED NOT NULL
) ENGINE=InnoDB DEFAULT CHARSET=utf8mb4 COLLATE=utf8mb4_unicode_ci;

--
-- Dumping data for table `pages`
--

INSERT INTO `pages` (`id`, `link`, `name`, `robot`, `status`, `created_at`) VALUES
(3, '/about', 'About', 1, 'publish', 1609088468),
(5, '/terms', 'Terms & rules', 1, 'publish', 1646409295),
(6, '/reward_points_system', 'Reward Points System', 1, 'publish', 1646398467);

-- --------------------------------------------------------

--
-- Table structure for table `page_translations`
--

CREATE TABLE `page_translations` (
  `id` bigint(20) UNSIGNED NOT NULL,
  `page_id` int(10) UNSIGNED NOT NULL,
  `locale` varchar(255) COLLATE utf8mb4_unicode_ci NOT NULL,
  `title` varchar(255) COLLATE utf8mb4_unicode_ci NOT NULL,
  `seo_description` varchar(255) COLLATE utf8mb4_unicode_ci DEFAULT NULL,
  `content` longtext COLLATE utf8mb4_unicode_ci NOT NULL
) ENGINE=InnoDB DEFAULT CHARSET=utf8mb4 COLLATE=utf8mb4_unicode_ci;

--
-- Dumping data for table `page_translations`
--

INSERT INTO `page_translations` (`id`, `page_id`, `locale`, `title`, `seo_description`, `content`) VALUES
(1, 3, 'en', 'About Rocket LMS', 'Rocket LMS is an online course marketplace with a pile of features that helps you to run your online education business easily.', '<div><b>Rocket LMS</b> is an online course marketplace with a pile of features that helps you to run your online education business easily. This platform helps instructors and students get in touch together and share knowledge.</div><div><br></div><div>Teachers will be able to create unlimited video courses, live classes, text courses, projects, quizzes, files, etc and students will be able to use the educational material and increase their skill level.</div><div><br></div><div>Rocket LMS is based on real business needs, cultural differences, advanced user researches so it covers your business requirements efficiently.</div><div style=\"text-align: center; \"><img src=\"/store/1/default_images/about.png\" style=\"width: 1110px;\"><br></div><div><br></div><div><b>WHY CHOOSE Rocket LMS?</b></div><div><br></div><div>- Comprehensive solution for online education businesses</div><div>- Based on real business needs</div><div>- Multiple content types (Video courses, Live classes, text courses)</div><div>- Youtube, Vimeo, and AWS integration</div><div>- Google calendar integration</div><div>- Online 1 to 1 meetings support</div><div>- Single &amp; multiple instructors</div><div>- Organizational education system</div><div>- Subscribe system</div><div>- Various payment gateways for worldwide</div><div>- Offline payment</div><div>- Multilanguage</div><div>- Fully responsive</div><div>- Fully customizable</div><div>- RTL support</div>'),
(2, 5, 'en', 'Terms of Service', 'Our mission is to improve lives through learning. We enable anyone anywhere to create and share educational content (instructors) and to access that educational content to learn.', '<p><b>Note: This is just demo data.</b></p><p>Our mission is to improve lives through learning. We enable anyone anywhere to create and share educational content (instructors) and to access that educational content to learn (students). We consider our marketplace model the best way to offer valuable educational content to our users. We need rules to keep our platform and services safe for you, us, and our student and instructor community. These Terms apply to all your activities on the Udemy website, the Udemy mobile applications, our TV applications, our APIs, and other related services (“<b>Services</b>”).</p><p>If you publish content on our platform, you must also agree to the Instructor Terms. We also provide details regarding our processing of the personal data of our students and instructors in our Privacy Policy. If you are using our platform for Business as part of your organization’s Udemy for Business subscription, you should consult our Udemy for Business Privacy Statement.</p><p style=\"text-align: center; \"><img src=\"/store/1/default_images/blogs/home2.png\" style=\"width: 954px;\"><br></p><p>You need an account for most activities on our platform, including to <b>purchase</b> and access content or to <b>submit content for publication</b>. When setting up and maintaining your account, you must provide and continue to provide accurate and complete information, including a valid email address. You have complete responsibility for your account and everything that happens on your account, including for any harm or damage (to us or anyone else) caused by someone using your account without your permission. This means you need to be careful with your password. You may not transfer your account to someone else or use someone else’s account. If you contact us to request access to an account, we will not grant you such access unless you can provide us with the information that we need to prove you are the owner of that account. In the event of the death of a user, the account of that user will be closed.</p>'),
(3, 6, 'en', 'Reward Points System', 'Rocket LMS Reward Points System is a Complete Loyalty Reward Points System and the most comprehensive Points and Rewards Plugin.', '<p><img src=\"/store/1/default_images/Reward Points System.jpg\" style=\"width: 800px;\"><br></p><p><b>Rocket LMS&nbsp;Reward Points System is a Complete Loyalty Reward Points System and the most comprehensive Points and Rewards Plugin. Reward your Customers using Reward Points for Product Purchase, Writing Reviews, Sign up, Referrals, etc. The earned Reward Points can be redeemed for future purchases.&nbsp;</b></p>'),
(4, 5, 'es', 'Términos de servicio', 'Nuestra misión es mejorar vidas a través del aprendizaje. Permitimos que cualquier persona en cualquier lugar pueda crear y compartir contenido educativo (instructores) y acceder a ese contenido educativo para aprender.', '<p>Nota: Estos son solo datos de demostración.</p><p><br></p><p>Nuestra misión es mejorar vidas a través del aprendizaje. Permitimos que cualquier persona en cualquier lugar pueda crear y compartir contenido educativo (instructores) y acceder a ese contenido educativo para aprender (estudiantes). Consideramos nuestro modelo de mercado la mejor manera de ofrecer contenido educativo valioso a nuestros usuarios. Necesitamos reglas para mantener nuestra plataforma y servicios seguros para usted, nosotros y nuestra comunidad de estudiantes e instructores. Estos Términos se aplican a todas sus actividades en el sitio web de Udemy, las aplicaciones móviles de Udemy, nuestras aplicaciones de TV, nuestras API y otros servicios relacionados (\"Servicios\").</p><p><br></p><p>Si publica contenido en nuestra plataforma, también debe aceptar los Términos del instructor. También proporcionamos detalles sobre nuestro procesamiento de los datos personales de nuestros estudiantes e instructores en nuestra Política de privacidad. Si utiliza nuestra plataforma para empresas como parte de la suscripción a Udemy for Business de su organización, debe consultar nuestra Declaración de privacidad de Udemy for Business.</p><p><br></p><p><br></p><p><br></p><p>Necesita una cuenta para la mayoría de las actividades en nuestra plataforma, incluso para comprar y acceder a contenido o para enviar contenido para su publicación. Al configurar y mantener su cuenta, debe proporcionar y continuar proporcionando información precisa y completa, incluida una dirección de correo electrónico válida. Usted es completamente responsable de su cuenta y de todo lo que sucede en ella, incluido cualquier daño o perjuicio (a nosotros o a cualquier otra persona) causado por alguien que usa su cuenta sin su permiso. Esto significa que debe tener cuidado con su contraseña. No puede transferir su cuenta a otra persona ni usar la cuenta de otra persona. Si se comunica con nosotros para solicitar acceso a una cuenta, no le otorgaremos dicho acceso a menos que pueda proporcionarnos la información que necesitamos para demostrar que es el propietario de esa cuenta. En caso de fallecimiento de un usuario, la cuenta de ese usuario se cerrará.</p>'),
(5, 5, 'ar', 'شروط الخدمة', 'مهمتنا هي تحسين الحياة من خلال التعلم. نحن نمكن أي شخص في أي مكان من إنشاء ومشاركة المحتوى التعليمي (المدربين) والوصول إلى هذا المحتوى التعليمي للتعلم.', '<p style=\"direction: rtl; text-align: right;\">ملاحظة: هذه مجرد بيانات تجريبية.</p><p style=\"direction: rtl; text-align: right;\">مهمتنا هي تحسين الحياة من خلال التعلم. نحن نمكن أي شخص في أي مكان من إنشاء ومشاركة المحتوى التعليمي (المدربين) والوصول إلى هذا المحتوى التعليمي للتعلم (الطلاب). نحن نعتبر نموذج السوق الخاص بنا هو أفضل طريقة لتقديم محتوى تعليمي قيم لمستخدمينا. نحن بحاجة إلى قواعد للحفاظ على نظامنا الأساسي وخدماتنا آمنة لك ولنا ومجتمع الطلاب والمدرسين لدينا. تنطبق هذه الشروط على جميع أنشطتك على موقع Udemy على الويب ، وتطبيقات Udemy للهاتف المحمول ، وتطبيقات التلفزيون لدينا ، وواجهات برمجة التطبيقات الخاصة بنا ، والخدمات الأخرى ذات الصلة (\"الخدمات\").</p><p style=\"direction: rtl; text-align: right;\">إذا قمت بنشر محتوى على نظامنا الأساسي ، فيجب عليك أيضًا الموافقة على شروط المدرب. نقدم أيضًا تفاصيل تتعلق بمعالجتنا للبيانات الشخصية لطلابنا ومعلمينا في سياسة الخصوصية الخاصة بنا. إذا كنت تستخدم منصتنا للأعمال كجزء من اشتراك Udemy for Business الخاص بمؤسستك ، فيجب عليك الرجوع إلى بيان خصوصية Udemy for Business.</p><p style=\"direction: rtl; text-align: right;\">أنت بحاجة إلى حساب لمعظم الأنشطة على نظامنا الأساسي ، بما في ذلك شراء المحتوى والوصول إليه أو إرسال المحتوى للنشر. عند إعداد حسابك وصيانته ، يجب عليك تقديم معلومات دقيقة وكاملة والاستمرار في تقديمها ، بما في ذلك عنوان بريد إلكتروني صالح. أنت تتحمل المسؤولية الكاملة عن حسابك وكل ما يحدث على حسابك ، بما في ذلك أي ضرر أو ضرر (لنا أو لأي شخص آخر) ناجم عن شخص يستخدم حسابك دون إذنك. هذا يعني أنك بحاجة إلى توخي الحذر بشأن كلمة المرور الخاصة بك. لا يجوز لك نقل حسابك إلى شخص آخر أو استخدام حساب شخص آخر. إذا اتصلت بنا لطلب الوصول إلى حساب ، فلن نمنحك هذا الوصول ما لم تتمكن من تزويدنا بالمعلومات التي نحتاجها لإثبات أنك مالك هذا الحساب. في حالة وفاة المستخدم ، سيتم إغلاق حساب هذا المستخدم.</p>');

-- --------------------------------------------------------

--
-- Table structure for table `password_resets`
--

CREATE TABLE `password_resets` (
  `email` varchar(255) COLLATE utf8mb4_unicode_ci NOT NULL,
  `token` varchar(255) COLLATE utf8mb4_unicode_ci NOT NULL,
  `created_at` timestamp NULL DEFAULT NULL
) ENGINE=InnoDB DEFAULT CHARSET=utf8mb4 COLLATE=utf8mb4_unicode_ci ROW_FORMAT=DYNAMIC;

--
-- Dumping data for table `password_resets`
--

INSERT INTO `password_resets` (`email`, `token`, `created_at`) VALUES
('av18981848@gmail.com', 'cYTtJLR86NoxZ0whf465XoQa98hhxAxx2Q7t3zeaeTJRYoUMQwqqzb4rgqP2', '2021-02-20 16:05:13');

-- --------------------------------------------------------

--
-- Table structure for table `payku_payments`
--

CREATE TABLE `payku_payments` (
  `transaction_id` varchar(255) COLLATE utf8mb4_unicode_ci NOT NULL,
  `start` date NOT NULL,
  `end` date NOT NULL,
  `media` varchar(255) COLLATE utf8mb4_unicode_ci NOT NULL,
  `verification_key` varchar(255) COLLATE utf8mb4_unicode_ci NOT NULL,
  `authorization_code` varchar(255) COLLATE utf8mb4_unicode_ci NOT NULL,
  `last_4_digits` int(10) UNSIGNED DEFAULT NULL,
  `installments` varchar(255) COLLATE utf8mb4_unicode_ci DEFAULT NULL,
  `card_type` varchar(255) COLLATE utf8mb4_unicode_ci DEFAULT NULL,
  `additional_parameters` varchar(255) COLLATE utf8mb4_unicode_ci DEFAULT NULL,
  `currency` varchar(255) COLLATE utf8mb4_unicode_ci NOT NULL,
  `created_at` timestamp NULL DEFAULT NULL,
  `updated_at` timestamp NULL DEFAULT NULL,
  `payment_key` varchar(255) COLLATE utf8mb4_unicode_ci DEFAULT NULL,
  `transaction_key` varchar(255) COLLATE utf8mb4_unicode_ci DEFAULT NULL,
  `deposit_date` datetime DEFAULT NULL
) ENGINE=InnoDB DEFAULT CHARSET=utf8mb4 COLLATE=utf8mb4_unicode_ci;

-- --------------------------------------------------------

--
-- Table structure for table `payku_transactions`
--

CREATE TABLE `payku_transactions` (
  `id` varchar(255) COLLATE utf8mb4_unicode_ci NOT NULL,
  `status` varchar(255) COLLATE utf8mb4_unicode_ci DEFAULT NULL,
  `order` varchar(255) COLLATE utf8mb4_unicode_ci DEFAULT NULL,
  `email` varchar(255) COLLATE utf8mb4_unicode_ci DEFAULT NULL,
  `subject` varchar(255) COLLATE utf8mb4_unicode_ci DEFAULT NULL,
  `url` text COLLATE utf8mb4_unicode_ci DEFAULT NULL,
  `amount` int(10) UNSIGNED DEFAULT NULL,
  `notified_at` datetime DEFAULT NULL,
  `created_at` timestamp NULL DEFAULT NULL,
  `updated_at` timestamp NULL DEFAULT NULL,
  `full_name` varchar(255) COLLATE utf8mb4_unicode_ci DEFAULT NULL
) ENGINE=InnoDB DEFAULT CHARSET=utf8mb4 COLLATE=utf8mb4_unicode_ci;

-- --------------------------------------------------------

--
-- Table structure for table `payment_channels`
--

CREATE TABLE `payment_channels` (
  `id` int(10) UNSIGNED NOT NULL,
  `title` varchar(255) COLLATE utf8mb4_unicode_ci NOT NULL,
  `class_name` varchar(255) COLLATE utf8mb4_unicode_ci NOT NULL,
  `status` enum('active','inactive') COLLATE utf8mb4_unicode_ci NOT NULL,
  `image` varchar(255) COLLATE utf8mb4_unicode_ci DEFAULT NULL,
  `settings` text COLLATE utf8mb4_unicode_ci DEFAULT NULL,
  `currencies` text COLLATE utf8mb4_unicode_ci DEFAULT NULL,
  `created_at` varchar(255) COLLATE utf8mb4_unicode_ci NOT NULL
) ENGINE=InnoDB DEFAULT CHARSET=utf8mb4 COLLATE=utf8mb4_unicode_ci ROW_FORMAT=DYNAMIC;

--
-- Dumping data for table `payment_channels`
--

INSERT INTO `payment_channels` (`id`, `title`, `class_name`, `status`, `image`, `settings`, `currencies`, `created_at`) VALUES
(19, 'Paypal', 'Paypal', 'active', '/store/1/default_images/payment gateways/paypal.png', '', '[\"USD\"]', '1654755044'),
(23, 'Payu', 'Payu', 'active', '/store/1/default_images/payment gateways/payu.png', '', '[\"USD\"]', '1654755044'),
(24, 'Razorpay', 'Razorpay', 'active', '/store/1/default_images/payment gateways/razorpay.png', '', '[\"USD\"]', '1654755044');

-- --------------------------------------------------------

--
-- Table structure for table `payouts`
--

CREATE TABLE `payouts` (
  `id` int(10) UNSIGNED NOT NULL,
  `user_id` int(10) UNSIGNED NOT NULL,
  `user_selected_bank_id` int(10) UNSIGNED NOT NULL,
  `amount` decimal(13,2) NOT NULL,
  `status` enum('waiting','done','reject') COLLATE utf8mb4_unicode_ci NOT NULL,
  `created_at` int(11) NOT NULL
) ENGINE=InnoDB DEFAULT CHARSET=utf8mb4 COLLATE=utf8mb4_unicode_ci ROW_FORMAT=DYNAMIC;

-- --------------------------------------------------------

--
-- Table structure for table `payu_transactions`
--

CREATE TABLE `payu_transactions` (
  `id` bigint(20) UNSIGNED NOT NULL,
  `paid_for_id` bigint(20) UNSIGNED DEFAULT NULL,
  `paid_for_type` varchar(255) COLLATE utf8mb4_unicode_ci DEFAULT NULL,
  `transaction_id` varchar(255) COLLATE utf8mb4_unicode_ci NOT NULL,
  `gateway` text COLLATE utf8mb4_unicode_ci NOT NULL,
  `body` text COLLATE utf8mb4_unicode_ci NOT NULL,
  `destination` varchar(255) COLLATE utf8mb4_unicode_ci NOT NULL,
  `hash` text COLLATE utf8mb4_unicode_ci NOT NULL,
  `response` text COLLATE utf8mb4_unicode_ci DEFAULT NULL,
  `status` enum('pending','failed','successful','invalid') COLLATE utf8mb4_unicode_ci NOT NULL DEFAULT 'pending',
  `verified_at` timestamp NULL DEFAULT NULL,
  `deleted_at` timestamp NULL DEFAULT NULL,
  `created_at` timestamp NULL DEFAULT NULL,
  `updated_at` timestamp NULL DEFAULT NULL
) ENGINE=InnoDB DEFAULT CHARSET=utf8mb4 COLLATE=utf8mb4_unicode_ci ROW_FORMAT=DYNAMIC;

-- --------------------------------------------------------

--
-- Table structure for table `permissions`
--

CREATE TABLE `permissions` (
  `id` int(10) UNSIGNED NOT NULL,
  `role_id` int(10) UNSIGNED DEFAULT NULL,
  `section_id` int(10) UNSIGNED DEFAULT NULL,
  `allow` tinyint(1) NOT NULL DEFAULT 0
) ENGINE=InnoDB DEFAULT CHARSET=utf8mb4 COLLATE=utf8mb4_unicode_ci;

--
-- Dumping data for table `permissions`
--

INSERT INTO `permissions` (`id`, `role_id`, `section_id`, `allow`) VALUES
(15627, 2, 1, 1),
(15628, 2, 2, 1),
(15629, 2, 3, 1),
(15630, 2, 4, 1),
(15631, 2, 5, 1),
(15632, 2, 6, 1),
(15633, 2, 7, 1),
(15634, 2, 8, 1),
(15635, 2, 9, 1),
(15636, 2, 10, 1),
(15637, 2, 11, 1),
(15638, 2, 12, 1),
(15639, 2, 13, 1),
(15640, 2, 14, 1),
(15641, 2, 15, 1),
(15642, 2, 16, 1),
(15643, 2, 17, 1),
(15644, 2, 25, 1),
(15645, 2, 26, 1),
(15646, 2, 50, 1),
(15647, 2, 51, 1),
(15648, 2, 52, 1),
(15649, 2, 53, 1),
(15650, 2, 54, 1),
(15651, 2, 100, 1),
(15652, 2, 101, 1),
(15653, 2, 102, 1),
(15654, 2, 103, 1),
(15655, 2, 104, 1),
(15656, 2, 105, 1),
(15657, 2, 106, 1),
(15658, 2, 107, 1),
(15659, 2, 108, 1),
(15660, 2, 109, 1),
(15661, 2, 110, 1),
(15662, 2, 111, 1),
(15663, 2, 112, 1),
(15664, 2, 113, 1),
(15665, 2, 114, 1),
(15666, 2, 115, 1),
(15667, 2, 116, 1),
(15668, 2, 117, 1),
(15669, 2, 150, 1),
(15670, 2, 151, 1),
(15671, 2, 152, 1),
(15672, 2, 153, 1),
(15673, 2, 154, 1),
(15674, 2, 155, 1),
(15675, 2, 156, 1),
(15676, 2, 157, 1),
(15677, 2, 158, 1),
(15678, 2, 159, 1),
(15679, 2, 160, 1),
(15680, 2, 161, 1),
(15681, 2, 162, 1),
(15682, 2, 163, 1),
(15683, 2, 164, 1),
(15684, 2, 165, 1),
(15685, 2, 166, 1),
(15686, 2, 200, 1),
(15687, 2, 201, 1),
(15688, 2, 202, 1),
(15689, 2, 203, 1),
(15690, 2, 204, 1),
(15691, 2, 205, 1),
(15692, 2, 206, 1),
(15693, 2, 207, 1),
(15694, 2, 208, 1),
(15695, 2, 250, 1),
(15696, 2, 251, 1),
(15697, 2, 252, 1),
(15698, 2, 253, 1),
(15699, 2, 254, 1),
(15700, 2, 300, 1),
(15701, 2, 301, 1),
(15702, 2, 302, 1),
(15703, 2, 303, 1),
(15704, 2, 304, 1),
(15705, 2, 350, 1),
(15706, 2, 351, 1),
(15707, 2, 352, 1),
(15708, 2, 353, 1),
(15709, 2, 354, 1),
(15710, 2, 355, 1),
(15711, 2, 356, 1),
(15712, 2, 357, 1),
(15713, 2, 400, 1),
(15714, 2, 401, 1),
(15715, 2, 402, 1),
(15716, 2, 403, 1),
(15717, 2, 404, 1),
(15718, 2, 405, 1),
(15719, 2, 450, 1),
(15720, 2, 451, 1),
(15721, 2, 452, 1),
(15722, 2, 453, 1),
(15723, 2, 454, 1),
(15724, 2, 455, 1),
(15725, 2, 456, 1),
(15726, 2, 457, 1),
(15727, 2, 458, 1),
(15728, 2, 459, 1),
(15729, 2, 460, 1),
(15730, 2, 500, 1),
(15731, 2, 501, 1),
(15732, 2, 502, 1),
(15733, 2, 503, 1),
(15734, 2, 504, 1),
(15735, 2, 505, 1),
(15736, 2, 550, 1),
(15737, 2, 551, 1),
(15738, 2, 552, 1),
(15739, 2, 553, 1),
(15740, 2, 554, 1),
(15741, 2, 555, 1),
(15742, 2, 600, 1),
(15743, 2, 601, 1),
(15744, 2, 602, 1),
(15745, 2, 603, 1),
(15746, 2, 650, 1),
(15747, 2, 651, 1),
(15748, 2, 652, 1),
(15749, 2, 653, 1),
(15750, 2, 654, 1),
(15751, 2, 655, 1),
(15752, 2, 656, 1),
(15753, 2, 657, 1),
(15754, 2, 658, 1),
(15755, 2, 700, 1),
(15756, 2, 701, 1),
(15757, 2, 702, 1),
(15758, 2, 703, 1),
(15759, 2, 704, 1),
(15760, 2, 705, 1),
(15761, 2, 706, 1),
(15762, 2, 707, 1),
(15763, 2, 708, 1),
(15764, 2, 750, 1),
(15765, 2, 751, 1),
(15766, 2, 752, 1),
(15767, 2, 753, 1),
(15768, 2, 754, 1),
(15769, 2, 800, 1),
(15770, 2, 801, 1),
(15771, 2, 802, 1),
(15772, 2, 803, 1),
(15773, 2, 850, 1),
(15774, 2, 851, 1),
(15775, 2, 852, 1),
(15776, 2, 853, 1),
(15777, 2, 854, 1),
(15778, 2, 900, 1),
(15779, 2, 901, 1),
(15780, 2, 902, 1),
(15781, 2, 903, 1),
(15782, 2, 904, 1),
(15783, 2, 950, 1),
(15784, 2, 951, 1),
(15785, 2, 952, 1),
(15786, 2, 953, 1),
(15787, 2, 954, 1),
(15788, 2, 955, 1),
(15789, 2, 956, 1),
(15790, 2, 957, 1),
(15791, 2, 958, 1),
(15792, 2, 959, 1),
(15793, 2, 1000, 1),
(15794, 2, 1001, 1),
(15795, 2, 1002, 1),
(15796, 2, 1003, 1),
(15797, 2, 1004, 1),
(15798, 2, 1050, 1),
(15799, 2, 1051, 1),
(15800, 2, 1052, 1),
(15801, 2, 1053, 1),
(15802, 2, 1054, 1),
(15803, 2, 1055, 1),
(15804, 2, 1056, 1),
(15805, 2, 1057, 1),
(15806, 2, 1058, 1),
(15807, 2, 1059, 1),
(15808, 2, 1060, 1),
(15809, 2, 1075, 1),
(15810, 2, 1076, 1),
(15811, 2, 1077, 1),
(15812, 2, 1078, 1),
(15813, 2, 1079, 1),
(15814, 2, 1080, 1),
(15815, 2, 1081, 1),
(15816, 2, 1082, 1),
(15817, 2, 1083, 1),
(15818, 2, 1100, 1),
(15819, 2, 1101, 1),
(15820, 2, 1102, 1),
(15821, 2, 1103, 1),
(15822, 2, 1104, 1),
(15823, 2, 1150, 1),
(15824, 2, 1151, 1),
(15825, 2, 1152, 1),
(15826, 2, 1153, 1),
(15827, 2, 1154, 1),
(15828, 2, 1200, 1),
(15829, 2, 1201, 1),
(15830, 2, 1202, 1),
(15831, 2, 1203, 1),
(15832, 2, 1204, 1),
(15833, 2, 1230, 1),
(15834, 2, 1231, 1),
(15835, 2, 1232, 1),
(15836, 2, 1233, 1),
(15837, 2, 1234, 1),
(15838, 2, 1235, 1),
(15839, 2, 1250, 1),
(15840, 2, 1251, 1),
(15841, 2, 1252, 1),
(15842, 2, 1253, 1),
(15843, 2, 1300, 1),
(15844, 2, 1301, 1),
(15845, 2, 1302, 1),
(15846, 2, 1303, 1),
(15847, 2, 1304, 1),
(15848, 2, 1305, 1),
(15849, 2, 1350, 1),
(15850, 2, 1351, 1),
(15851, 2, 1352, 1),
(15852, 2, 1353, 1),
(15853, 2, 1354, 1),
(15854, 2, 1355, 1),
(15855, 2, 1400, 1),
(15856, 2, 1401, 1),
(15857, 2, 1402, 1),
(15858, 2, 1403, 1),
(15859, 2, 1404, 1),
(15860, 2, 1405, 1),
(15861, 2, 1406, 1),
(15862, 2, 1407, 1),
(15863, 2, 1408, 1),
(15864, 2, 1409, 1),
(15865, 2, 1450, 1),
(15866, 2, 1451, 1),
(15867, 2, 1452, 1),
(15868, 2, 1453, 1),
(15869, 2, 1454, 1),
(15870, 2, 1455, 1),
(15871, 2, 1456, 1),
(15872, 2, 1457, 1),
(15873, 2, 1500, 1),
(15874, 2, 1501, 1),
(15875, 2, 1502, 1),
(15876, 2, 1503, 1),
(15877, 2, 1504, 1),
(15878, 2, 1550, 1),
(15879, 2, 1551, 1),
(15880, 2, 1552, 1),
(15881, 2, 1553, 1),
(15882, 2, 1554, 1),
(15883, 2, 1600, 1),
(15884, 2, 1601, 1),
(15885, 2, 1602, 1),
(15886, 2, 1603, 1),
(15887, 2, 1604, 1),
(15888, 2, 1605, 1),
(15889, 2, 1650, 1),
(15890, 2, 1651, 1),
(15891, 2, 1652, 1),
(15892, 2, 1675, 1),
(15893, 2, 1676, 1),
(15894, 2, 1677, 1),
(15895, 2, 1678, 1),
(15896, 2, 1725, 1),
(15897, 2, 1726, 1),
(15898, 2, 1727, 1),
(15899, 2, 1728, 1),
(15900, 2, 1729, 1),
(15901, 2, 1730, 1),
(15902, 2, 1731, 1),
(15903, 2, 1732, 1),
(15904, 2, 1750, 1),
(15905, 2, 1751, 1),
(15906, 2, 1752, 1),
(15907, 2, 1753, 1),
(15908, 2, 1754, 1),
(15909, 2, 1775, 1),
(15910, 2, 1776, 1),
(15911, 2, 1777, 1),
(15912, 2, 1778, 1),
(15913, 2, 1779, 1),
(15914, 2, 1780, 1),
(15915, 2, 1781, 1),
(15916, 2, 1800, 1),
(15917, 2, 1801, 1),
(15918, 2, 1802, 1),
(15919, 2, 1803, 1),
(15920, 2, 1804, 1),
(15921, 2, 1805, 1),
(15922, 2, 1806, 1),
(15923, 2, 1807, 1),
(15924, 2, 1808, 1),
(15925, 2, 1809, 1),
(15926, 2, 1810, 1),
(15927, 2, 1811, 1),
(15928, 2, 1812, 1),
(15929, 2, 1813, 1),
(15930, 2, 1814, 1),
(15931, 2, 1815, 1),
(15932, 2, 1816, 1),
(15933, 2, 1817, 1),
(15934, 2, 1818, 1),
(15935, 2, 1819, 1),
(15936, 2, 1820, 1),
(15937, 2, 1821, 1),
(15938, 2, 1822, 1),
(15939, 2, 1823, 1),
(15940, 2, 1824, 1),
(15941, 2, 1825, 1),
(15942, 2, 1826, 1),
(15943, 2, 1827, 1),
(15944, 2, 1828, 1),
(15945, 2, 1829, 1),
(15946, 2, 1830, 1),
(15947, 2, 1831, 1),
(15948, 2, 1832, 1),
(15949, 2, 1833, 1),
(15950, 2, 1834, 1),
(15951, 2, 1835, 1),
(15952, 2, 1836, 1),
(15953, 2, 1837, 1),
(15954, 2, 1838, 1),
(15955, 2, 1850, 1),
(15956, 2, 1851, 1),
(15957, 2, 1852, 1),
(15958, 2, 1853, 1),
(15959, 2, 1875, 1),
(15960, 2, 1876, 1),
(15961, 2, 1877, 1),
(15962, 2, 1900, 1),
(15963, 2, 1901, 1),
(15964, 2, 1902, 1),
(15965, 2, 1903, 1),
(15966, 2, 1904, 1),
(15967, 2, 1905, 1),
(15968, 2, 1925, 1),
(15969, 2, 1926, 1),
(15970, 2, 1927, 1),
(15971, 2, 1928, 1),
(15972, 2, 1929, 1),
(15973, 2, 1930, 1),
(15974, 2, 1931, 1),
(15975, 2, 1932, 1),
(15976, 2, 1933, 1),
(15977, 2, 1934, 1),
(15978, 2, 1950, 1),
(15979, 2, 1951, 1),
(15980, 2, 1952, 1),
(15981, 2, 1953, 1),
(15982, 2, 1954, 1),
(15983, 2, 1975, 1),
(15984, 2, 1976, 1),
(15985, 2, 1977, 1),
(15986, 2, 1978, 1),
(15987, 2, 1979, 1),
(15988, 2, 2000, 1),
(15989, 2, 2001, 1),
(15990, 2, 2015, 1),
(15991, 2, 2016, 1),
(15992, 2, 2017, 1),
(15993, 2, 2018, 1),
(15994, 2, 2019, 1),
(15995, 2, 2020, 1),
(15996, 2, 2021, 1),
(15997, 2, 2030, 1),
(15998, 2, 2031, 1),
(15999, 2, 2032, 1),
(16000, 2, 2050, 1),
(16001, 2, 2051, 1),
(16002, 2, 2052, 1),
(16003, 2, 2053, 1),
(16004, 2, 2054, 1),
(16005, 2, 2055, 1),
(16006, 2, 2070, 1),
(16007, 2, 2071, 1),
(16008, 2, 2072, 1),
(16009, 2, 2073, 1),
(16010, 2, 2074, 1),
(16011, 2, 2075, 1),
(16012, 2, 2076, 1),
(16013, 2, 2077, 1),
(16014, 2, 2078, 1),
(16015, 2, 2079, 1),
(16016, 2, 2080, 1),
(16017, 2, 2081, 1),
(16018, 2, 2090, 1),
(16019, 2, 2091, 1),
(16020, 2, 2092, 1),
(16021, 2, 2093, 1),
(16022, 2, 3000, 1),
(16023, 2, 3001, 1),
(16024, 2, 3010, 1),
(16025, 2, 3011, 1),
(16026, 2, 3012, 1),
(16027, 2, 3013, 1),
(16028, 2, 3020, 1),
(16029, 2, 3021, 1),
(16030, 2, 3022, 1),
(16031, 2, 3023, 1),
(16032, 2, 3024, 1),
(16033, 2, 3025, 1),
(16034, 2, 3030, 1),
(16035, 2, 3031, 1),
(16036, 2, 3032, 1),
(16037, 2, 3033, 1),
(16038, 2, 3034, 1),
(16039, 2, 3035, 1);

-- --------------------------------------------------------

--
-- Table structure for table `prerequisites`
--

CREATE TABLE `prerequisites` (
  `id` int(10) UNSIGNED NOT NULL,
  `webinar_id` int(10) UNSIGNED NOT NULL,
  `prerequisite_id` int(10) UNSIGNED NOT NULL,
  `required` tinyint(1) NOT NULL DEFAULT 0,
  `order` int(10) UNSIGNED DEFAULT NULL,
  `created_at` int(11) NOT NULL,
  `updated_at` int(11) DEFAULT NULL
) ENGINE=InnoDB DEFAULT CHARSET=utf8mb4 COLLATE=utf8mb4_unicode_ci ROW_FORMAT=DYNAMIC;

--
-- Dumping data for table `prerequisites`
--

INSERT INTO `prerequisites` (`id`, `webinar_id`, `prerequisite_id`, `required`, `order`, `created_at`, `updated_at`) VALUES
(25, 1999, 1995, 1, NULL, 1625039222, NULL),
(26, 2003, 1995, 0, NULL, 1625300252, NULL);

-- --------------------------------------------------------

--
-- Table structure for table `products`
--

CREATE TABLE `products` (
  `id` int(10) UNSIGNED NOT NULL,
  `creator_id` int(10) UNSIGNED NOT NULL,
  `type` enum('virtual','physical') COLLATE utf8mb4_unicode_ci NOT NULL,
  `slug` varchar(255) COLLATE utf8mb4_unicode_ci NOT NULL,
  `category_id` int(10) UNSIGNED DEFAULT NULL,
  `price` double(15,2) UNSIGNED DEFAULT NULL,
  `point` bigint(20) UNSIGNED DEFAULT NULL,
  `unlimited_inventory` tinyint(1) NOT NULL DEFAULT 0,
  `ordering` tinyint(1) NOT NULL DEFAULT 0,
  `inventory` int(10) UNSIGNED DEFAULT NULL,
  `inventory_warning` int(10) UNSIGNED DEFAULT NULL,
  `inventory_updated_at` bigint(20) UNSIGNED DEFAULT NULL,
  `delivery_fee` double(15,2) UNSIGNED DEFAULT NULL,
  `delivery_estimated_time` int(10) UNSIGNED DEFAULT NULL,
  `message_for_reviewer` text COLLATE utf8mb4_unicode_ci DEFAULT NULL,
  `tax` int(10) UNSIGNED DEFAULT NULL,
  `commission` int(10) UNSIGNED DEFAULT NULL,
  `status` enum('active','pending','draft','inactive') COLLATE utf8mb4_unicode_ci NOT NULL,
  `updated_at` bigint(20) UNSIGNED NOT NULL,
  `created_at` bigint(20) UNSIGNED NOT NULL
) ENGINE=InnoDB DEFAULT CHARSET=utf8mb4 COLLATE=utf8mb4_unicode_ci;

--
-- Dumping data for table `products`
--

INSERT INTO `products` (`id`, `creator_id`, `type`, `slug`, `category_id`, `price`, `point`, `unlimited_inventory`, `ordering`, `inventory`, `inventory_warning`, `inventory_updated_at`, `delivery_fee`, `delivery_estimated_time`, `message_for_reviewer`, `tax`, `commission`, `status`, `updated_at`, `created_at`) VALUES
(1, 1015, 'physical', 'Painting-tools', 1, 25.00, NULL, 0, 1, 28, 5, NULL, 5.00, 4, 'Thank you.', NULL, NULL, 'active', 1656136002, 1655622663),
(2, 934, 'physical', 'Advanced-microscope', 1, 290.00, NULL, 0, 1, 11, 3, NULL, 10.00, 7, 'Please review ASAP.\r\nRegards.', NULL, NULL, 'active', 1656135835, 1655626642),
(4, 1016, 'virtual', 'Sherlock-Holmes-e-book', 3, 5.00, NULL, 1, 1, NULL, NULL, 1655670958, NULL, NULL, 'Thank you for your review.', NULL, NULL, 'active', 1655670958, 1655669205),
(5, 1015, 'virtual', 'Business-Software', 3, 75.00, NULL, 0, 1, 100, 10, NULL, NULL, NULL, 'Thank you.', NULL, NULL, 'active', 1656130921, 1655671880),
(6, 1, 'virtual', 'Where-the-Crawdads-Sing-e-book', 3, 20.00, NULL, 1, 1, 0, NULL, NULL, NULL, NULL, NULL, NULL, NULL, 'active', 1656322425, 1656321480);

-- --------------------------------------------------------

--
-- Table structure for table `product_categories`
--

CREATE TABLE `product_categories` (
  `id` int(10) UNSIGNED NOT NULL,
  `parent_id` int(11) DEFAULT NULL,
  `icon` varchar(255) COLLATE utf8mb4_unicode_ci DEFAULT NULL,
  `order` int(10) UNSIGNED DEFAULT NULL
) ENGINE=InnoDB DEFAULT CHARSET=utf8mb4 COLLATE=utf8mb4_unicode_ci;

--
-- Dumping data for table `product_categories`
--

INSERT INTO `product_categories` (`id`, `parent_id`, `icon`, `order`) VALUES
(1, NULL, '/store/1/default_images/categories_icons/feather.png', NULL),
(2, NULL, '/store/1/default_images/categories_icons/pie-chart.png', NULL),
(3, NULL, '/store/1/default_images/categories_icons/umbrella.png', NULL);

-- --------------------------------------------------------

--
-- Table structure for table `product_category_translations`
--

CREATE TABLE `product_category_translations` (
  `id` bigint(20) UNSIGNED NOT NULL,
  `product_category_id` int(10) UNSIGNED NOT NULL,
  `locale` varchar(255) COLLATE utf8mb4_unicode_ci NOT NULL,
  `title` varchar(255) COLLATE utf8mb4_unicode_ci NOT NULL
) ENGINE=InnoDB DEFAULT CHARSET=utf8mb4 COLLATE=utf8mb4_unicode_ci;

--
-- Dumping data for table `product_category_translations`
--

INSERT INTO `product_category_translations` (`id`, `product_category_id`, `locale`, `title`) VALUES
(1, 1, 'en', 'Design Tools'),
(2, 2, 'en', 'Science Tools'),
(3, 3, 'en', 'e-book');

-- --------------------------------------------------------

--
-- Table structure for table `product_discounts`
--

CREATE TABLE `product_discounts` (
  `id` int(10) UNSIGNED NOT NULL,
  `creator_id` int(10) UNSIGNED NOT NULL,
  `product_id` int(10) UNSIGNED NOT NULL,
  `name` varchar(255) COLLATE utf8mb4_unicode_ci DEFAULT NULL,
  `percent` int(10) UNSIGNED NOT NULL,
  `count` int(10) UNSIGNED DEFAULT NULL,
  `status` enum('active','inactive') COLLATE utf8mb4_unicode_ci NOT NULL,
  `start_date` int(10) UNSIGNED NOT NULL,
  `end_date` int(10) UNSIGNED NOT NULL,
  `created_at` int(10) UNSIGNED NOT NULL
) ENGINE=InnoDB DEFAULT CHARSET=utf8mb4 COLLATE=utf8mb4_unicode_ci;

--
-- Dumping data for table `product_discounts`
--

INSERT INTO `product_discounts` (`id`, `creator_id`, `product_id`, `name`, `percent`, `count`, `status`, `start_date`, `end_date`, `created_at`) VALUES
(1, 1, 1, 'Special Offer', 20, 5, 'active', 1656043200, 1702659600, 1656131175);

-- --------------------------------------------------------

--
-- Table structure for table `product_faqs`
--

CREATE TABLE `product_faqs` (
  `id` int(10) UNSIGNED NOT NULL,
  `creator_id` int(10) UNSIGNED NOT NULL,
  `product_id` int(10) UNSIGNED NOT NULL,
  `order` int(10) UNSIGNED DEFAULT NULL,
  `created_at` int(10) UNSIGNED NOT NULL
) ENGINE=InnoDB DEFAULT CHARSET=utf8mb4 COLLATE=utf8mb4_unicode_ci;

-- --------------------------------------------------------

--
-- Table structure for table `product_faq_translations`
--

CREATE TABLE `product_faq_translations` (
  `id` bigint(20) UNSIGNED NOT NULL,
  `product_faq_id` int(10) UNSIGNED NOT NULL,
  `locale` varchar(255) COLLATE utf8mb4_unicode_ci NOT NULL,
  `title` varchar(255) COLLATE utf8mb4_unicode_ci NOT NULL,
  `answer` text COLLATE utf8mb4_unicode_ci NOT NULL
) ENGINE=InnoDB DEFAULT CHARSET=utf8mb4 COLLATE=utf8mb4_unicode_ci;

-- --------------------------------------------------------

--
-- Table structure for table `product_files`
--

CREATE TABLE `product_files` (
  `id` int(10) UNSIGNED NOT NULL,
  `creator_id` int(10) UNSIGNED NOT NULL,
  `product_id` int(10) UNSIGNED NOT NULL,
  `path` varchar(255) COLLATE utf8mb4_unicode_ci NOT NULL,
  `file_type` varchar(255) COLLATE utf8mb4_unicode_ci DEFAULT NULL,
  `volume` varchar(255) COLLATE utf8mb4_unicode_ci DEFAULT NULL,
  `online_viewer` tinyint(1) NOT NULL DEFAULT 0,
  `order` int(10) UNSIGNED DEFAULT NULL,
  `status` enum('active','inactive') COLLATE utf8mb4_unicode_ci NOT NULL DEFAULT 'active',
  `created_at` int(10) UNSIGNED NOT NULL
) ENGINE=InnoDB DEFAULT CHARSET=utf8mb4 COLLATE=utf8mb4_unicode_ci;

--
-- Dumping data for table `product_files`
--

INSERT INTO `product_files` (`id`, `creator_id`, `product_id`, `path`, `file_type`, `volume`, `online_viewer`, `order`, `status`, `created_at`) VALUES
(2, 1016, 4, '/store/1016/store_product/sherlock_holmes_ebook.pdf', 'pdf', '1', 0, NULL, 'active', 1655670253),
(3, 1015, 5, '/store/1015/business_software.zip', 'archive', '5', 0, NULL, 'active', 1655672771),
(4, 1015, 5, '/store/1015/Documentation.pdf', 'pdf', '2', 0, NULL, 'active', 1655672886),
(5, 1, 6, '/store/1/Where-the-Crawdads-Sing.pdf', 'pdf', '3', 1, NULL, 'active', 1656322274);

-- --------------------------------------------------------

--
-- Table structure for table `product_file_translations`
--

CREATE TABLE `product_file_translations` (
  `id` bigint(20) UNSIGNED NOT NULL,
  `product_file_id` int(10) UNSIGNED NOT NULL,
  `locale` varchar(255) COLLATE utf8mb4_unicode_ci NOT NULL,
  `title` varchar(255) COLLATE utf8mb4_unicode_ci NOT NULL,
  `description` text COLLATE utf8mb4_unicode_ci NOT NULL
) ENGINE=InnoDB DEFAULT CHARSET=utf8mb4 COLLATE=utf8mb4_unicode_ci;

--
-- Dumping data for table `product_file_translations`
--

INSERT INTO `product_file_translations` (`id`, `product_file_id`, `locale`, `title`, `description`) VALUES
(2, 2, 'en', 'Sherlock Holmes eBook', 'Sherlock Holmes is a fictional detective created by British author Sir Arthur Conan Doyle. Referring to himself as a \"consulting detective\" in the stories, Holmes is known for his proficiency with observation, deduction, forensic science and logical reasoning that borders on the fantastic, which he employs when investigating cases for a wide variety of clients, including Scotland Yard.'),
(3, 3, 'en', 'Setup file', 'Business software is any software or set of computer programs used by business users to perform various business functions. These business applications are used to increase productivity, measure productivity, and perform other business functions accurately.'),
(4, 4, 'en', 'Documentation', 'Documentation for business software.'),
(5, 5, 'en', 'Where the Crawdads Sing e-book', 'Where the Crawdads Sing is at once an exquisite ode to the natural world, a heartbreaking coming-of-age story, and a surprising tale of possible murder. Owens reminds us that we are forever shaped by the children we once were, and that we are all subject to the beautiful and violent secrets that nature keeps.');

-- --------------------------------------------------------

--
-- Table structure for table `product_filters`
--

CREATE TABLE `product_filters` (
  `id` int(10) UNSIGNED NOT NULL,
  `category_id` int(10) UNSIGNED NOT NULL
) ENGINE=InnoDB DEFAULT CHARSET=utf8mb4 COLLATE=utf8mb4_unicode_ci;

--
-- Dumping data for table `product_filters`
--

INSERT INTO `product_filters` (`id`, `category_id`) VALUES
(1, 1),
(2, 3);

-- --------------------------------------------------------

--
-- Table structure for table `product_filter_options`
--

CREATE TABLE `product_filter_options` (
  `id` int(10) UNSIGNED NOT NULL,
  `filter_id` int(10) UNSIGNED NOT NULL,
  `order` int(10) UNSIGNED DEFAULT NULL
) ENGINE=InnoDB DEFAULT CHARSET=utf8mb4 COLLATE=utf8mb4_unicode_ci;

--
-- Dumping data for table `product_filter_options`
--

INSERT INTO `product_filter_options` (`id`, `filter_id`, `order`) VALUES
(1, 1, 1),
(2, 2, 1),
(3, 2, 2),
(4, 2, 3);

-- --------------------------------------------------------

--
-- Table structure for table `product_filter_option_translations`
--

CREATE TABLE `product_filter_option_translations` (
  `id` bigint(20) UNSIGNED NOT NULL,
  `product_filter_option_id` int(10) UNSIGNED NOT NULL,
  `locale` varchar(255) COLLATE utf8mb4_unicode_ci NOT NULL,
  `title` varchar(255) COLLATE utf8mb4_unicode_ci NOT NULL
) ENGINE=InnoDB DEFAULT CHARSET=utf8mb4 COLLATE=utf8mb4_unicode_ci;

--
-- Dumping data for table `product_filter_option_translations`
--

INSERT INTO `product_filter_option_translations` (`id`, `product_filter_option_id`, `locale`, `title`) VALUES
(1, 1, 'en', 'Brushes'),
(2, 2, 'en', 'Novel'),
(3, 3, 'en', 'Laguage learning'),
(4, 4, 'en', 'Scientific');

-- --------------------------------------------------------

--
-- Table structure for table `product_filter_translations`
--

CREATE TABLE `product_filter_translations` (
  `id` bigint(20) UNSIGNED NOT NULL,
  `product_filter_id` int(10) UNSIGNED NOT NULL,
  `locale` varchar(255) COLLATE utf8mb4_unicode_ci NOT NULL,
  `title` varchar(255) COLLATE utf8mb4_unicode_ci NOT NULL
) ENGINE=InnoDB DEFAULT CHARSET=utf8mb4 COLLATE=utf8mb4_unicode_ci;

--
-- Dumping data for table `product_filter_translations`
--

INSERT INTO `product_filter_translations` (`id`, `product_filter_id`, `locale`, `title`) VALUES
(1, 1, 'en', 'Paint Tools'),
(2, 2, 'en', 'Type');

-- --------------------------------------------------------

--
-- Table structure for table `product_media`
--

CREATE TABLE `product_media` (
  `id` int(10) UNSIGNED NOT NULL,
  `creator_id` int(10) UNSIGNED NOT NULL,
  `product_id` int(10) UNSIGNED NOT NULL,
  `type` enum('thumbnail','image','video') COLLATE utf8mb4_unicode_ci NOT NULL,
  `path` varchar(255) COLLATE utf8mb4_unicode_ci NOT NULL,
  `order` int(10) UNSIGNED DEFAULT NULL,
  `created_at` int(10) UNSIGNED NOT NULL
) ENGINE=InnoDB DEFAULT CHARSET=utf8mb4 COLLATE=utf8mb4_unicode_ci;

--
-- Dumping data for table `product_media`
--

INSERT INTO `product_media` (`id`, `creator_id`, `product_id`, `type`, `path`, `order`, `created_at`) VALUES
(1, 1015, 1, 'thumbnail', '/store/1015/store product/paint_brushes.jpg', NULL, 1656136002),
(4, 1015, 1, 'video', '/store/1015/store product/paint_brushes_video.mp4', NULL, 1656136002),
(7, 934, 2, 'thumbnail', '/store/934/store_product/microscope_4.jpg', NULL, 1656135835),
(20, 934, 2, 'video', '/store/934/store_product/microscope_video.mp4', NULL, 1656135835),
(31, 1016, 4, 'thumbnail', '/store/1016/store_product/sherlock_holmes_ebook.jpg', NULL, 1655670958),
(33, 1016, 4, 'image', '/store/1016/store_product/sherlock_holmes_ebook_1.jpg', NULL, 1655670958),
(34, 1015, 5, 'thumbnail', '/store/1015/store product/business_software_1.jpg', NULL, 1656130921),
(39, 1015, 5, 'image', '/store/1015/store product/business_software_2.jpg', NULL, 1656130921),
(40, 1015, 5, 'image', '/store/1015/store product/business_software.jpg', NULL, 1656130921),
(62, 934, 2, 'image', '/store/934/store_product/microscope_1.jpg', NULL, 1656135835),
(63, 934, 2, 'image', '/store/934/store_product/microscope_2.jpg', NULL, 1656135835),
(64, 934, 2, 'image', '/store/934/store_product/microscope.jpg', NULL, 1656135835),
(74, 1015, 1, 'image', '/store/1015/store product/paint_brushes_1.jpg', NULL, 1656136002),
(75, 1015, 1, 'image', '/store/1015/store product/paint_brushes_2.jpg', NULL, 1656136002),
(76, 1015, 1, 'image', '/store/1015/store product/paint_brushes_3.jpg', NULL, 1656136002),
(77, 1, 6, 'thumbnail', '/store/1/default_images/Where the Crawdads Sing e-book.jpg', NULL, 1656322425),
(78, 1, 6, 'image', '/store/1/default_images/Where the Crawdads Sing e-book_1.jpg', NULL, 1656322425),
(79, 1, 6, 'image', '/store/1/default_images/Where the Crawdads Sing e-book_2.jpg', NULL, 1656322425);

-- --------------------------------------------------------

--
-- Table structure for table `product_orders`
--

CREATE TABLE `product_orders` (
  `id` int(10) UNSIGNED NOT NULL,
  `product_id` int(10) UNSIGNED NOT NULL,
  `seller_id` int(10) UNSIGNED NOT NULL,
  `buyer_id` int(10) UNSIGNED DEFAULT NULL,
  `sale_id` int(10) UNSIGNED DEFAULT NULL,
  `installment_order_id` int(10) UNSIGNED DEFAULT NULL,
  `gift_id` int(10) UNSIGNED DEFAULT NULL,
  `specifications` text COLLATE utf8mb4_unicode_ci DEFAULT NULL,
  `quantity` int(10) UNSIGNED NOT NULL,
  `discount_id` int(10) UNSIGNED DEFAULT NULL,
  `message_to_seller` text COLLATE utf8mb4_unicode_ci DEFAULT NULL,
  `tracking_code` varchar(255) COLLATE utf8mb4_unicode_ci DEFAULT NULL,
  `status` enum('pending','waiting_delivery','shipped','success','canceled') COLLATE utf8mb4_unicode_ci NOT NULL,
  `created_at` bigint(20) UNSIGNED NOT NULL
) ENGINE=InnoDB DEFAULT CHARSET=utf8mb4 COLLATE=utf8mb4_unicode_ci;

--
-- Dumping data for table `product_orders`
--

INSERT INTO `product_orders` (`id`, `product_id`, `seller_id`, `buyer_id`, `sale_id`, `installment_order_id`, `gift_id`, `specifications`, `quantity`, `discount_id`, `message_to_seller`, `tracking_code`, `status`, `created_at`) VALUES
(1, 4, 1016, 995, 193, NULL, NULL, NULL, 1, NULL, NULL, NULL, 'success', 1656103830),
(2, 1, 1015, 923, 194, NULL, NULL, '{\"Size\":\"Small\"}', 1, NULL, 'Please deliver faster.\r\nRegards.', NULL, 'waiting_delivery', 1656104034),
(3, 2, 934, 930, 196, NULL, NULL, NULL, 1, NULL, NULL, NULL, 'waiting_delivery', 1656130623),
(4, 5, 1015, 996, 197, NULL, NULL, NULL, 1, NULL, NULL, NULL, 'success', 1656130950),
(5, 1, 1015, 1017, 200, NULL, NULL, '{\"Size\":\"Medium\"}', 1, 1, NULL, '43956044000324128', 'success', 1656148501),
(6, 1, 1015, 995, 201, NULL, NULL, '{\"Size\":\"Small\"}', 2, 1, 'Please deliver fast.\r\nRegards.', '596324000328246', 'shipped', 1656148667),
(7, 6, 1, 995, 202, NULL, NULL, NULL, 1, NULL, NULL, NULL, 'success', 1656322618);

-- --------------------------------------------------------

--
-- Table structure for table `product_reviews`
--

CREATE TABLE `product_reviews` (
  `id` int(10) UNSIGNED NOT NULL,
  `product_id` int(10) UNSIGNED NOT NULL,
  `creator_id` int(10) UNSIGNED NOT NULL,
  `product_quality` int(10) UNSIGNED NOT NULL,
  `purchase_worth` int(10) UNSIGNED NOT NULL,
  `delivery_quality` int(10) UNSIGNED NOT NULL,
  `seller_quality` int(10) UNSIGNED NOT NULL,
  `rates` char(10) COLLATE utf8mb4_unicode_ci NOT NULL,
  `description` text COLLATE utf8mb4_unicode_ci DEFAULT NULL,
  `created_at` int(10) UNSIGNED NOT NULL,
  `status` enum('pending','active') COLLATE utf8mb4_unicode_ci NOT NULL
) ENGINE=InnoDB DEFAULT CHARSET=utf8mb4 COLLATE=utf8mb4_unicode_ci;

--
-- Dumping data for table `product_reviews`
--

INSERT INTO `product_reviews` (`id`, `product_id`, `creator_id`, `product_quality`, `purchase_worth`, `delivery_quality`, `seller_quality`, `rates`, `description`, `created_at`, `status`) VALUES
(1, 4, 995, 5, 5, 5, 5, '5', 'It was a perfect book.\r\nThank you.', 1656103893, 'active'),
(2, 1, 923, 4, 4, 4, 5, '4.25', 'The brushes were soft.\r\nI like them.\r\nThank you', 1656104234, 'active'),
(3, 2, 930, 5, 5, 5, 5, '5', 'I am pleasantly surprised for the wholesomeness and great quality of this microscope. Images are sharp and clean. I am happy I got it. It is fun and unpretentious, unlike my lab microscopes.', 1656130849, 'active'),
(4, 5, 996, 2, 3, 3, 2, '2.5', 'I don\'t like anything about this product.', 1656131043, 'active'),
(5, 6, 995, 5, 5, 5, 5, '5', 'Wow! I just finished reading Where the Crawdads Sing. And I will say it again, Wow! This books is so filled with emotion. Kya, the main character, is trying to survive by herself from a young age. She has been abandoned by those who should teach her, guide her, protect her. She has to fend for herself. Two men come into her life and teach her about the good and bad in life.\r\nI only keep few book\'s that I know I will read again. This is staying in my library.', 1656322965, 'active');

-- --------------------------------------------------------

--
-- Table structure for table `product_selected_filter_options`
--

CREATE TABLE `product_selected_filter_options` (
  `id` int(10) UNSIGNED NOT NULL,
  `product_id` int(10) UNSIGNED NOT NULL,
  `filter_option_id` int(10) UNSIGNED NOT NULL
) ENGINE=InnoDB DEFAULT CHARSET=utf8mb4 COLLATE=utf8mb4_unicode_ci;

--
-- Dumping data for table `product_selected_filter_options`
--

INSERT INTO `product_selected_filter_options` (`id`, `product_id`, `filter_option_id`) VALUES
(9, 4, 2),
(13, 2, 1),
(15, 1, 1),
(16, 6, 2);

-- --------------------------------------------------------

--
-- Table structure for table `product_selected_specifications`
--

CREATE TABLE `product_selected_specifications` (
  `id` int(10) UNSIGNED NOT NULL,
  `creator_id` int(10) UNSIGNED NOT NULL,
  `product_id` int(10) UNSIGNED NOT NULL,
  `product_specification_id` int(10) UNSIGNED NOT NULL,
  `type` enum('textarea','multi_value') COLLATE utf8mb4_unicode_ci NOT NULL,
  `allow_selection` tinyint(1) NOT NULL DEFAULT 0,
  `order` int(10) UNSIGNED DEFAULT NULL,
  `status` enum('active','inactive') COLLATE utf8mb4_unicode_ci NOT NULL DEFAULT 'active',
  `created_at` int(10) UNSIGNED NOT NULL
) ENGINE=InnoDB DEFAULT CHARSET=utf8mb4 COLLATE=utf8mb4_unicode_ci;

--
-- Dumping data for table `product_selected_specifications`
--

INSERT INTO `product_selected_specifications` (`id`, `creator_id`, `product_id`, `product_specification_id`, `type`, `allow_selection`, `order`, `status`, `created_at`) VALUES
(1, 1015, 1, 1, 'multi_value', 1, NULL, 'active', 1655623901),
(2, 1015, 1, 2, 'multi_value', 0, NULL, 'active', 1655623917),
(3, 1015, 1, 3, 'multi_value', 0, NULL, 'active', 1655623943),
(4, 934, 2, 4, 'textarea', 0, NULL, 'active', 1655626896),
(5, 1016, 4, 5, 'multi_value', 0, NULL, 'active', 1655670877),
(6, 1, 6, 5, 'multi_value', 0, NULL, 'active', 1656322503),
(7, 1, 6, 4, 'textarea', 0, NULL, 'active', 1656322546);

-- --------------------------------------------------------

--
-- Table structure for table `product_selected_specification_multi_values`
--

CREATE TABLE `product_selected_specification_multi_values` (
  `id` int(10) UNSIGNED NOT NULL,
  `selected_specification_id` int(10) UNSIGNED NOT NULL,
  `specification_multi_value_id` int(10) UNSIGNED NOT NULL
) ENGINE=InnoDB DEFAULT CHARSET=utf8mb4 COLLATE=utf8mb4_unicode_ci;

--
-- Dumping data for table `product_selected_specification_multi_values`
--

INSERT INTO `product_selected_specification_multi_values` (`id`, `selected_specification_id`, `specification_multi_value_id`) VALUES
(2, 1, 1),
(3, 1, 2),
(4, 1, 3),
(5, 2, 4),
(6, 3, 6),
(7, 3, 7),
(8, 3, 8),
(9, 5, 11),
(10, 6, 11);

-- --------------------------------------------------------

--
-- Table structure for table `product_selected_specification_translations`
--

CREATE TABLE `product_selected_specification_translations` (
  `id` bigint(20) UNSIGNED NOT NULL,
  `product_selected_specification_id` int(10) UNSIGNED NOT NULL,
  `locale` varchar(255) COLLATE utf8mb4_unicode_ci NOT NULL,
  `value` text COLLATE utf8mb4_unicode_ci NOT NULL
) ENGINE=InnoDB DEFAULT CHARSET=utf8mb4 COLLATE=utf8mb4_unicode_ci;

--
-- Dumping data for table `product_selected_specification_translations`
--

INSERT INTO `product_selected_specification_translations` (`id`, `product_selected_specification_id`, `locale`, `value`) VALUES
(1, 4, 'en', 'Model: M82EZ\r\nTotal magnification: 40X-100X-250X-400X-1000X-2500X\r\nEyepieces: widefield WF10X and WF25X\r\nObjectives: achromatic DIN 4X, 10X, 40X(S), 100X(S, Oil)\r\nViewing head: 45° Inclined 360° swiveling binocular\r\nSliding adjustable interpupillary distance: 2-3/16\" ~ 2-15/16\"(55~75mm)\r\nOcular diopter adjustable on both eyetubes\r\nNosepiece: revolving quadruple\r\nStage: mechanical double layer size: 4-1/2\"x 4-15/16\" (115mm x 125mm)\r\nCondenser and diaphragm: NA1.25 Abbe condenser with iris diaphragm\r\nTransmitted (lower) illuminator: LED light, intensity adjustable\r\nFocus adjustment: Coaxial coarse and fine knobs on both sides\r\nAll metal mechanical components\r\nPower supply: AC/DC adapter, 100V-240V (UL approved)\r\nDimension: 9-1/16\" x 7-1/8\" x 13\" (23cm x 18cm x 33cm)\r\nNet weight: 7lbs 2 oz (3.25 kg)\r\nPackage weight: 4kg'),
(2, 7, 'en', 'Publisher ‏ : ‎ Penguin Publishing Group (March 30, 2021)\r\nLanguage ‏ : ‎ English\r\nPaperback ‏ : ‎ 400 pages\r\nISBN-10 ‏ : ‎ 0735219109\r\nISBN-13 ‏ : ‎ 978-0735219106\r\nItem Weight ‏ : ‎ 11.2 ounces\r\nDimensions ‏ : ‎ 5.5 x 0.79 x 8.22 inches');

-- --------------------------------------------------------

--
-- Table structure for table `product_specifications`
--

CREATE TABLE `product_specifications` (
  `id` int(10) UNSIGNED NOT NULL,
  `input_type` enum('textarea','multi_value') COLLATE utf8mb4_unicode_ci NOT NULL
) ENGINE=InnoDB DEFAULT CHARSET=utf8mb4 COLLATE=utf8mb4_unicode_ci;

--
-- Dumping data for table `product_specifications`
--

INSERT INTO `product_specifications` (`id`, `input_type`) VALUES
(1, 'multi_value'),
(2, 'multi_value'),
(3, 'multi_value'),
(4, 'textarea'),
(5, 'multi_value');

-- --------------------------------------------------------

--
-- Table structure for table `product_specification_categories`
--

CREATE TABLE `product_specification_categories` (
  `id` int(10) UNSIGNED NOT NULL,
  `specification_id` int(10) UNSIGNED NOT NULL,
  `category_id` int(10) UNSIGNED NOT NULL
) ENGINE=InnoDB DEFAULT CHARSET=utf8mb4 COLLATE=utf8mb4_unicode_ci;

--
-- Dumping data for table `product_specification_categories`
--

INSERT INTO `product_specification_categories` (`id`, `specification_id`, `category_id`) VALUES
(1, 1, 1),
(2, 2, 1),
(3, 3, 1),
(5, 5, 3),
(6, 4, 1),
(7, 4, 3);

-- --------------------------------------------------------

--
-- Table structure for table `product_specification_multi_values`
--

CREATE TABLE `product_specification_multi_values` (
  `id` int(10) UNSIGNED NOT NULL,
  `specification_id` int(10) UNSIGNED NOT NULL
) ENGINE=InnoDB DEFAULT CHARSET=utf8mb4 COLLATE=utf8mb4_unicode_ci;

--
-- Dumping data for table `product_specification_multi_values`
--

INSERT INTO `product_specification_multi_values` (`id`, `specification_id`) VALUES
(1, 1),
(2, 1),
(3, 1),
(4, 2),
(5, 2),
(6, 3),
(7, 3),
(8, 3),
(9, 3),
(10, 3),
(11, 5),
(12, 5),
(13, 5),
(14, 5);

-- --------------------------------------------------------

--
-- Table structure for table `product_specification_multi_value_translations`
--

CREATE TABLE `product_specification_multi_value_translations` (
  `id` bigint(20) UNSIGNED NOT NULL,
  `product_specification_multi_value_id` int(10) UNSIGNED NOT NULL,
  `locale` varchar(255) COLLATE utf8mb4_unicode_ci NOT NULL,
  `title` varchar(255) COLLATE utf8mb4_unicode_ci NOT NULL
) ENGINE=InnoDB DEFAULT CHARSET=utf8mb4 COLLATE=utf8mb4_unicode_ci;

--
-- Dumping data for table `product_specification_multi_value_translations`
--

INSERT INTO `product_specification_multi_value_translations` (`id`, `product_specification_multi_value_id`, `locale`, `title`) VALUES
(1, 1, 'en', 'Small'),
(2, 2, 'en', 'Medium'),
(3, 3, 'en', 'Large'),
(4, 4, 'en', 'Basic'),
(5, 5, 'en', 'Advanced'),
(6, 6, 'en', '3-5'),
(7, 7, 'en', '5-8'),
(8, 8, 'en', '8-13'),
(9, 9, 'en', '13-18'),
(10, 10, 'en', '+18'),
(11, 11, 'en', 'Novel'),
(12, 12, 'en', 'Language learning'),
(13, 13, 'en', 'Scientific'),
(14, 14, 'en', 'literature');

-- --------------------------------------------------------

--
-- Table structure for table `product_specification_translations`
--

CREATE TABLE `product_specification_translations` (
  `id` bigint(20) UNSIGNED NOT NULL,
  `product_specification_id` int(10) UNSIGNED NOT NULL,
  `locale` varchar(255) COLLATE utf8mb4_unicode_ci NOT NULL,
  `title` varchar(255) COLLATE utf8mb4_unicode_ci NOT NULL
) ENGINE=InnoDB DEFAULT CHARSET=utf8mb4 COLLATE=utf8mb4_unicode_ci;

--
-- Dumping data for table `product_specification_translations`
--

INSERT INTO `product_specification_translations` (`id`, `product_specification_id`, `locale`, `title`) VALUES
(1, 1, 'en', 'Size'),
(2, 2, 'en', 'Skill Level'),
(3, 3, 'en', 'Age Range'),
(4, 4, 'en', 'Main Features'),
(5, 5, 'en', 'E-book type');

-- --------------------------------------------------------

--
-- Table structure for table `product_translations`
--

CREATE TABLE `product_translations` (
  `id` bigint(20) UNSIGNED NOT NULL,
  `product_id` int(10) UNSIGNED NOT NULL,
  `locale` varchar(255) COLLATE utf8mb4_unicode_ci NOT NULL,
  `title` varchar(255) COLLATE utf8mb4_unicode_ci NOT NULL,
  `seo_description` text COLLATE utf8mb4_unicode_ci DEFAULT NULL,
  `summary` text COLLATE utf8mb4_unicode_ci DEFAULT NULL,
  `description` longtext COLLATE utf8mb4_unicode_ci DEFAULT NULL
) ENGINE=InnoDB DEFAULT CHARSET=utf8mb4 COLLATE=utf8mb4_unicode_ci;

--
-- Dumping data for table `product_translations`
--

INSERT INTO `product_translations` (`id`, `product_id`, `locale`, `title`, `seo_description`, `summary`, `description`) VALUES
(1, 1, 'en', 'Painting tools', 'Here are some of Manfredini\'s favorite must-have paint products for a flawless finish and a handful of appealing painter accessories that you can skip altogether', 'When it comes to painting supplies, if it sounds too good to be true, then it usually is. There\'s really no substitute for quality painting tools, adequate preparation, and careful work. \"One of the easiest things to remember about paint tools is that you get what you pay for,\" says Lou Manfredini, home expert for Ace Hardware. \"The biggest mistake I see homeowners make is that they buy cheap tools that don\'t give them good results, or they buy cheap paint—then they end up with a poor finished product.\"', '<p>Here are some of Manfredini\'s favorite must-have paint products for a flawless finish and a handful of appealing painter accessories that you can skip altogether. Keep in mind that you may not need some of these products if your walls are in good shape and don\'t need a lot of repairs. (Just make sure you purchase some highly-rated paint first because a quality tool won\'t work miracles on low-quality paint).</p><p><br></p><h3 style=\"color: rgba(0, 0, 0, 0.95); font-variant-numeric: normal; font-variant-east-asian: normal; font-stretch: normal; font-size: 24px; line-height: 32px; font-family: Sophia, \"Helvetica Neue\", sans-serif; letter-spacing: 0.5px; margin-top: 32px; margin-bottom: 16px;\">Paint Key</h3><div class=\"paragraph\" style=\"color: rgba(0, 0, 0, 0.95); font-family: Lora, serif; font-size: medium;\"><p style=\"font-variant-numeric: normal; font-variant-east-asian: normal; font-stretch: normal; font-size: 18px; line-height: 28px; letter-spacing: 0px; margin-bottom: 16px; max-width: 712px; overflow-wrap: anywhere;\">You don\'t need a special tool to open your paint cans; a standard flat-head screwdriver works just fine.</p></div><h3 style=\"color: rgba(0, 0, 0, 0.95); font-variant-numeric: normal; font-variant-east-asian: normal; font-stretch: normal; font-size: 24px; line-height: 32px; font-family: Sophia, \"Helvetica Neue\", sans-serif; letter-spacing: 0.5px; margin-top: 32px; margin-bottom: 16px;\">Plastic Tube for Paint Roller</h3><div class=\"paragraph\" style=\"color: rgba(0, 0, 0, 0.95); font-family: Lora, serif; font-size: medium;\"><p style=\"font-variant-numeric: normal; font-variant-east-asian: normal; font-stretch: normal; font-size: 18px; line-height: 28px; letter-spacing: 0px; margin-bottom: 16px; max-width: 712px; overflow-wrap: anywhere;\">If you\'re done painting for the day but want to pick it back up tomorrow, cover the roller in plastic wrap, then throw it into a plastic bag with an air-tight seal.</p></div><h3 style=\"color: rgba(0, 0, 0, 0.95); font-variant-numeric: normal; font-variant-east-asian: normal; font-stretch: normal; font-size: 24px; line-height: 32px; font-family: Sophia, \"Helvetica Neue\", sans-serif; letter-spacing: 0.5px; margin-top: 32px; margin-bottom: 16px;\">Paint Tray Liners</h3><div class=\"paragraph\" style=\"color: rgba(0, 0, 0, 0.95); font-family: Lora, serif; font-size: medium;\"><p style=\"font-variant-numeric: normal; font-variant-east-asian: normal; font-stretch: normal; font-size: 18px; line-height: 28px; letter-spacing: 0px; margin-bottom: 16px; max-width: 712px; overflow-wrap: anywhere;\">These aren\'t necessary if you get a quality hard plastic paint tray. Plus, it\'s less wasteful if you don\'t throw away a plastic liner each time you paint.</p></div><div class=\"div-sm-inContent\" style=\"color: rgba(0, 0, 0, 0.95); font-family: Lora, serif; font-size: medium;\"><div id=\"div-gpt-native\" class=\"tablet-ad desktop-ad ads-in-content\" data-tier=\"1\" data-google-query-id=\"CL7-utP6uPgCFWLFuwgdOBYNvQ\"><div id=\"google_ads_iframe_3865/ddm.realsimple.com/ntv1_0__container__\" style=\"border: 0pt none;\"></div></div></div><h3 style=\"color: rgba(0, 0, 0, 0.95); font-variant-numeric: normal; font-variant-east-asian: normal; font-stretch: normal; font-size: 24px; line-height: 32px; font-family: Sophia, \"Helvetica Neue\", sans-serif; letter-spacing: 0.5px; margin-top: 32px; margin-bottom: 16px;\">Paint Pads</h3><div class=\"paragraph\" style=\"color: rgba(0, 0, 0, 0.95); font-family: Lora, serif; font-size: medium;\"><p style=\"font-variant-numeric: normal; font-variant-east-asian: normal; font-stretch: normal; font-size: 18px; line-height: 28px; letter-spacing: 0px; margin-bottom: 16px; max-width: 712px; overflow-wrap: anywhere;\">Skip these, unless you\'re using them to paint behind hard-to-reach areas like a toilet tank or radiator.</p></div><h3 style=\"color: rgba(0, 0, 0, 0.95); font-variant-numeric: normal; font-variant-east-asian: normal; font-stretch: normal; font-size: 24px; line-height: 32px; font-family: Sophia, \"Helvetica Neue\", sans-serif; letter-spacing: 0.5px; margin-top: 32px; margin-bottom: 16px;\">Fillable Paint Products</h3><div class=\"paragraph\" style=\"color: rgba(0, 0, 0, 0.95); font-family: Lora, serif; font-size: medium;\"><p style=\"font-variant-numeric: normal; font-variant-east-asian: normal; font-stretch: normal; font-size: 18px; line-height: 28px; letter-spacing: 0px; margin-bottom: 16px; max-width: 712px; overflow-wrap: anywhere;\">\"Any gadget that sucks paint up into its handle is a nightmare to use and to clean. In the time it takes to refill it, you could already be painting,\" says Manfredini. The exception here is the touch-up tool that Manfredini recommended specifically.</p></div>'),
(2, 2, 'en', 'Advanced microscope', 'A microscope is a laboratory instrument used to examine objects that are too small to be seen by the naked eye.', 'There are many types of microscopes, and they may be grouped in different ways. One way is to describe the method an instrument uses to interact with a sample and produce images, either by sending a beam of light or electrons through a sample in its optical path, by detecting photon emissions from a sample, or by scanning across and a short distance from the surface of a sample using a probe.', '<p>This OMAX binocular biological compound microscope offers six magnifications between 40X and 2500X.  The lab microscope comes with a 45 inclined 360 swiveling binocular sliding viewing head, two pairs of widefield eyepieces with an adjustable diopter on oculars, four achromatic objectives, stain-resistant double layer mechanical stage with scales, coarse and fine focusing on both sides, NA 1.25 Abbe condenser with iris diaphragm and variable intensity LED transmitted illumination system.  This type of microscope is perfect for home school, teaching, demonstration, clinical examination, laboratories, and advanced applications. It is easy to mount an electronic eyepiece (digital microscope camera) for capturing images and live video on a computer.  It can also be added a darkfield condenser to switch a brightfield microscope to a darkfield microscope.</p><p><br></p>'),
(4, 4, 'en', 'Sherlock Holmes e-book', 'Sherlock Holmes is a fictional detective created by British author Sir Arthur Conan Doyle.', 'Sherlock Holmes is a fictional detective created by British author Sir Arthur Conan Doyle. Referring to himself as a \"consulting detective\" in the stories, Holmes is known for his proficiency with observation, deduction, forensic science and logical reasoning that borders on the fantastic, which he employs when investigating cases for a wide variety of clients, including Scotland Yard.', '<p><font color=\"#202122\" face=\"sans-serif\"><span style=\"font-size: 14px;\">Though not the first fictional detective, Sherlock Holmes is arguably the best known.[1] By the 1990s there were already over 25,000 stage adaptations, films, television productions and publications featuring the detective,[2] and Guinness World Records lists him as the most portrayed literary human character in film and television history.[3] Holmes\'s popularity and fame are such that many have believed him to be not a fictional character but a real individual;[4][5][6] numerous literary and fan societies have been founded on this pretence. Avid readers of the Holmes stories helped create the modern practice of fandom.[7] The character and stories have had a profound and lasting effect on mystery writing and popular culture as a whole, with the original tales as well as thousands written by authors other than Conan Doyle being adapted into stage and radio plays, television, films, video games, and other media for over one hundred years.</span></font><br></p>'),
(5, 5, 'en', 'Business Software', 'Business software is any software or set of computer programs used by business users to perform various business functions.', 'Business software is any software or set of computer programs used by business users to perform various business functions.', '<p>Business software (or a business application) is any software or set of computer programs used by business users to perform various business functions. These business applications are used to increase productivity, measure productivity, and perform other business functions accurately.</p><p>Much business software is developed to meet the needs of a specific business, and therefore is not easily transferable to a different business environment, unless its nature and operation are identical. Due to the unique requirements of each business, off-the-shelf software is unlikely to completely address a company\'s needs. However, where an on-the-shelf solution is necessary, due to time or monetary considerations, some level of customization is likely to be required. Exceptions do exist, depending on the business in question, and thorough research is always required before committing to bespoke or off-the-shelf solutions.</p><p><br></p><p>Some business applications are interactive, i.e., they have a graphical user interface or user interface and users can query/modify/input data and view results instantaneously. They can also run reports instantaneously. Some business applications run in batch mode: they are set up to run based on a predetermined event/time and a business user does not need to initiate them or monitor them.</p><p><br></p><p>Some business applications are built in-house and some are bought from vendors (off-the-shelf software products). These business applications are installed on either desktops or big servers. Prior to the introduction of COBOL (a universal compiler) in 1965, businesses developed their own unique machine language. RCA\'s language consisted of a 12-position instruction. For example, to read a record into memory, the first two digits would be the instruction (action) code. The next four positions of the instruction (an \'A\' address) would be the exact leftmost memory location where you want the readable character to be placed. Four positions (a \'B\' address) of the instruction would note the very rightmost memory location where you want the last character of the record to be located. A two-digit \'B\' address also allows a modification of any instruction. Instruction codes and memory designations excluded the use of 8\'s or 9\'s. The first RCA business application was implemented in 1962 on a 4k RCA 301. The RCA 301, mid-frame 501, and large frame 601 began their marketing in early 1960.</p><p><br></p><p>Many kinds of users are found within the business environment, and can be categorized by using a small, medium, and large matrix:</p><p><br></p><p>The small business market generally consists of home accounting software, and office suites such as LibreOffice, Microsoft Office or Google Workspace (formerly G Suite and Google Apps for Work).</p><p>The medium size, or small and medium-sized enterprise (SME), has a broader range of software applications, ranging from accounting, groupware, customer relationship management, human resource management systems, outsourcing relationship management, loan origination software, shopping cart software, field service software, and other productivity-enhancing applications.</p><p>The last segment covers enterprise level software applications, such as those in the fields of enterprise resource planning, enterprise content management (ECM), business process management (BPM) and product lifecycle management. These applications are extensive in scope and often come with modules that either add native functions or incorporate the functionality of third-party computer programs.</p><p>Technologies that previously only existed in peer-to-peer software applications, like Kazaa and Napster, are starting to appear within business applications.</p>'),
(6, 6, 'en', 'Where the Crawdads Sing e-book', 'The #1 New York Times bestselling worldwide sensation with more than 12 million copies sold', 'SOON TO BE A MAJOR MOTION PICTURE—The #1 New York Times bestselling worldwide sensation with more than 12 million copies sold, hailed by The New York Times Book Review as “a painfully beautiful first novel that is at once a murder mystery, a coming-of-age narrative and a celebration of nature.”\r\n\r\nFor years, rumors of the “Marsh Girl” have haunted Barkley Cove, a quiet town on the North Carolina coast. So in late 1969, when handsome Chase Andrews is found dead, the locals immediately suspect Kya Clark, the so-called Marsh Girl. But Kya is not what they say. Sensitive and intelligent, she has survived for years alone in the marsh that she calls home, finding friends in the gulls and lessons in the sand. Then the time comes when she yearns to be touched and loved. When two young men from town become intrigued by her wild beauty, Kya opens herself to a new life—until the unthinkable happens.\r\n\r\nWhere the Crawdads Sing is at once an exquisite ode to the natural world, a heartbreaking coming-of-age story, and a surprising tale of possible murder. Owens reminds us that we are forever shaped by the children we once were and that we are all subject to the beautiful and violent secrets that nature keeps.', '<div>“A painfully beautiful first novel that is at once a murder mystery, a coming-of-age narrative and a celebration of nature....Owens here surveys the desolate marshlands of the North Carolina coast through the eyes of an abandoned child. And in her isolation that child makes us open our own eyes to the secret wonders—and dangers—of her private world.”—The New York Times Book Review</div><div><br></div><div>“Steeped in the rhythms and shadows of the coastal marshes of North Carolina’s Outer Banks, this fierce and hauntingly beautiful novel centers on...Kya’s heartbreaking story of learning to trust human connections, intertwine[d] with a gripping murder mystery, revealing savage truths. An astonishing debut.”—People</div><div><br></div><div>“This lush mystery is perfect for fans of Barbara Kingsolver.”—Bustle</div><div><br></div><div>“A lush debut novel, Owens delivers her mystery wrapped in gorgeous, lyrical prose. It’s clear she’s from this place—the land of the southern coasts, but also the emotional terrain—you can feel it in the pages.  A magnificent achievement, ambitious, credible and very timely.”—Alexandra Fuller, New York Times bestselling author of Don’t Let’s Go to the Dogs Tonight</div><div><br></div><div>“Heart-wrenching...A fresh exploration of isolation and nature from a female perspective along with a compelling love story.”—Entertainment Weekly</div><div><br></div><div>“This wonderful novel has a bit of everything—mystery, romance, and fascinating characters, all told in a story that takes place in North Carolina.”—Nicholas Sparks, New York Times bestselling author of Every Breath</div><div><br></div><div>“Delia Owen’s gorgeous novel is both a coming-of-age tale and an engrossing whodunit.”—Real Simple</div><div><br></div><div>“Evocative...Kya makes for an unforgettable heroine.”—Publishers Weekly</div><div><br></div><div>“The New Southern novel...A lyrical debut.”—Southern Living</div><div><br></div><div>“A nature-infused romance with a killer twist.”—Refinery29</div><div><br></div><div>“Anyone who liked The Great Alone will want to read Where the Crawdads Sing....This astonishing debut is a beautiful and haunting novel that packs a powerful punch. It’s the first novel in a long time that made me cry.”—Kristin Hannah, author ofThe Great AloneandThe Nightingale</div><div><br></div><div>“Both a coming-of-age story and a mysterious account of a murder investigation told from the perspective of a young girl...Through Kya’s story, Owens explores how isolation affects human behavior, and the deep effect that rejection can have on our lives.”—Vanity Fair</div><div><br></div><div>“Lyrical...Its appeal ris[es] from Kya’s deep connection to the place where makes her home, and to all of its creatures.”—Booklist</div><div><br></div><div>“This beautiful, evocative novel is likely to stay with you for many days afterward....absorbing.”—AARP </div><div><br></div><div>“This haunting tale captivates every bit as much for its crime drama elements as for the humanity at its core.” —Mystery & Suspense Magazine</div><div><br></div><div>“Compelling, original...A mystery, a courtroom drama, a romance and a coming-of-age story, Where the Crawdads Sing is a moving, beautiful tale. Readers will remember Kya for a long, long time.”—ShelfAwareness</div><div><br></div><div>“With prose luminous as a low-country moon, Owens weaves a compelling tale of a forgotten girl in the unforgiving coastal marshes of North Carolina. It is a murder mystery/love story/courtroom drama that readers will love, but the novel delves so much deeper into the bone and sinew of our very nature, asking often unanswerable questions, old and intractable as the marsh itself. A stunning debut!”—Christopher Scotton, author of The Secret Wisdom of the Earth</div><div><br></div><div>“A compelling mystery with prose so luminous it can cut through the murkiest of pluff mud.”—Augusta Chronicle</div><div><br></div><div>“Carries the rhythm of an old time ballad. It is clear Owens knows this land intimately, from the black mud sucking at footsteps to the taste of saltwater and the cry of seagulls.”—David Joy, author of The Line That Held Us</div>');

-- --------------------------------------------------------

--
-- Table structure for table `promotions`
--

CREATE TABLE `promotions` (
  `id` int(10) UNSIGNED NOT NULL,
  `days` int(10) UNSIGNED NOT NULL,
  `price` double(15,2) UNSIGNED NOT NULL,
  `icon` varchar(255) COLLATE utf8mb4_unicode_ci NOT NULL,
  `is_popular` tinyint(1) NOT NULL DEFAULT 0,
  `created_at` int(10) UNSIGNED NOT NULL
) ENGINE=InnoDB DEFAULT CHARSET=utf8mb4 COLLATE=utf8mb4_unicode_ci ROW_FORMAT=DYNAMIC;

--
-- Dumping data for table `promotions`
--

INSERT INTO `promotions` (`id`, `days`, `price`, `icon`, `is_popular`, `created_at`) VALUES
(2, 15, 150.00, '/store/1/default_images/subscribe_packages/gold.png', 1, 1635446032),
(3, 15, 50.00, '/store/1/default_images/subscribe_packages/bronze.png', 0, 1646415095),
(4, 15, 90.00, '/store/1/default_images/subscribe_packages/silver.png', 0, 1635446095);

-- --------------------------------------------------------

--
-- Table structure for table `promotion_translations`
--

CREATE TABLE `promotion_translations` (
  `id` bigint(20) UNSIGNED NOT NULL,
  `promotion_id` int(10) UNSIGNED NOT NULL,
  `locale` varchar(255) COLLATE utf8mb4_unicode_ci NOT NULL,
  `title` varchar(255) COLLATE utf8mb4_unicode_ci NOT NULL,
  `description` text COLLATE utf8mb4_unicode_ci NOT NULL
) ENGINE=InnoDB DEFAULT CHARSET=utf8mb4 COLLATE=utf8mb4_unicode_ci;

--
-- Dumping data for table `promotion_translations`
--

INSERT INTO `promotion_translations` (`id`, `promotion_id`, `locale`, `title`, `description`) VALUES
(1, 2, 'en', 'Gold', 'One of your classes will be displayed at the top of the category list and homepage slider'),
(2, 3, 'en', 'Bronze', 'One of your classes will be displayed at the top of the category list'),
(3, 4, 'en', 'Silver', 'One of your classes will be displayed at the homepage slider'),
(4, 2, 'es', 'Oro', 'Una de sus clases se mostrará en la parte superior de la lista de categorías y el control deslizante de la página de inicio.'),
(5, 2, 'ar', 'ذهب', 'سيتم عرض أحد فصولك الدراسية في أعلى قائمة الفئات وشريط تمرير الصفحة الرئيسية'),
(6, 4, 'ar', 'فضة', 'سيتم عرض إحدى فصولك الدراسية في شريط تمرير الصفحة الرئيسية'),
(7, 4, 'es', 'Plata', 'Una de sus clases se mostrará en el control deslizante de la página de inicio.'),
(8, 3, 'ar', 'برونزية', 'سيتم عرض أحد فصولك في أعلى قائمة الفئات'),
(9, 3, 'es', 'Bronce', 'Una de sus clases se mostrará en la parte superior de la lista de categorías.');

-- --------------------------------------------------------

--
-- Table structure for table `purchases`
--

CREATE TABLE `purchases` (
  `id` int(10) UNSIGNED NOT NULL,
  `webinar_id` int(10) UNSIGNED NOT NULL,
  `user_id` int(10) UNSIGNED NOT NULL,
  `created_at` int(11) NOT NULL
) ENGINE=InnoDB DEFAULT CHARSET=utf8mb4 COLLATE=utf8mb4_unicode_ci ROW_FORMAT=DYNAMIC;

-- --------------------------------------------------------

--
-- Table structure for table `quizzes`
--

CREATE TABLE `quizzes` (
  `id` int(10) UNSIGNED NOT NULL,
  `webinar_id` int(10) UNSIGNED DEFAULT NULL,
  `creator_id` int(10) UNSIGNED NOT NULL,
  `chapter_id` int(10) UNSIGNED DEFAULT NULL,
  `time` int(11) DEFAULT 0,
  `attempt` int(11) DEFAULT NULL,
  `pass_mark` int(11) NOT NULL,
  `certificate` tinyint(1) NOT NULL,
  `status` enum('active','inactive') COLLATE utf8mb4_unicode_ci NOT NULL,
  `total_mark` int(10) UNSIGNED DEFAULT NULL,
  `display_limited_questions` tinyint(1) NOT NULL DEFAULT 0,
  `display_number_of_questions` int(10) UNSIGNED DEFAULT NULL,
  `display_questions_randomly` tinyint(1) NOT NULL DEFAULT 0,
  `expiry_days` int(10) UNSIGNED DEFAULT NULL,
  `created_at` int(11) NOT NULL,
  `updated_at` int(11) DEFAULT NULL
) ENGINE=InnoDB DEFAULT CHARSET=utf8mb4 COLLATE=utf8mb4_unicode_ci ROW_FORMAT=DYNAMIC;

--
-- Dumping data for table `quizzes`
--

INSERT INTO `quizzes` (`id`, `webinar_id`, `creator_id`, `chapter_id`, `time`, `attempt`, `pass_mark`, `certificate`, `status`, `total_mark`, `display_limited_questions`, `display_number_of_questions`, `display_questions_randomly`, `expiry_days`, `created_at`, `updated_at`) VALUES
(28, 1995, 1016, 4, 5, 10, 70, 1, 'active', 100, 0, NULL, 0, NULL, 1624872015, 1690975399),
(30, 1999, 929, NULL, 20, 5, 60, 1, 'active', 100, 0, NULL, 0, NULL, 1625039490, NULL),
(32, 2003, 3, NULL, 10, 3, 60, 1, 'active', 100, 0, NULL, 0, NULL, 1625950930, 1626242500),
(33, NULL, 1015, NULL, 10, 4, 60, 1, 'active', 100, 0, NULL, 1, NULL, 1625951048, 1688381343),
(35, 2008, 1015, NULL, 10, 3, 75, 1, 'active', 100, 0, NULL, 0, NULL, 1646173391, 1646174129),
(44, 2007, 867, 2, NULL, NULL, 100, 0, 'active', 100, 0, NULL, 0, NULL, 1691149656, 1691241679),
(45, 2007, 867, 43, NULL, NULL, 60, 0, 'active', 60, 0, NULL, 0, NULL, 1691156909, 1691157736),
(46, 2007, 867, 43, NULL, NULL, 60, 0, 'active', 60, 0, NULL, 0, NULL, 1691158615, 1691159385),
(47, 2007, 867, 45, NULL, NULL, 100, 0, 'active', 100, 0, NULL, 0, NULL, 1691160407, NULL),
(48, 2007, 867, 46, NULL, NULL, 60, 0, 'active', 60, 0, NULL, 0, NULL, 1691163049, NULL),
(49, 2025, 1015, 61, NULL, NULL, 40, 0, 'active', 40, 0, NULL, 0, NULL, 1691401247, NULL),
(50, 2025, 1015, 62, NULL, NULL, 40, 0, 'active', 40, 0, NULL, 0, NULL, 1691402491, NULL),
(51, 2025, 1015, 63, NULL, NULL, 100, 0, 'active', 100, 0, NULL, 0, NULL, 1691419007, NULL),
(52, 2025, 1015, 64, NULL, NULL, 60, 0, 'active', 60, 0, NULL, 0, NULL, 1691420422, NULL),
(53, 2025, 1015, 65, NULL, NULL, 100, 0, 'active', 100, 0, NULL, 0, NULL, 1691489265, NULL),
(54, 2025, 1015, 66, NULL, NULL, 60, 0, 'active', 60, 0, NULL, 0, NULL, 1691495580, NULL),
(55, 2025, 1015, 67, NULL, NULL, 70, 0, 'active', 10, 0, NULL, 0, NULL, 1691681851, NULL),
(57, 2025, 1015, 68, NULL, NULL, 20, 0, 'active', 20, 0, NULL, 0, NULL, 1693778230, NULL),
(60, 2026, 1015, 70, 1000, NULL, 100, 0, 'inactive', 210, 0, NULL, 0, NULL, 1693886528, 1693887233),
(61, 2024, 1015, 52, 1000, NULL, 70, 0, 'active', 15, 0, NULL, 0, NULL, 1693918424, NULL),
(62, 2026, 1015, 71, 1000, NULL, 70, 0, 'active', 96, 0, NULL, 0, NULL, 1694428088, NULL),
(63, 2026, 1015, 72, 1000, NULL, 70, 0, 'inactive', 64, 0, NULL, 0, NULL, 1694431527, NULL),
(64, 2026, 1015, 75, 1000, NULL, 70, 0, 'active', 100, 0, NULL, 0, NULL, 1694435991, 1694436125),
(65, 2026, 1015, 76, 1000, NULL, 70, 0, 'active', 110, 0, NULL, 0, NULL, 1694437528, NULL),
(66, 2026, 1015, 77, NULL, NULL, 70, 0, 'active', 98, 0, NULL, 0, NULL, 1694438724, NULL),
(67, 2026, 1015, 78, NULL, NULL, 70, 0, 'inactive', 90, 0, NULL, 0, NULL, 1694447009, NULL),
(69, 2026, 1015, 80, NULL, NULL, 70, 0, 'active', 102, 0, NULL, 0, NULL, 1694962519, NULL);

-- --------------------------------------------------------

--
-- Table structure for table `quizzes_questions`
--

CREATE TABLE `quizzes_questions` (
  `id` int(10) UNSIGNED NOT NULL,
  `quiz_id` int(10) UNSIGNED NOT NULL,
  `creator_id` int(10) UNSIGNED NOT NULL,
  `grade` varchar(255) COLLATE utf8mb4_unicode_ci NOT NULL,
  `type` enum('multiple','descriptive') COLLATE utf8mb4_unicode_ci NOT NULL,
  `image` text COLLATE utf8mb4_unicode_ci DEFAULT NULL,
  `video` text COLLATE utf8mb4_unicode_ci DEFAULT NULL,
  `order` int(10) UNSIGNED DEFAULT NULL,
  `created_at` int(11) NOT NULL,
  `updated_at` int(11) DEFAULT NULL
) ENGINE=InnoDB DEFAULT CHARSET=utf8mb4 COLLATE=utf8mb4_unicode_ci ROW_FORMAT=DYNAMIC;

--
-- Dumping data for table `quizzes_questions`
--

INSERT INTO `quizzes_questions` (`id`, `quiz_id`, `creator_id`, `grade`, `type`, `image`, `video`, `order`, `created_at`, `updated_at`) VALUES
(40, 28, 1016, '20', 'multiple', NULL, NULL, NULL, 1624872142, NULL),
(41, 28, 1016, '20', 'multiple', NULL, NULL, NULL, 1624872345, 1690975051),
(42, 28, 1016, '20', 'multiple', NULL, NULL, NULL, 1624872432, NULL),
(44, 28, 1016, '20', 'multiple', NULL, NULL, NULL, 1624909419, NULL),
(45, 28, 1016, '20', 'multiple', NULL, NULL, NULL, 1624909495, 1624909533),
(46, 30, 929, '20', 'multiple', NULL, NULL, NULL, 1625039743, NULL),
(47, 30, 929, '20', 'descriptive', NULL, NULL, NULL, 1625040028, 1625040475),
(48, 30, 929, '20', 'descriptive', NULL, NULL, NULL, 1625040598, NULL),
(49, 30, 929, '20', 'descriptive', NULL, NULL, NULL, 1625040865, NULL),
(50, 30, 929, '20', 'multiple', NULL, NULL, NULL, 1625040978, NULL),
(56, 33, 1015, '20', 'multiple', NULL, NULL, NULL, 1625951156, NULL),
(57, 33, 1015, '20', 'multiple', NULL, NULL, NULL, 1625951217, NULL),
(58, 33, 1015, '20', 'multiple', NULL, NULL, NULL, 1625951303, NULL),
(59, 33, 1015, '20', 'multiple', NULL, NULL, NULL, 1625951366, NULL),
(60, 33, 1015, '20', 'multiple', NULL, NULL, NULL, 1625951427, NULL),
(66, 32, 3, '20', 'multiple', NULL, NULL, NULL, 1626061979, NULL),
(67, 32, 3, '20', 'multiple', NULL, NULL, NULL, 1626062031, NULL),
(68, 32, 3, '20', 'multiple', NULL, NULL, NULL, 1626062079, NULL),
(69, 32, 3, '20', 'multiple', NULL, NULL, NULL, 1626062130, NULL),
(70, 32, 3, '20', 'multiple', NULL, NULL, NULL, 1626062181, NULL),
(71, 35, 1015, '20', 'multiple', NULL, NULL, NULL, 1646173476, 1690933383),
(72, 35, 1015, '20', 'multiple', NULL, NULL, NULL, 1646173553, NULL),
(73, 35, 1015, '20', 'multiple', NULL, NULL, NULL, 1646173606, NULL),
(74, 35, 1015, '20', 'multiple', NULL, NULL, NULL, 1646173664, NULL),
(75, 35, 1015, '10', 'multiple', NULL, NULL, NULL, 1646173719, 1656191827),
(76, 35, 1015, '10', 'multiple', NULL, '/store/1015/Learn Linux In 5 Days.mp4', NULL, 1656191784, NULL),
(79, 44, 867, '20', 'multiple', NULL, NULL, 1, 1691149920, NULL),
(80, 44, 867, '20', 'multiple', NULL, NULL, 2, 1691150051, NULL),
(81, 44, 867, '20', 'multiple', NULL, NULL, 3, 1691150139, NULL),
(82, 44, 867, '20', 'multiple', NULL, NULL, 4, 1691150384, NULL),
(83, 44, 867, '20', 'multiple', NULL, NULL, 5, 1691155755, NULL),
(84, 45, 867, '10', 'multiple', NULL, NULL, 1, 1691157706, NULL),
(85, 45, 867, '10', 'multiple', NULL, NULL, 2, 1691157826, NULL),
(86, 45, 867, '10', 'multiple', NULL, NULL, 3, 1691157981, NULL),
(87, 45, 867, '10', 'multiple', NULL, NULL, 4, 1691158127, NULL),
(88, 45, 867, '10', 'multiple', NULL, NULL, 5, 1691158248, NULL),
(89, 45, 867, '10', 'multiple', NULL, NULL, 6, 1691158351, NULL),
(90, 46, 867, '10', 'multiple', NULL, NULL, 1, 1691158825, NULL),
(91, 46, 867, '10', 'multiple', NULL, NULL, 2, 1691158894, NULL),
(92, 46, 867, '10', 'multiple', NULL, NULL, 3, 1691159020, NULL),
(93, 46, 867, '10', 'multiple', NULL, NULL, 4, 1691159097, NULL),
(94, 46, 867, '10', 'multiple', NULL, NULL, 5, 1691159287, NULL),
(95, 46, 867, '10', 'multiple', NULL, NULL, 6, 1691159371, NULL),
(96, 47, 867, '20', 'multiple', NULL, NULL, 1, 1691160940, NULL),
(97, 47, 867, '20', 'multiple', NULL, NULL, 2, 1691161026, NULL),
(98, 47, 867, '20', 'multiple', NULL, NULL, 3, 1691161107, NULL),
(99, 47, 867, '20', 'multiple', NULL, NULL, 4, 1691161191, NULL),
(100, 47, 867, '20', 'multiple', NULL, NULL, 5, 1691161507, NULL),
(101, 48, 867, '20', 'multiple', NULL, NULL, 1, 1691163228, NULL),
(102, 48, 867, '20', 'multiple', NULL, NULL, 2, 1691163301, NULL),
(103, 48, 867, '20', 'multiple', NULL, NULL, 3, 1691163384, NULL),
(104, 49, 1015, '10', 'multiple', NULL, NULL, 1, 1691401313, NULL),
(105, 49, 1015, '10', 'multiple', NULL, NULL, 2, 1691401370, NULL),
(106, 49, 1015, '10', 'multiple', NULL, NULL, 3, 1691401517, NULL),
(107, 49, 1015, '10', 'multiple', NULL, NULL, 4, 1691401564, NULL),
(108, 50, 1015, '10', 'multiple', NULL, NULL, 1, 1691402615, NULL),
(109, 50, 1015, '10', 'multiple', NULL, NULL, 2, 1691402847, NULL),
(110, 50, 1015, '10', 'multiple', NULL, NULL, 3, 1691403006, NULL),
(111, 50, 1015, '10', 'multiple', NULL, NULL, 4, 1691403227, NULL),
(112, 51, 1015, '20', 'multiple', NULL, NULL, 1, 1691419077, NULL),
(113, 51, 1015, '20', 'multiple', NULL, NULL, 2, 1691419200, NULL),
(114, 51, 1015, '20', 'multiple', NULL, NULL, 3, 1691419484, NULL),
(115, 51, 1015, '20', 'multiple', NULL, NULL, 4, 1691419594, NULL),
(116, 51, 1015, '20', 'multiple', NULL, NULL, 5, 1691419645, NULL),
(117, 52, 1015, '10', 'multiple', NULL, NULL, 1, 1691422980, NULL),
(118, 52, 1015, '10', 'multiple', NULL, NULL, 2, 1691423456, NULL),
(119, 52, 1015, '10', 'multiple', NULL, NULL, 3, 1691423517, NULL),
(120, 52, 1015, '10', 'multiple', NULL, NULL, 4, 1691423617, NULL),
(121, 52, 1015, '10', 'multiple', NULL, NULL, 5, 1691423699, NULL),
(122, 52, 1015, '10', 'multiple', NULL, NULL, 6, 1691423778, NULL),
(123, 53, 1015, '5', 'multiple', NULL, NULL, 1, 1691489341, NULL),
(124, 53, 1015, '5', 'multiple', NULL, NULL, 2, 1691489393, NULL),
(125, 53, 1015, '5', 'multiple', NULL, NULL, 3, 1691489452, NULL),
(126, 53, 1015, '5', 'multiple', NULL, NULL, 4, 1691489545, NULL),
(127, 53, 1015, '5', 'multiple', NULL, NULL, 5, 1691489648, NULL),
(128, 53, 1015, '5', 'multiple', NULL, NULL, 6, 1691489702, NULL),
(129, 53, 1015, '5', 'multiple', NULL, NULL, 7, 1691489754, NULL),
(130, 53, 1015, '5', 'multiple', NULL, NULL, 8, 1691490081, NULL),
(131, 53, 1015, '5', 'multiple', NULL, NULL, 9, 1691490136, NULL),
(132, 53, 1015, '5', 'multiple', NULL, NULL, 10, 1691490279, NULL),
(133, 53, 1015, '5', 'multiple', NULL, NULL, 11, 1691490521, NULL),
(134, 53, 1015, '5', 'multiple', NULL, NULL, 12, 1691490667, NULL),
(135, 53, 1015, '5', 'multiple', NULL, NULL, 13, 1691490725, NULL),
(136, 53, 1015, '5', 'multiple', NULL, NULL, 14, 1691490874, NULL),
(137, 53, 1015, '5', 'multiple', NULL, NULL, 15, 1691490941, NULL),
(138, 53, 1015, '5', 'multiple', NULL, NULL, 16, 1691490997, NULL),
(139, 53, 1015, '5', 'multiple', NULL, NULL, 17, 1691491065, NULL),
(140, 53, 1015, '5', 'multiple', NULL, NULL, 18, 1691491126, NULL),
(141, 53, 1015, '10', 'multiple', NULL, NULL, 19, 1691491226, NULL),
(142, 54, 1015, '10', 'multiple', NULL, NULL, 1, 1691495638, NULL),
(143, 54, 1015, '10', 'multiple', NULL, NULL, 2, 1691495785, NULL),
(144, 54, 1015, '10', 'multiple', NULL, NULL, 3, 1691495887, NULL),
(145, 54, 1015, '10', 'multiple', NULL, NULL, 4, 1691495999, NULL),
(146, 54, 1015, '10', 'multiple', NULL, NULL, 5, 1691496052, NULL),
(147, 54, 1015, '10', 'multiple', NULL, NULL, 6, 1691496099, NULL),
(148, 55, 1015, '10', 'multiple', NULL, NULL, 1, 1691682112, NULL),
(149, 57, 1015, '10', 'multiple', NULL, NULL, 1, 1693778416, NULL),
(150, 57, 1015, '10', 'multiple', NULL, NULL, 2, 1693778562, NULL),
(152, 60, 1015, '10', 'multiple', NULL, NULL, 1, 1693887571, NULL),
(153, 60, 1015, '10', 'multiple', NULL, NULL, 2, 1693887956, NULL),
(154, 60, 1015, '10', 'multiple', '/store/1/Assignments/Assignment1.png', NULL, 3, 1693890038, NULL),
(155, 60, 1015, '10', 'multiple', '/store/1/Assignments/Assignmenr2.png', NULL, 4, 1693890364, NULL),
(156, 60, 1015, '10', 'multiple', '/store/1/Assignments/Assignment3.png', NULL, 5, 1693890739, NULL),
(157, 60, 1015, '10', 'multiple', NULL, NULL, 6, 1693890866, NULL),
(159, 60, 1015, '10', 'multiple', NULL, NULL, 7, 1693891461, NULL),
(160, 60, 1015, '10', 'multiple', NULL, NULL, 8, 1693891624, NULL),
(161, 60, 1015, '10', 'multiple', NULL, NULL, 9, 1693891943, 1693892003),
(162, 60, 1015, '10', 'multiple', NULL, NULL, 10, 1693892107, NULL),
(163, 61, 1015, '5', 'multiple', NULL, NULL, 1, 1693918514, NULL),
(164, 61, 1015, '5', 'multiple', NULL, NULL, 2, 1693918626, NULL),
(165, 61, 1015, '5', 'multiple', NULL, NULL, 3, 1693918703, NULL),
(166, 62, 1015, '16', 'multiple', NULL, NULL, 1, 1694428611, NULL),
(167, 62, 1015, '16', 'multiple', NULL, NULL, 2, 1694428867, NULL),
(168, 62, 1015, '16', 'multiple', NULL, NULL, 3, 1694429178, NULL),
(169, 62, 1015, '16', 'multiple', NULL, NULL, 4, 1694429414, NULL),
(170, 62, 1015, '16', 'multiple', NULL, NULL, 5, 1694429774, NULL),
(171, 62, 1015, '16', 'multiple', NULL, NULL, 6, 1694429951, NULL),
(172, 63, 1015, '16', 'multiple', NULL, NULL, 1, 1694431789, NULL),
(173, 63, 1015, '16', 'multiple', NULL, NULL, 2, 1694432245, NULL),
(174, 63, 1015, '16', 'multiple', NULL, NULL, 3, 1694432358, NULL),
(175, 63, 1015, '16', 'multiple', NULL, NULL, 4, 1694433518, NULL),
(176, 64, 1015, '25', 'multiple', NULL, NULL, 1, 1694436322, NULL),
(177, 64, 1015, '25', 'multiple', NULL, NULL, 2, 1694436550, NULL),
(178, 64, 1015, '25', 'multiple', NULL, NULL, 3, 1694436999, NULL),
(179, 64, 1015, '25', 'multiple', NULL, NULL, 4, 1694437089, NULL),
(180, 65, 1015, '16', 'multiple', NULL, NULL, 1, 1694437726, NULL),
(181, 65, 1015, '16', 'multiple', NULL, NULL, 2, 1694437840, NULL),
(182, 65, 1015, '16', 'multiple', NULL, NULL, 3, 1694438010, NULL),
(183, 65, 1015, '16', 'multiple', NULL, NULL, 4, 1694438148, NULL),
(184, 65, 1015, '16', 'multiple', NULL, NULL, 5, 1694438339, NULL),
(185, 65, 1015, '16', 'multiple', NULL, NULL, 6, 1694438456, NULL),
(186, 66, 1015, '7', 'multiple', NULL, NULL, 1, 1694438891, NULL),
(187, 66, 1015, '7', 'multiple', NULL, NULL, 2, 1694441880, NULL),
(188, 66, 1015, '7', 'multiple', NULL, NULL, 3, 1694442160, NULL),
(189, 66, 1015, '7', 'multiple', NULL, NULL, 4, 1694442327, NULL),
(190, 66, 1015, '7', 'multiple', NULL, NULL, 5, 1694442583, NULL),
(191, 66, 1015, '7', 'multiple', NULL, NULL, 6, 1694443332, NULL),
(192, 65, 1015, '7', 'multiple', NULL, NULL, 7, 1694443528, NULL),
(193, 65, 1015, '7', 'multiple', NULL, NULL, 8, 1694443607, NULL),
(194, 66, 1015, '7', 'multiple', NULL, NULL, 7, 1694444026, NULL),
(195, 66, 1015, '7', 'multiple', NULL, NULL, 8, 1694446310, NULL),
(196, 66, 1015, '7', 'multiple', NULL, NULL, 9, 1694446396, NULL),
(197, 66, 1015, '7', 'multiple', NULL, NULL, 10, 1694446524, NULL),
(198, 66, 1015, '7', 'multiple', NULL, NULL, 11, 1694446630, NULL),
(199, 66, 1015, '7', 'multiple', NULL, NULL, 12, 1694446702, NULL),
(200, 66, 1015, '7', 'multiple', NULL, NULL, 13, 1694446809, NULL),
(201, 66, 1015, '7', 'multiple', NULL, NULL, 14, 1694446895, NULL),
(202, 67, 1015, '10', 'multiple', NULL, NULL, 1, 1694447100, NULL),
(203, 67, 1015, '10', 'multiple', NULL, NULL, 2, 1694457504, NULL),
(204, 67, 1015, '10', 'multiple', NULL, NULL, 3, 1694457679, NULL),
(205, 67, 1015, '10', 'multiple', NULL, NULL, 4, 1694457784, NULL),
(206, 67, 1015, '10', 'multiple', NULL, NULL, 5, 1694457926, NULL),
(207, 67, 1015, '10', 'multiple', NULL, NULL, 6, 1694458251, NULL),
(208, 67, 1015, '10', 'multiple', NULL, NULL, 7, 1694458946, NULL),
(209, 67, 1015, '10', 'multiple', NULL, NULL, 8, 1694459114, NULL),
(210, 67, 1015, '10', 'multiple', NULL, NULL, 9, 1694459520, NULL),
(215, 69, 1015, '17', 'multiple', NULL, NULL, 1, 1694962713, NULL),
(216, 69, 1015, '17', 'multiple', NULL, NULL, 2, 1694962863, NULL),
(217, 69, 1015, '17', 'multiple', NULL, NULL, 3, 1694963002, NULL),
(218, 69, 1015, '17', 'multiple', NULL, NULL, 4, 1694963213, NULL),
(219, 69, 1015, '17', 'multiple', NULL, NULL, 5, 1694963363, NULL),
(220, 69, 1015, '17', 'multiple', NULL, NULL, 6, 1694963502, NULL);

-- --------------------------------------------------------

--
-- Table structure for table `quizzes_questions_answers`
--

CREATE TABLE `quizzes_questions_answers` (
  `id` int(10) UNSIGNED NOT NULL,
  `creator_id` int(10) UNSIGNED NOT NULL,
  `question_id` int(10) UNSIGNED NOT NULL,
  `image` text COLLATE utf8mb4_unicode_ci DEFAULT NULL,
  `correct` tinyint(1) NOT NULL DEFAULT 0,
  `created_at` int(11) NOT NULL,
  `updated_at` int(11) DEFAULT NULL
) ENGINE=InnoDB DEFAULT CHARSET=utf8mb4 COLLATE=utf8mb4_unicode_ci ROW_FORMAT=DYNAMIC;

--
-- Dumping data for table `quizzes_questions_answers`
--

INSERT INTO `quizzes_questions_answers` (`id`, `creator_id`, `question_id`, `image`, `correct`, `created_at`, `updated_at`) VALUES
(83, 1016, 40, NULL, 1, 1624872142, NULL),
(84, 1016, 40, NULL, 0, 1624872142, NULL),
(85, 1016, 40, NULL, 0, 1624872142, NULL),
(86, 1016, 40, NULL, 0, 1624872142, NULL),
(87, 1016, 41, NULL, 0, 1690975051, NULL),
(88, 1016, 41, NULL, 0, 1690975051, NULL),
(89, 1016, 41, NULL, 1, 1690975051, NULL),
(90, 1016, 41, NULL, 0, 1690975051, NULL),
(91, 1016, 42, NULL, 0, 1624872432, NULL),
(92, 1016, 42, NULL, 1, 1624872432, NULL),
(93, 1016, 42, NULL, 0, 1624872432, NULL),
(94, 1016, 42, NULL, 0, 1624872432, NULL),
(99, 1016, 44, NULL, 0, 1624909419, NULL),
(100, 1016, 44, NULL, 0, 1624909419, NULL),
(101, 1016, 44, NULL, 0, 1624909419, NULL),
(102, 1016, 44, NULL, 1, 1624909419, NULL),
(103, 1016, 45, NULL, 1, 1624909533, NULL),
(104, 1016, 45, NULL, 0, 1624909533, NULL),
(105, 1016, 45, NULL, 0, 1624909533, NULL),
(106, 1016, 45, NULL, 0, 1624909533, NULL),
(107, 929, 46, NULL, 1, 1625039743, NULL),
(108, 929, 46, NULL, 0, 1625039743, NULL),
(109, 929, 46, NULL, 0, 1625039743, NULL),
(110, 929, 46, NULL, 0, 1625039743, NULL),
(111, 929, 50, NULL, 0, 1625040978, NULL),
(112, 929, 50, NULL, 1, 1625040978, NULL),
(113, 929, 50, NULL, 0, 1625040978, NULL),
(114, 929, 50, NULL, 0, 1625040978, NULL),
(135, 1015, 56, '/store/1015/quiz/q1 (1).jpg', 1, 1625951156, NULL),
(136, 1015, 56, '/store/1015/quiz/q1 (2).jpg', 0, 1625951156, NULL),
(137, 1015, 56, '/store/1015/quiz/q1 (3).jpg', 0, 1625951156, NULL),
(138, 1015, 56, '/store/1015/quiz/q1 (4).jpg', 0, 1625951156, NULL),
(139, 1015, 57, '/store/1015/quiz/q2 (1).jpg', 1, 1625951217, NULL),
(140, 1015, 57, '/store/1015/quiz/q2 (2).jpg', 0, 1625951217, NULL),
(141, 1015, 57, '/store/1015/quiz/q2 (3).jpg', 0, 1625951217, NULL),
(142, 1015, 57, '/store/1015/quiz/q2 (4).jpg', 0, 1625951217, NULL),
(143, 1015, 58, '/store/1015/quiz/q3 (1).jpg', 1, 1625951303, NULL),
(144, 1015, 58, '/store/1015/quiz/q3 (2).jpg', 0, 1625951303, NULL),
(145, 1015, 58, '/store/1015/quiz/q3 (3).jpg', 0, 1625951303, NULL),
(146, 1015, 58, '/store/1015/quiz/q3 (4).jpg', 0, 1625951303, NULL),
(147, 1015, 59, '/store/1015/quiz/q4 (1).jpg', 0, 1625951366, NULL),
(148, 1015, 59, '/store/1015/quiz/q4 (2).jpg', 0, 1625951366, NULL),
(149, 1015, 59, '/store/1015/quiz/q4 (3).jpg', 1, 1625951366, NULL),
(150, 1015, 59, '/store/1015/quiz/q4 (4).jpg', 0, 1625951366, NULL),
(151, 1015, 60, '/store/1015/quiz/q5 (1).jpg', 0, 1625951427, NULL),
(152, 1015, 60, '/store/1015/quiz/q5 (2).jpg', 1, 1625951427, NULL),
(153, 1015, 60, '/store/1015/quiz/q5 (3).jpg', 0, 1625951427, NULL),
(154, 1015, 60, '/store/1015/quiz/q5 (4).jpg', 0, 1625951427, NULL),
(171, 3, 66, '/store/3/quiz/q1 (3).jpg', 0, 1626061979, NULL),
(172, 3, 66, '/store/3/quiz/q1 (2).jpg', 0, 1626061979, NULL),
(173, 3, 66, '/store/3/quiz/q1 (4).jpg', 0, 1626061979, NULL),
(174, 3, 66, '/store/3/quiz/q1 (1).jpg', 1, 1626061979, NULL),
(175, 3, 67, '/store/3/quiz/q2 (1).jpg', 1, 1626062031, NULL),
(176, 3, 67, '/store/3/quiz/q2 (2).jpg', 0, 1626062031, NULL),
(177, 3, 67, '/store/3/quiz/q2 (3).jpg', 0, 1626062031, NULL),
(178, 3, 67, '/store/3/quiz/q2 (4).jpg', 0, 1626062031, NULL),
(179, 3, 68, '/store/3/quiz/q3 (1).jpg', 1, 1626062079, NULL),
(180, 3, 68, '/store/3/quiz/q3 (2).jpg', 0, 1626062079, NULL),
(181, 3, 68, '/store/3/quiz/q3 (3).jpg', 0, 1626062079, NULL),
(182, 3, 68, '/store/3/quiz/q3 (4).jpg', 0, 1626062079, NULL),
(183, 3, 69, '/store/3/quiz/q4 (4).jpg', 0, 1626062130, NULL),
(184, 3, 69, '/store/3/quiz/q4 (2).jpg', 0, 1626062130, NULL),
(185, 3, 69, '/store/3/quiz/q4 (1).jpg', 0, 1626062130, NULL),
(186, 3, 69, '/store/3/quiz/q4 (3).jpg', 1, 1626062130, NULL),
(187, 3, 70, '/store/3/quiz/q5 (1).jpg', 0, 1626062181, NULL),
(188, 3, 70, '/store/3/quiz/q5 (2).jpg', 1, 1626062181, NULL),
(189, 3, 70, '/store/3/quiz/q5 (3).jpg', 0, 1626062181, NULL),
(190, 3, 70, '/store/3/quiz/q5 (4).jpg', 0, 1626062181, NULL),
(191, 1015, 71, '/store/1015/quiz/q1 (1).jpg', 1, 1690933383, NULL),
(192, 1015, 71, '/store/1015/quiz/q1 (2).jpg', 0, 1690933383, NULL),
(193, 1015, 71, '/store/1015/quiz/q1 (3).jpg', 0, 1690933383, NULL),
(194, 1015, 71, '/store/1015/quiz/q1 (4).jpg', 0, 1690933383, NULL),
(195, 1015, 72, '/store/1015/quiz/q2 (1).jpg', 1, 1646173553, NULL),
(196, 1015, 72, '/store/1015/quiz/q2 (2).jpg', 0, 1646173553, NULL),
(197, 1015, 72, '/store/1015/quiz/q2 (3).jpg', 0, 1646173553, NULL),
(198, 1015, 72, '/store/1015/quiz/q2 (4).jpg', 0, 1646173553, NULL),
(199, 1015, 73, '/store/1015/quiz/q3 (1).jpg', 1, 1646173606, NULL),
(200, 1015, 73, '/store/1015/quiz/q3 (2).jpg', 0, 1646173606, NULL),
(201, 1015, 73, '/store/1015/quiz/q3 (3).jpg', 0, 1646173606, NULL),
(202, 1015, 73, '/store/1015/quiz/q3 (4).jpg', 0, 1646173606, NULL),
(203, 1015, 74, '/store/1015/quiz/q4 (1).jpg', 0, 1646173664, NULL),
(204, 1015, 74, '/store/1015/quiz/q4 (2).jpg', 0, 1646173664, NULL),
(205, 1015, 74, '/store/1015/quiz/q4 (3).jpg', 1, 1646173664, NULL),
(206, 1015, 74, '/store/1015/quiz/q4 (4).jpg', 0, 1646173664, NULL),
(207, 1015, 75, '/store/1015/quiz/q5 (1).jpg', 0, 1656191827, NULL),
(208, 1015, 75, '/store/1015/quiz/q5 (2).jpg', 1, 1656191827, NULL),
(209, 1015, 75, '/store/1015/quiz/q5 (3).jpg', 0, 1656191827, NULL),
(210, 1015, 75, '/store/1015/quiz/q5 (4).jpg', 0, 1656191827, NULL),
(211, 1015, 76, NULL, 1, 1656191784, NULL),
(212, 1015, 76, NULL, 0, 1656191784, NULL),
(213, 1015, 76, NULL, 0, 1656191784, NULL),
(214, 1015, 76, NULL, 0, 1656191784, NULL),
(215, 867, 79, NULL, 0, 1691149920, NULL),
(216, 867, 79, NULL, 0, 1691149920, NULL),
(217, 867, 79, NULL, 1, 1691149920, NULL),
(218, 867, 79, NULL, 0, 1691149920, NULL),
(219, 867, 80, NULL, 0, 1691150051, NULL),
(220, 867, 80, NULL, 0, 1691150051, NULL),
(221, 867, 80, NULL, 1, 1691150051, NULL),
(222, 867, 80, NULL, 0, 1691150051, NULL),
(223, 867, 81, NULL, 0, 1691150139, NULL),
(224, 867, 81, NULL, 0, 1691150139, NULL),
(225, 867, 81, NULL, 0, 1691150139, NULL),
(226, 867, 81, NULL, 1, 1691150139, NULL),
(227, 867, 82, NULL, 0, 1691150384, NULL),
(228, 867, 82, NULL, 0, 1691150384, NULL),
(229, 867, 82, NULL, 1, 1691150384, NULL),
(230, 867, 82, NULL, 0, 1691150384, NULL),
(231, 867, 83, NULL, 0, 1691155755, NULL),
(232, 867, 83, NULL, 0, 1691155755, NULL),
(233, 867, 83, NULL, 0, 1691155755, NULL),
(234, 867, 83, NULL, 1, 1691155755, NULL),
(235, 867, 84, NULL, 1, 1691157706, NULL),
(236, 867, 84, NULL, 0, 1691157706, NULL),
(237, 867, 84, NULL, 0, 1691157706, NULL),
(238, 867, 84, NULL, 0, 1691157706, NULL),
(239, 867, 85, NULL, 0, 1691157826, NULL),
(240, 867, 85, NULL, 0, 1691157826, NULL),
(241, 867, 85, NULL, 0, 1691157826, NULL),
(242, 867, 85, NULL, 1, 1691157826, NULL),
(243, 867, 86, NULL, 1, 1691157981, NULL),
(244, 867, 86, NULL, 0, 1691157981, NULL),
(245, 867, 86, NULL, 0, 1691157981, NULL),
(246, 867, 86, NULL, 0, 1691157981, NULL),
(247, 867, 87, NULL, 0, 1691158127, NULL),
(248, 867, 87, NULL, 0, 1691158127, NULL),
(249, 867, 87, NULL, 0, 1691158127, NULL),
(250, 867, 87, NULL, 1, 1691158127, NULL),
(251, 867, 88, NULL, 1, 1691158248, NULL),
(252, 867, 88, NULL, 0, 1691158248, NULL),
(253, 867, 88, NULL, 0, 1691158248, NULL),
(254, 867, 89, NULL, 0, 1691158351, NULL),
(255, 867, 89, NULL, 1, 1691158351, NULL),
(256, 867, 89, NULL, 0, 1691158351, NULL),
(257, 867, 90, NULL, 0, 1691158825, NULL),
(258, 867, 90, NULL, 0, 1691158825, NULL),
(259, 867, 90, NULL, 0, 1691158825, NULL),
(260, 867, 90, NULL, 1, 1691158825, NULL),
(261, 867, 91, NULL, 1, 1691158894, NULL),
(262, 867, 91, NULL, 0, 1691158894, NULL),
(263, 867, 92, NULL, 0, 1691159020, NULL),
(264, 867, 92, NULL, 0, 1691159020, NULL),
(265, 867, 92, NULL, 0, 1691159020, NULL),
(266, 867, 92, NULL, 1, 1691159020, NULL),
(267, 867, 93, NULL, 0, 1691159097, NULL),
(268, 867, 93, NULL, 1, 1691159097, NULL),
(269, 867, 94, NULL, 0, 1691159287, NULL),
(270, 867, 94, NULL, 0, 1691159287, NULL),
(271, 867, 94, NULL, 0, 1691159287, NULL),
(272, 867, 94, NULL, 1, 1691159287, NULL),
(273, 867, 95, NULL, 0, 1691159371, NULL),
(274, 867, 95, NULL, 0, 1691159371, NULL),
(275, 867, 95, NULL, 0, 1691159371, NULL),
(276, 867, 95, NULL, 1, 1691159371, NULL),
(277, 867, 96, NULL, 1, 1691160940, NULL),
(278, 867, 96, NULL, 0, 1691160940, NULL),
(279, 867, 96, NULL, 0, 1691160940, NULL),
(280, 867, 97, NULL, 1, 1691161026, NULL),
(281, 867, 97, NULL, 0, 1691161026, NULL),
(282, 867, 97, NULL, 0, 1691161026, NULL),
(283, 867, 98, NULL, 1, 1691161107, NULL),
(284, 867, 98, NULL, 0, 1691161107, NULL),
(285, 867, 98, NULL, 0, 1691161107, NULL),
(286, 867, 99, NULL, 0, 1691161191, NULL),
(287, 867, 99, NULL, 1, 1691161191, NULL),
(288, 867, 99, NULL, 0, 1691161191, NULL),
(289, 867, 100, NULL, 1, 1691161507, NULL),
(290, 867, 100, NULL, 0, 1691161507, NULL),
(291, 867, 100, NULL, 0, 1691161507, NULL),
(292, 867, 101, NULL, 0, 1691163228, NULL),
(293, 867, 101, NULL, 0, 1691163228, NULL),
(294, 867, 101, NULL, 1, 1691163228, NULL),
(295, 867, 101, NULL, 0, 1691163228, NULL),
(296, 867, 102, NULL, 0, 1691163301, NULL),
(297, 867, 102, NULL, 0, 1691163302, NULL),
(298, 867, 102, NULL, 1, 1691163302, NULL),
(299, 867, 102, NULL, 0, 1691163302, NULL),
(300, 867, 103, NULL, 1, 1691163384, NULL),
(301, 867, 103, NULL, 0, 1691163384, NULL),
(302, 867, 103, NULL, 0, 1691163384, NULL),
(303, 867, 103, NULL, 0, 1691163384, NULL),
(304, 1015, 104, NULL, 0, 1691401313, NULL),
(305, 1015, 104, NULL, 0, 1691401313, NULL),
(306, 1015, 104, NULL, 0, 1691401313, NULL),
(307, 1015, 104, NULL, 1, 1691401313, NULL),
(308, 1015, 105, NULL, 1, 1691401370, NULL),
(309, 1015, 105, NULL, 0, 1691401370, NULL),
(310, 1015, 106, NULL, 1, 1691401517, NULL),
(311, 1015, 106, NULL, 0, 1691401517, NULL),
(312, 1015, 106, NULL, 0, 1691401517, NULL),
(313, 1015, 106, NULL, 0, 1691401517, NULL),
(314, 1015, 107, NULL, 0, 1691401564, NULL),
(315, 1015, 107, NULL, 1, 1691401564, NULL),
(316, 1015, 108, NULL, 0, 1691402615, NULL),
(317, 1015, 108, NULL, 0, 1691402615, NULL),
(318, 1015, 108, NULL, 1, 1691402615, NULL),
(319, 1015, 108, NULL, 0, 1691402615, NULL),
(320, 1015, 109, NULL, 1, 1691402847, NULL),
(321, 1015, 109, NULL, 0, 1691402847, NULL),
(322, 1015, 109, NULL, 0, 1691402847, NULL),
(323, 1015, 110, NULL, 0, 1691403006, NULL),
(324, 1015, 110, NULL, 0, 1691403006, NULL),
(325, 1015, 110, NULL, 0, 1691403006, NULL),
(326, 1015, 110, NULL, 1, 1691403006, NULL),
(327, 1015, 111, NULL, 1, 1691403227, NULL),
(328, 1015, 111, NULL, 0, 1691403227, NULL),
(329, 1015, 111, NULL, 0, 1691403227, NULL),
(330, 1015, 112, NULL, 0, 1691419077, NULL),
(331, 1015, 112, NULL, 1, 1691419077, NULL),
(332, 1015, 112, NULL, 0, 1691419077, NULL),
(333, 1015, 112, NULL, 0, 1691419077, NULL),
(334, 1015, 113, NULL, 0, 1691419200, NULL),
(335, 1015, 113, NULL, 1, 1691419200, NULL),
(336, 1015, 113, NULL, 0, 1691419200, NULL),
(337, 1015, 113, NULL, 0, 1691419200, NULL),
(338, 1015, 114, NULL, 0, 1691419484, NULL),
(339, 1015, 114, NULL, 0, 1691419484, NULL),
(340, 1015, 114, NULL, 0, 1691419484, NULL),
(341, 1015, 114, NULL, 0, 1691419484, NULL),
(342, 1015, 114, NULL, 1, 1691419484, NULL),
(343, 1015, 115, NULL, 1, 1691419594, NULL),
(344, 1015, 115, NULL, 0, 1691419594, NULL),
(345, 1015, 116, NULL, 0, 1691419645, NULL),
(346, 1015, 116, NULL, 0, 1691419645, NULL),
(347, 1015, 116, NULL, 1, 1691419645, NULL),
(348, 1015, 117, NULL, 0, 1691422980, NULL),
(349, 1015, 117, NULL, 0, 1691422980, NULL),
(350, 1015, 117, NULL, 0, 1691422980, NULL),
(351, 1015, 117, NULL, 1, 1691422980, NULL),
(352, 1015, 118, NULL, 0, 1691423456, NULL),
(353, 1015, 118, NULL, 0, 1691423456, NULL),
(354, 1015, 118, NULL, 0, 1691423456, NULL),
(355, 1015, 118, NULL, 1, 1691423456, NULL),
(356, 1015, 119, NULL, 1, 1691423517, NULL),
(357, 1015, 119, NULL, 0, 1691423517, NULL),
(358, 1015, 119, NULL, 0, 1691423517, NULL),
(359, 1015, 119, NULL, 0, 1691423517, NULL),
(360, 1015, 120, NULL, 1, 1691423617, NULL),
(361, 1015, 120, NULL, 0, 1691423617, NULL),
(362, 1015, 120, NULL, 0, 1691423617, NULL),
(363, 1015, 120, NULL, 0, 1691423617, NULL),
(364, 1015, 121, NULL, 0, 1691423699, NULL),
(365, 1015, 121, NULL, 0, 1691423699, NULL),
(366, 1015, 121, NULL, 1, 1691423699, NULL),
(367, 1015, 121, NULL, 0, 1691423699, NULL),
(368, 1015, 122, NULL, 0, 1691423778, NULL),
(369, 1015, 122, NULL, 1, 1691423778, NULL),
(370, 1015, 122, NULL, 0, 1691423778, NULL),
(371, 1015, 122, NULL, 0, 1691423778, NULL),
(372, 1015, 123, NULL, 0, 1691489341, NULL),
(373, 1015, 123, NULL, 0, 1691489341, NULL),
(374, 1015, 123, NULL, 1, 1691489341, NULL),
(375, 1015, 123, NULL, 0, 1691489341, NULL),
(376, 1015, 124, NULL, 1, 1691489393, NULL),
(377, 1015, 124, NULL, 0, 1691489393, NULL),
(378, 1015, 124, NULL, 0, 1691489393, NULL),
(379, 1015, 124, NULL, 0, 1691489393, NULL),
(380, 1015, 125, NULL, 1, 1691489452, NULL),
(381, 1015, 125, NULL, 0, 1691489452, NULL),
(382, 1015, 125, NULL, 0, 1691489452, NULL),
(383, 1015, 125, NULL, 0, 1691489452, NULL),
(384, 1015, 126, NULL, 1, 1691489546, NULL),
(385, 1015, 126, NULL, 0, 1691489546, NULL),
(386, 1015, 126, NULL, 0, 1691489546, NULL),
(387, 1015, 126, NULL, 0, 1691489546, NULL),
(388, 1015, 127, NULL, 0, 1691489648, NULL),
(389, 1015, 127, NULL, 1, 1691489648, NULL),
(390, 1015, 127, NULL, 0, 1691489648, NULL),
(391, 1015, 127, NULL, 0, 1691489648, NULL),
(392, 1015, 128, NULL, 0, 1691489702, NULL),
(393, 1015, 128, NULL, 0, 1691489702, NULL),
(394, 1015, 128, NULL, 0, 1691489702, NULL),
(395, 1015, 128, NULL, 1, 1691489702, NULL),
(396, 1015, 129, NULL, 0, 1691489754, NULL),
(397, 1015, 129, NULL, 0, 1691489754, NULL),
(398, 1015, 129, NULL, 0, 1691489754, NULL),
(399, 1015, 129, NULL, 1, 1691489754, NULL),
(400, 1015, 130, NULL, 1, 1691490081, NULL),
(401, 1015, 130, NULL, 0, 1691490082, NULL),
(402, 1015, 130, NULL, 0, 1691490082, NULL),
(403, 1015, 130, NULL, 0, 1691490082, NULL),
(404, 1015, 131, NULL, 1, 1691490136, NULL),
(405, 1015, 131, NULL, 0, 1691490136, NULL),
(406, 1015, 131, NULL, 0, 1691490136, NULL),
(407, 1015, 131, NULL, 0, 1691490136, NULL),
(408, 1015, 132, NULL, 1, 1691490279, NULL),
(409, 1015, 132, NULL, 0, 1691490280, NULL),
(410, 1015, 132, NULL, 0, 1691490280, NULL),
(411, 1015, 132, NULL, 0, 1691490280, NULL),
(412, 1015, 133, NULL, 0, 1691490521, NULL),
(413, 1015, 133, NULL, 0, 1691490521, NULL),
(414, 1015, 133, NULL, 1, 1691490521, NULL),
(415, 1015, 133, NULL, 0, 1691490521, NULL),
(416, 1015, 134, NULL, 0, 1691490667, NULL),
(417, 1015, 134, NULL, 0, 1691490667, NULL),
(418, 1015, 134, NULL, 1, 1691490667, NULL),
(419, 1015, 134, NULL, 0, 1691490667, NULL),
(420, 1015, 135, NULL, 0, 1691490725, NULL),
(421, 1015, 135, NULL, 1, 1691490725, NULL),
(422, 1015, 135, NULL, 0, 1691490725, NULL),
(423, 1015, 135, NULL, 0, 1691490725, NULL),
(424, 1015, 136, NULL, 0, 1691490874, NULL),
(425, 1015, 136, NULL, 1, 1691490874, NULL),
(426, 1015, 136, NULL, 0, 1691490874, NULL),
(427, 1015, 136, NULL, 0, 1691490874, NULL),
(428, 1015, 137, NULL, 0, 1691490941, NULL),
(429, 1015, 137, NULL, 0, 1691490941, NULL),
(430, 1015, 137, NULL, 1, 1691490941, NULL),
(431, 1015, 137, NULL, 0, 1691490941, NULL),
(432, 1015, 138, NULL, 1, 1691490997, NULL),
(433, 1015, 138, NULL, 0, 1691490997, NULL),
(434, 1015, 138, NULL, 0, 1691490997, NULL),
(435, 1015, 138, NULL, 0, 1691490997, NULL),
(436, 1015, 139, NULL, 0, 1691491065, NULL),
(437, 1015, 139, NULL, 0, 1691491065, NULL),
(438, 1015, 139, NULL, 0, 1691491065, NULL),
(439, 1015, 139, NULL, 1, 1691491065, NULL),
(440, 1015, 140, NULL, 0, 1691491126, NULL),
(441, 1015, 140, NULL, 0, 1691491126, NULL),
(442, 1015, 140, NULL, 0, 1691491126, NULL),
(443, 1015, 140, NULL, 1, 1691491126, NULL),
(444, 1015, 141, NULL, 1, 1691491226, NULL),
(445, 1015, 141, NULL, 0, 1691491226, NULL),
(446, 1015, 141, NULL, 0, 1691491226, NULL),
(447, 1015, 141, NULL, 0, 1691491226, NULL),
(448, 1015, 142, NULL, 0, 1691495638, NULL),
(449, 1015, 142, NULL, 1, 1691495638, NULL),
(450, 1015, 142, NULL, 0, 1691495638, NULL),
(451, 1015, 142, NULL, 0, 1691495638, NULL),
(452, 1015, 143, NULL, 0, 1691495785, NULL),
(453, 1015, 143, NULL, 0, 1691495785, NULL),
(454, 1015, 143, NULL, 0, 1691495785, NULL),
(455, 1015, 143, NULL, 0, 1691495785, NULL),
(456, 1015, 143, NULL, 1, 1691495785, NULL),
(457, 1015, 144, NULL, 0, 1691495887, NULL),
(458, 1015, 144, NULL, 0, 1691495887, NULL),
(459, 1015, 144, NULL, 0, 1691495887, NULL),
(460, 1015, 144, NULL, 0, 1691495887, NULL),
(461, 1015, 144, NULL, 1, 1691495887, NULL),
(462, 1015, 145, NULL, 0, 1691495999, NULL),
(463, 1015, 145, NULL, 1, 1691495999, NULL),
(464, 1015, 146, NULL, 1, 1691496052, NULL),
(465, 1015, 146, NULL, 0, 1691496052, NULL),
(466, 1015, 147, NULL, 0, 1691496099, NULL),
(467, 1015, 147, NULL, 1, 1691496099, NULL),
(468, 1015, 148, NULL, 0, 1691682112, NULL),
(469, 1015, 148, NULL, 0, 1691682113, NULL),
(470, 1015, 148, NULL, 0, 1691682113, NULL),
(471, 1015, 148, NULL, 0, 1691682113, NULL),
(472, 1015, 148, NULL, 1, 1691682113, NULL),
(473, 1015, 149, NULL, 0, 1693778416, NULL),
(474, 1015, 149, NULL, 1, 1693778416, NULL),
(475, 1015, 149, NULL, 0, 1693778416, NULL),
(476, 1015, 150, NULL, 0, 1693778562, NULL),
(477, 1015, 150, NULL, 1, 1693778562, NULL),
(482, 1015, 152, NULL, 1, 1693887571, NULL),
(483, 1015, 152, NULL, 0, 1693887571, NULL),
(484, 1015, 152, NULL, 0, 1693887571, NULL),
(485, 1015, 152, NULL, 0, 1693887571, NULL),
(486, 1015, 153, NULL, 0, 1693887956, NULL),
(487, 1015, 153, NULL, 0, 1693887956, NULL),
(488, 1015, 153, NULL, 0, 1693887956, NULL),
(489, 1015, 153, NULL, 1, 1693887956, NULL),
(490, 1015, 153, NULL, 0, 1693887956, NULL),
(491, 1015, 154, NULL, 1, 1693890038, NULL),
(492, 1015, 154, NULL, 0, 1693890038, NULL),
(493, 1015, 154, NULL, 0, 1693890038, NULL),
(494, 1015, 154, NULL, 0, 1693890038, NULL),
(495, 1015, 155, NULL, 0, 1693890364, NULL),
(496, 1015, 155, NULL, 0, 1693890364, NULL),
(497, 1015, 155, NULL, 1, 1693890364, NULL),
(498, 1015, 155, NULL, 0, 1693890364, NULL),
(499, 1015, 156, NULL, 0, 1693890739, NULL),
(500, 1015, 156, NULL, 0, 1693890739, NULL),
(501, 1015, 156, NULL, 1, 1693890739, NULL),
(502, 1015, 156, NULL, 0, 1693890739, NULL),
(503, 1015, 157, NULL, 0, 1693890866, NULL),
(504, 1015, 157, NULL, 0, 1693890866, NULL),
(505, 1015, 157, NULL, 0, 1693890866, NULL),
(506, 1015, 157, NULL, 1, 1693890866, NULL),
(507, 1015, 159, NULL, 1, 1693891461, NULL),
(508, 1015, 159, NULL, 0, 1693891461, NULL),
(509, 1015, 159, NULL, 0, 1693891461, NULL),
(510, 1015, 160, NULL, 0, 1693891624, NULL),
(511, 1015, 160, NULL, 0, 1693891624, NULL),
(512, 1015, 160, NULL, 1, 1693891624, NULL),
(513, 1015, 160, NULL, 0, 1693891624, NULL),
(514, 1015, 161, NULL, 1, 1693892003, NULL),
(515, 1015, 161, NULL, 0, 1693892003, NULL),
(516, 1015, 161, NULL, 0, 1693892003, NULL),
(517, 1015, 162, NULL, 0, 1693892107, NULL),
(518, 1015, 162, NULL, 0, 1693892107, NULL),
(519, 1015, 162, NULL, 0, 1693892107, NULL),
(520, 1015, 162, NULL, 1, 1693892107, NULL),
(521, 1015, 163, NULL, 0, 1693918514, NULL),
(522, 1015, 163, NULL, 0, 1693918514, NULL),
(523, 1015, 163, NULL, 0, 1693918514, NULL),
(524, 1015, 163, NULL, 1, 1693918514, NULL),
(525, 1015, 164, NULL, 0, 1693918626, NULL),
(526, 1015, 164, NULL, 0, 1693918626, NULL),
(527, 1015, 164, NULL, 0, 1693918626, NULL),
(528, 1015, 164, NULL, 1, 1693918626, NULL),
(529, 1015, 165, NULL, 0, 1693918703, NULL),
(530, 1015, 165, NULL, 1, 1693918703, NULL),
(531, 1015, 165, NULL, 0, 1693918703, NULL),
(532, 1015, 165, NULL, 0, 1693918703, NULL),
(533, 1015, 166, NULL, 0, 1694428611, NULL),
(534, 1015, 166, NULL, 0, 1694428612, NULL),
(535, 1015, 166, NULL, 0, 1694428612, NULL),
(536, 1015, 166, NULL, 1, 1694428612, NULL),
(537, 1015, 167, NULL, 0, 1694428867, NULL),
(538, 1015, 167, NULL, 1, 1694428867, NULL),
(539, 1015, 167, NULL, 0, 1694428867, NULL),
(540, 1015, 168, NULL, 0, 1694429179, NULL),
(541, 1015, 168, NULL, 0, 1694429179, NULL),
(542, 1015, 168, NULL, 1, 1694429179, NULL),
(543, 1015, 169, NULL, 0, 1694429414, NULL),
(544, 1015, 169, NULL, 0, 1694429414, NULL),
(545, 1015, 169, NULL, 0, 1694429414, NULL),
(546, 1015, 169, NULL, 1, 1694429414, NULL),
(547, 1015, 170, NULL, 0, 1694429774, NULL),
(548, 1015, 170, NULL, 1, 1694429774, NULL),
(549, 1015, 170, NULL, 0, 1694429774, NULL),
(550, 1015, 171, NULL, 0, 1694429951, NULL),
(551, 1015, 171, NULL, 0, 1694429951, NULL),
(552, 1015, 171, NULL, 0, 1694429951, NULL),
(553, 1015, 171, NULL, 1, 1694429951, NULL),
(554, 1015, 172, NULL, 0, 1694431789, NULL),
(555, 1015, 172, NULL, 0, 1694431789, NULL),
(556, 1015, 172, NULL, 0, 1694431789, NULL),
(557, 1015, 172, NULL, 1, 1694431789, NULL),
(558, 1015, 172, NULL, 0, 1694431789, NULL),
(559, 1015, 173, NULL, 0, 1694432245, NULL),
(560, 1015, 173, NULL, 0, 1694432245, NULL),
(561, 1015, 173, NULL, 1, 1694432245, NULL),
(562, 1015, 174, NULL, 0, 1694432359, NULL),
(563, 1015, 174, NULL, 1, 1694432359, NULL),
(564, 1015, 174, NULL, 0, 1694432359, NULL),
(565, 1015, 175, NULL, 0, 1694433518, NULL),
(566, 1015, 175, NULL, 0, 1694433518, NULL),
(567, 1015, 175, NULL, 0, 1694433518, NULL),
(568, 1015, 175, NULL, 1, 1694433518, NULL),
(569, 1015, 176, NULL, 0, 1694436322, NULL),
(570, 1015, 176, NULL, 0, 1694436322, NULL),
(571, 1015, 176, NULL, 0, 1694436322, NULL),
(572, 1015, 176, NULL, 1, 1694436322, NULL),
(573, 1015, 176, NULL, 0, 1694436322, NULL),
(574, 1015, 177, NULL, 0, 1694436550, NULL),
(575, 1015, 177, NULL, 0, 1694436550, NULL),
(576, 1015, 177, NULL, 0, 1694436550, NULL),
(577, 1015, 177, NULL, 1, 1694436550, NULL),
(578, 1015, 178, NULL, 1, 1694436999, NULL),
(579, 1015, 178, NULL, 0, 1694436999, NULL),
(580, 1015, 178, NULL, 0, 1694436999, NULL),
(581, 1015, 178, NULL, 0, 1694436999, NULL),
(582, 1015, 179, NULL, 1, 1694437089, NULL),
(583, 1015, 179, NULL, 0, 1694437090, NULL),
(584, 1015, 179, NULL, 0, 1694437090, NULL),
(585, 1015, 179, NULL, 0, 1694437090, NULL),
(586, 1015, 180, NULL, 0, 1694437726, NULL),
(587, 1015, 180, NULL, 0, 1694437726, NULL),
(588, 1015, 180, NULL, 1, 1694437726, NULL),
(589, 1015, 180, NULL, 0, 1694437726, NULL),
(590, 1015, 181, NULL, 0, 1694437840, NULL),
(591, 1015, 181, NULL, 1, 1694437840, NULL),
(592, 1015, 181, NULL, 0, 1694437840, NULL),
(593, 1015, 181, NULL, 0, 1694437840, NULL),
(594, 1015, 182, NULL, 0, 1694438010, NULL),
(595, 1015, 182, NULL, 1, 1694438010, NULL),
(596, 1015, 183, NULL, 0, 1694438148, NULL),
(597, 1015, 183, NULL, 0, 1694438148, NULL),
(598, 1015, 183, NULL, 1, 1694438148, NULL),
(599, 1015, 183, NULL, 0, 1694438148, NULL),
(600, 1015, 184, NULL, 0, 1694438339, NULL),
(601, 1015, 184, NULL, 1, 1694438339, NULL),
(602, 1015, 184, NULL, 0, 1694438339, NULL),
(603, 1015, 185, NULL, 1, 1694438456, NULL),
(604, 1015, 185, NULL, 0, 1694438456, NULL),
(605, 1015, 185, NULL, 0, 1694438457, NULL),
(606, 1015, 185, NULL, 0, 1694438457, NULL),
(607, 1015, 186, NULL, 0, 1694438891, NULL),
(608, 1015, 186, NULL, 0, 1694438891, NULL),
(609, 1015, 186, NULL, 0, 1694438891, NULL),
(610, 1015, 186, NULL, 0, 1694438891, NULL),
(611, 1015, 186, NULL, 1, 1694438891, NULL),
(612, 1015, 187, NULL, 0, 1694441880, NULL),
(613, 1015, 187, NULL, 0, 1694441880, NULL),
(614, 1015, 187, NULL, 1, 1694441880, NULL),
(615, 1015, 187, NULL, 0, 1694441880, NULL),
(616, 1015, 188, NULL, 1, 1694442160, NULL),
(617, 1015, 188, NULL, 0, 1694442160, NULL),
(618, 1015, 188, NULL, 0, 1694442160, NULL),
(619, 1015, 188, NULL, 0, 1694442160, NULL),
(620, 1015, 189, NULL, 0, 1694442327, NULL),
(621, 1015, 189, NULL, 0, 1694442327, NULL),
(622, 1015, 189, NULL, 1, 1694442327, NULL),
(623, 1015, 189, NULL, 0, 1694442327, NULL),
(624, 1015, 189, NULL, 0, 1694442327, NULL),
(625, 1015, 190, NULL, 0, 1694442583, NULL),
(626, 1015, 190, NULL, 1, 1694442583, NULL),
(627, 1015, 190, NULL, 0, 1694442583, NULL),
(628, 1015, 191, NULL, 0, 1694443332, NULL),
(629, 1015, 191, NULL, 0, 1694443332, NULL),
(630, 1015, 191, NULL, 1, 1694443332, NULL),
(631, 1015, 192, NULL, 1, 1694443528, NULL),
(632, 1015, 192, NULL, 0, 1694443528, NULL),
(633, 1015, 192, NULL, 0, 1694443528, NULL),
(634, 1015, 192, NULL, 0, 1694443528, NULL),
(635, 1015, 192, NULL, 0, 1694443528, NULL),
(636, 1015, 193, NULL, 0, 1694443607, NULL),
(637, 1015, 193, NULL, 1, 1694443607, NULL),
(638, 1015, 193, NULL, 0, 1694443607, NULL),
(639, 1015, 194, NULL, 1, 1694444026, NULL),
(640, 1015, 194, NULL, 0, 1694444026, NULL),
(641, 1015, 194, NULL, 0, 1694444026, NULL),
(642, 1015, 194, NULL, 0, 1694444026, NULL),
(643, 1015, 195, NULL, 0, 1694446310, NULL),
(644, 1015, 195, NULL, 1, 1694446310, NULL),
(645, 1015, 195, NULL, 0, 1694446310, NULL),
(646, 1015, 196, NULL, 0, 1694446396, NULL),
(647, 1015, 196, NULL, 1, 1694446396, NULL),
(648, 1015, 196, NULL, 0, 1694446396, NULL),
(649, 1015, 197, NULL, 0, 1694446524, NULL),
(650, 1015, 197, NULL, 1, 1694446524, NULL),
(651, 1015, 197, NULL, 0, 1694446524, NULL),
(652, 1015, 198, NULL, 1, 1694446630, NULL),
(653, 1015, 198, NULL, 0, 1694446630, NULL),
(654, 1015, 198, NULL, 0, 1694446630, NULL),
(655, 1015, 198, NULL, 0, 1694446630, NULL),
(656, 1015, 199, NULL, 0, 1694446702, NULL),
(657, 1015, 199, NULL, 1, 1694446702, NULL),
(658, 1015, 199, NULL, 0, 1694446702, NULL),
(659, 1015, 199, NULL, 0, 1694446702, NULL),
(660, 1015, 200, NULL, 1, 1694446809, NULL),
(661, 1015, 200, NULL, 0, 1694446809, NULL),
(662, 1015, 200, NULL, 0, 1694446809, NULL),
(663, 1015, 201, NULL, 1, 1694446895, NULL),
(664, 1015, 201, NULL, 0, 1694446895, NULL),
(665, 1015, 202, NULL, 0, 1694447100, NULL),
(666, 1015, 202, NULL, 1, 1694447100, NULL),
(667, 1015, 202, NULL, 0, 1694447100, NULL),
(668, 1015, 203, NULL, 0, 1694457504, NULL),
(669, 1015, 203, NULL, 1, 1694457504, NULL),
(670, 1015, 203, NULL, 0, 1694457504, NULL),
(671, 1015, 203, NULL, 0, 1694457504, NULL),
(672, 1015, 204, NULL, 0, 1694457679, NULL),
(673, 1015, 204, NULL, 1, 1694457679, NULL),
(674, 1015, 204, NULL, 0, 1694457679, NULL),
(675, 1015, 205, NULL, 0, 1694457784, NULL),
(676, 1015, 205, NULL, 1, 1694457784, NULL),
(677, 1015, 205, NULL, 0, 1694457784, NULL),
(678, 1015, 206, NULL, 0, 1694457926, NULL),
(679, 1015, 206, NULL, 1, 1694457926, NULL),
(680, 1015, 206, NULL, 0, 1694457926, NULL),
(681, 1015, 206, NULL, 0, 1694457926, NULL),
(682, 1015, 207, NULL, 0, 1694458251, NULL),
(683, 1015, 207, NULL, 1, 1694458251, NULL),
(684, 1015, 207, NULL, 0, 1694458251, NULL),
(685, 1015, 207, NULL, 0, 1694458251, NULL),
(686, 1015, 208, NULL, 0, 1694458946, NULL),
(687, 1015, 208, NULL, 1, 1694458946, NULL),
(688, 1015, 208, NULL, 0, 1694458946, NULL),
(689, 1015, 208, NULL, 0, 1694458947, NULL),
(690, 1015, 209, NULL, 0, 1694459114, NULL),
(691, 1015, 209, NULL, 1, 1694459114, NULL),
(692, 1015, 209, NULL, 0, 1694459114, NULL),
(693, 1015, 209, NULL, 0, 1694459114, NULL),
(694, 1015, 210, NULL, 0, 1694459520, NULL),
(695, 1015, 210, NULL, 1, 1694459520, NULL),
(696, 1015, 210, NULL, 0, 1694459520, NULL),
(697, 1015, 210, NULL, 0, 1694459520, NULL),
(712, 1015, 215, NULL, 0, 1694962713, NULL),
(713, 1015, 215, NULL, 1, 1694962713, NULL),
(714, 1015, 215, NULL, 0, 1694962713, NULL),
(715, 1015, 215, NULL, 0, 1694962713, NULL),
(716, 1015, 216, NULL, 0, 1694962863, NULL),
(717, 1015, 216, NULL, 1, 1694962863, NULL),
(718, 1015, 216, NULL, 0, 1694962863, NULL),
(719, 1015, 217, NULL, 0, 1694963002, NULL),
(720, 1015, 217, NULL, 1, 1694963002, NULL),
(721, 1015, 217, NULL, 0, 1694963002, NULL),
(722, 1015, 217, NULL, 0, 1694963002, NULL),
(723, 1015, 218, NULL, 0, 1694963213, NULL),
(724, 1015, 218, NULL, 1, 1694963213, NULL),
(725, 1015, 218, NULL, 0, 1694963213, NULL),
(726, 1015, 218, NULL, 0, 1694963213, NULL),
(727, 1015, 218, NULL, 0, 1694963213, NULL),
(728, 1015, 218, NULL, 0, 1694963213, NULL),
(729, 1015, 219, NULL, 0, 1694963363, NULL),
(730, 1015, 219, NULL, 1, 1694963363, NULL),
(731, 1015, 219, NULL, 0, 1694963363, NULL),
(732, 1015, 220, NULL, 0, 1694963502, NULL),
(733, 1015, 220, NULL, 0, 1694963502, NULL),
(734, 1015, 220, NULL, 1, 1694963502, NULL),
(735, 1015, 220, NULL, 0, 1694963502, NULL);

-- --------------------------------------------------------

--
-- Table structure for table `quizzes_questions_answer_translations`
--

CREATE TABLE `quizzes_questions_answer_translations` (
  `id` bigint(20) UNSIGNED NOT NULL,
  `quizzes_questions_answer_id` int(10) UNSIGNED NOT NULL,
  `locale` varchar(255) COLLATE utf8mb4_unicode_ci NOT NULL,
  `title` text COLLATE utf8mb4_unicode_ci DEFAULT NULL
) ENGINE=InnoDB DEFAULT CHARSET=utf8mb4 COLLATE=utf8mb4_unicode_ci;

--
-- Dumping data for table `quizzes_questions_answer_translations`
--

INSERT INTO `quizzes_questions_answer_translations` (`id`, `quizzes_questions_answer_id`, `locale`, `title`) VALUES
(17, 83, 'en', 'Paris'),
(18, 84, 'en', 'Berlin'),
(19, 85, 'en', 'London'),
(20, 86, 'en', 'New York'),
(21, 87, 'en', 'Spring'),
(22, 88, 'en', 'Summer'),
(23, 89, 'en', 'Winter'),
(24, 90, 'en', 'Autumn'),
(25, 91, 'en', '15'),
(26, 92, 'en', '12'),
(27, 93, 'en', '6'),
(28, 94, 'en', '3'),
(29, 99, 'en', '50 cm'),
(30, 100, 'en', '200 cm'),
(31, 101, 'en', '1000 cm'),
(32, 102, 'en', '100 cm'),
(33, 103, 'en', '1000'),
(34, 104, 'en', '100'),
(35, 105, 'en', '500'),
(36, 106, 'en', '10'),
(37, 107, 'en', '5'),
(38, 108, 'en', '2'),
(39, 109, 'en', '7'),
(40, 110, 'en', '9'),
(41, 111, 'en', '4'),
(42, 112, 'en', '6'),
(43, 113, 'en', '2'),
(44, 114, 'en', '5'),
(65, 135, 'en', NULL),
(66, 136, 'en', NULL),
(67, 137, 'en', NULL),
(68, 138, 'en', NULL),
(69, 139, 'en', NULL),
(70, 140, 'en', NULL),
(71, 141, 'en', NULL),
(72, 142, 'en', NULL),
(73, 143, 'en', NULL),
(74, 144, 'en', NULL),
(75, 145, 'en', NULL),
(76, 146, 'en', NULL),
(77, 147, 'en', NULL),
(78, 148, 'en', NULL),
(79, 149, 'en', NULL),
(80, 150, 'en', NULL),
(81, 151, 'en', NULL),
(82, 152, 'en', NULL),
(83, 153, 'en', NULL),
(84, 154, 'en', NULL),
(101, 171, 'en', NULL),
(102, 172, 'en', NULL),
(103, 173, 'en', NULL),
(104, 174, 'en', NULL),
(105, 175, 'en', NULL),
(106, 176, 'en', NULL),
(107, 177, 'en', NULL),
(108, 178, 'en', NULL),
(109, 179, 'en', NULL),
(110, 180, 'en', NULL),
(111, 181, 'en', NULL),
(112, 182, 'en', NULL),
(113, 183, 'en', NULL),
(114, 184, 'en', NULL),
(115, 185, 'en', NULL),
(116, 186, 'en', NULL),
(117, 187, 'en', NULL),
(118, 188, 'en', NULL),
(119, 189, 'en', NULL),
(120, 190, 'en', NULL),
(121, 191, 'en', NULL),
(122, 192, 'en', NULL),
(123, 193, 'en', NULL),
(124, 194, 'en', NULL),
(125, 195, 'en', NULL),
(126, 196, 'en', NULL),
(127, 197, 'en', NULL),
(128, 198, 'en', NULL),
(129, 199, 'en', NULL),
(130, 200, 'en', NULL),
(131, 201, 'en', NULL),
(132, 202, 'en', NULL),
(133, 203, 'en', NULL),
(134, 204, 'en', NULL),
(135, 205, 'en', NULL),
(136, 206, 'en', NULL),
(137, 207, 'en', NULL),
(138, 208, 'en', NULL),
(139, 209, 'en', NULL),
(140, 210, 'en', NULL),
(141, 211, 'en', 'Latest version of Linux was 15 in 2020'),
(142, 212, 'en', 'Latest version of Linux was 12 in 2019'),
(143, 213, 'en', 'Latest version of Linux was 13 in 2020'),
(144, 214, 'en', 'Latest version of Linux was 10 in 2019'),
(145, 215, 'en', 'Planning, Execution, Monitoring and Control, and Closure'),
(146, 216, 'en', 'Idea, Concept, Planning, and Execution'),
(147, 217, 'en', 'Initiation, Planning, Execution, and Closure'),
(148, 218, 'en', 'Concept, Design, Implementation, Closure'),
(149, 219, 'en', 'Resource allocation'),
(150, 220, 'en', 'Risk management'),
(151, 221, 'en', 'Cost analysis'),
(152, 222, 'en', 'Team building'),
(153, 223, 'en', 'Scope'),
(154, 224, 'en', 'Time'),
(155, 225, 'en', 'Cost'),
(156, 226, 'en', 'Quality'),
(157, 227, 'en', 'Earned value analysis'),
(158, 228, 'en', 'Critical path analysis'),
(159, 229, 'en', 'PERT analysis'),
(160, 230, 'en', ' Gantt chart'),
(161, 231, 'en', 'Waterfall'),
(162, 232, 'en', 'Agile'),
(163, 233, 'en', 'Scrum'),
(164, 234, 'en', 'Lean'),
(165, 235, 'en', 'To define the project\'s objectives, scope, and stakeholders'),
(166, 236, 'en', 'To identify potential risks and constraints'),
(167, 237, 'en', 'To outline the project budget and timeline'),
(168, 238, 'en', 'To assign tasks and responsibilities to team members'),
(169, 239, 'en', 'Project charter'),
(170, 240, 'en', ' Project plan'),
(171, 241, 'en', 'Project scope statement'),
(172, 242, 'en', 'Project organization chart'),
(173, 243, 'en', 'Resource management'),
(174, 244, 'en', 'Human resource management'),
(175, 245, 'en', 'Team development'),
(176, 246, 'en', 'Resource allocation'),
(177, 247, 'en', ' Hiring project team members'),
(178, 248, 'en', 'Providing feedback to project team members'),
(179, 249, 'en', 'Managing project team member conflicts'),
(180, 250, 'en', 'All of the above'),
(181, 251, 'en', 'The sequence of activities that must be completed on time for the project to finish on schedule.'),
(182, 252, 'en', 'The budget allocated for the project.'),
(183, 253, 'en', 'The timeline for completing the project.'),
(184, 254, 'en', 'Identifying stakeholders.'),
(185, 255, 'en', 'Defining the scope of the project.'),
(186, 256, 'en', 'Creating a project budget'),
(187, 257, 'en', 'Scope statement'),
(188, 258, 'en', 'Communication plan'),
(189, 259, 'en', 'Cost management plan'),
(190, 260, 'en', 'Change request form '),
(191, 261, 'en', 'True'),
(192, 262, 'en', 'False'),
(193, 263, 'en', 'Work breakdown structure'),
(194, 264, 'en', 'Project charter'),
(195, 265, 'en', 'Gantt chart'),
(196, 266, 'en', 'Enterprise resource planning'),
(197, 267, 'en', 'True'),
(198, 268, 'en', 'False'),
(199, 269, 'en', 'Change Management'),
(200, 270, 'en', 'Resource Management'),
(201, 271, 'en', 'Risk Management'),
(202, 272, 'en', 'Customer Service'),
(203, 273, 'en', 'Collecting requirements'),
(204, 274, 'en', 'Creating a work breakdown structure'),
(205, 275, 'en', 'Identifying stakeholders'),
(206, 276, 'en', 'Developing a project charter'),
(207, 277, 'en', 'A process for communicating the progress and status of a project to stakeholders.'),
(208, 278, 'en', 'A Process of communicating the budget for a project to the stakeholders.'),
(209, 279, 'en', 'A document that outlines the scope, objectives, deliverables, and timelines of a project to the stakeholders.'),
(210, 280, 'en', 'A process for managing changes to the scope, timeline, or budget of a project.'),
(211, 281, 'en', 'A document that outlines the scope, objectives, deliverables, and timelines of a project to the stakeholders.'),
(212, 282, 'en', 'A process for managing the communication and reporting of project status.'),
(213, 283, 'en', 'Anyone involved in the project, including stakeholders and team members.'),
(214, 284, 'en', 'Only the project manager.'),
(215, 285, 'en', 'Only the project sponsor.'),
(216, 286, 'en', 'A process for ensuring that the project is completed within the allocated time and budget.'),
(217, 287, 'en', 'A process for ensuring that the project meets the specified quality standards.'),
(218, 288, 'en', 'A process for managing the communication and reporting of project status.'),
(219, 289, 'en', 'Quality control is focused on identifying defects, while quality assurance is focused on preventing defects.'),
(220, 290, 'en', 'Quality control is focused on preventing defects, while quality assurance is focused on identifying defects.'),
(221, 291, 'en', 'Quality control and quality assurance are the same thing.'),
(222, 292, 'en', 'To eliminate all potential risks'),
(223, 293, 'en', 'To transfer risks to another party'),
(224, 294, 'en', 'To minimize the impact of potential risks on the project'),
(225, 295, 'en', 'To ignore potential risks and hope for the best'),
(226, 296, 'en', 'Risk assessment'),
(227, 297, 'en', 'Risk management'),
(228, 298, 'en', 'Risk identification'),
(229, 299, 'en', 'Risk mitigation'),
(230, 300, 'en', 'Bottom-up estimating'),
(231, 301, 'en', 'Analogous estimating'),
(232, 302, 'en', 'Three-point estimating'),
(233, 303, 'en', 'Reserve analysis'),
(234, 304, 'en', 'Business requirement'),
(235, 305, 'en', 'Stakeholder requirement'),
(236, 306, 'en', 'Solution Requirement'),
(237, 307, 'en', 'Project Requirement'),
(238, 308, 'en', 'True'),
(239, 309, 'en', 'False'),
(240, 310, 'en', 'User and System'),
(241, 311, 'en', 'People and process'),
(242, 312, 'en', 'Tech and team'),
(243, 313, 'en', 'Project manager and project team'),
(244, 314, 'en', 'True'),
(245, 315, 'en', 'False'),
(246, 316, 'en', 'Draw.io'),
(247, 317, 'en', 'Lucidchart'),
(248, 318, 'en', 'Power Point'),
(249, 319, 'en', 'Visio'),
(250, 320, 'en', 'An abstract view of what we need to create for our clients'),
(251, 321, 'en', 'A long book, or other work portraying heroic deeds and adventures or covering an extended period of time.'),
(252, 322, 'en', 'Legendary figures or the past history of a nation.'),
(253, 323, 'en', '2016'),
(254, 324, 'en', '2013'),
(255, 325, 'en', '2010'),
(256, 326, 'en', 'All of the above'),
(257, 327, 'en', 'Subsystem'),
(258, 328, 'en', 'Association'),
(259, 329, 'en', 'Management'),
(260, 330, 'en', '1'),
(261, 331, 'en', '2'),
(262, 332, 'en', '3'),
(263, 333, 'en', '4'),
(264, 334, 'en', 'Areas of influence'),
(265, 335, 'en', 'Engagement rules'),
(266, 336, 'en', 'Engagement approach'),
(267, 337, 'en', 'Areas of influence'),
(268, 338, 'en', 'Business analysis performance assessment'),
(269, 339, 'en', 'Legal/ regulatory information'),
(270, 340, 'en', 'Current state description.'),
(271, 341, 'en', 'Business policies'),
(272, 342, 'en', 'All of the Above'),
(273, 343, 'en', 'True'),
(274, 344, 'en', 'False'),
(275, 345, 'en', 'Root cause analysis'),
(276, 346, 'en', 'Risk Analysis and management'),
(277, 347, 'en', 'Item tracking'),
(278, 348, 'en', 'Completeness'),
(279, 349, 'en', 'Relationship'),
(280, 350, 'en', 'collaborative'),
(281, 351, 'en', 'Conventional'),
(282, 352, 'en', 'Observation'),
(283, 353, 'en', 'Diagram review or prototyping'),
(284, 354, 'en', 'Structured Interview'),
(285, 355, 'en', 'Indepth documentation'),
(286, 356, 'en', 'Document revision history'),
(287, 357, 'en', 'Business requirement info section'),
(288, 358, 'en', 'Table of contents'),
(289, 359, 'en', 'Business process overview'),
(290, 360, 'en', 'To identify areas of improvement'),
(291, 361, 'en', 'To eliminate all problems in a project'),
(292, 362, 'en', 'To ignore stakeholder needs'),
(293, 363, 'en', 'To prioritize profits over social responsibility'),
(294, 364, 'en', 'Identify specific improvement areas'),
(295, 365, 'en', 'Determine targets'),
(296, 366, 'en', 'Determine competitors'),
(297, 367, 'en', 'Determine action steps'),
(298, 368, 'en', 'To prevent any changes from being made to the requirements'),
(299, 369, 'en', 'To ensure that any changes to the requirements are properly evaluated and approved'),
(300, 370, 'en', 'To speed up the development process by allowing changes to be made without review'),
(301, 371, 'en', 'To ensure that the project stays within budget by preventing changes to the requirements'),
(302, 372, 'en', 'Business Analysis provides the reasoning for initiating a project.'),
(303, 373, 'en', 'Business Analysis is the strategic part of the project lifecycle. '),
(304, 374, 'en', 'Business Analysis aims to identify business needs and determine solutions to business problems.'),
(305, 375, 'en', 'Business Analysis focuses mainly on managing business requirements for planned software.'),
(306, 376, 'en', 'Business solution proposal '),
(307, 377, 'en', 'Project planning '),
(308, 378, 'en', 'Requirements implementation '),
(309, 379, 'en', 'Requirements testing'),
(310, 380, 'en', 'Business Analysts should support implementation work by validating the most important pieces of code. '),
(311, 381, 'en', 'Business Analysts can support implementation work to ensure developers understand the requirements properly.  '),
(312, 382, 'en', 'Business Analysts can contribute to testing by validating test cases to ensure that testing will adequately cover all the requirements. '),
(313, 383, 'en', 'Business Analysts should be involved during the whole software life cycle, including the maintenance phase.'),
(314, 384, 'en', 'Enterprise Analysis should be always conducted by the customer. '),
(315, 385, 'en', 'Enterprise Analysis allows for determining business opportunities for an organization. '),
(316, 386, 'en', 'Enterprise Analysis is the strategic part of the project lifecycle. '),
(317, 387, 'en', 'Enterprise Analysis allows the establishment of strategic goals to be achieved by an organization.'),
(318, 388, 'en', 'Business Goals provide a clear picture of what the organization is trying to do with the business. '),
(319, 389, 'en', 'Business Goals describe the business problem to be solved by a solution. '),
(320, 390, 'en', 'Business Goals should be SMART.  '),
(321, 391, 'en', 'Business Goals are short- or long-term objectives of an organization.'),
(322, 392, 'en', 'Identification of business processes aims to establish all the roles that are responsible for the execution of the activities that produce the desired outputs. '),
(323, 393, 'en', 'Identification of business processes focuses on finding ineffective parts of processes, which may be improved via process optimization.  '),
(324, 394, 'en', 'Identification of business processes provides means for process control. '),
(325, 395, 'en', 'Identification of business processes helps to determine the activities and the flow required to achieve future planned business and strategic goals of an organization.'),
(326, 396, 'en', 'Different stakeholders may have different expectations regarding the planned solution and the Business Analyst should find a common understanding of the purpose of a solution. '),
(327, 397, 'en', 'Identification of all the stakeholders is important, as each of them can provide their own needs and limitations related to a planned solution. '),
(328, 398, 'en', 'identification of all the stakeholders is important, as it determines the initial scope and requirements of the system. '),
(329, 399, 'en', 'Stakeholders who are not owners or operators of business processes being a part of the final solution should have assigned lower priority as their requirements are less important.  '),
(330, 400, 'en', 'Software/hardware requirements '),
(331, 401, 'en', 'Limitations and assumptions '),
(332, 402, 'en', 'Business solution proposal '),
(333, 403, 'en', 'Business process model'),
(334, 404, 'en', 'Static analysis tools '),
(335, 405, 'en', 'Requirements Management tools'),
(336, 406, 'en', 'Configuration Management tools '),
(337, 407, 'en', 'Text processing tools'),
(338, 408, 'en', 'Organizational culture  '),
(339, 409, 'en', 'Communication frequency '),
(340, 410, 'en', 'Communication formality '),
(341, 411, 'en', 'Type of project'),
(342, 412, 'en', 'Limitations and assumptions '),
(343, 413, 'en', 'Stakeholders '),
(344, 414, 'en', 'Definition of business goals '),
(345, 415, 'en', 'Risks related to requirements.'),
(346, 416, 'en', 'Applying field observation to watch tellers performing existing transactions in the real work environment. '),
(347, 417, 'en', 'Interviewing bank tellers about the problems they found when working with the system.'),
(348, 418, 'en', 'Requesting bank tellers from all branches to fill out a questionnaire asking about the desired functionality of the software system.  '),
(349, 419, 'en', 'Brainstorming involving bank tellers and business representatives to find some ways of improving the efficiency of the system.'),
(350, 420, 'en', 'Identifying and resolving requirements conflicts. '),
(351, 421, 'en', 'Collecting desired functions and characteristics of the planned solution. '),
(352, 422, 'en', 'Ensuring that collected requirements are of good quality. '),
(353, 423, 'en', 'Creating a structure for requirements traceability.'),
(354, 424, 'en', 'Business constraints are conditions that are believed to be true but have not yet been confirmed. '),
(355, 425, 'en', 'Business constraints are limitations on the project\'s flexibility to implement the requested solution. '),
(356, 426, 'en', 'Business constraints are requirements that inform the project team of key stakeholder expectations. '),
(357, 427, 'en', 'Business constraints are assumptions made on the business itself.'),
(358, 428, 'en', 'Sequence diagram '),
(359, 429, 'en', 'Class diagram '),
(360, 430, 'en', 'Activity diagram '),
(361, 431, 'en', 'Data flow diagram'),
(362, 432, 'en', 'Organizing requirements helps to define the structure of requirements and the scope boundaries. '),
(363, 433, 'en', 'Organizing requirements supports quality assurance as it makes the requirements model more clear and more complete.  '),
(364, 434, 'en', 'Organizing requirements is necessary to ensure that all requirements have been collected.'),
(365, 435, 'en', 'Organizing requirements support project planning and allow for maintaining traceability.'),
(366, 436, 'en', ' Communication diagram '),
(367, 437, 'en', 'Sequence diagram '),
(368, 438, 'en', 'Class diagram '),
(369, 439, 'en', 'Activity diagram'),
(370, 440, 'en', 'Communication skills '),
(371, 441, 'en', 'Negotiation skills '),
(372, 442, 'en', 'Facilitation skills '),
(373, 443, 'en', 'Manipulation skills'),
(374, 444, 'en', 'A fictional character representing one of the different types of users. '),
(375, 445, 'en', 'A customer representative.  '),
(376, 446, 'en', 'A specific type of business stakeholder. '),
(377, 447, 'en', 'A synonymous with a Business Leader role in BPI'),
(378, 448, 'en', 'Identify '),
(379, 449, 'en', 'Position'),
(380, 450, 'en', 'Understand'),
(381, 451, 'en', 'Prioritize'),
(382, 452, 'en', 'It will identify the person or  organization and give a description of who they are.'),
(383, 453, 'en', 'Their role'),
(384, 454, 'en', 'Amount of influence'),
(385, 455, 'en', 'Impact on the projects'),
(386, 456, 'en', 'All of the above'),
(387, 457, 'en', 'Formating the heading'),
(388, 458, 'en', 'Creating the influence chart'),
(389, 459, 'en', 'Developing the quadrants'),
(390, 460, 'en', 'Axis correction'),
(391, 461, 'en', 'All of the above'),
(392, 462, 'en', 'Yes'),
(393, 463, 'en', 'No'),
(394, 464, 'en', 'Yes'),
(395, 465, 'en', 'No'),
(396, 466, 'en', 'Yes'),
(397, 467, 'en', 'No'),
(398, 468, 'en', 'Independent'),
(399, 469, 'en', 'Estimable'),
(400, 470, 'en', 'Small'),
(401, 471, 'en', 'Testable'),
(402, 472, 'en', 'Inestimable'),
(403, 473, 'en', 'Stare and compare'),
(404, 474, 'en', 'Plus sql'),
(405, 475, 'en', 'Minus queries'),
(406, 476, 'en', 'SDLC'),
(407, 477, 'en', 'STLC'),
(412, 482, 'en', 'Less is more'),
(413, 483, 'en', 'Recognition rather than recall'),
(414, 484, 'en', 'Aesthetic and minimalist design'),
(415, 485, 'en', 'User control and freedom'),
(416, 486, 'en', 'Pic Snap'),
(417, 487, 'en', 'The Moment'),
(418, 488, 'en', 'Magic Wand'),
(419, 489, 'en', 'Photo'),
(420, 490, 'en', 'Super Me'),
(421, 491, 'en', 'Help and documentation'),
(422, 492, 'en', 'Visibility of system status'),
(423, 493, 'en', 'Error prevention'),
(424, 494, 'en', 'Consistency and standards'),
(425, 495, 'en', 'Help and documentation'),
(426, 496, 'en', 'Consistency and standards'),
(427, 497, 'en', 'Visibility of system status'),
(428, 498, 'en', 'Match between the system and real world'),
(429, 499, 'en', 'Recognition rather than recall'),
(430, 500, 'en', 'Help and documentation'),
(431, 501, 'en', 'Help users recognize, diagnose and recover from errors'),
(432, 502, 'en', 'Consistency and standards'),
(433, 503, 'en', 'Users know basic terminology about car insurance, such as premiums, deductibles, etc.'),
(434, 504, 'en', 'If our company is super famous, users will be familiar with all the insurance options we provide'),
(435, 505, 'en', 'Users want to explore all the cool features in our product'),
(436, 506, 'en', 'Users are interested in shopping for auto insurance'),
(437, 507, 'en', 'On a pop-up promoting a free trial, name the decline-promotion button “I’d rather spend more money\'\' (so that more users will sign up).'),
(438, 508, 'en', 'Place new feature notifications in the notification panel'),
(439, 509, 'en', 'Promote new features when users log in'),
(440, 510, 'en', 'Build an app for people who study English-as-a-second language'),
(441, 511, 'en', 'Build an app for people who study languages for leisure'),
(442, 512, 'en', 'Build a mobile app for children who study English-as-a-second-language for school'),
(443, 513, 'en', 'Build a mobile app for adults who study languages'),
(444, 514, 'en', 'He should choose just one user group (e.g., customers, delivery person, or restaurant owners—but not all three)'),
(445, 515, 'en', 'He shouldn\'t spend time thinking about user groups—identifying different groups will take too much time'),
(446, 516, 'en', 'He should focus only on one type of food (e.g., select burger delivery or pizza delivery—not both)'),
(447, 517, 'en', 'It helps us understand what features competitors offer'),
(448, 518, 'en', 'It can’t tell us why competitors have certain features'),
(449, 519, 'en', 'We can ask users about their experience with those competing products'),
(450, 520, 'en', 'We need to look at at least 10 competitors'),
(451, 521, 'en', 'Number'),
(452, 522, 'en', 'String'),
(453, 523, 'en', 'Boolean'),
(454, 524, 'en', 'Array'),
(455, 525, 'en', 'Java Script'),
(456, 526, 'en', 'Javas Script'),
(457, 527, 'en', 'JSon'),
(458, 528, 'en', 'JavaScript'),
(459, 529, 'en', 'Unit Testing'),
(460, 530, 'en', 'Component Testing'),
(461, 531, 'en', 'Integration Testing'),
(462, 532, 'en', 'Functional Testing'),
(463, 533, 'en', 'What kind of UX research have we done?'),
(464, 534, 'en', 'What kind of UX research have we done?'),
(465, 535, 'en', 'What metrics would you use to measure success?'),
(466, 536, 'en', 'What kind of page layout do you prefer?'),
(467, 537, 'en', '1 out of 10 software engineers eats pizza once a week'),
(468, 538, 'en', 'User study participant 3 revealed that he only watches YouTube on desktop because his phone has a small screen'),
(469, 539, 'en', '15% of our users have trouble remembering their passwords.'),
(470, 540, 'en', 'Can gather data from a large number of users'),
(471, 541, 'en', 'Cheap and fast'),
(472, 542, 'en', 'Can ask users about underlying reasons'),
(473, 543, 'en', 'On web pages, do users prefer blue links or green links?'),
(474, 544, 'en', 'What percent of users successfully ordered a pizza on Pizzahut.com?'),
(475, 545, 'en', 'What kind of pizza is popular in California?'),
(476, 546, 'en', 'Observe how users order pizza at the Pizzahut store'),
(477, 547, 'en', 'How many hours do users spend watching Netflix each week?'),
(478, 548, 'en', 'How do users feel about the quality of Netflix shows?'),
(479, 549, 'en', 'What are the demographics of our users?'),
(480, 550, 'en', 'Quotes from participants'),
(481, 551, 'en', 'Observations from the study'),
(482, 552, 'en', 'Executive summary'),
(483, 553, 'en', 'Raw notes from user interviews'),
(484, 554, 'en', 'Add headers to paragraphs'),
(485, 555, 'en', 'Apply creative writing skills and use advanced vocabulary'),
(486, 556, 'en', 'Highlight keywords'),
(487, 557, 'en', 'Use paragraphs instead of bullet points'),
(488, 558, 'en', 'Reduce words'),
(489, 559, 'en', 'It\'s almost always best to give the user as many choices as you can; they will appreciate the freedom'),
(490, 560, 'en', 'It\'s almost always best to give the user no choices—we want to find the single option that works best and make sure all users do things in that way'),
(491, 561, 'en', 'There\'s a balance—it\'s good to have some choices, but too many choices can result in \"choice paralysis\"'),
(492, 562, 'en', 'Yes, always—existing patterns save users time and energy, and there\'s never a good reason to do things differently'),
(493, 563, 'en', 'Yes, usually—existing patterns save users time and energy, though you may sometimes have a good reason to do things differently'),
(494, 564, 'en', 'No, never—following existing patterns is boring and users will dislike your app if it looks like other products they\'ve seen'),
(495, 565, 'en', 'Proximity'),
(496, 566, 'en', 'Continuity'),
(497, 567, 'en', 'Figure and ground'),
(498, 568, 'en', 'Blinking effect'),
(499, 569, 'en', 'What is the first stage of the design thinking process?'),
(500, 570, 'en', 'Ideate'),
(501, 571, 'en', 'Prototype'),
(502, 572, 'en', 'Empathize'),
(503, 573, 'en', 'Test'),
(504, 574, 'en', 'User-centeredness'),
(505, 575, 'en', 'Iteration'),
(506, 576, 'en', 'Collaboration'),
(507, 577, 'en', 'Perfectionism'),
(508, 578, 'en', 'To validate assumptions and test ideas'),
(509, 579, 'en', 'To create a final product'),
(510, 580, 'en', 'To brainstorm new ideas'),
(511, 581, 'en', 'To conduct user research'),
(512, 582, 'en', 'Conducting user research'),
(513, 583, 'en', 'Brainstorming new ideas'),
(514, 584, 'en', 'Creating a prototype'),
(515, 585, 'en', 'Testing the prototype'),
(516, 586, 'en', 'Discover'),
(517, 587, 'en', 'Define'),
(518, 588, 'en', 'Design'),
(519, 589, 'en', 'Refine'),
(520, 590, 'en', 'Desktop research including internet searches'),
(521, 591, 'en', 'High quality human respondents for qualitative studies or usability studies'),
(522, 592, 'en', 'Sketching with pen and paper'),
(523, 593, 'en', 'Designing with a digital tool to make a clickable prototype for usability studies'),
(524, 594, 'en', 'True'),
(525, 595, 'en', 'False'),
(526, 596, 'en', 'Over budget and cannot recruit more participants'),
(527, 597, 'en', 'Fatigue or loss of interest in the problem statement'),
(528, 598, 'en', 'New data or understanding changes the opportunity areas'),
(529, 599, 'en', 'Wrong assumptions were made'),
(530, 600, 'en', 'When was the last time you did the dishes with a sponge?'),
(531, 601, 'en', 'Do you ever do the dishes and, if so, how often?'),
(532, 602, 'en', 'Why?'),
(533, 603, 'en', 'Making sure everyone likes your designs'),
(534, 604, 'en', 'Including everyone in the session'),
(535, 605, 'en', 'Keeping time in a constructive way'),
(536, 606, 'en', 'Allowing for creative flexibility in the schedule'),
(537, 607, 'en', 'User quotes (Praphrased)'),
(538, 608, 'en', 'Facts and information from desktop research'),
(539, 609, 'en', 'Date and time of interviews'),
(540, 610, 'en', 'Observations and aha moments '),
(541, 611, 'en', 'Long unedited quotes'),
(542, 612, 'en', 'The way people pack for trips and the types of bags they use'),
(543, 613, 'en', 'Things People Pack'),
(544, 614, 'en', 'Luggage Habits'),
(545, 615, 'en', 'Trip Insurance'),
(546, 616, 'en', 'Has a clear solution'),
(547, 617, 'en', 'Problem is supported by research'),
(548, 618, 'en', 'Experienced by multiple archetypes'),
(549, 619, 'en', 'Focused on a limited set of clear issues'),
(550, 620, 'en', 'There is a clear user'),
(551, 621, 'en', 'There is a clear benefit which we can measure'),
(552, 622, 'en', 'It can be answered with a yes or a no'),
(553, 623, 'en', 'There is focus in the areas we can explore to answer the question'),
(554, 624, 'en', 'It requires us to solve the problem using a software product'),
(555, 625, 'en', 'Sketches MUST be detailed and include written text'),
(556, 626, 'en', 'We should have 8 unique ideas—we shouldn\'t go back to previous ideas'),
(557, 627, 'en', 'Drawings should be drawn neatly with straight lines and with colors'),
(558, 628, 'en', 'A mobile app that will notify us if security lines are long'),
(559, 629, 'en', 'An online delivery service for bowls so we can eat our morning cereal in different designer bowls every morning'),
(560, 630, 'en', 'A mobile payment system which forces the user to pay for the in-flight entertainment system in 15 minute increments'),
(561, 631, 'en', 'Weather Predictions from Raw Data'),
(562, 632, 'en', 'Partnership with Rideshare to Hotel'),
(563, 633, 'en', 'AI Prediction of Flight Interruption 24 hours Earlier'),
(564, 634, 'en', 'Weather Predictions from Service'),
(565, 635, 'en', 'Dedicated Trip Interruption Advisor'),
(566, 636, 'en', 'Throw away the idea completely'),
(567, 637, 'en', 'Ask more questions and ideate a new idea given the new constraints'),
(568, 638, 'en', 'Continue designing as though you did not have the conversation'),
(569, 639, 'en', 'Weather Predictions from Raw Data'),
(570, 640, 'en', 'Partnership with Rideshare to Hotel'),
(571, 641, 'en', 'AI Prediction of Flight Interruption 24 hours Earlier'),
(572, 642, 'en', 'Weather Predictions from Service'),
(573, 643, 'en', 'Throw away the idea completely'),
(574, 644, 'en', 'Ask more questions and ideate a new idea given the new constraints'),
(575, 645, 'en', 'Continue designing as though you did not have the conversation'),
(576, 646, 'en', 'During a collaborative workshop to get stakeholder consensus around ideas'),
(577, 647, 'en', 'With stakeholders who are empirical and need to see hard data'),
(578, 648, 'en', 'By yourself, while you\'re ideating'),
(579, 649, 'en', 'High engineering costs'),
(580, 650, 'en', 'Low operational costs'),
(581, 651, 'en', 'Relatively low satisfaction'),
(582, 652, 'en', 'During a workshop session'),
(583, 653, 'en', 'Before committing to designing a set of features'),
(584, 654, 'en', 'When working with stakeholders who expect empirical or data driven results'),
(585, 655, 'en', 'When new information or data around costs or benefits is presented'),
(586, 656, 'en', 'Small, low impact'),
(587, 657, 'en', 'Smallest thing that delivers value that we can build'),
(588, 658, 'en', '100 lines of code or less'),
(589, 659, 'en', 'Presenting only marketing information to a customer before the product is ready'),
(590, 660, 'en', 'Lower cost to develop'),
(591, 661, 'en', 'Higher cost to maintain'),
(592, 662, 'en', 'More restrictions and constraints on our design'),
(593, 663, 'en', 'Taxi dispatch – sending a nearby available cab driver to pick up a ride'),
(594, 664, 'en', 'Computing the shortest route between two points on a map'),
(595, 665, 'en', 'Never—every design element should be implemented from scratch'),
(596, 666, 'en', 'Before heavy design work, in a conversation with engineers (to ensure elements are constrained to the framework)'),
(597, 667, 'en', 'After all designs are finalized'),
(598, 668, 'en', 'Removes imposed mental constraints'),
(599, 669, 'en', 'Allows for fluid iteration'),
(600, 670, 'en', 'Prevents \"writer\'s block\"'),
(601, 671, 'en', 'Allows someone else to explore detail later'),
(602, 672, 'en', 'Lightness'),
(603, 673, 'en', 'Labels'),
(604, 674, 'en', 'Size'),
(605, 675, 'en', 'True'),
(606, 676, 'en', 'False: Text can be infrequently used to express important ideas'),
(607, 677, 'en', 'False: Everything should include detailed text as though it is a real application'),
(608, 678, 'en', 'Always add a popup after a button is clicked'),
(609, 679, 'en', 'Use clear states to indicate if the button is clickable'),
(610, 680, 'en', 'Buttons should be brightly colored and draw attention'),
(611, 681, 'en', 'Similar actions should be placed near each other on the screen'),
(612, 682, 'en', 'Text Input'),
(613, 683, 'en', 'Checkbox'),
(614, 684, 'en', 'Radio'),
(615, 685, 'en', 'Dropdown'),
(616, 686, 'en', 'The error should automatically fix any problem'),
(617, 687, 'en', 'The error should inform the user of what went wrong'),
(618, 688, 'en', 'The error should inform the user of why something went wrong'),
(619, 689, 'en', 'The error should inform the user of some steps to take to try to solve the problem'),
(620, 690, 'en', 'wifi failed'),
(621, 691, 'en', 'Your Internet Connection Has Disconnected'),
(622, 692, 'en', 'Your Internet Connection Has Disconnected. Try Connecting to a Different Network'),
(623, 693, 'en', '503'),
(624, 694, 'en', 'Only use black and white in your app'),
(625, 695, 'en', 'Use iconography in addition to color to communicate meaning'),
(626, 696, 'en', 'Try to use colors that are still differentiable to users affected by colorblindness'),
(627, 697, 'en', 'Offer themes that provide a better color scheme for users affected by colorblindness'),
(642, 712, 'en', 'During initial ethnography'),
(643, 713, 'en', 'During paper sketching'),
(644, 714, 'en', 'During high-fi prototyping '),
(645, 715, 'en', 'Post product launch'),
(646, 716, 'en', 'Opening Ethnography'),
(647, 717, 'en', 'Tasks'),
(648, 718, 'en', 'Intro disclosures'),
(649, 719, 'en', 'Identifying power users or early adopters who are interested in the latest, greatest thing'),
(650, 720, 'en', 'Offering exclusive early access'),
(651, 721, 'en', 'Offering a discount'),
(652, 722, 'en', 'Offering a cash incentive'),
(653, 723, 'en', 'Friends and Family'),
(654, 724, 'en', 'Strangers on the street'),
(655, 725, 'en', 'Strangers at a coffee shop'),
(656, 726, 'en', 'Coworkers in the cafeteria'),
(657, 727, 'en', 'Current users who are power users of your company\'s product'),
(658, 728, 'en', 'Strangers recruited through an agency'),
(659, 729, 'en', 'Ability to record the session directly in zoom'),
(660, 730, 'en', 'Ability to flag specific moments in the conversation'),
(661, 731, 'en', 'Ability to share your screen with the respondent so you can load content on your computer'),
(662, 732, 'en', 'On areas where the user experienced delight'),
(663, 733, 'en', 'On areas where one user was a little bit confused but quickly realized their misunderstanding'),
(664, 734, 'en', 'On areas where a few users were unable to continue through the task flow'),
(665, 735, 'en', 'On areas where multiple users were a little bit confused but quickly realized their misunderstanding');

-- --------------------------------------------------------

--
-- Table structure for table `quizzes_results`
--

CREATE TABLE `quizzes_results` (
  `id` int(10) UNSIGNED NOT NULL,
  `quiz_id` int(10) UNSIGNED NOT NULL,
  `user_id` int(10) UNSIGNED NOT NULL,
  `results` text COLLATE utf8mb4_unicode_ci DEFAULT NULL,
  `user_grade` int(11) DEFAULT NULL,
  `status` enum('passed','failed','waiting') COLLATE utf8mb4_unicode_ci NOT NULL,
  `created_at` int(11) NOT NULL
) ENGINE=InnoDB DEFAULT CHARSET=utf8mb4 COLLATE=utf8mb4_unicode_ci ROW_FORMAT=DYNAMIC;

--
-- Dumping data for table `quizzes_results`
--

INSERT INTO `quizzes_results` (`id`, `quiz_id`, `user_id`, `results`, `user_grade`, `status`, `created_at`) VALUES
(24, 33, 995, '{\"56\":{\"answer\":\"135\",\"status\":true,\"grade\":\"20\"},\"57\":{\"answer\":\"142\",\"status\":false,\"grade\":\"20\"},\"58\":{\"answer\":\"145\",\"status\":false,\"grade\":\"20\"},\"59\":{\"answer\":\"148\",\"status\":false,\"grade\":\"20\"},\"60\":{\"answer\":\"152\",\"status\":true,\"grade\":\"20\"},\"attempt_number\":\"1\"}', 40, 'failed', 1625997180),
(25, 30, 995, '{\"46\":{\"answer\":\"107\",\"status\":true,\"grade\":\"20\"},\"47\":{\"answer\":\"Look for technologies that improve collaboration and enhance the meeting experience. Meeting attendees may be calling in from around the block\\u2014or around the world. Whatever the case, your goal is to make people feel like they are together in the same room.\",\"status\":false,\"grade\":\"20\"},\"48\":{\"answer\":\"Make sure people come to the meeting prepared. Yes, this will require effort beyond simply scheduling the call, but you\\u2019ll reap enormous benefits if you distribute agendas and other relevant materials to attendees ahead of time. Work smart and leverage technology to help you prep meeting content.\",\"status\":false,\"grade\":\"20\"},\"49\":{\"answer\":\"Preserve content so it doesn\'t need to be repeated. Many of our survey respondents reported that they have a huge problem with content persistence (meaning that they have trouble making sure that files, video, web pages, whiteboards, annotations, etc., exist after a meeting ends).\",\"status\":false,\"grade\":\"20\"},\"50\":{\"answer\":\"112\",\"status\":true,\"grade\":\"20\"},\"attempt_number\":\"1\"}', 40, 'waiting', 1625997328),
(28, 28, 995, '{\"40\":{\"answer\":\"83\",\"status\":true,\"grade\":\"20\"},\"41\":{\"answer\":\"89\",\"status\":true,\"grade\":\"20\"},\"42\":{\"answer\":\"92\",\"status\":true,\"grade\":\"20\"},\"44\":{\"answer\":\"102\",\"status\":true,\"grade\":\"20\"},\"45\":{\"answer\":\"104\",\"status\":false,\"grade\":\"20\"},\"attempt_number\":\"1\"}', 80, 'passed', 1626213083),
(29, 33, 996, '{\"56\":{\"answer\":\"135\",\"status\":true,\"grade\":\"20\"},\"57\":{\"answer\":\"142\",\"status\":false,\"grade\":\"20\"},\"58\":{\"answer\":\"143\",\"status\":true,\"grade\":\"20\"},\"59\":{\"answer\":\"149\",\"status\":true,\"grade\":\"20\"},\"60\":{\"answer\":\"152\",\"status\":true,\"grade\":\"20\"},\"attempt_number\":\"1\"}', 80, 'passed', 1626237574),
(56, 30, 995, '', 0, 'waiting', 1688381442),
(57, 62, 995, '', 0, 'waiting', 1695313913);

-- --------------------------------------------------------

--
-- Table structure for table `quiz_question_translations`
--

CREATE TABLE `quiz_question_translations` (
  `id` bigint(20) UNSIGNED NOT NULL,
  `quizzes_question_id` int(10) UNSIGNED NOT NULL,
  `locale` varchar(255) COLLATE utf8mb4_unicode_ci NOT NULL,
  `title` text COLLATE utf8mb4_unicode_ci NOT NULL,
  `correct` text COLLATE utf8mb4_unicode_ci DEFAULT NULL
) ENGINE=InnoDB DEFAULT CHARSET=utf8mb4 COLLATE=utf8mb4_unicode_ci;

--
-- Dumping data for table `quiz_question_translations`
--

INSERT INTO `quiz_question_translations` (`id`, `quizzes_question_id`, `locale`, `title`, `correct`) VALUES
(1, 40, 'en', 'Where is the French capital?', NULL),
(2, 41, 'en', 'What is the coldest season of the year?', NULL),
(3, 42, 'en', 'How many months is each year?', NULL),
(4, 44, 'en', 'How many centimeters is one meter unit?', NULL),
(5, 45, 'en', 'How many meters is one kilometer unit?', ''),
(6, 46, 'en', 'What is the number of things we should do before the meeting?', NULL),
(7, 47, 'en', 'What should we do during the meeting?', 'Start the meeting promptly on schedule and do not wait for others to arrive. A large amount of professional time is wasted by leaders who wait for more people to arrive before starting a meeting. It may require a change in the culture, but once people know that you start your meetings on time, they will arrive on time.'),
(8, 48, 'en', 'What should we do before the meeting?', 'Make sure people come to the meeting prepared. Yes, this will require effort beyond simply scheduling the call, but you’ll reap enormous benefits if you distribute agendas and other relevant materials to attendees ahead of time. Work smart and leverage technology to help you prep meeting content.'),
(9, 49, 'en', 'What should we do after the meeting?', 'Preserve content so it doesn\'t need to be repeated. Many of our survey respondents reported that they have a huge problem with content persistence (meaning that they have trouble making sure that files, video, web pages, whiteboards, annotations, etc., exist after a meeting ends). The key here is to stop conceiving of meetings as events with a definite beginning and an end. Instead, recognize that meetings are often segments of larger projects and look for technology that can preserve and instantly restore your sessions exactly where you left off.'),
(10, 50, 'en', 'What is the number of things we should do after the meeting?', NULL),
(16, 56, 'en', 'Which photo belongs to France?', NULL),
(17, 57, 'en', 'Which image is about a teacher\'s job?', NULL),
(18, 58, 'en', 'Which image is about a fireman\'s job?', NULL),
(19, 59, 'en', 'Which animal lives in water?', NULL),
(20, 60, 'en', 'Which image is autumn?', NULL),
(26, 66, 'en', 'Which photo belongs to France?', NULL),
(27, 67, 'en', 'Which image is about a teacher\'s job?', NULL),
(28, 68, 'en', 'Which image is about a fireman\'s job?', NULL),
(29, 69, 'en', 'Which animal lives in water?', NULL),
(30, 70, 'en', 'Which image is autumn?', NULL),
(31, 71, 'en', 'Which photo belongs to France?', NULL),
(32, 72, 'en', 'Which image is about a teacher\'s job?', NULL),
(33, 73, 'en', 'Which image is about a fireman\'s job?', NULL),
(34, 74, 'en', 'Which animal lives in water?', NULL),
(35, 75, 'en', 'Which image is autumn?', NULL),
(36, 76, 'en', 'Please watch the video and select the correct answer', NULL),
(58, 79, 'en', 'What are the phases of project management?', NULL),
(59, 80, 'en', 'Which of the following is NOT a key responsibility of a project manager?', NULL),
(60, 81, 'en', 'Which of the following is NOT a primary constraint of project management?', NULL),
(61, 82, 'en', 'Which of the following is a technique used to estimate the duration of a project task?', NULL),
(62, 83, 'en', 'Which of the following is NOT a common project management methodology?', NULL),
(63, 84, 'en', 'What is the purpose of a project charter?', NULL),
(64, 85, 'en', ' What is the term used to describe a document that outlines the roles and responsibilities of each project team member?', NULL),
(65, 86, 'en', 'What is the term used to describe the process of acquiring, developing, and managing project team members?', NULL),
(66, 87, 'en', 'Which of the following is a key responsibility of a project manager in resource management?', NULL),
(67, 88, 'en', 'What is the critical path in a project plan?', NULL),
(68, 89, 'en', 'What is the first step in developing a project plan?', NULL),
(69, 90, 'en', 'Which of the following is not a key component of a project management plan?', NULL),
(70, 91, 'en', 'True or False: Project managers are responsible for ensuring that projects are delivered on time, within budget, and to the satisfaction of stakeholders. ', NULL),
(71, 92, 'en', 'Which of the following is not a key project management terminology?', NULL),
(72, 93, 'en', 'True or False: Waterfall methodology is best suited for projects with constantly changing requirements.', NULL),
(73, 94, 'en', 'Which of the following is not a role and responsibility of a project manager? ', NULL),
(74, 95, 'en', 'Which of the following is not a step in defining project scope?', NULL),
(75, 96, 'en', 'What is project status reporting?', NULL),
(76, 97, 'en', 'What is project change management?', NULL),
(77, 98, 'en', 'Who can submit a change request?', NULL),
(78, 99, 'en', 'What is project quality management?', NULL),
(79, 100, 'en', 'What is the difference between quality control and quality assurance?', NULL),
(80, 101, 'en', 'What is the purpose of a risk management plan in project management?', NULL),
(81, 102, 'en', 'Which of the following is a technique used to identify and evaluate project risks?', NULL),
(82, 103, 'en', 'Which of the following is a technique used to estimate the total cost of a project?', NULL),
(83, 104, 'en', 'According to the video, which of these isn\'t a type of requirement?', NULL),
(84, 105, 'en', 'According to IIBA requirement engineering is an important skill for a business analyst', NULL),
(85, 106, 'en', 'The use case describes the connection between which two things.', NULL),
(86, 107, 'en', 'Strategic business analysis is other wise call high level analysis', NULL),
(87, 108, 'en', 'Which of the modelling tools listed can’t be used for heavy models', NULL),
(88, 109, 'en', 'What is Epic?', NULL),
(89, 110, 'en', 'What Version of Excels were mentioned?', NULL),
(90, 111, 'en', 'What was the first element used in the video?', NULL),
(91, 112, 'en', 'How many planning approaches are there as mentioned in the video?', NULL),
(92, 113, 'en', 'Parts of the stakeholder plan include these except ?', NULL),
(93, 114, 'en', 'Which of these is business analysis governance guidelines ?', NULL),
(94, 115, 'en', 'Elements of Business Analysis Information Management (Business Analysis approach + Stakeholder Engagement approach + Governance approach)', NULL),
(95, 116, 'en', 'Which of these techniques is used to trail issues that occur during the performance of business analysis process for later resolution', NULL),
(96, 117, 'en', 'Requirement architecture covers the following usage except', NULL),
(97, 118, 'en', 'Which of these requirement techniques doesn’t involve stakeholder interaction?', NULL),
(98, 119, 'en', 'What section of the business requirement document keeps track of changes made to different types of documents?', NULL),
(99, 120, 'en', 'What is the goal of a gap analysis?', NULL),
(100, 121, 'en', 'Which of the following is NOT a step in conducting a gap analysis?', NULL),
(101, 122, 'en', 'What is the purpose of a requirement change control process?', NULL),
(102, 123, 'en', 'What definition of business analysis best fits the following statement?', NULL),
(103, 124, 'en', 'Which of the following is a primary responsibility of a business analyst?', NULL),
(104, 125, 'en', 'Which of the following assertions is untrue?', NULL),
(105, 126, 'en', 'Which of the following assertions regarding enterprise analysis is untrue?', NULL),
(106, 127, 'en', 'Which of the following claims regarding business goals is untrue?', NULL),
(107, 128, 'en', 'Which of the following best sums up the role that business process identification plays in business analysis?', NULL),
(108, 129, 'en', 'What one of the following is NOT true regarding project stakeholders?', NULL),
(109, 130, 'en', 'Which of the following is NOT likely to be a result of business analysis?', NULL),
(110, 131, 'en', 'Which of the following is NOT a type of tool commonly used to support Business Analysis Activities', NULL),
(111, 132, 'en', 'In the event of projects launched and implemented by the same company, which of the following criteria is LEAST LIKELY to impact Business Analysis communication planning?', NULL),
(112, 133, 'en', 'Which of the following is the LEAST likely to be included in a requirements document?', NULL),
(113, 134, 'en', 'You are trying to improve the functionality of an existing software system that supports fundamental banking transactions. The software is presently utilized in all of the bank\'s branches. On the demand of the bank\'s clients, supported transactions are handled by bank tellers (who operate the banking software system). The issue you must resolve is determining which portions of the present process are ineffective and should be enhanced. You\'ve already gathered some preliminary data indicating that completing some of the most common transitions takes too long. What strategy for identifying needs would be the LEAST effective in this situation?', NULL),
(114, 135, 'en', 'One of the primary purposes of business needs elicitation is which of the following?', NULL),
(115, 136, 'en', 'What best defines a business constraint?', NULL),
(116, 137, 'en', 'Which of the following UML diagrams may be used to describe the flow of business processes?', NULL),
(117, 138, 'en', 'Which of the following statements best describes the rationale for structuring requirements?', NULL),
(118, 139, 'en', 'You are a team member on a project to set up an online store for books. An example of a software solution must be prepared. The model should outline the stages a consumer must take to complete their purchase of a book and should reflect the process of buying a book in general. You would rather concentrate on business flow than express the order in which each step in the purchasing process must be completed. Which of the following diagrams is most appropriate for this situation?', NULL),
(119, 140, 'en', 'Which of the following is NOT an essential soft skill for a Business Analyst?', NULL),
(120, 141, 'en', 'Which best defines persona?', NULL),
(121, 142, 'en', 'Which of the following is not a step in conducting stakeholder analysis?', NULL),
(122, 143, 'en', 'Stakeholder analysis consists of the following', NULL),
(123, 144, 'en', 'Which activities is completed in the Excel demonstration of how to create stakeholder analysis?', NULL),
(124, 145, 'en', 'When managing stakeholder engagement, personnel registration is an external factor that affects stakeholder engagement.', NULL),
(125, 146, 'en', 'Two key factors to be considered in communication planning are purpose  and who is involved.', NULL),
(126, 147, 'en', 'Two matrices mentioned in the communication plan video are communication by item and communication by place.', NULL),
(127, 148, 'en', 'The following are characteristics of good user stories except?', NULL),
(128, 149, 'en', 'Two data testing strategies are as follows except ?', NULL),
(129, 150, 'en', '______ identifies what test activities to be carried out and when to carry out those activities', NULL),
(131, 152, 'en', 'Which of the following is not one of Nielsen’s 10 heuristics?', NULL),
(132, 153, 'en', 'Imagine you are working on an app, and the core feature of the app is to “take a photo”. Which of the following would be a good name for the app? Pic Snip The Moment Super Me Magic Wand', NULL),
(133, 154, 'en', 'Use the image below to answer this question: When new users first sign into whimsical.com, Whimsical shows them how to use the tool—giving them concrete, easy-to-understand steps right in the location where they need the information. Which heuristic does Whimsical apply?', NULL),
(134, 155, 'en', 'Use the image below to answer this question: When you read an article on TechCrunch, the green closing icon shows how much of the article you have already completed. Which heuristic did TechCrunch apply?', NULL),
(135, 156, 'en', 'Use this image to answer the quiz below: You\'re taking a survey and, when you try to skip a required question, you see the message above. Which heuristic did it apply?', NULL),
(136, 157, 'en', 'Imagine you are a designer for an online auto insurance shopping site. Which of these assumptions can you make?', NULL),
(138, 159, 'en', 'Which of the following should you (as the UX designer) not do? Pick the wrong one', NULL),
(139, 160, 'en', 'When selecting a design problem, you\'ll want to make sure the scope is something specific, narrow, and achievable (given the time and resources you have). With that in mind, which of these design goals is probably the best?  ', NULL),
(140, 161, 'en', 'John is trying to decide what design problem to research for his Udacity UX course, and he\'s relatively short on time (he needs to finish the course and graduate soon, so he doesn\'t have a lot of time for his research). He decides to design a food delivery app. Select one thing John should consider if he wants to keep his research to a reasonable scope?', NULL),
(141, 162, 'en', 'Which of the following about competitive analysis is false?', NULL),
(142, 163, 'en', 'Which is not a primitive data type in JS?', NULL),
(143, 164, 'en', 'What does JS stand for?', NULL),
(144, 165, 'en', 'Which of these is not a type of test that can be carried out on a software?', NULL),
(145, 166, 'en', 'Which of these questions could you ask stakeholders during the early stages of a product? (Select the one that doesen\'t apply)', NULL),
(146, 167, 'en', 'Which of the following is not likely to be data generated from a quantitative study?', NULL),
(147, 168, 'en', 'What are the pros of qualitative studies? (Select all that apply)', NULL),
(148, 169, 'en', 'Which of the following is a good fit for a qualitative study?', NULL),
(149, 170, 'en', 'Imagine you work for Netflix, and that recent data shows users don’t engage with Netflix as much as before. Netflix wants to know why. You\'re going to interview 10 users to try to find out.  Which of the following could potentially be your overarching research questions? (Select the correct one)', NULL),
(150, 171, 'en', 'Which of the following should you include in your research report? (Select the one that doesn\'t apply)', NULL),
(151, 172, 'en', 'What techniques can you use to make blocks of text more digestible? (Select the one that doesn\'t apply.)', NULL),
(152, 173, 'en', 'What can we say about the role of choice in our designs?', NULL),
(153, 174, 'en', 'When designing a new product, should you follow existing patterns that the user has seen before?', NULL),
(154, 175, 'en', 'Which of the following is not a Gestalt Principle?', NULL),
(155, 176, 'en', 'What is the first stage of the design thinking process?', NULL),
(156, 177, 'en', 'Which of the following is NOT a key principle of design thinking?', NULL),
(157, 178, 'en', 'What is the purpose of prototyping in the design thinking process?', NULL),
(158, 179, 'en', 'Which of the following is an essential step in the empathize stage of design thinking?', NULL),
(159, 180, 'en', 'Low-Fidelity Prototyping falls into which stage of the Double Diamond process?', NULL),
(160, 181, 'en', 'Which is most often the highest cost factor (in terms of cash and time) of the Double Diamond?', NULL),
(161, 182, 'en', 'True or False: The Double Diamond is prescriptive and must be followed', NULL),
(162, 183, 'en', 'Which of these is NOT a reason that might change the Double Diamond process in practice?', NULL),
(163, 184, 'en', 'Which of the following is a leading question?', NULL),
(164, 185, 'en', 'When facilitating a workshop, you should be mindful of all except one.', NULL),
(165, 186, 'en', 'All except one are some good pieces of information to write on your notes?', NULL),
(166, 187, 'en', 'Which theme name is most appropriate for the cluster of notes above?', NULL),
(167, 188, 'en', 'All except one are some good qualities of the problem statement above?', NULL),
(168, 189, 'en', 'All except one are some of the good qualities of the following How Might We question? How Might We provide more relevant information about trip status to frequent travelers so they can experience less frustration during their trip?', NULL),
(169, 190, 'en', 'What is a requirements for sketches when ideating using the Crazy-8 Technique?', NULL),
(170, 191, 'en', 'Which of the following is an example of a bad idea for our Air Travel Project', NULL),
(171, 192, 'en', 'Your group is limited on time in your workshop. Which one feature is not your top priority to discuss as a team?', NULL),
(172, 193, 'en', 'You just had a conversation with an engineer regarding the scope of a feature that you feel passionately about. It turns out the feature is much more complex than you thought. How should you proceed:', NULL),
(173, 194, 'en', 'Your group is limited on time in your workshop. Which one feature should not be your top priority to discuss as a team?', NULL),
(174, 195, 'en', 'You just had a conversation with an engineer regarding the scope of a feature that you feel passionately about. It turns out the feature is much more complex than you thought. How should you proceed:', NULL),
(175, 196, 'en', 'When should you not use the value vs. complexity quadrants?', NULL),
(176, 197, 'en', 'What except one are some of the reasons AI Prediction of Favorite In-Flight Snack has such a low score?', NULL),
(177, 198, 'en', 'When should you not use the Score Matrix Technique to prioritize features?', NULL),
(178, 199, 'en', 'How do we define \"Minimum\" in Minimum Viable Product?', NULL),
(179, 200, 'en', 'What is one reason to use off-the-shelf parts in your piecemeal MVP?', NULL),
(180, 201, 'en', 'Which feature would probably be the easiest to build as a concierge MVP?', NULL),
(181, 202, 'en', 'When is the most appropriate time to choose a coded design framework?', NULL),
(182, 203, 'en', 'What are some of the benefits of working with \"lossy\" or less-detailed information?', NULL),
(183, 204, 'en', 'How do we represent information hierarchy with lo-fi text?', NULL),
(184, 205, 'en', 'True or False: We should never use written words in lo-fi prototypes.', NULL),
(185, 206, 'en', 'Which of the following are design principals we should follow when implementing buttons?', NULL),
(186, 207, 'en', 'Which of the following are not the type of input for this quiz?', NULL),
(187, 208, 'en', 'What are the qualities of a useful error message?', NULL),
(188, 209, 'en', 'Based on the information in the video, which of the following errors is best?', NULL),
(189, 210, 'en', 'Which of these is a bad idea when it comes to helping users who are affected by colorblindness?', NULL),
(194, 215, 'en', 'At which stages is it appropriate to usability test a product?', NULL),
(195, 216, 'en', 'Which section of a usability session should take the most amount of time?', NULL),
(196, 217, 'en', 'Which techniques might help recruit current users to a usability study?', NULL),
(197, 218, 'en', 'Which 3 of the following have the highest probability of sampling bias?', NULL),
(198, 219, 'en', 'Which features make Zoom particularly appealing when running remote, moderated usability sessions?', NULL),
(199, 220, 'en', 'Quiz Question After placing notes on your user flow map, where is the most important area to focus most of your redesign efforts?', NULL);

-- --------------------------------------------------------

--
-- Table structure for table `quiz_translations`
--

CREATE TABLE `quiz_translations` (
  `id` bigint(20) UNSIGNED NOT NULL,
  `quiz_id` int(10) UNSIGNED NOT NULL,
  `locale` varchar(255) COLLATE utf8mb4_unicode_ci NOT NULL,
  `title` text COLLATE utf8mb4_unicode_ci NOT NULL
) ENGINE=InnoDB DEFAULT CHARSET=utf8mb4 COLLATE=utf8mb4_unicode_ci;

--
-- Dumping data for table `quiz_translations`
--

INSERT INTO `quiz_translations` (`id`, `quiz_id`, `locale`, `title`) VALUES
(1, 28, 'en', 'Elementary Quiz'),
(2, 30, 'en', 'First Quiz'),
(4, 32, 'en', 'Midterm Quiz'),
(5, 33, 'en', 'Midterm Quiz'),
(7, 35, 'en', 'Entrance Quiz'),
(21, 44, 'en', 'Quiz 1'),
(22, 45, 'en', 'Quiz 3'),
(23, 46, 'en', 'Assessment Exam'),
(24, 47, 'en', 'Quiz 4'),
(25, 48, 'en', 'Quiz 5'),
(26, 49, 'en', 'Quiz 1'),
(27, 50, 'en', 'Quiz 2'),
(28, 51, 'en', 'Quiz 3'),
(29, 52, 'en', 'Quiz 4'),
(30, 53, 'en', 'Qualifying Test'),
(31, 54, 'en', 'Quiz 5'),
(32, 55, 'en', 'Quiz 6'),
(34, 57, 'en', 'Quiz 7'),
(37, 60, 'en', 'Week 1 Quiz'),
(38, 61, 'en', 'Exam 1'),
(39, 62, 'en', 'Week 2 Quiz'),
(40, 63, 'en', 'Week 3 Quiz'),
(41, 64, 'en', 'Week 7 Quiz'),
(42, 65, 'en', 'Week 8 Quiz'),
(43, 66, 'en', 'Quiz'),
(44, 67, 'en', 'Quiz'),
(46, 69, 'en', 'Quiz');

-- --------------------------------------------------------

--
-- Table structure for table `rating`
--

CREATE TABLE `rating` (
  `id` int(10) UNSIGNED NOT NULL,
  `webinar_id` int(10) UNSIGNED NOT NULL,
  `user_id` int(10) UNSIGNED NOT NULL,
  `creator_id` int(10) UNSIGNED NOT NULL,
  `rate` int(10) UNSIGNED NOT NULL
) ENGINE=InnoDB DEFAULT CHARSET=utf8mb4 COLLATE=utf8mb4_unicode_ci ROW_FORMAT=DYNAMIC;

-- --------------------------------------------------------

--
-- Table structure for table `regions`
--

CREATE TABLE `regions` (
  `id` int(10) UNSIGNED NOT NULL,
  `country_id` int(10) UNSIGNED DEFAULT NULL,
  `province_id` int(10) UNSIGNED DEFAULT NULL,
  `city_id` int(10) UNSIGNED DEFAULT NULL,
  `geo_center` point DEFAULT NULL,
  `type` enum('country','province','city','district') COLLATE utf8mb4_unicode_ci NOT NULL,
  `title` varchar(255) COLLATE utf8mb4_unicode_ci NOT NULL,
  `created_at` int(10) UNSIGNED NOT NULL
) ENGINE=InnoDB DEFAULT CHARSET=utf8mb4 COLLATE=utf8mb4_unicode_ci;

--
-- Dumping data for table `regions`
--

INSERT INTO `regions` (`id`, `country_id`, `province_id`, `city_id`, `geo_center`, `type`, `title`, `created_at`) VALUES
(16, NULL, NULL, NULL, 0x000000000101000000502c37a3fd2748400000000000910440, 'country', 'France', 1646175250),
(17, NULL, NULL, NULL, 0x000000000101000000cc4c51ad1a29374000000000509c5340, 'country', 'India', 1646045215),
(18, NULL, NULL, NULL, 0x000000000101000000fc87794512fd434000000000787e58c0, 'country', 'United States', 1646208799),
(19, NULL, NULL, NULL, 0x000000000101000000c399e9d9582130400000000040da3240, 'country', 'Chad', 1646045318),
(20, NULL, NULL, NULL, 0x000000000101000000c914e2b7f634384000000000e0634640, 'country', 'Saudi Arabia', 1646045651),
(21, 16, NULL, NULL, 0x000000000101000000b7417d8d9700484000000000c01709c0, 'province', 'Brittany', 1646175600),
(22, 16, NULL, NULL, 0x000000000101000000c28d5422c26d484000000000e0b20240, 'province', 'Île-de-France', 1646176998),
(23, 16, 22, NULL, 0x00000000010100000043242b8d136e4840f6ffffff3dcd0240, 'city', 'Paris', 1646177038),
(24, 16, 22, 23, 0x000000000101000000f4056521416f4840f7ffff7f315a0240, 'district', 'Chaillot', 1646177131),
(25, 16, 22, 23, 0x000000000101000000fecb2c1406684840f9ffff7f26fc0140, 'district', 'Le val', 1646177195),
(26, 16, 22, 23, 0x000000000101000000da05b69e8a6d484008000000cd2e0340, 'district', 'Charonne', 1646177249),
(27, 17, NULL, NULL, 0x00000000010100000032073e5acab03c4004000000934a5340, 'province', 'Delhi', 1646177430),
(28, 17, NULL, NULL, 0x000000000101000000e7331bb0e31333400200008025395240, 'province', 'Maharashtra', 1646177529),
(29, 17, 27, NULL, 0x0000000001010000004ea45133209e3c4002000050f54c5340, 'city', 'New Delhi', 1646177585),
(30, 17, 28, NULL, 0x0000000001010000000fd66a9d27f13240040000305b355240, 'city', 'Mumbai', 1646177660),
(31, 20, NULL, NULL, 0x0000000001010000005aa3dd6a75923840070000004acf4340, 'province', 'Medina', 1646207588),
(32, 20, 31, NULL, 0x0000000001010000007522ebce077938400500005028ce4340, 'city', 'Medina', 1646207641),
(33, 20, NULL, NULL, 0x000000000101000000f87d72b19dd33840000000007c5d4740, 'province', 'Riyadh', 1646207846),
(34, 20, 33, NULL, 0x0000000001010000003352eaadc2a23840050000207c5b4740, 'city', 'Riyadh', 1646207899),
(35, 17, 27, 29, 0x000000000101000000677eaddc83933c40000000f4e44f5340, 'district', 'Jal vihar', 1646208038),
(36, 17, 27, 29, 0x0000000001010000000c564b253b8f3c40030000f4f54d5340, 'district', 'Anand lok', 1646208100),
(37, 17, 28, 30, 0x000000000101000000744a1102cef732400000003c9b345240, 'district', 'Tardeo', 1646208151),
(38, 17, 28, 30, 0x000000000101000000e1347d6ea4ed32400000009235355240, 'district', 'Kala ghoda', 1646208227),
(39, 17, 28, 30, 0x0000000001010000007f59b3f397003340feffffa36f345240, 'district', 'Nehru nagar', 1646208287),
(40, 20, 31, 32, 0x0000000001010000009f9a107be67a3840fcfffff32bcc4340, 'district', 'Al fath', 1646208357),
(41, 20, 31, 32, 0x0000000001010000004a9335c11e7c384001000084fbd54340, 'district', 'Al mabuth', 1646208449),
(42, 20, 33, 34, 0x000000000101000000ecdbbe5e4ca438400400001821554740, 'district', 'Al rafiah', 1646208501),
(43, 20, 33, 34, 0x00000000010100000047a393f74fa83840fdffff8f195d4740, 'district', 'Al malaz', 1646208541),
(44, 20, 33, 34, 0x000000000101000000b3cc5d99029b384004000090d3574740, 'district', 'Sultanah', 1646208741),
(45, 18, NULL, NULL, 0x0000000001010000008a421c62479242402300000002ef5dc0, 'province', 'California', 1646208923),
(46, 18, NULL, NULL, 0x00000000010100000073bb0212f86a4540000000006add52c0, 'province', 'New York', 1646209125),
(47, 18, 45, NULL, 0x000000000101000000c0eb475b13e44240e2ffffafd29a5ec0, 'city', 'San Francisco', 1646209213),
(48, 18, 45, NULL, 0x000000000101000000996d3806e37c4240f8fffff7ee815ec0, 'city', 'Santa Cruz', 1646209310),
(49, 18, 46, NULL, 0x0000000001010000002ff3954dd15d4440020000504b7f52c0, 'city', 'New York', 1646209459),
(50, 18, 46, NULL, 0x00000000010100000035c4cc6279534540000000b85b7052c0, 'city', 'Albany', 1646209552),
(51, 18, 45, 47, 0x0000000001010000003aeafdd6abe04240faffffd7b49f5ec0, 'district', 'Sunset district', 1646209607),
(52, 18, 45, 47, 0x0000000001010000001d646d8c1bdf4240f1ffff57859a5ec0, 'district', 'Bernal heights', 1646209668),
(53, 18, 45, 48, 0x000000000101000000798fe4b88f7b4240220000d4f3825ec0, 'district', 'Westside', 1646209704),
(54, 18, 45, 48, 0x0000000001010000000ea4fdcb187c4240e4ffffdb84805ec0, 'district', 'Seabright', 1646209756),
(55, 18, 46, 49, 0x000000000101000000502d3717765b444003000064278052c0, 'district', 'Civic center', 1646209822),
(56, 18, 46, 49, 0x000000000101000000895ffa4836624440fffffff7687d52c0, 'district', 'Lenox hill', 1646209902),
(57, 18, 46, 50, 0x0000000001010000002a11fd866f5445400400000c7e7252c0, 'district', 'Pine hills', 1646209945),
(58, 18, 46, 50, 0x000000000101000000132a6a90cb5445400400000a557052c0, 'district', 'Arbor hill', 1646209990),
(59, 19, NULL, NULL, 0x000000000101000000e02f3b6e02472840f2ffffff83122e40, 'province', 'N\'Djaména', 1646210607),
(60, 19, 59, NULL, 0x0000000001010000000b5659aeba3d284018000040c4192e40, 'city', 'N\'Djaména', 1646210643),
(61, 19, NULL, NULL, 0x000000000101000000776860c6695021400e00000094103040, 'province', 'Logone Occidental', 1646210813),
(62, 19, 61, NULL, 0x000000000101000000d1cf427b71222140030000a0e2123040, 'city', 'Moundou', 1646210881),
(63, 19, 59, 60, 0x0000000001010000002e2f2cc30d312840e6ffffdf71262e40, 'district', 'Moursal', 1646210978),
(64, 19, 59, 60, 0x0000000001010000009f93ddbcdc392840f1ffff9feb192e40, 'district', 'Blabline', 1646211027),
(65, 19, 61, 62, 0x0000000001010000000b91007923232140f7ffff9732163040, 'district', 'Bornou', 1646211077),
(66, 19, 61, 62, 0x0000000001010000006b07cb49aa192140f6ffffa7650f3040, 'district', 'Dokapti', 1646211168),
(67, 16, 21, NULL, 0x00000000010100000018e23f51690e4840fffffffff1e3fabf, 'city', 'Rennes', 1646295560),
(68, 16, 21, 67, 0x0000000001010000001d2d3bd0140e4840060000009f54fbbf, 'district', 'Moulin du comte', 1646295696);

-- --------------------------------------------------------

--
-- Table structure for table `registration_packages`
--

CREATE TABLE `registration_packages` (
  `id` int(10) UNSIGNED NOT NULL,
  `days` int(10) UNSIGNED NOT NULL,
  `price` double(15,2) UNSIGNED NOT NULL,
  `icon` varchar(255) COLLATE utf8mb4_unicode_ci NOT NULL,
  `role` enum('instructors','organizations') COLLATE utf8mb4_unicode_ci NOT NULL,
  `instructors_count` int(11) DEFAULT NULL,
  `students_count` int(11) DEFAULT NULL,
  `courses_capacity` int(11) DEFAULT NULL,
  `courses_count` int(11) DEFAULT NULL,
  `meeting_count` int(11) DEFAULT NULL,
  `product_count` int(10) UNSIGNED DEFAULT NULL,
  `ai_content_access` tinyint(1) NOT NULL DEFAULT 0,
  `status` enum('disabled','active') COLLATE utf8mb4_unicode_ci NOT NULL,
  `created_at` int(10) UNSIGNED NOT NULL
) ENGINE=InnoDB DEFAULT CHARSET=utf8mb4 COLLATE=utf8mb4_unicode_ci;

--
-- Dumping data for table `registration_packages`
--

INSERT INTO `registration_packages` (`id`, `days`, `price`, `icon`, `role`, `instructors_count`, `students_count`, `courses_capacity`, `courses_count`, `meeting_count`, `product_count`, `ai_content_access`, `status`, `created_at`) VALUES
(1, 30, 99.00, '/store/1/default_images/registertion_packages/bronze_instructor.png', 'instructors', NULL, NULL, 40, 10, 30, NULL, 0, 'active', 1646040584),
(2, 90, 199.00, '/store/1/default_images/registertion_packages/silver_instructor.png', 'instructors', NULL, NULL, 60, 20, 50, NULL, 0, 'active', 1646041075),
(3, 180, 400.00, '/store/1/default_images/registertion_packages/gold_instructor.png', 'instructors', NULL, NULL, 100, 40, 75, NULL, 0, 'active', 1646041329),
(4, 30, 200.00, '/store/1/default_images/registertion_packages/bronze_organization.png', 'organizations', 5, 50, 40, 10, 30, NULL, 0, 'active', 1646041807),
(5, 90, 400.00, '/store/1/default_images/registertion_packages/silver_organization.png', 'organizations', 10, 100, 70, 20, 50, NULL, 0, 'active', 1646041992),
(6, 180, 600.00, '/store/1/default_images/registertion_packages/gold_organization.png', 'organizations', 30, 300, 150, 50, 100, NULL, 0, 'active', 1646042364);

-- --------------------------------------------------------

--
-- Table structure for table `registration_packages_translations`
--

CREATE TABLE `registration_packages_translations` (
  `id` bigint(20) UNSIGNED NOT NULL,
  `registration_package_id` int(10) UNSIGNED NOT NULL,
  `locale` varchar(255) COLLATE utf8mb4_unicode_ci NOT NULL,
  `title` varchar(255) COLLATE utf8mb4_unicode_ci NOT NULL,
  `description` varchar(255) COLLATE utf8mb4_unicode_ci DEFAULT NULL
) ENGINE=InnoDB DEFAULT CHARSET=utf8mb4 COLLATE=utf8mb4_unicode_ci;

--
-- Dumping data for table `registration_packages_translations`
--

INSERT INTO `registration_packages_translations` (`id`, `registration_package_id`, `locale`, `title`, `description`) VALUES
(1, 1, 'en', 'Basic', 'Suggested for starter instructors.'),
(2, 2, 'en', 'Pro', 'Suggested for professional instructors.'),
(3, 3, 'en', 'Premium', 'Suggested for expert instructors.'),
(4, 4, 'en', 'Basic', 'Suggested for small organizations'),
(5, 5, 'en', 'Pro', 'Suggested for medium organizations'),
(6, 6, 'en', 'Premium', 'Suggested for big organizations');

-- --------------------------------------------------------

--
-- Table structure for table `reserve_meetings`
--

CREATE TABLE `reserve_meetings` (
  `id` int(10) UNSIGNED NOT NULL,
  `meeting_id` int(11) DEFAULT NULL,
  `sale_id` int(10) UNSIGNED DEFAULT NULL,
  `meeting_time_id` int(10) UNSIGNED NOT NULL,
  `day` varchar(10) COLLATE utf8mb4_unicode_ci NOT NULL,
  `date` int(10) UNSIGNED NOT NULL,
  `start_at` bigint(20) UNSIGNED NOT NULL,
  `end_at` bigint(20) UNSIGNED NOT NULL,
  `user_id` int(10) UNSIGNED NOT NULL,
  `paid_amount` decimal(13,2) NOT NULL,
  `meeting_type` enum('in_person','online') COLLATE utf8mb4_unicode_ci NOT NULL DEFAULT 'online',
  `student_count` int(11) DEFAULT NULL,
  `discount` int(11) DEFAULT NULL,
  `link` varchar(255) COLLATE utf8mb4_unicode_ci DEFAULT NULL,
  `password` varchar(64) COLLATE utf8mb4_unicode_ci DEFAULT NULL,
  `description` text COLLATE utf8mb4_unicode_ci DEFAULT NULL,
  `status` enum('pending','open','finished','canceled') COLLATE utf8mb4_unicode_ci NOT NULL,
  `created_at` int(11) NOT NULL,
  `locked_at` int(11) DEFAULT NULL,
  `reserved_at` int(11) DEFAULT NULL
) ENGINE=InnoDB DEFAULT CHARSET=utf8mb4 COLLATE=utf8mb4_unicode_ci ROW_FORMAT=DYNAMIC;

--
-- Dumping data for table `reserve_meetings`
--

INSERT INTO `reserve_meetings` (`id`, `meeting_id`, `sale_id`, `meeting_time_id`, `day`, `date`, `start_at`, `end_at`, `user_id`, `paid_amount`, `meeting_type`, `student_count`, `discount`, `link`, `password`, `description`, `status`, `created_at`, `locked_at`, `reserved_at`) VALUES
(1, 30, 186, 169, '2022-03-15', 1647302400, 1647354600, 1647358200, 995, '750.00', 'in_person', 5, NULL, NULL, NULL, 'We are the managers of a company and we want to get acquainted with the concepts of risk in resource management.', 'pending', 1646379271, NULL, 1646379290);

-- --------------------------------------------------------

--
-- Table structure for table `rewards`
--

CREATE TABLE `rewards` (
  `id` int(10) UNSIGNED NOT NULL,
  `type` enum('account_charge','create_classes','buy','pass_the_quiz','certificate','comment','register','review_courses','instructor_meeting_reserve','student_meeting_reserve','newsletters','badge','referral','learning_progress_100','charge_wallet','buy_store_product','pass_assignment','send_post_in_topic','make_topic','create_blog_by_instructor','comment_for_instructor_blog') COLLATE utf8mb4_unicode_ci NOT NULL,
  `score` int(10) UNSIGNED DEFAULT NULL,
  `condition` varchar(255) COLLATE utf8mb4_unicode_ci DEFAULT NULL,
  `status` enum('active','disabled') COLLATE utf8mb4_unicode_ci NOT NULL,
  `created_at` bigint(20) UNSIGNED NOT NULL
) ENGINE=InnoDB DEFAULT CHARSET=utf8mb4 COLLATE=utf8mb4_unicode_ci;

--
-- Dumping data for table `rewards`
--

INSERT INTO `rewards` (`id`, `type`, `score`, `condition`, `status`, `created_at`) VALUES
(3, 'charge_wallet', 50, '150', 'active', 1641205067),
(4, 'account_charge', 50, '100', 'active', 1641369989),
(5, 'badge', NULL, NULL, 'active', 1641300755),
(6, 'create_classes', 50, NULL, 'active', 1641369921),
(7, 'buy', 50, '10', 'active', 1641369938),
(8, 'pass_the_quiz', 50, NULL, 'active', 1641369947),
(9, 'certificate', 30, NULL, 'active', 1641369955),
(10, 'comment', 5, NULL, 'active', 1641369968),
(11, 'register', 5, NULL, 'active', 1641370008),
(12, 'review_courses', 15, NULL, 'active', 1641370016),
(13, 'instructor_meeting_reserve', 30, NULL, 'active', 1641370026),
(14, 'student_meeting_reserve', 30, NULL, 'active', 1641370036),
(15, 'newsletters', 10, NULL, 'active', 1641370050),
(16, 'referral', 5, NULL, 'active', 1641370059),
(18, 'learning_progress_100', 20, NULL, 'active', 1641372957),
(19, 'buy_store_product', 50, '26', 'active', 1648277874),
(20, 'pass_assignment', 50, NULL, 'active', 1649247227),
(21, 'make_topic', 1, NULL, 'active', 1650548269),
(22, 'send_post_in_topic', 1, NULL, 'active', 1650548278),
(23, 'create_blog_by_instructor', 5, NULL, 'active', 1650788324),
(24, 'comment_for_instructor_blog', 3, NULL, 'active', 1650788336);

-- --------------------------------------------------------

--
-- Table structure for table `rewards_accounting`
--

CREATE TABLE `rewards_accounting` (
  `id` int(10) UNSIGNED NOT NULL,
  `user_id` int(10) UNSIGNED NOT NULL,
  `item_id` int(10) UNSIGNED DEFAULT NULL,
  `type` enum('account_charge','create_classes','buy','pass_the_quiz','certificate','comment','register','review_courses','instructor_meeting_reserve','student_meeting_reserve','newsletters','badge','referral','learning_progress_100','charge_wallet','withdraw','buy_store_product','pass_assignment','send_post_in_topic','make_topic','create_blog_by_instructor','comment_for_instructor_blog') COLLATE utf8mb4_unicode_ci NOT NULL,
  `score` int(10) UNSIGNED NOT NULL,
  `status` enum('addiction','deduction') COLLATE utf8mb4_unicode_ci NOT NULL,
  `created_at` bigint(20) UNSIGNED NOT NULL
) ENGINE=InnoDB DEFAULT CHARSET=utf8mb4 COLLATE=utf8mb4_unicode_ci;

--
-- Dumping data for table `rewards_accounting`
--

INSERT INTO `rewards_accounting` (`id`, `user_id`, `item_id`, `type`, `score`, `status`, `created_at`) VALUES
(1, 867, 2006, 'create_classes', 50, 'addiction', 1645726175),
(2, 929, 1999, 'create_classes', 50, 'addiction', 1645726209),
(3, 1015, 2008, 'create_classes', 50, 'addiction', 1646127156),
(4, 995, 2005, 'learning_progress_100', 20, 'addiction', 1646127296),
(5, 1015, 2009, 'create_classes', 50, 'addiction', 1646172007),
(6, 995, NULL, 'buy', 55, 'addiction', 1646172086),
(7, 996, NULL, 'buy', 50, 'addiction', 1646172123),
(8, 979, NULL, 'buy', 55, 'addiction', 1646172159),
(9, 929, NULL, 'buy', 55, 'addiction', 1646172296),
(10, 867, 2000, 'create_classes', 50, 'addiction', 1646172395),
(11, 979, 23, 'badge', 15, 'addiction', 1646245104),
(12, 1015, 23, 'badge', 15, 'addiction', 1646254479),
(13, 1015, 26, 'badge', 30, 'addiction', 1646254480),
(14, 1015, 29, 'badge', 50, 'addiction', 1646254480),
(15, 1015, 32, 'badge', 50, 'addiction', 1646254481),
(16, 1015, 35, 'badge', 20, 'addiction', 1646254481),
(17, 979, 33, 'review_courses', 15, 'addiction', 1646254639),
(18, 864, 23, 'badge', 15, 'addiction', 1646256513),
(19, 864, 24, 'badge', 10, 'addiction', 1646256514),
(20, 870, 23, 'badge', 15, 'addiction', 1646257010),
(21, 870, 24, 'badge', 10, 'addiction', 1646257010),
(22, 870, 29, 'badge', 50, 'addiction', 1646257011),
(23, 870, 31, 'badge', 20, 'addiction', 1646257011),
(24, 870, 35, 'badge', 20, 'addiction', 1646257011),
(25, 867, 23, 'badge', 15, 'addiction', 1646260042),
(26, 867, 26, 'badge', 30, 'addiction', 1646260043),
(27, 867, 29, 'badge', 50, 'addiction', 1646260043),
(28, 867, 31, 'badge', 20, 'addiction', 1646260043),
(29, 867, 35, 'badge', 20, 'addiction', 1646260044),
(30, 1016, 23, 'badge', 15, 'addiction', 1646263056),
(31, 1016, 24, 'badge', 10, 'addiction', 1646263057),
(32, 1016, 29, 'badge', 50, 'addiction', 1646263057),
(33, 1016, 31, 'badge', 20, 'addiction', 1646263057),
(34, 1016, 35, 'badge', 20, 'addiction', 1646263058),
(35, 934, 23, 'badge', 15, 'addiction', 1646263177),
(36, 934, 25, 'badge', 20, 'addiction', 1646263177),
(37, 934, 29, 'badge', 50, 'addiction', 1646263177),
(38, 934, 35, 'badge', 20, 'addiction', 1646263178),
(39, 929, 23, 'badge', 15, 'addiction', 1646263303),
(40, 929, 25, 'badge', 20, 'addiction', 1646263304),
(41, 929, 29, 'badge', 50, 'addiction', 1646263304),
(42, 929, 31, 'badge', 20, 'addiction', 1646263304),
(43, 3, 23, 'badge', 15, 'addiction', 1646263503),
(44, 3, 25, 'badge', 20, 'addiction', 1646263504),
(45, 3, 31, 'badge', 20, 'addiction', 1646263504),
(46, 4, 23, 'badge', 15, 'addiction', 1646263571),
(47, 4, 24, 'badge', 10, 'addiction', 1646263571),
(48, 4, 29, 'badge', 50, 'addiction', 1646263572),
(49, 4, 35, 'badge', 20, 'addiction', 1646263572),
(50, 859, 23, 'badge', 15, 'addiction', 1646263573),
(51, 863, 23, 'badge', 15, 'addiction', 1646263573),
(52, 863, 24, 'badge', 10, 'addiction', 1646263573),
(53, 863, 29, 'badge', 50, 'addiction', 1646263574),
(54, 863, 31, 'badge', 20, 'addiction', 1646263574),
(55, 863, 35, 'badge', 20, 'addiction', 1646263574),
(56, 868, 23, 'badge', 15, 'addiction', 1646287364),
(57, 996, 23, 'badge', 15, 'addiction', 1646290203),
(58, 995, 23, 'badge', 15, 'addiction', 1646302693),
(59, 923, 23, 'badge', 15, 'addiction', 1646326059),
(60, 923, 25, 'badge', 20, 'addiction', 1646326060),
(61, 923, 29, 'badge', 50, 'addiction', 1646326060),
(62, 923, 31, 'badge', 20, 'addiction', 1646326060),
(63, 923, 35, 'badge', 20, 'addiction', 1646326061),
(64, 995, 34, 'review_courses', 15, 'addiction', 1646352844),
(65, 995, NULL, 'buy', 4125, 'addiction', 1646379288),
(66, 995, NULL, 'student_meeting_reserve', 30, 'addiction', 1646379290),
(67, 1017, 22, 'badge', 10, 'addiction', 1646379365),
(68, 930, 23, 'badge', 15, 'addiction', 1646386699),
(69, 930, NULL, 'buy', 1095, 'addiction', 1646386787),
(70, 859, NULL, 'buy', 1100, 'addiction', 1646387655),
(71, 1017, 1017, 'newsletters', 10, 'addiction', 1646389129),
(72, 4, 2005, 'create_classes', 50, 'addiction', 1646396841),
(73, 929, 2004, 'create_classes', 50, 'addiction', 1646396863),
(74, 1015, 35, 'review_courses', 15, 'addiction', 1646413457),
(75, 1015, 66, 'comment', 5, 'addiction', 1646413662),
(76, 996, 996, 'newsletters', 10, 'addiction', 1646414262),
(77, 1, 23, 'badge', 15, 'addiction', 1655618081),
(78, 1017, 23, 'badge', 15, 'addiction', 1655697087),
(79, 1015, 1, 'make_topic', 1, 'addiction', 1655716308),
(80, 1015, 2, 'make_topic', 1, 'addiction', 1655716703),
(81, 929, 1, 'send_post_in_topic', 1, 'addiction', 1655718839),
(82, 979, 2, 'send_post_in_topic', 1, 'addiction', 1655786658),
(83, 930, 3, 'send_post_in_topic', 1, 'addiction', 1655786705),
(84, 1017, 3, 'make_topic', 1, 'addiction', 1655787049),
(85, 923, 4, 'send_post_in_topic', 1, 'addiction', 1655787619),
(86, 1017, 5, 'send_post_in_topic', 1, 'addiction', 1655787999),
(87, 870, 4, 'make_topic', 1, 'addiction', 1655788542),
(88, 3, 6, 'send_post_in_topic', 1, 'addiction', 1655788607),
(89, 996, 5, 'make_topic', 1, 'addiction', 1655789512),
(90, 930, 7, 'send_post_in_topic', 1, 'addiction', 1655789536),
(91, 859, 8, 'send_post_in_topic', 1, 'addiction', 1655789585),
(92, 923, 6, 'make_topic', 1, 'addiction', 1655790004),
(93, 3, 9, 'send_post_in_topic', 1, 'addiction', 1655790272),
(94, 3, 7, 'make_topic', 1, 'addiction', 1655790607),
(95, 934, 10, 'send_post_in_topic', 1, 'addiction', 1655790650),
(96, 930, 8, 'make_topic', 1, 'addiction', 1655790834),
(97, 929, 11, 'send_post_in_topic', 1, 'addiction', 1655790902),
(98, 870, 12, 'send_post_in_topic', 1, 'addiction', 1655790940),
(99, 995, 9, 'make_topic', 1, 'addiction', 1655791192),
(100, 996, 13, 'send_post_in_topic', 1, 'addiction', 1655791222),
(101, 1015, 14, 'send_post_in_topic', 1, 'addiction', 1655791289),
(102, 3, 15, 'send_post_in_topic', 1, 'addiction', 1655791331),
(103, 929, 26, 'badge', 30, 'addiction', 1655799442),
(104, 929, 2010, 'create_classes', 50, 'addiction', 1655804611),
(105, 996, 36, 'review_courses', 15, 'addiction', 1655877051),
(106, 930, 1, 'pass_assignment', 50, 'addiction', 1655877895),
(107, 995, 1, 'pass_assignment', 50, 'addiction', 1655878435),
(108, 1015, 22, 'badge', 10, 'addiction', 1655907547),
(109, 1019, 21, 'badge', 5, 'addiction', 1655970555),
(110, 930, NULL, 'buy', 275, 'addiction', 1656083262),
(111, 930, 37, 'review_courses', 15, 'addiction', 1656083388),
(112, 1016, 22, 'badge', 10, 'addiction', 1656083787),
(113, 995, 10, 'make_topic', 1, 'addiction', 1656101498),
(114, 995, 16, 'send_post_in_topic', 1, 'addiction', 1656101542),
(115, 1016, 17, 'send_post_in_topic', 1, 'addiction', 1656101670),
(116, 870, 18, 'send_post_in_topic', 1, 'addiction', 1656101717),
(117, 929, 19, 'send_post_in_topic', 1, 'addiction', 1656101751),
(118, 995, 4, 'buy_store_product', 10, 'addiction', 1656103844),
(119, 995, NULL, 'buy', 26, 'addiction', 1656103844),
(120, 995, 38, 'review_courses', 15, 'addiction', 1656103909),
(121, 923, 1, 'buy_store_product', 60, 'addiction', 1656104131),
(122, 923, NULL, 'buy', 156, 'addiction', 1656104131),
(123, 996, NULL, 'buy', 198, 'addiction', 1656130481),
(124, 864, 31, 'badge', 20, 'addiction', 1656130495),
(125, 996, 39, 'review_courses', 15, 'addiction', 1656130578),
(126, 930, 2, 'buy_store_product', 605, 'addiction', 1656130707),
(127, 930, NULL, 'buy', 1573, 'addiction', 1656130707),
(128, 996, 5, 'buy_store_product', 151, 'addiction', 1656130963),
(129, 996, NULL, 'buy', 394, 'addiction', 1656130963),
(130, 979, NULL, 'buy', 44, 'addiction', 1656139703),
(131, 979, NULL, 'buy', 138, 'addiction', 1656139705),
(132, 979, 41, 'review_courses', 15, 'addiction', 1656139797),
(133, 979, 40, 'review_courses', 15, 'addiction', 1656139799),
(134, 1015, 36, 'badge', 5, 'addiction', 1656148218),
(135, 1015, 38, 'badge', 10, 'addiction', 1656148220),
(136, 1017, 38, 'badge', 10, 'addiction', 1656148474),
(137, 1017, 1, 'buy_store_product', 50, 'addiction', 1656148574),
(138, 1017, NULL, 'buy', 130, 'addiction', 1656148574),
(139, 995, 38, 'badge', 10, 'addiction', 1656148637),
(140, 995, 1, 'buy_store_product', 100, 'addiction', 1656148838),
(141, 995, NULL, 'buy', 261, 'addiction', 1656148838),
(142, 1016, 36, 'badge', 5, 'addiction', 1656194232),
(143, 864, 29, 'badge', 50, 'addiction', 1656194599),
(144, 864, 35, 'badge', 20, 'addiction', 1656194599),
(145, 870, 38, 'badge', 10, 'addiction', 1656219366),
(146, 996, 38, 'badge', 10, 'addiction', 1656219590),
(147, 995, 6, 'buy_store_product', 33, 'addiction', 1656322658),
(148, 995, NULL, 'buy', 85, 'addiction', 1656322658),
(149, 923, 38, 'badge', 10, 'addiction', 1656530749),
(150, 995, 2007, 'learning_progress_100', 20, 'addiction', 1656664848),
(151, 995, 6, 'certificate', 30, 'addiction', 1656664855),
(188, 1019, 22, 'badge', 10, 'addiction', 1678904160),
(189, 930, 38, 'badge', 10, 'addiction', 1678908532),
(190, 870, 25, 'badge', 20, 'addiction', 1678911991),
(191, 3, 29, 'badge', 50, 'addiction', 1678912055),
(192, 3, 35, 'badge', 20, 'addiction', 1678912055),
(193, 3, 38, 'badge', 10, 'addiction', 1678912055),
(194, 870, 2022, 'create_classes', 50, 'addiction', 1678912167),
(195, 995, NULL, 'buy', 165, 'addiction', 1678915490),
(196, 979, NULL, 'buy', 165, 'addiction', 1678917767),
(197, 979, NULL, 'buy', 198, 'addiction', 1678919437),
(198, 995, 2004, 'learning_progress_100', 20, 'addiction', 1678919451),
(199, 930, NULL, 'buy', 165, 'addiction', 1678922511),
(200, 995, NULL, 'buy', 110, 'addiction', 1678922691),
(201, 1017, NULL, 'buy', 165, 'addiction', 1678923556),
(202, 979, NULL, 'buy', 165, 'addiction', 1678925790),
(203, 995, NULL, 'buy', 165, 'addiction', 1678925916),
(204, 995, NULL, 'buy', 110, 'addiction', 1678926039),
(205, 995, 1045, 'referral', 5, 'addiction', 1678958778),
(206, 1045, 1045, 'register', 5, 'addiction', 1678958778),
(207, 1045, NULL, 'buy', 550, 'addiction', 1678959222),
(208, 995, 1046, 'referral', 5, 'addiction', 1678959533),
(209, 1046, 1046, 'register', 5, 'addiction', 1678959533),
(210, 995, NULL, 'buy', 165, 'addiction', 1678961006),
(211, 930, NULL, 'buy', 198, 'addiction', 1678961218),
(212, 979, NULL, 'buy', 165, 'addiction', 1678961652),
(213, 1045, 21, 'badge', 5, 'addiction', 1679088389),
(214, 1045, NULL, 'buy', 165, 'addiction', 1679088431),
(215, 1046, 21, 'badge', 5, 'addiction', 1679093055),
(216, 995, 42, 'review_courses', 15, 'addiction', 1679093248),
(217, 1047, 21, 'badge', 5, 'addiction', 1688370429),
(218, 995, 2010, 'learning_progress_100', 20, 'addiction', 1688381024),
(219, 867, 2007, 'create_classes', 50, 'addiction', 1688381126),
(220, 1016, 1995, 'create_classes', 50, 'addiction', 1688383569),
(221, 867, 25, 'badge', 20, 'addiction', 1688384872),
(222, 923, 24, 'badge', 10, 'addiction', 1688384903),
(223, 864, 2003, 'create_classes', 50, 'addiction', 1688385051),
(224, 3, 24, 'badge', 10, 'addiction', 1688385106),
(225, 1014, 23, 'badge', 15, 'addiction', 1688389897),
(226, 1046, 22, 'badge', 10, 'addiction', 1688390284),
(227, 1045, 22, 'badge', 10, 'addiction', 1688392008),
(228, 1019, 23, 'badge', 15, 'addiction', 1688392195),
(229, 1015, 2024, 'create_classes', 50, 'addiction', 1691243425),
(230, 1015, 2025, 'create_classes', 50, 'addiction', 1691244495),
(231, 1015, 2026, 'create_classes', 50, 'addiction', 1691245789),
(232, 859, 24, 'badge', 10, 'addiction', 1692879335),
(233, 859, 25, 'badge', 20, 'addiction', 1692886461),
(234, 859, 2028, 'create_classes', 50, 'addiction', 1692891453),
(235, 1050, 21, 'badge', 5, 'addiction', 1692939231),
(236, 1050, 24, 'badge', 10, 'addiction', 1693493743),
(237, 1050, 2029, 'create_classes', 50, 'addiction', 1693494068),
(238, 1015, 2031, 'create_classes', 50, 'addiction', 1693495861),
(239, 1050, 25, 'badge', 20, 'addiction', 1693497394),
(240, 859, 26, 'badge', 30, 'addiction', 1693508447),
(241, 1056, 24, 'badge', 10, 'addiction', 1693508477),
(242, 1056, 21, 'badge', 5, 'addiction', 1693543459),
(243, 1049, 21, 'badge', 5, 'addiction', 1693577096),
(244, 1049, 2028, 'learning_progress_100', 20, 'addiction', 1693578278),
(245, 1057, 21, 'badge', 5, 'addiction', 1693663549),
(246, 1058, 21, 'badge', 5, 'addiction', 1693663579),
(247, 1050, 22, 'badge', 10, 'addiction', 1695525418),
(248, 1056, 22, 'badge', 10, 'addiction', 1697564255),
(249, 1057, 22, 'badge', 10, 'addiction', 1697564315),
(250, 1058, 22, 'badge', 10, 'addiction', 1697564341),
(251, 1070, 1070, 'register', 5, 'addiction', 1707156836),
(252, 1070, 21, 'badge', 5, 'addiction', 1707156837),
(253, 1072, 1072, 'register', 5, 'addiction', 1707157514);

-- --------------------------------------------------------

--
-- Table structure for table `roles`
--

CREATE TABLE `roles` (
  `id` int(10) UNSIGNED NOT NULL,
  `name` varchar(64) COLLATE utf8mb4_unicode_ci NOT NULL,
  `caption` varchar(64) COLLATE utf8mb4_unicode_ci NOT NULL,
  `users_count` int(10) UNSIGNED NOT NULL DEFAULT 0,
  `is_admin` tinyint(1) NOT NULL DEFAULT 0,
  `created_at` int(10) UNSIGNED NOT NULL
) ENGINE=InnoDB DEFAULT CHARSET=utf8mb4 COLLATE=utf8mb4_unicode_ci ROW_FORMAT=DYNAMIC;

--
-- Dumping data for table `roles`
--

INSERT INTO `roles` (`id`, `name`, `caption`, `users_count`, `is_admin`, `created_at`) VALUES
(1, 'user', 'Student role', 0, 0, 1604418504),
(2, 'admin', 'Admin role', 0, 1, 1604418504),
(3, 'organization', 'Organization role', 0, 0, 1604418504),
(4, 'teacher', 'Instructor role', 0, 0, 1604418504),
(6, 'education', 'Author', 0, 1, 1613370817);

-- --------------------------------------------------------

--
-- Table structure for table `sales`
--

CREATE TABLE `sales` (
  `id` int(10) UNSIGNED NOT NULL,
  `seller_id` int(10) UNSIGNED DEFAULT NULL,
  `buyer_id` int(10) UNSIGNED NOT NULL,
  `order_id` int(10) UNSIGNED DEFAULT NULL,
  `webinar_id` int(10) UNSIGNED DEFAULT NULL,
  `bundle_id` int(10) UNSIGNED DEFAULT NULL,
  `meeting_id` int(10) UNSIGNED DEFAULT NULL,
  `meeting_time_id` int(10) UNSIGNED DEFAULT NULL,
  `subscribe_id` int(10) UNSIGNED DEFAULT NULL,
  `ticket_id` int(10) UNSIGNED DEFAULT NULL,
  `promotion_id` int(10) UNSIGNED DEFAULT NULL,
  `product_order_id` int(10) UNSIGNED DEFAULT NULL,
  `registration_package_id` int(10) UNSIGNED DEFAULT NULL,
  `installment_payment_id` int(10) UNSIGNED DEFAULT NULL,
  `gift_id` int(10) UNSIGNED DEFAULT NULL,
  `payment_method` enum('credit','payment_channel','subscribe') COLLATE utf8mb4_unicode_ci DEFAULT NULL,
  `type` enum('webinar','meeting','subscribe','promotion','registration_package','product','bundle','installment_payment','gift') COLLATE utf8mb4_unicode_ci NOT NULL,
  `amount` decimal(13,2) UNSIGNED NOT NULL,
  `tax` decimal(13,2) DEFAULT NULL,
  `commission` decimal(13,2) DEFAULT NULL,
  `discount` decimal(13,2) DEFAULT NULL,
  `total_amount` decimal(13,2) DEFAULT NULL,
  `product_delivery_fee` decimal(13,2) DEFAULT NULL,
  `manual_added` tinyint(1) NOT NULL DEFAULT 0,
  `access_to_purchased_item` tinyint(1) NOT NULL DEFAULT 1,
  `created_at` int(10) UNSIGNED NOT NULL,
  `refund_at` int(10) UNSIGNED DEFAULT NULL
) ENGINE=InnoDB DEFAULT CHARSET=utf8mb4 COLLATE=utf8mb4_unicode_ci ROW_FORMAT=DYNAMIC;

--
-- Dumping data for table `sales`
--

INSERT INTO `sales` (`id`, `seller_id`, `buyer_id`, `order_id`, `webinar_id`, `bundle_id`, `meeting_id`, `meeting_time_id`, `subscribe_id`, `ticket_id`, `promotion_id`, `product_order_id`, `registration_package_id`, `installment_payment_id`, `gift_id`, `payment_method`, `type`, `amount`, `tax`, `commission`, `discount`, `total_amount`, `product_delivery_fee`, `manual_added`, `access_to_purchased_item`, `created_at`, `refund_at`) VALUES
(141, 1015, 996, 307, NULL, NULL, 30, NULL, NULL, NULL, NULL, NULL, NULL, NULL, NULL, 'credit', 'meeting', '150.00', '15.00', '30.00', '0.00', '165.00', NULL, 0, 1, 1625944345, NULL),
(142, 934, 995, 308, NULL, NULL, 31, NULL, NULL, NULL, NULL, NULL, NULL, NULL, NULL, 'credit', 'meeting', '100.00', '10.00', '20.00', '0.00', '110.00', NULL, 0, 1, 1625952627, NULL),
(143, 4, 995, 309, 2005, NULL, NULL, NULL, NULL, NULL, NULL, NULL, NULL, NULL, NULL, 'credit', 'webinar', '10.00', '1.00', '2.00', '0.00', '11.00', NULL, 0, 1, 1625953196, NULL),
(144, 1015, 995, 310, NULL, NULL, 30, NULL, NULL, NULL, NULL, NULL, NULL, NULL, NULL, 'credit', 'meeting', '125.00', '12.50', '25.00', '0.00', '137.50', NULL, 0, 1, 1625996812, NULL),
(145, 1016, 995, NULL, 1995, NULL, NULL, NULL, NULL, NULL, NULL, NULL, NULL, NULL, NULL, 'credit', 'webinar', '0.00', NULL, NULL, NULL, NULL, NULL, 0, 1, 1625996905, NULL),
(146, 929, 995, 311, 1999, NULL, NULL, NULL, NULL, NULL, NULL, NULL, NULL, NULL, NULL, 'credit', 'webinar', '50.00', '5.00', '5.00', '0.00', '55.00', NULL, 0, 1, 1625996941, NULL),
(147, 1015, 995, 312, 1998, NULL, NULL, NULL, NULL, NULL, NULL, NULL, NULL, NULL, NULL, 'credit', 'webinar', '100.00', '5.00', '10.00', '50.00', '55.00', NULL, 0, 1, 1625996978, NULL),
(148, 3, 995, 313, 2001, NULL, NULL, NULL, NULL, NULL, NULL, NULL, NULL, NULL, NULL, 'credit', 'webinar', '20.00', '1.60', '1.60', '4.00', '17.60', NULL, 0, 1, 1625997104, NULL),
(149, 1015, 996, NULL, 1996, NULL, NULL, NULL, NULL, NULL, NULL, NULL, NULL, NULL, NULL, 'credit', 'webinar', '0.00', NULL, NULL, NULL, NULL, NULL, 0, 1, 1626060382, NULL),
(150, 934, 996, NULL, 1997, NULL, NULL, NULL, NULL, NULL, NULL, NULL, NULL, NULL, NULL, 'credit', 'webinar', '0.00', NULL, NULL, NULL, NULL, NULL, 0, 1, 1626060412, NULL),
(151, 867, 996, 314, 2006, NULL, NULL, NULL, NULL, NULL, NULL, NULL, NULL, NULL, NULL, 'credit', 'webinar', '25.00', '2.25', '4.50', '2.50', '24.75', NULL, 0, 1, 1626060487, NULL),
(152, 1015, 996, 315, 1998, NULL, NULL, NULL, NULL, NULL, NULL, NULL, NULL, NULL, NULL, 'credit', 'webinar', '100.00', '4.00', '8.00', '60.00', '44.00', NULL, 0, 1, 1626060552, NULL),
(153, 1015, 979, NULL, 1996, NULL, NULL, NULL, NULL, NULL, NULL, NULL, NULL, NULL, NULL, 'credit', 'webinar', '0.00', NULL, NULL, NULL, NULL, NULL, 0, 1, 1626060740, NULL),
(154, 1015, 930, NULL, 1996, NULL, NULL, NULL, NULL, NULL, NULL, NULL, NULL, NULL, NULL, 'credit', 'webinar', '0.00', NULL, NULL, NULL, NULL, NULL, 0, 1, 1626060773, NULL),
(155, 1015, 930, 316, 1998, NULL, NULL, NULL, NULL, NULL, NULL, NULL, NULL, NULL, NULL, 'credit', 'webinar', '100.00', '5.00', '10.00', '50.00', '55.00', NULL, 0, 1, 1626060835, NULL),
(156, 929, 979, 317, 2004, NULL, NULL, NULL, NULL, NULL, NULL, NULL, NULL, NULL, NULL, 'credit', 'webinar', '60.00', '6.00', '6.00', '0.00', '66.00', NULL, 0, 1, 1626061332, NULL),
(157, 863, 979, 318, 2002, NULL, NULL, NULL, NULL, NULL, NULL, NULL, NULL, NULL, NULL, 'credit', 'webinar', '20.00', '2.00', '4.00', '0.00', '22.00', NULL, 0, 1, 1626061373, NULL),
(158, 867, 979, 318, 2000, NULL, NULL, NULL, NULL, NULL, NULL, NULL, NULL, NULL, NULL, 'credit', 'webinar', '30.00', '3.00', '6.00', '0.00', '33.00', NULL, 0, 1, 1626061374, NULL),
(159, NULL, 995, 319, NULL, NULL, NULL, NULL, 3, NULL, NULL, NULL, NULL, NULL, NULL, 'credit', 'subscribe', '20.00', '2.00', '0.00', NULL, '22.00', NULL, 0, 1, 1626061450, NULL),
(160, 867, 995, NULL, 2006, NULL, NULL, NULL, NULL, NULL, NULL, NULL, NULL, NULL, NULL, 'subscribe', 'webinar', '0.00', NULL, NULL, NULL, '0.00', NULL, 0, 1, 1626061483, NULL),
(161, 929, 995, NULL, 2004, NULL, NULL, NULL, NULL, NULL, NULL, NULL, NULL, NULL, NULL, 'subscribe', 'webinar', '0.00', NULL, NULL, NULL, '0.00', NULL, 0, 0, 1626061490, NULL),
(162, 863, 995, NULL, 2002, NULL, NULL, NULL, NULL, NULL, NULL, NULL, NULL, NULL, NULL, 'subscribe', 'webinar', '0.00', NULL, NULL, NULL, '0.00', NULL, 0, 1, 1626061494, NULL),
(163, 1015, 995, NULL, 1996, NULL, NULL, NULL, NULL, NULL, NULL, NULL, NULL, NULL, NULL, 'credit', 'webinar', '0.00', NULL, NULL, NULL, NULL, NULL, 0, 1, 1626062834, NULL),
(164, 1016, 996, NULL, 1995, NULL, NULL, NULL, NULL, NULL, NULL, NULL, NULL, NULL, NULL, 'credit', 'webinar', '0.00', NULL, NULL, NULL, NULL, NULL, 0, 1, 1626129811, NULL),
(165, 1016, 1015, NULL, 1995, NULL, NULL, NULL, NULL, NULL, NULL, NULL, NULL, NULL, NULL, 'credit', 'webinar', '0.00', NULL, NULL, NULL, NULL, NULL, 0, 1, 1626132407, NULL),
(166, 863, 1015, 321, 2002, NULL, NULL, NULL, NULL, NULL, NULL, NULL, NULL, NULL, NULL, 'credit', 'webinar', '20.00', '1.60', '3.20', '4.00', '17.60', NULL, 0, 1, 1626132844, NULL),
(167, NULL, 929, 323, 2004, NULL, NULL, NULL, NULL, NULL, 3, NULL, NULL, NULL, NULL, 'credit', 'promotion', '50.00', '5.00', '0.00', NULL, '55.00', NULL, 0, 1, 1626241152, NULL),
(168, 864, 929, 324, 2003, NULL, NULL, NULL, NULL, NULL, NULL, NULL, NULL, NULL, NULL, 'credit', 'webinar', '40.00', '3.00', '6.00', '10.00', '33.00', NULL, 0, 1, 1626241212, NULL),
(169, 1015, 929, NULL, 1996, NULL, NULL, NULL, NULL, NULL, NULL, NULL, NULL, NULL, NULL, 'credit', 'webinar', '0.00', NULL, NULL, NULL, NULL, NULL, 0, 1, 1626243340, NULL),
(170, 870, 995, 325, NULL, NULL, 33, NULL, NULL, NULL, NULL, NULL, NULL, NULL, NULL, 'credit', 'meeting', '100.00', '10.00', '20.00', '0.00', '110.00', NULL, 0, 1, 1626247195, 1626247245),
(171, 867, 996, 327, 2000, NULL, NULL, NULL, NULL, NULL, NULL, NULL, NULL, NULL, NULL, 'credit', 'webinar', '30.00', '2.70', '5.40', '3.00', '29.70', NULL, 0, 1, 1626508956, NULL),
(172, 867, 995, NULL, 2007, NULL, NULL, NULL, NULL, NULL, NULL, NULL, NULL, NULL, NULL, 'credit', 'webinar', '0.00', NULL, NULL, NULL, '0.00', NULL, 0, 1, 1635408189, NULL),
(173, 867, 929, 328, 2000, NULL, NULL, NULL, NULL, NULL, NULL, NULL, NULL, NULL, NULL, 'credit', 'webinar', '30.00', '3.00', '6.00', '0.00', '33.00', NULL, 0, 1, 1635412196, NULL),
(174, 867, 1017, 330, 2000, NULL, NULL, NULL, NULL, NULL, NULL, NULL, NULL, NULL, NULL, 'credit', 'webinar', '30.00', '3.00', '6.00', '0.00', '33.00', NULL, 0, 1, 1639379284, NULL),
(175, 1016, 1017, NULL, 1995, NULL, NULL, NULL, NULL, NULL, NULL, NULL, NULL, NULL, NULL, 'credit', 'webinar', '0.00', NULL, NULL, NULL, '0.00', NULL, 0, 1, 1639379336, NULL),
(176, 1015, 1017, 331, 1998, NULL, NULL, NULL, NULL, NULL, NULL, NULL, NULL, NULL, NULL, 'credit', 'webinar', '100.00', '10.00', '20.00', '0.00', '110.00', NULL, 0, 1, 1639379350, NULL),
(177, 864, 1017, 332, 2003, NULL, NULL, NULL, NULL, NULL, NULL, NULL, NULL, NULL, NULL, 'credit', 'webinar', '40.00', '3.00', '6.00', '10.00', '33.00', NULL, 0, 1, 1639379388, NULL),
(178, 1015, 995, NULL, 2008, NULL, NULL, NULL, NULL, NULL, NULL, NULL, NULL, NULL, NULL, 'credit', 'webinar', '0.00', NULL, NULL, NULL, '0.00', NULL, 0, 1, 1646127212, NULL),
(179, 1015, 995, 333, 2009, NULL, NULL, NULL, NULL, NULL, NULL, NULL, NULL, NULL, NULL, 'credit', 'webinar', '10.00', '1.00', '2.00', '0.00', '11.00', NULL, 0, 1, 1646172086, NULL),
(180, 1015, 996, 334, 2009, NULL, NULL, NULL, NULL, NULL, NULL, NULL, NULL, NULL, NULL, 'credit', 'webinar', '10.00', '0.90', '1.80', '1.00', '9.90', NULL, 0, 1, 1646172123, NULL),
(181, 1015, 979, 335, 2009, NULL, NULL, NULL, NULL, NULL, NULL, NULL, NULL, NULL, NULL, 'credit', 'webinar', '10.00', '1.00', '2.00', '0.00', '11.00', NULL, 0, 1, 1646172159, NULL),
(182, 1015, 929, 336, 2009, NULL, NULL, NULL, NULL, NULL, NULL, NULL, NULL, NULL, NULL, 'credit', 'webinar', '10.00', '1.00', '2.00', '0.00', '11.00', NULL, 0, 1, 1646172296, NULL),
(183, 1015, 996, NULL, 2008, NULL, NULL, NULL, NULL, NULL, NULL, NULL, NULL, NULL, NULL, 'credit', 'webinar', '0.00', NULL, NULL, NULL, '0.00', NULL, 0, 1, 1646174000, NULL),
(184, 1015, 1017, NULL, 2008, NULL, NULL, NULL, NULL, NULL, NULL, NULL, NULL, NULL, NULL, 'credit', 'webinar', '0.00', NULL, NULL, NULL, '0.00', NULL, 0, 1, 1646174029, NULL),
(185, 1015, 1016, NULL, 2008, NULL, NULL, NULL, NULL, NULL, NULL, NULL, NULL, NULL, NULL, 'credit', 'webinar', '0.00', NULL, NULL, NULL, '0.00', NULL, 0, 1, 1646326504, NULL),
(186, 1015, 995, 337, NULL, NULL, 30, NULL, NULL, NULL, NULL, NULL, NULL, NULL, NULL, 'credit', 'meeting', '750.00', '75.00', '150.00', '0.00', '825.00', NULL, 0, 1, 1646379288, NULL),
(187, NULL, 930, 339, NULL, NULL, NULL, NULL, NULL, NULL, NULL, NULL, 2, NULL, NULL, 'credit', 'registration_package', '199.00', '19.90', '0.00', NULL, '218.90', NULL, 0, 1, 1646386787, NULL),
(188, NULL, 859, 340, NULL, NULL, NULL, NULL, NULL, NULL, NULL, NULL, 4, NULL, NULL, 'credit', 'registration_package', '200.00', '20.00', '0.00', NULL, '220.00', NULL, 0, 1, 1646387655, NULL),
(189, 929, 995, NULL, 2010, NULL, NULL, NULL, NULL, NULL, NULL, NULL, NULL, NULL, NULL, 'credit', 'webinar', '0.00', NULL, NULL, NULL, '0.00', NULL, 0, 1, 1655872666, NULL),
(190, 929, 996, NULL, 2010, NULL, NULL, NULL, NULL, NULL, NULL, NULL, NULL, NULL, NULL, 'credit', 'webinar', '0.00', NULL, NULL, NULL, '0.00', NULL, 0, 1, 1655875500, NULL),
(191, 929, 930, NULL, 2010, NULL, NULL, NULL, NULL, NULL, NULL, NULL, NULL, NULL, NULL, 'credit', 'webinar', '0.00', NULL, NULL, NULL, '0.00', NULL, 0, 1, 1655877104, NULL),
(192, 1015, 930, 341, NULL, 1, NULL, NULL, NULL, NULL, NULL, NULL, NULL, NULL, NULL, 'credit', 'bundle', '50.00', '5.00', '10.00', '0.00', '55.00', '0.00', 0, 1, 1656083262, NULL),
(193, 1016, 995, 342, NULL, NULL, NULL, NULL, NULL, NULL, NULL, 1, NULL, NULL, NULL, 'credit', 'product', '5.00', '0.25', '1.00', '0.00', '5.25', '0.00', 0, 1, 1656103844, NULL),
(194, 1015, 923, 343, NULL, NULL, NULL, NULL, NULL, NULL, NULL, 2, NULL, NULL, NULL, 'credit', 'product', '25.00', '1.25', '2.50', '0.00', '31.25', '5.00', 0, 1, 1656104131, NULL),
(195, 864, 996, 344, 2003, NULL, NULL, NULL, NULL, NULL, NULL, NULL, NULL, NULL, NULL, 'credit', 'webinar', '40.00', '3.60', '7.20', '4.00', '39.60', '0.00', 0, 1, 1656130481, NULL),
(196, 934, 930, 345, NULL, NULL, NULL, NULL, NULL, NULL, NULL, 3, NULL, NULL, NULL, 'credit', 'product', '290.00', '14.50', '29.00', '0.00', '314.50', '10.00', 0, 1, 1656130707, NULL),
(197, 1015, 996, 346, NULL, NULL, NULL, NULL, NULL, NULL, NULL, 4, NULL, NULL, NULL, 'credit', 'product', '75.00', '3.75', '15.00', '0.00', '78.75', '0.00', 0, 1, 1656130963, NULL),
(198, 934, 979, 347, NULL, 2, NULL, NULL, NULL, NULL, NULL, NULL, NULL, NULL, NULL, 'credit', 'bundle', '8.00', '0.80', '1.60', '0.00', '8.80', '0.00', 0, 1, 1656139703, NULL),
(199, 929, 979, 347, NULL, 3, NULL, NULL, NULL, NULL, NULL, NULL, NULL, NULL, NULL, 'credit', 'bundle', '25.00', '2.50', '5.00', '0.00', '27.50', '0.00', 0, 1, 1656139705, NULL),
(200, 1015, 1017, 348, NULL, NULL, NULL, NULL, NULL, NULL, NULL, 5, NULL, NULL, NULL, 'credit', 'product', '25.00', '1.00', '2.00', '5.00', '26.00', '5.00', 0, 1, 1656148574, NULL),
(201, 1015, 995, 350, NULL, NULL, NULL, NULL, NULL, NULL, NULL, 6, NULL, NULL, NULL, 'credit', 'product', '50.00', '2.25', '4.50', '5.00', '52.25', '5.00', 0, 1, 1656148838, NULL),
(202, 1, 995, 351, NULL, NULL, NULL, NULL, NULL, NULL, NULL, 7, NULL, NULL, NULL, 'credit', 'product', '20.00', '1.00', '4.00', '4.00', '17.00', '0.00', 0, 1, 1656322658, NULL),
(269, 929, 979, 696, NULL, NULL, NULL, NULL, NULL, NULL, NULL, NULL, NULL, NULL, 6, 'credit', 'gift', '60.00', '3.60', '3.60', '24.00', '39.60', '0.00', 0, 1, 1678919437, NULL),
(276, 870, 1045, 703, 2022, NULL, NULL, NULL, NULL, NULL, NULL, NULL, NULL, NULL, NULL, 'credit', 'webinar', '100.00', '10.00', '20.00', '0.00', '110.00', '0.00', 0, 1, 1678959222, NULL),
(277, NULL, 995, 704, NULL, NULL, NULL, NULL, NULL, NULL, NULL, NULL, NULL, 10, NULL, 'credit', 'installment_payment', '30.00', '3.00', '6.00', '0.00', '33.00', '0.00', 0, 1, 1678961006, NULL),
(278, 929, 930, 705, 2004, NULL, NULL, NULL, NULL, NULL, NULL, NULL, NULL, NULL, NULL, 'credit', 'webinar', '60.00', '3.60', '3.60', '24.00', '39.60', '0.00', 0, 1, 1678961218, NULL),
(279, NULL, 979, 706, NULL, NULL, NULL, NULL, NULL, NULL, NULL, NULL, NULL, 11, NULL, 'credit', 'installment_payment', '30.00', '3.00', '6.00', '0.00', '33.00', '0.00', 0, 1, 1678961652, NULL),
(280, 867, 1045, 707, 2000, NULL, NULL, NULL, NULL, NULL, NULL, NULL, NULL, NULL, NULL, 'credit', 'webinar', '30.00', '3.00', '6.00', '0.00', '33.00', '0.00', 0, 1, 1679088431, NULL),
(281, 929, 995, NULL, 2010, NULL, NULL, NULL, NULL, NULL, NULL, NULL, NULL, NULL, NULL, 'credit', 'webinar', '0.00', NULL, NULL, NULL, '0.00', NULL, 0, 1, 1688379740, NULL),
(282, 859, 1050, NULL, 2028, NULL, NULL, NULL, NULL, NULL, NULL, NULL, NULL, NULL, NULL, 'credit', 'webinar', '0.00', NULL, NULL, NULL, '0.00', NULL, 1, 1, 1692887086, NULL),
(283, 859, 1049, NULL, 2028, NULL, NULL, NULL, NULL, NULL, NULL, NULL, NULL, NULL, NULL, 'credit', 'webinar', '0.00', NULL, NULL, NULL, '0.00', NULL, 0, 1, 1693578209, NULL),
(284, 1015, 995, NULL, 2026, NULL, NULL, NULL, NULL, NULL, NULL, NULL, NULL, NULL, NULL, 'credit', 'webinar', '0.00', NULL, NULL, NULL, '0.00', NULL, 0, 1, 1695313648, NULL);

-- --------------------------------------------------------

--
-- Table structure for table `sales_log`
--

CREATE TABLE `sales_log` (
  `id` int(10) UNSIGNED NOT NULL,
  `sale_id` int(10) UNSIGNED NOT NULL,
  `viewed_at` int(10) UNSIGNED NOT NULL
) ENGINE=InnoDB DEFAULT CHARSET=utf8mb4 COLLATE=utf8mb4_unicode_ci;

--
-- Dumping data for table `sales_log`
--

INSERT INTO `sales_log` (`id`, `sale_id`, `viewed_at`) VALUES
(1, 173, 1635412221),
(2, 172, 1635412222),
(3, 171, 1635412222),
(4, 170, 1635412222),
(5, 169, 1635412222),
(6, 168, 1635412222),
(7, 167, 1635412222),
(8, 166, 1635412222),
(9, 165, 1635412222),
(10, 164, 1635412222),
(11, 163, 1635412231),
(12, 162, 1635412231),
(13, 161, 1635412231),
(14, 160, 1635412231),
(15, 159, 1635412231),
(16, 158, 1635412231),
(17, 157, 1635412231),
(18, 156, 1635412231),
(19, 155, 1635412231),
(20, 154, 1635412231),
(21, 153, 1635412234),
(22, 152, 1635412234),
(23, 151, 1635412234),
(24, 150, 1635412234),
(25, 149, 1635412234),
(26, 148, 1635412234),
(27, 147, 1635412234),
(28, 146, 1635412234),
(29, 145, 1635412234),
(30, 144, 1635412234),
(31, 143, 1635412235),
(32, 142, 1635412235),
(33, 141, 1635412235),
(34, 184, 1646260033),
(35, 183, 1646260033),
(36, 182, 1646260033),
(37, 181, 1646260033),
(38, 180, 1646260033),
(39, 179, 1646260033),
(40, 178, 1646260033),
(41, 177, 1646260033),
(42, 176, 1646260033),
(43, 175, 1646260033),
(44, 191, 1655970525),
(45, 190, 1655970525),
(46, 189, 1655970525),
(47, 185, 1655970525),
(48, 195, 1656233676),
(126, 199, 1678864379),
(127, 198, 1678864379),
(128, 192, 1678864379),
(129, 188, 1678864379),
(130, 187, 1678864379),
(131, 186, 1678864379),
(132, 174, 1678864399),
(133, 269, 1678925651),
(134, 279, 1679088169),
(135, 278, 1679088169),
(136, 277, 1679088169),
(137, 276, 1679088169),
(138, 280, 1679090268),
(139, 281, 1688380767);

-- --------------------------------------------------------

--
-- Table structure for table `sections`
--

CREATE TABLE `sections` (
  `id` int(10) UNSIGNED NOT NULL,
  `name` varchar(64) COLLATE utf8mb4_unicode_ci NOT NULL,
  `section_group_id` int(10) UNSIGNED DEFAULT NULL,
  `caption` varchar(128) COLLATE utf8mb4_unicode_ci NOT NULL
) ENGINE=InnoDB DEFAULT CHARSET=utf8mb4 COLLATE=utf8mb4_unicode_ci;

--
-- Dumping data for table `sections`
--

INSERT INTO `sections` (`id`, `name`, `section_group_id`, `caption`) VALUES
(1, 'admin_general_dashboard', NULL, 'General Dashboard'),
(2, 'admin_general_dashboard_show', 1, 'General Dashboard page'),
(3, 'admin_general_dashboard_quick_access_links', 1, 'Quick access links in General Dashboard'),
(4, 'admin_general_dashboard_daily_sales_statistics', 1, 'Daily Sales Type Statistics Section'),
(5, 'admin_general_dashboard_income_statistics', 1, 'Income Statistics Section'),
(6, 'admin_general_dashboard_total_sales_statistics', 1, 'Total Sales Statistics Section'),
(7, 'admin_general_dashboard_new_sales', 1, 'New Sales Section'),
(8, 'admin_general_dashboard_new_comments', 1, 'New Comments Section'),
(9, 'admin_general_dashboard_new_tickets', 1, 'New Tickets Section'),
(10, 'admin_general_dashboard_new_reviews', 1, 'New Reviews Section'),
(11, 'admin_general_dashboard_sales_statistics_chart', 1, 'Sales Statistics Chart'),
(12, 'admin_general_dashboard_recent_comments', 1, 'Recent comments Section'),
(13, 'admin_general_dashboard_recent_tickets', 1, 'Recent tickets Section'),
(14, 'admin_general_dashboard_recent_webinars', 1, 'Recent webinars Section'),
(15, 'admin_general_dashboard_recent_courses', 1, 'Recent courses Section'),
(16, 'admin_general_dashboard_users_statistics_chart', 1, 'Users Statistics Chart'),
(17, 'admin_clear_cache', 1, 'Clear cache'),
(25, 'admin_marketing_dashboard', NULL, 'Marketing Dashboard'),
(26, 'admin_marketing_dashboard_show', 25, 'Marketing Dashboard page'),
(50, 'admin_roles', NULL, 'Roles'),
(51, 'admin_roles_list', 50, 'Roles List'),
(52, 'admin_roles_create', 50, 'Roles Create'),
(53, 'admin_roles_edit', 50, 'Roles Edit'),
(54, 'admin_roles_delete', 50, 'Roles Delete'),
(100, 'admin_users', NULL, 'Users'),
(101, 'admin_staffs_list', 100, 'Staffs list'),
(102, 'admin_users_list', 100, 'Students list'),
(103, 'admin_instructors_list', 100, 'Instructors list'),
(104, 'admin_organizations_list', 100, 'Organizations list'),
(105, 'admin_users_create', 100, 'Users Create'),
(106, 'admin_users_edit', 100, 'Users Edit'),
(107, 'admin_users_delete', 100, 'Users Delete'),
(108, 'admin_users_export_excel', 100, 'List Export excel'),
(109, 'admin_users_badges', 100, 'Users Badges'),
(110, 'admin_users_badges_edit', 100, 'Badges edit'),
(111, 'admin_users_badges_delete', 100, 'Badges delete'),
(112, 'admin_users_impersonate', 100, 'users impersonate (login by users)'),
(113, 'admin_become_instructors_list', 100, 'Lists of requests for become instructors'),
(114, 'admin_become_instructors_reject', 100, 'Reject requests for become instructors'),
(115, 'admin_become_instructors_delete', 100, 'Delete requests for become instructors'),
(116, 'admin_update_user_registration_package', 100, 'Edit user registration package'),
(117, 'admin_update_user_meeting_settings', 100, 'Edit user meeting settings'),
(150, 'admin_webinars', NULL, 'Webinars'),
(151, 'admin_webinars_list', 150, 'Webinars List'),
(152, 'admin_webinars_create', 150, 'Webinars Create'),
(153, 'admin_webinars_edit', 150, 'Webinars Edit'),
(154, 'admin_webinars_delete', 150, 'Webinars Delete'),
(155, 'admin_webinars_export_excel', 150, 'Export excel webinars list'),
(156, 'admin_feature_webinars', 150, 'Feature webinars list'),
(157, 'admin_feature_webinars_create', 150, 'create feature webinar'),
(158, 'admin_feature_webinars_export_excel', 150, 'Feature webinar export excel'),
(159, 'admin_webinar_students_lists', 150, 'Webinar students Lists'),
(160, 'admin_webinar_students_delete', 150, 'Webinar students delete'),
(161, 'admin_webinar_notification_to_students', 150, 'Send notification to course students'),
(162, 'admin_webinar_statistics', 150, 'Course statistics'),
(163, 'admin_agora_history_list', 150, 'Agora history lists'),
(164, 'admin_agora_history_export', 150, 'Agora history export'),
(165, 'admin_course_question_forum_list', 150, 'Forum Question Lists'),
(166, 'admin_course_question_forum_answers', 150, 'Forum Answers Lists'),
(200, 'admin_categories', NULL, 'Categories'),
(201, 'admin_categories_list', 200, 'Categories List'),
(202, 'admin_categories_create', 200, 'Categories Create'),
(203, 'admin_categories_edit', 200, 'Categories Edit'),
(204, 'admin_categories_delete', 200, 'Categories Delete'),
(205, 'admin_trending_categories', 200, 'Trends Categories List'),
(206, 'admin_create_trending_categories', 200, 'Create Trend Categories'),
(207, 'admin_edit_trending_categories', 200, 'Edit Trend Categories'),
(208, 'admin_delete_trending_categories', 200, 'Delete Trend Categories'),
(250, 'admin_tags', NULL, 'Tags'),
(251, 'admin_tags_list', 250, 'Tags List'),
(252, 'admin_tags_create', 250, 'Tags Create'),
(253, 'admin_tags_edit', 250, 'Tags Edit'),
(254, 'admin_tags_delete', 250, 'Tags Delete'),
(300, 'admin_filters', NULL, 'Filters'),
(301, 'admin_filters_list', 300, 'Filters List'),
(302, 'admin_filters_create', 300, 'Filters Create'),
(303, 'admin_filters_edit', 300, 'Filters Edit'),
(304, 'admin_filters_delete', 300, 'Filters Delete'),
(350, 'admin_quizzes', NULL, 'Quizzes'),
(351, 'admin_quizzes_list', 350, 'Quizzes List'),
(352, 'admin_quizzes_create', 350, 'Create Quiz'),
(353, 'admin_quizzes_edit', 350, 'Edit Quiz'),
(354, 'admin_quizzes_delete', 350, 'Delete Quiz'),
(355, 'admin_quizzes_results', 350, 'Quizzes results'),
(356, 'admin_quizzes_results_delete', 350, 'Quizzes results delete'),
(357, 'admin_quizzes_lists_excel', 350, 'Quizzes export excel'),
(400, 'admin_quiz_result', NULL, 'Quiz Result'),
(401, 'admin_quiz_result_list', 400, 'Quiz Result List'),
(402, 'admin_quiz_result_create', 400, 'Quiz Result Create'),
(403, 'admin_quiz_result_edit', 400, 'Quiz Result Edit'),
(404, 'admin_quiz_result_delete', 400, 'Quiz Result Delete'),
(405, 'admin_quiz_result_export_excel', 400, 'quiz result export excel'),
(450, 'admin_certificate', NULL, 'Certificate'),
(451, 'admin_certificate_list', 450, 'Certificate List'),
(452, 'admin_certificate_create', 450, 'Certificate Create'),
(453, 'admin_certificate_edit', 450, 'Certificate Edit'),
(454, 'admin_certificate_delete', 450, 'Certificate Delete'),
(455, 'admin_certificate_template_list', 450, 'Certificate template lists'),
(456, 'admin_certificate_template_create', 450, 'Certificate template create'),
(457, 'admin_certificate_template_edit', 450, 'Certificate template edit'),
(458, 'admin_certificate_template_delete', 450, 'Certificate template delete'),
(459, 'admin_certificate_export_excel', 450, 'Certificates export excel'),
(460, 'admin_course_certificate_list', 450, 'Course Competition Certificates'),
(500, 'admin_discount_codes', NULL, 'Discount codes'),
(501, 'admin_discount_codes_list', 500, 'Discount codes list'),
(502, 'admin_discount_codes_create', 500, 'Discount codes create'),
(503, 'admin_discount_codes_edit', 500, 'Discount codes edit'),
(504, 'admin_discount_codes_delete', 500, 'Discount codes delete'),
(505, 'admin_discount_codes_export', 500, 'Discount codes export excel'),
(550, 'admin_group', NULL, 'Groups'),
(551, 'admin_group_list', 550, 'Groups List'),
(552, 'admin_group_create', 550, 'Groups Create'),
(553, 'admin_group_edit', 550, 'Groups Edit'),
(554, 'admin_group_delete', 550, 'Groups Delete'),
(555, 'admin_update_group_registration_package', 550, 'Update group registration package'),
(600, 'admin_payment_channel', NULL, 'Payment Channels'),
(601, 'admin_payment_channel_list', 600, 'Payment Channels List'),
(602, 'admin_payment_channel_toggle_status', 600, 'active or inactive channel'),
(603, 'admin_payment_channel_edit', 600, 'Payment Channels Edit'),
(650, 'admin_settings', NULL, 'settings'),
(651, 'admin_settings_general', 650, 'General settings'),
(652, 'admin_settings_financial', 650, 'Financial settings'),
(653, 'admin_settings_personalization', 650, 'Personalization settings'),
(654, 'admin_settings_notifications', 650, 'Notifications settings'),
(655, 'admin_settings_seo', 650, 'Seo settings'),
(656, 'admin_settings_customization', 650, 'Customization settings'),
(657, 'admin_settings_update_app', 650, 'Update App settings'),
(658, 'admin_settings_home_sections', 650, 'Home sections settings'),
(700, 'admin_blog', NULL, 'Blog'),
(701, 'admin_blog_lists', 700, 'Blog lists'),
(702, 'admin_blog_create', 700, 'Blog create'),
(703, 'admin_blog_edit', 700, 'Blog edit'),
(704, 'admin_blog_delete', 700, 'Blog delete'),
(705, 'admin_blog_categories', 700, 'Blog categories list'),
(706, 'admin_blog_categories_create', 700, 'Blog categories create'),
(707, 'admin_blog_categories_edit', 700, 'Blog categories edit'),
(708, 'admin_blog_categories_delete', 700, 'Blog categories delete'),
(750, 'admin_sales', NULL, 'Sales'),
(751, 'admin_sales_list', 750, 'Sales List'),
(752, 'admin_sales_refund', 750, 'Sales Refund'),
(753, 'admin_sales_invoice', 750, 'Sales invoice'),
(754, 'admin_sales_export', 750, 'Sales Export Excel'),
(800, 'admin_documents', NULL, 'Balances'),
(801, 'admin_documents_list', 800, 'Balances List'),
(802, 'admin_documents_create', 800, 'Balances Create'),
(803, 'admin_documents_print', 800, 'Balances print'),
(850, 'admin_payouts', NULL, 'Payout'),
(851, 'admin_payouts_list', 850, 'Payout List'),
(852, 'admin_payouts_reject', 850, 'Payout Reject'),
(853, 'admin_payouts_payout', 850, 'Payout accept'),
(854, 'admin_payouts_export_excel', 850, 'Payout export excel'),
(900, 'admin_offline_payments', NULL, 'Offline Payments'),
(901, 'admin_offline_payments_list', 900, 'Offline Payments List'),
(902, 'admin_offline_payments_reject', 900, 'Offline Payments Reject'),
(903, 'admin_offline_payments_approved', 900, 'Offline Payments Approved'),
(904, 'admin_offline_payments_export_excel', 900, 'Offline Payments export excel'),
(950, 'admin_supports', NULL, 'Supports'),
(951, 'admin_supports_list', 950, 'Supports List'),
(952, 'admin_support_send', 950, 'Send Support'),
(953, 'admin_supports_reply', 950, 'Supports reply'),
(954, 'admin_supports_delete', 950, 'Supports delete'),
(955, 'admin_support_departments', 950, 'Support departments lists'),
(956, 'admin_support_department_create', 950, 'Create support department'),
(957, 'admin_support_departments_edit', 950, 'Edit support departments'),
(958, 'admin_support_departments_delete', 950, 'Delete support department'),
(959, 'admin_support_course_conversations', 950, 'Course conversations'),
(1000, 'admin_subscribe', NULL, 'Subscribes'),
(1001, 'admin_subscribe_list', 1000, 'Subscribes list'),
(1002, 'admin_subscribe_create', 1000, 'Subscribes create'),
(1003, 'admin_subscribe_edit', 1000, 'Subscribes edit'),
(1004, 'admin_subscribe_delete', 1000, 'Subscribes delete'),
(1050, 'admin_notifications', NULL, 'Notifications'),
(1051, 'admin_notifications_list', 1050, 'Notifications list'),
(1052, 'admin_notifications_send', 1050, 'Send Notifications'),
(1053, 'admin_notifications_edit', 1050, 'Edit and details Notifications'),
(1054, 'admin_notifications_delete', 1050, 'Delete Notifications'),
(1055, 'admin_notifications_markAllRead', 1050, 'Mark All Read Notifications'),
(1056, 'admin_notifications_templates', 1050, 'Notifications templates'),
(1057, 'admin_notifications_template_create', 1050, 'Create notification template'),
(1058, 'admin_notifications_template_edit', 1050, 'Edit notification template'),
(1059, 'admin_notifications_template_delete', 1050, 'Delete notification template'),
(1060, 'admin_notifications_posted_list', 1050, 'Notifications Posted list'),
(1075, 'admin_noticeboards', NULL, 'Noticeboards'),
(1076, 'admin_noticeboards_list', 1075, 'Noticeboards list'),
(1077, 'admin_noticeboards_send', 1075, 'Send Noticeboards'),
(1078, 'admin_noticeboards_edit', 1075, 'Edit Noticeboards'),
(1079, 'admin_noticeboards_delete', 1075, 'Delete Noticeboards'),
(1080, 'admin_course_noticeboards_list', 1075, 'Course Noticeboards list'),
(1081, 'admin_course_noticeboards_send', 1075, 'Send Course Noticeboards'),
(1082, 'admin_course_noticeboards_edit', 1075, 'Edit Course Noticeboards'),
(1083, 'admin_course_noticeboards_delete', 1075, 'Delete Course Noticeboards'),
(1100, 'admin_promotion', NULL, 'Promotions'),
(1101, 'admin_promotion_list', 1100, 'Promotions list'),
(1102, 'admin_promotion_create', 1100, 'Promotion create'),
(1103, 'admin_promotion_edit', 1100, 'Promotion edit'),
(1104, 'admin_promotion_delete', 1100, 'Promotion delete'),
(1150, 'admin_testimonials', NULL, 'testimonials'),
(1151, 'admin_testimonials_list', 1150, 'testimonials list'),
(1152, 'admin_testimonials_create', 1150, 'testimonials create'),
(1153, 'admin_testimonials_edit', 1150, 'testimonials edit'),
(1154, 'admin_testimonials_delete', 1150, 'testimonials delete'),
(1200, 'admin_advertising', NULL, 'advertising'),
(1201, 'admin_advertising_banners', 1200, 'advertising banners list'),
(1202, 'admin_advertising_banners_create', 1200, 'create advertising banner'),
(1203, 'admin_advertising_banners_edit', 1200, 'edit advertising banner'),
(1204, 'admin_advertising_banners_delete', 1200, 'delete advertising banner'),
(1230, 'admin_newsletters', NULL, 'Newsletters'),
(1231, 'admin_newsletters_lists', 1230, 'Newsletters lists'),
(1232, 'admin_newsletters_send', 1230, 'Send Newsletters'),
(1233, 'admin_newsletters_history', 1230, 'Newsletters histories'),
(1234, 'admin_newsletters_delete', 1230, 'Delete newsletters item'),
(1235, 'admin_newsletters_export_excel', 1230, 'Export excel newsletters item'),
(1250, 'admin_contacts', NULL, 'Contacts'),
(1251, 'admin_contacts_lists', 1250, 'Contacts lists'),
(1252, 'admin_contacts_reply', 1250, 'Contacts reply'),
(1253, 'admin_contacts_delete', 1250, 'Contacts delete'),
(1300, 'admin_product_discount', NULL, 'product discount'),
(1301, 'admin_product_discount_list', 1300, 'product discount list'),
(1302, 'admin_product_discount_create', 1300, 'create product discount'),
(1303, 'admin_product_discount_edit', 1300, 'edit product discount'),
(1304, 'admin_product_discount_delete', 1300, 'delete product discount'),
(1305, 'admin_product_discount_export', 1300, 'delete product export excel'),
(1350, 'admin_pages', NULL, 'pages'),
(1351, 'admin_pages_list', 1350, 'pages list'),
(1352, 'admin_pages_create', 1350, 'pages create'),
(1353, 'admin_pages_edit', 1350, 'pages edit'),
(1354, 'admin_pages_toggle', 1350, 'pages toggle publish/draft'),
(1355, 'admin_pages_delete', 1350, 'pages delete'),
(1400, 'admin_comments', NULL, 'Comments'),
(1401, 'admin_comments_edit', 1400, 'Comments edit'),
(1402, 'admin_comments_reply', 1400, 'Comments reply'),
(1403, 'admin_comments_delete', 1400, 'Comments delete'),
(1404, 'admin_comments_status', 1400, 'Comments status (active or pending)'),
(1405, 'admin_comments_reports', 1400, 'Reports'),
(1406, 'admin_webinar_comments', 1400, 'Classes comments'),
(1407, 'admin_blog_comments', 1400, 'Blog comments'),
(1408, 'admin_product_comments', 1400, 'Product comments'),
(1409, 'admin_bundle_comments', 1400, 'Bundle comments'),
(1450, 'admin_reports', NULL, 'Reports'),
(1451, 'admin_webinar_reports', 1450, 'Classes reports'),
(1452, 'admin_webinar_comments_reports', 1450, 'Classes Comments reports'),
(1453, 'admin_webinar_reports_delete', 1450, 'Classes reports delete'),
(1454, 'admin_blog_comments_reports', 1450, 'Blog Comments reports'),
(1455, 'admin_report_reasons', 1450, 'Reports reasons'),
(1456, 'admin_product_comments_reports', 1450, 'Products Comments reports'),
(1457, 'admin_forum_topic_post_reports', 1450, 'Forum Topic Posts Reports'),
(1500, 'admin_additional_pages', NULL, 'Additional Pages'),
(1501, 'admin_additional_pages_404', 1500, '404 error page settings'),
(1502, 'admin_additional_pages_contact_us', 1500, 'Contact page settings'),
(1503, 'admin_additional_pages_footer', 1500, 'Footer settings'),
(1504, 'admin_additional_pages_navbar_links', 1500, 'Top Navbar links settings'),
(1550, 'admin_appointments', NULL, 'Appointments'),
(1551, 'admin_appointments_lists', 1550, 'Appointments lists'),
(1552, 'admin_appointments_join', 1550, 'Appointments join'),
(1553, 'admin_appointments_send_reminder', 1550, 'Appointments send reminder'),
(1554, 'admin_appointments_cancel', 1550, 'Appointments cancel'),
(1600, 'admin_reviews', NULL, 'Reviews'),
(1601, 'admin_reviews_lists', 1600, 'Reviews lists'),
(1602, 'admin_reviews_status_toggle', 1600, 'Reviews status toggle (publish or hidden)'),
(1603, 'admin_reviews_detail_show', 1600, 'Review details page'),
(1604, 'admin_reviews_reply', 1600, 'Review reply'),
(1605, 'admin_reviews_delete', 1600, 'Review delete'),
(1650, 'admin_consultants', NULL, 'Consultants'),
(1651, 'admin_consultants_lists', 1650, 'Consultants lists'),
(1652, 'admin_consultants_export_excel', 1650, 'Consultants export excel'),
(1675, 'admin_referrals', NULL, 'Referrals'),
(1676, 'admin_referrals_history', 1675, 'Referrals History'),
(1677, 'admin_referrals_users', 1675, 'Referrals users'),
(1678, 'admin_referrals_export', 1675, 'Export Referrals'),
(1725, 'admin_regions', NULL, 'Regions'),
(1726, 'admin_regions_countries', 1725, 'countries lists'),
(1727, 'admin_regions_provinces', 1725, 'provinces lists'),
(1728, 'admin_regions_cities', 1725, 'cities lists'),
(1729, 'admin_regions_districts', 1725, 'districts lists'),
(1730, 'admin_regions_create', 1725, 'create item'),
(1731, 'admin_regions_edit', 1725, 'edit item'),
(1732, 'admin_regions_delete', 1725, 'delete item'),
(1750, 'admin_rewards', NULL, 'Rewards'),
(1751, 'admin_rewards_history', 1750, 'Rewards history'),
(1752, 'admin_rewards_settings', 1750, 'Rewards settings'),
(1753, 'admin_rewards_items', 1750, 'Rewards items'),
(1754, 'admin_rewards_item_delete', 1750, 'Reward item delete'),
(1775, 'admin_registration_packages', NULL, 'Registration packages'),
(1776, 'admin_registration_packages_lists', 1775, 'packages lists'),
(1777, 'admin_registration_packages_new', 1775, 'New package'),
(1778, 'admin_registration_packages_edit', 1775, 'Edit package'),
(1779, 'admin_registration_packages_delete', 1775, 'Delete package'),
(1780, 'admin_registration_packages_reports', 1775, 'Reports'),
(1781, 'admin_registration_packages_settings', 1775, 'Settings'),
(1800, 'admin_store', NULL, 'Store'),
(1801, 'admin_store_products', 1800, 'Products lists'),
(1802, 'admin_store_new_product', 1800, 'Create New Product'),
(1803, 'admin_store_edit_product', 1800, 'Edit Product'),
(1804, 'admin_store_delete_product', 1800, 'Delete Product'),
(1805, 'admin_store_export_products', 1800, 'Export excel Products'),
(1806, 'admin_store_categories_list', 1800, 'Store Categories Lists'),
(1807, 'admin_store_categories_create', 1800, 'Create Store Category'),
(1808, 'admin_store_categories_edit', 1800, 'Edit Store Category'),
(1809, 'admin_store_categories_delete', 1800, 'Delete Store Category'),
(1810, 'admin_store_filters_list', 1800, 'Store Filters Lists'),
(1811, 'admin_store_filters_create', 1800, 'Create Store Filter'),
(1812, 'admin_store_filters_edit', 1800, 'Edit Store Filter'),
(1813, 'admin_store_filters_delete', 1800, 'Delete Store Filter'),
(1814, 'admin_store_specifications', 1800, 'Store Specifications'),
(1815, 'admin_store_specifications_create', 1800, 'Create New Store Specification'),
(1816, 'admin_store_specifications_edit', 1800, 'Edit Store Specification'),
(1817, 'admin_store_specifications_delete', 1800, 'Delete Store Specification'),
(1818, 'admin_store_discounts', 1800, 'Store Discounts Lists'),
(1819, 'admin_store_discounts_create', 1800, 'Create New Store discount'),
(1820, 'admin_store_discounts_edit', 1800, 'Edit Store discount'),
(1821, 'admin_store_discounts_delete', 1800, 'Delete Store discount'),
(1822, 'admin_store_products_orders', 1800, 'Products Orders'),
(1823, 'admin_store_products_orders_refund', 1800, 'Products Orders Refund'),
(1824, 'admin_store_products_orders_invoice', 1800, 'Products Orders View Invoice'),
(1825, 'admin_store_products_orders_export', 1800, 'Products Orders Export Excel'),
(1826, 'admin_store_products_orders_tracking_code', 1800, 'Products Orders Tracking code'),
(1827, 'admin_store_products_reviews', 1800, 'Reviews lists'),
(1828, 'admin_store_products_reviews_status_toggle', 1800, 'Reviews status toggle (publish or hidden)'),
(1829, 'admin_store_products_reviews_detail_show', 1800, 'Review details page'),
(1830, 'admin_store_products_reviews_delete', 1800, 'Review delete'),
(1831, 'admin_store_settings', 1800, 'Store settings'),
(1832, 'admin_store_in_house_products', 1800, 'In-house products'),
(1833, 'admin_store_in_house_orders', 1800, 'In-house Products Orders'),
(1834, 'admin_store_products_sellers', 1800, 'Products Sellers'),
(1835, 'admin_store_in_house_products_delete', 1800, 'In-house Products Delete'),
(1836, 'admin_store_in_house_products_export', 1800, 'In-house Products Export Excel'),
(1837, 'admin_store_in_house_orders', 1800, 'In-house Products Orders'),
(1838, 'admin_store_products_sellers', 1800, 'Products Sellers'),
(1850, 'admin_webinar_assignments', NULL, 'Webinar assignments'),
(1851, 'admin_webinar_assignments_lists', 1850, 'Assignments lists'),
(1852, 'admin_webinar_assignments_students', 1850, 'Assignment students'),
(1853, 'admin_webinar_assignments_conversations', 1850, 'Assignment students conversations'),
(1875, 'admin_users_not_access_content', NULL, 'Users do not have access to the content'),
(1876, 'admin_users_not_access_content_lists', 1875, 'Users lists'),
(1877, 'admin_users_not_access_content_toggle', 1875, 'Toggle active/inactive users to view content'),
(1900, 'admin_bundles', NULL, 'Bundles'),
(1901, 'admin_bundles_list', 1900, 'Bundles Lists'),
(1902, 'admin_bundles_create', 1900, 'Create new Bundle'),
(1903, 'admin_bundles_edit', 1900, 'Edit bundle'),
(1904, 'admin_bundles_delete', 1900, 'Delete bundle'),
(1905, 'admin_bundles_export_excel', 1900, 'Export excel'),
(1925, 'admin_forum', NULL, 'Forums'),
(1926, 'admin_forum_list', 1925, 'Forums Lists'),
(1927, 'admin_forum_create', 1925, 'Forums create'),
(1928, 'admin_forum_edit', 1925, 'Forums edit'),
(1929, 'admin_forum_delete', 1925, 'Forums delete'),
(1930, 'admin_forum_topics_lists', 1925, 'Forums topics lists'),
(1931, 'admin_forum_topics_create', 1925, 'Forums topics create'),
(1932, 'admin_forum_topics_delete', 1925, 'Forums topics delete'),
(1933, 'admin_forum_topics_posts', 1925, 'Forums topic posts'),
(1934, 'admin_forum_topics_create_posts', 1925, 'Forums topic store posts'),
(1950, 'admin_featured_topics', NULL, 'Featured topics'),
(1951, 'admin_featured_topics_list', 1950, 'Featured topics Lists'),
(1952, 'admin_featured_topics_create', 1950, 'Featured topics create'),
(1953, 'admin_featured_topics_edit', 1950, 'Featured topics edit'),
(1954, 'admin_featured_topics_delete', 1950, 'Featured topics delete'),
(1975, 'admin_recommended_topics', NULL, 'Recommended topics'),
(1976, 'admin_recommended_topics_list', 1975, 'Recommended topics Lists'),
(1977, 'admin_recommended_topics_create', 1975, 'Recommended topics create'),
(1978, 'admin_recommended_topics_edit', 1975, 'Recommended topics edit'),
(1979, 'admin_recommended_topics_delete', 1975, 'Recommended topics delete'),
(2000, 'admin_advertising_modal', NULL, 'Advertising modal'),
(2001, 'admin_advertising_modal_config', 2000, 'Set Advertising modal'),
(2015, 'admin_enrollment', NULL, 'Enrollment'),
(2016, 'admin_enrollment_history', 2015, 'Enrollment History'),
(2017, 'admin_enrollment_add_student_to_items', 2015, 'Enrollment Add Student To Items'),
(2018, 'admin_enrollment_block_access', 2015, 'Enrollment Block Access'),
(2019, 'admin_enrollment_enable_access', 2015, 'Enrollment Enable Access'),
(2020, 'admin_enrollment_export', 2015, 'Enrollment Export History'),
(2021, 'admin_enrollment_export', 2015, 'Enrollment Export History'),
(2030, 'admin_delete_account_requests', NULL, 'Delete Account Requests'),
(2031, 'admin_delete_account_requests_lists', 2030, 'Delete Account Requests Lists'),
(2032, 'admin_delete_account_requests_confirm', 2030, 'Delete Account Requests Confirm'),
(2050, 'admin_upcoming_courses', NULL, 'Upcoming Course'),
(2051, 'admin_upcoming_courses_list', 2050, 'Lists'),
(2052, 'admin_upcoming_courses_create', 2050, 'Create'),
(2053, 'admin_upcoming_courses_edit', 2050, 'Edit and Update'),
(2054, 'admin_upcoming_courses_delete', 2050, 'Delete'),
(2055, 'admin_upcoming_courses_followers', 2050, 'Followers'),
(2070, 'admin_installments', NULL, 'Installments'),
(2071, 'admin_installments_list', 2070, 'Lists'),
(2072, 'admin_installments_create', 2070, 'Create'),
(2073, 'admin_installments_edit', 2070, 'Edit and Update'),
(2074, 'admin_installments_delete', 2070, 'Delete'),
(2075, 'admin_installments_settings', 2070, 'Settings'),
(2076, 'admin_installments_purchases', 2070, 'Purchases'),
(2077, 'admin_installments_overdue_lists', 2070, 'Overdue Installments'),
(2078, 'admin_installments_overdue_history', 2070, 'Overdue History'),
(2079, 'admin_installments_verification_requests', 2070, 'Verification Requests'),
(2080, 'admin_installments_verified_users', 2070, 'Verified Users'),
(2081, 'admin_installments_orders', 2070, 'Approve/Reject/Refund Requests'),
(2090, 'admin_registration_bonus', NULL, 'Registration Bonus'),
(2091, 'admin_registration_bonus_history', 2090, 'History'),
(2092, 'admin_registration_bonus_settings', 2090, 'Settings'),
(2093, 'admin_registration_bonus_export_excel', 2090, 'Export Excel'),
(3000, 'admin_floating_bar', NULL, 'Top/Bottom Floating Bar'),
(3001, 'admin_floating_bar_create', 3000, 'Create/Edit'),
(3010, 'admin_cashback', NULL, 'Cashback'),
(3011, 'admin_cashback_rules', 3010, 'Rules'),
(3012, 'admin_cashback_transactions', 3010, 'Transactions'),
(3013, 'admin_cashback_history', 3010, 'History'),
(3020, 'admin_waitlists', NULL, 'Waitlists'),
(3021, 'admin_waitlists_lists', 3020, 'Lists'),
(3022, 'admin_waitlists_users', 3020, 'Joined Users'),
(3023, 'admin_waitlists_exports', 3020, 'Export excel lists'),
(3024, 'admin_waitlists_clear_list', 3020, 'Clear lists'),
(3025, 'admin_waitlists_disable', 3020, 'Disable'),
(3030, 'admin_gift', NULL, 'Gifts'),
(3031, 'admin_gift_history', 3030, 'History'),
(3032, 'admin_gift_send_reminder', 3030, 'Send Reminder'),
(3033, 'admin_gift_cancel', 3030, 'Cancel'),
(3034, 'admin_gift_settings', 3030, 'Settings'),
(3035, 'admin_gift_export', 3030, 'Export Excel');

-- --------------------------------------------------------

--
-- Table structure for table `selected_installments`
--

CREATE TABLE `selected_installments` (
  `id` int(10) UNSIGNED NOT NULL,
  `user_id` int(10) UNSIGNED NOT NULL,
  `installment_id` int(10) UNSIGNED NOT NULL,
  `installment_order_id` int(10) UNSIGNED NOT NULL,
  `start_date` bigint(20) UNSIGNED DEFAULT NULL,
  `end_date` bigint(20) UNSIGNED DEFAULT NULL,
  `upfront` double(15,2) DEFAULT NULL,
  `upfront_type` enum('fixed_amount','percent') COLLATE utf8mb4_unicode_ci DEFAULT NULL,
  `created_at` bigint(20) UNSIGNED NOT NULL
) ENGINE=InnoDB DEFAULT CHARSET=utf8mb4 COLLATE=utf8mb4_unicode_ci;

-- --------------------------------------------------------

--
-- Table structure for table `selected_installment_steps`
--

CREATE TABLE `selected_installment_steps` (
  `id` int(10) UNSIGNED NOT NULL,
  `selected_installment_id` int(10) UNSIGNED NOT NULL,
  `installment_step_id` int(10) UNSIGNED NOT NULL,
  `deadline` int(10) UNSIGNED DEFAULT NULL,
  `amount` double(15,2) DEFAULT NULL,
  `amount_type` enum('fixed_amount','percent') COLLATE utf8mb4_unicode_ci DEFAULT NULL
) ENGINE=InnoDB DEFAULT CHARSET=utf8mb4 COLLATE=utf8mb4_unicode_ci;

-- --------------------------------------------------------

--
-- Table structure for table `sessions`
--

CREATE TABLE `sessions` (
  `id` int(10) UNSIGNED NOT NULL,
  `creator_id` int(10) UNSIGNED NOT NULL,
  `webinar_id` int(10) UNSIGNED DEFAULT NULL,
  `chapter_id` int(10) UNSIGNED DEFAULT NULL,
  `reserve_meeting_id` int(10) UNSIGNED DEFAULT NULL,
  `date` int(11) NOT NULL,
  `duration` int(11) NOT NULL,
  `link` varchar(255) COLLATE utf8mb4_unicode_ci DEFAULT NULL,
  `extra_time_to_join` int(10) UNSIGNED DEFAULT NULL COMMENT 'Specifies that the user can see the join button up to a few minutes after the start time of the webinar.',
  `zoom_start_link` text COLLATE utf8mb4_unicode_ci DEFAULT NULL,
  `zoom_id` varchar(255) COLLATE utf8mb4_unicode_ci DEFAULT NULL,
  `session_api` enum('local','big_blue_button','zoom','agora','jitsi','google_meet') COLLATE utf8mb4_unicode_ci NOT NULL DEFAULT 'local',
  `api_secret` varchar(255) COLLATE utf8mb4_unicode_ci DEFAULT NULL,
  `moderator_secret` varchar(255) COLLATE utf8mb4_unicode_ci DEFAULT NULL,
  `agora_settings` text COLLATE utf8mb4_unicode_ci DEFAULT NULL,
  `check_previous_parts` tinyint(1) NOT NULL DEFAULT 0,
  `access_after_day` int(10) UNSIGNED DEFAULT NULL,
  `order` int(10) UNSIGNED DEFAULT NULL,
  `status` enum('active','inactive') COLLATE utf8mb4_unicode_ci NOT NULL DEFAULT 'active',
  `created_at` int(11) NOT NULL,
  `updated_at` int(11) DEFAULT NULL,
  `deleted_at` int(11) DEFAULT NULL
) ENGINE=InnoDB DEFAULT CHARSET=utf8mb4 COLLATE=utf8mb4_unicode_ci ROW_FORMAT=DYNAMIC;

--
-- Dumping data for table `sessions`
--

INSERT INTO `sessions` (`id`, `creator_id`, `webinar_id`, `chapter_id`, `reserve_meeting_id`, `date`, `duration`, `link`, `extra_time_to_join`, `zoom_start_link`, `zoom_id`, `session_api`, `api_secret`, `moderator_secret`, `agora_settings`, `check_previous_parts`, `access_after_day`, `order`, `status`, `created_at`, `updated_at`, `deleted_at`) VALUES
(71, 864, 2003, 13, NULL, 1696505400, 20, 'https://meet.google.com/', NULL, NULL, NULL, 'local', '368967886', '', NULL, 0, NULL, NULL, 'active', 1625299964, 1635416803, NULL),
(72, 864, 2003, 13, NULL, 1696915800, 20, 'https://meet.google.com/', NULL, NULL, NULL, 'local', '55475666', '', NULL, 0, NULL, NULL, 'active', 1625300053, 1635416824, NULL),
(73, 864, 2003, 13, NULL, 1697319000, 35, 'https://meet.google.com/', NULL, NULL, NULL, 'local', 'RW346@654', '', NULL, 0, NULL, NULL, 'active', 1625300165, 1635416835, NULL),
(74, 1015, 2009, 30, NULL, 1646177400, 3, NULL, NULL, NULL, NULL, 'agora', NULL, NULL, '{\"chat\":true,\"record\":false}', 0, NULL, 2, 'active', 1646172799, NULL, NULL),
(75, 1015, 2009, 30, NULL, 1646233200, 9999999, NULL, NULL, NULL, NULL, 'agora', '12345', NULL, '{\"chat\":true,\"record\":false}', 0, NULL, 3, 'active', 1646172930, NULL, NULL),
(76, 1015, 2009, 30, NULL, 1646141400, 3, NULL, 20, NULL, NULL, 'agora', NULL, NULL, '{\"chat\":false,\"record\":false}', 0, NULL, 1, 'active', 1646391211, 1690982044, NULL),
(104, 1050, 2029, 84, NULL, 1694214000, 120, 'https://meet.google.com/sju-wino-ump', 20, NULL, NULL, 'local', '12345', '', NULL, 0, NULL, NULL, 'active', 1693493694, NULL, NULL);

-- --------------------------------------------------------

--
-- Table structure for table `session_reminds`
--

CREATE TABLE `session_reminds` (
  `id` int(10) UNSIGNED NOT NULL,
  `session_id` int(10) UNSIGNED NOT NULL,
  `user_id` int(10) UNSIGNED NOT NULL,
  `created_at` int(11) NOT NULL
) ENGINE=InnoDB DEFAULT CHARSET=utf8mb4 COLLATE=utf8mb4_unicode_ci;

-- --------------------------------------------------------

--
-- Table structure for table `session_translations`
--

CREATE TABLE `session_translations` (
  `id` bigint(20) UNSIGNED NOT NULL,
  `session_id` int(10) UNSIGNED NOT NULL,
  `locale` varchar(255) COLLATE utf8mb4_unicode_ci NOT NULL,
  `title` varchar(255) COLLATE utf8mb4_unicode_ci NOT NULL,
  `description` text COLLATE utf8mb4_unicode_ci DEFAULT NULL
) ENGINE=InnoDB DEFAULT CHARSET=utf8mb4 COLLATE=utf8mb4_unicode_ci;

--
-- Dumping data for table `session_translations`
--

INSERT INTO `session_translations` (`id`, `session_id`, `locale`, `title`, `description`) VALUES
(18, 71, 'en', 'Why Active Listening?', 'Most of us want to get better at talking. But the REAL power tool for influencing others, leading, collaborating, having an impact, and being an an-all-around-better person is Active Listening. While regular listening can look like being blank and silent, Active Listening is engaged, creative, and responsive.'),
(19, 72, 'en', 'Automatic Listening Habits', 'In this course, you will gain both the internal awareness and external skill-set that are the foundation of Active Listening. You will be able to have far more satisfying, interesting, successful conversations.'),
(20, 73, 'en', 'Helpful Habits', 'Most of us want to get better at talking. But the REAL power tool for influencing others, leading, collaborating, having an impact, and being an an-all-around-better person is Active Listening.'),
(21, 74, 'en', 'First sesions', 'Online Course Creation can be simple once you have mastered the art of speaking in front of a camera. Imagine yourself delivering an entire course filled with great lectures'),
(22, 75, 'en', 'Join to This Session', 'The skill you will learn in this class is not primarily theoretical or academic. It is a skill that requires physical habits.'),
(23, 76, 'en', 'Introduction Session', 'The skill you will learn in this class is not primarily theoretical or academic. It is a skill that requires physical habits.'),
(59, 104, 'en', 'first oil class', 'First clas on oil');

-- --------------------------------------------------------

--
-- Table structure for table `settings`
--

CREATE TABLE `settings` (
  `id` int(10) UNSIGNED NOT NULL,
  `page` enum('general','financial','personalization','notifications','seo','customization','other') COLLATE utf8mb4_unicode_ci NOT NULL DEFAULT 'other',
  `name` varchar(255) COLLATE utf8mb4_unicode_ci NOT NULL,
  `updated_at` int(11) DEFAULT NULL
) ENGINE=InnoDB DEFAULT CHARSET=utf8mb4 COLLATE=utf8mb4_unicode_ci;

--
-- Dumping data for table `settings`
--

INSERT INTO `settings` (`id`, `page`, `name`, `updated_at`) VALUES
(1, 'seo', 'seo_metas', 1651070958),
(2, 'general', 'socials', 1632121340),
(4, 'other', 'footer', 1632071275),
(5, 'general', 'general', 1691063971),
(6, 'financial', 'financial', 1678734927),
(8, 'personalization', 'home_hero', 1688378506),
(12, 'customization', 'custom_css_js', 1636119881),
(14, 'personalization', 'page_background', 1688472459),
(15, 'personalization', 'home_hero2', 1688400793),
(20, 'other', 'report_reasons', 1632235945),
(22, 'notifications', 'notifications', 1692886736),
(23, 'financial', 'site_bank_accounts', 1617002426),
(24, 'other', 'contact_us', 1664436566),
(25, 'personalization', 'home_sections', 1653226117),
(26, 'other', 'navbar_links', 1647616036),
(27, 'personalization', 'home_video_or_image_box', 1688400806),
(28, 'other', '404', 1678950792),
(29, 'personalization', 'panel_sidebar', 1688472576),
(30, 'financial', 'referral', 1679092066),
(31, 'general', 'features', 1688465960),
(32, 'personalization', 'find_instructors', 1642530710),
(33, 'personalization', 'reward_program', 1688400838),
(34, 'general', 'rewards_settings', 1688380061),
(37, 'financial', 'registration_packages_general', 1679091695),
(38, 'financial', 'registration_packages_instructors', 1679091703),
(39, 'financial', 'registration_packages_organizations', 1679091707),
(40, 'personalization', 'become_instructor_section', 1645345116),
(41, 'general', 'store_settings', 1679091642),
(42, 'personalization', 'theme_colors', 1691063811),
(43, 'personalization', 'forums_section', 1650546951),
(44, 'personalization', 'cookie_settings', 1653487194),
(45, 'personalization', 'mobile_app', 1653489015),
(46, 'personalization', 'theme_fonts', 1677180546),
(47, 'general', 'reminders', 1650982581),
(48, 'other', 'advertising_modal', 1652000772),
(52, 'personalization', 'others_personalization', 1688378531),
(53, 'general', 'security', 1678150584),
(54, 'general', 'installments_settings', 1679091725),
(55, 'general', 'installments_terms_settings', 1679089417),
(56, 'financial', 'currency_settings', 1688376321),
(57, 'personalization', 'statistics', 1678151460),
(58, 'personalization', 'maintenance_settings', 1678873553),
(59, 'general', 'general_options', 1678540371),
(60, 'financial', 'offline_banks_credits', 1676303092),
(61, 'financial', 'offline_banks', 1676304557),
(62, 'general', 'gifts_general_settings', 1679091761),
(63, 'general', 'registration_bonus_settings', 1679091778),
(64, 'general', 'registration_bonus_terms_settings', 1678898719),
(65, 'personalization', 'forums_status', 1678898719);

-- --------------------------------------------------------

--
-- Table structure for table `setting_translations`
--

CREATE TABLE `setting_translations` (
  `id` bigint(20) UNSIGNED NOT NULL,
  `setting_id` int(10) UNSIGNED NOT NULL,
  `locale` varchar(255) COLLATE utf8mb4_unicode_ci NOT NULL,
  `value` longtext COLLATE utf8mb4_unicode_ci NOT NULL
) ENGINE=InnoDB DEFAULT CHARSET=utf8mb4 COLLATE=utf8mb4_unicode_ci;

--
-- Dumping data for table `setting_translations`
--

INSERT INTO `setting_translations` (`id`, `setting_id`, `locale`, `value`) VALUES
(1, 1, 'en', '{\"home\":{\"title\":\"Home\",\"description\":\"home page Description\",\"robot\":\"index\"},\"search\":{\"title\":\"Search\",\"description\":\"search page Description\",\"robot\":\"index\"},\"categories\":{\"title\":\"Category\",\"description\":\"categories page Description\",\"robot\":\"index\"},\"login\":{\"title\":\"Login\",\"description\":\"login page description\",\"robot\":\"index\"},\"register\":{\"title\":\"Register\",\"description\":\"register page Description\",\"robot\":\"index\"},\"about\":{\"title\":\"about page title\",\"description\":\"about page Description\"},\"contact\":{\"title\":\"Contact\",\"description\":\"contact page Description\",\"robot\":\"index\"},\"certificate_validation\":{\"title\":\"Certificate validation\",\"description\":\"Certificate validation description\",\"robot\":\"index\"},\"classes\":{\"title\":\"Courses\",\"description\":\"Courses page Description\",\"robot\":\"index\"},\"blog\":{\"title\":\"Blog\",\"description\":\"Blog page description\",\"robot\":\"index\"},\"instructors\":{\"title\":\"Instructors\",\"description\":\"instructors page Description\",\"robot\":\"index\"},\"organizations\":{\"title\":\"Organizations\",\"description\":\"Organizations page description\",\"robot\":\"index\"},\"instructor_finder_wizard\":{\"title\":\"Instructor finder wizard\",\"description\":\"Instructor finder wizard description\",\"robot\":\"noindex\"},\"instructor_finder\":{\"title\":\"Instructor finder\",\"description\":\"Instructor finder description\",\"robot\":\"index\"},\"reward_courses\":{\"title\":\"Reward courses\",\"description\":\"Reward courses description\",\"robot\":\"index\"},\"products_lists\":{\"title\":\"Store Products\",\"description\":\"Store Products Description\",\"robot\":\"noindex\"},\"reward_products\":{\"title\":\"Reward Products\",\"description\":\"Reward Products Description\",\"robot\":\"noindex\"},\"forum\":{\"title\":\"Forums\",\"description\":\"Forums Description\",\"robot\":\"noindex\"},\"upcoming_courses_lists\":{\"title\":\"Upcoming Course\",\"description\":\"Upcoming courses description\",\"robot\":\"noindex\"}}'),
(2, 2, 'en', '{\"Instagram\":{\"title\":\"Instagram\",\"image\":\"\\/store\\/1\\/default_images\\/social\\/instagram.svg\",\"link\":\"https:\\/\\/www.instagram.com\\/\",\"order\":\"1\"},\"Whatsapp\":{\"title\":\"Whatsapp\",\"image\":\"\\/store\\/1\\/default_images\\/social\\/whatsapp.svg\",\"link\":\"https:\\/\\/web.whatsapp.com\\/\",\"order\":\"2\"},\"Twitter\":{\"title\":\"Twitter\",\"image\":\"\\/store\\/1\\/default_images\\/social\\/twitter.svg\",\"link\":\"https:\\/\\/twitter.com\\/\",\"order\":\"3\"},\"Facebook\":{\"title\":\"Facebook\",\"image\":\"\\/store\\/1\\/default_images\\/social\\/facebook.svg\",\"link\":\"https:\\/\\/www.facebook.com\\/\",\"order\":\"4\"}}'),
(3, 4, 'fa', '{\"first_column\":{\"title\":\"\\u0633\\u062a\\u0648\\u0646 \\u0627\\u0648\\u0644\",\"value\":\"<p>\\u0644\\u06cc\\u0646\\u06a9 \\u06f1<\\/p><p>\\u0644\\u06cc\\u0646\\u06a9 \\u06f2<\\/p><p>\\u0644\\u06cc\\u0646\\u06a9 \\u06f3<\\/p>\"},\"second_column\":{\"title\":\"\\u0633\\u062a\\u0648\\u0646 \\u062f\\u0648\\u0645\",\"value\":\"<p>\\u0644\\u06cc\\u0646\\u06a9 1<\\/p><p>\\u0644\\u06cc\\u0646\\u06a9 2<\\/p><p>\\u0644\\u06cc\\u0646\\u06a9 3<\\/p>\"},\"third_column\":{\"title\":\"\\u0633\\u062a\\u0648\\u0646 \\u0633\\u0648\\u0645\",\"value\":\"<p>\\u0644\\u06cc\\u0646\\u06a9 1<\\/p><p>\\u0644\\u06cc\\u0646\\u06a9 \\u06f2<\\/p><p>\\u0644\\u06cc\\u0646\\u06a9 \\u06f3<\\/p>\"},\"forth_column\":{\"title\":\"\\u0633\\u062a\\u0648\\u0646 \\u0686\\u0647\\u0627\\u0631\",\"value\":\"<p>\\u0644\\u06cc\\u0646\\u06a9 1<\\/p><p>\\u0644\\u06cc\\u0646\\u06a9 \\u06f2<\\/p><p>\\u0644\\u06cc\\u0646\\u06a9 \\u06f3<\\/p><p>\\u0644\\u06cc\\u0646\\u06a9 \\u06f4<\\/p>\"}}'),
(4, 5, 'en', '{\"site_name\":\"Valued Seed\",\"site_email\":\"support@qhub.com.ng\",\"site_phone\":\"415-716-1166\",\"site_language\":\"EN\",\"register_method\":\"email\",\"default_time_zone\":\"Africa\\/Lagos\",\"date_format\":\"textual\",\"time_format\":\"24_hours\",\"user_languages\":[\"EN\"],\"fav_icon\":\"\\/store\\/1\\/rc-logo-1.png\",\"logo\":\"\\/store\\/1\\/rc-logo-1.png\",\"footer_logo\":\"\\/store\\/1\\/RC LOGO White.png\",\"rtl_layout\":\"0\",\"preloading\":\"1\",\"hero_section1\":\"0\",\"hero_section2\":\"1\",\"content_translate\":\"0\",\"app_debugbar\":\"0\"}'),
(5, 6, 'en', '{\"commission\":\"20\",\"tax\":\"10\",\"minimum_payout\":\"50\",\"currency\":\"USD\",\"currency_position\":\"left\",\"price_display\":\"only_price\"}'),
(6, 8, 'en', '{\"title\":\"Joy of learning & teaching...\",\"description\":\"Q-Hub is a fully-featured educational platform that helps instructors to create and publish video courses, live classes, and text courses, and helps students to learn in the easiest way.\",\"hero_background\":\"\\/store\\/1\\/default_images\\/hero_1.jpg\",\"is_video_background\":\"0\"}'),
(7, 12, 'en', '{\"css\":null,\"js\":null}'),
(8, 14, 'en', '{\"admin_login\":\"\\/store\\/1\\/admin_login_image.jpg\",\"admin_dashboard\":\"\\/store\\/1\\/default_images\\/admin_dashboard.jpg\",\"login\":\"\\/store\\/1\\/login-image.jpg\",\"register\":\"\\/store\\/1\\/login-image.jpg\",\"remember_pass\":\"\\/store\\/1\\/login-image.jpg\",\"verification\":\"\\/store\\/1\\/default_images\\/verification.jpg\",\"search\":\"\\/store\\/1\\/default_images\\/search_cover.png\",\"categories\":\"\\/store\\/1\\/default_images\\/category_cover.png\",\"become_instructor\":\"\\/store\\/1\\/default_images\\/become_instructor.jpg\",\"certificate_validation\":\"\\/store\\/1\\/default_images\\/certificate_validation.jpg\",\"blog\":\"\\/store\\/1\\/default_images\\/blogs_cover.png\",\"instructors\":\"\\/store\\/1\\/default_images\\/instructors_cover.png\",\"organizations\":\"\\/store\\/1\\/default_images\\/organizations_cover.png\",\"dashboard\":\"\\/store\\/1\\/dashboard.png\",\"user_cover\":\"\\/store\\/1\\/default_images\\/default_cover.jpg\",\"instructor_finder_wizard\":\"\\/store\\/1\\/default_images\\/instructor_finder_wizard.jpg\",\"products_lists\":\"\\/store\\/1\\/default_images\\/category_cover.png\",\"upcoming_courses_lists\":\"\\/store\\/1\\/default_images\\/category_cover.png\"}'),
(9, 15, 'en', '{\"title\":\"Joy of learning & teaching...\",\"description\":\"Q-Hub is a fully-featured educational platform that helps instructors to create and publish video courses, live classes, and text courses and earn money, and helps students to learn in the easiest way.\",\"hero_background\":\"\\/assets\\/default\\/img\\/home\\/world.png\",\"hero_vector\":\"\\/store\\/1\\/animated-header.json\",\"has_lottie\":\"1\"}'),
(10, 20, 'en', '[\"Inappropriate Course Content\",\"Inappropriate Behavior\",\"Policy Violation\",\"Spammy Content\",\"Other\"]'),
(11, 22, 'en', '{\"new_comment_admin\":\"7\",\"support_message_admin\":\"10\",\"support_message_replied_admin\":\"11\",\"promotion_plan_admin\":\"29\",\"new_contact_message\":\"26\",\"new_badge\":\"2\",\"change_user_group\":\"3\",\"course_created\":\"4\",\"course_approve\":\"5\",\"course_reject\":\"6\",\"new_comment\":\"7\",\"support_message\":\"8\",\"support_message_replied\":\"9\",\"new_rating\":\"17\",\"webinar_reminder\":\"27\",\"new_financial_document\":\"12\",\"payout_request\":\"13\",\"payout_proceed\":\"14\",\"offline_payment_request\":\"18\",\"offline_payment_approved\":\"19\",\"offline_payment_rejected\":\"20\",\"new_sales\":\"15\",\"new_purchase\":\"16\",\"new_subscribe_plan\":\"21\",\"promotion_plan\":\"28\",\"new_appointment\":\"22\",\"new_appointment_link\":\"23\",\"appointment_reminder\":\"24\",\"meeting_finished\":\"25\",\"new_certificate\":\"30\",\"waiting_quiz\":\"31\",\"waiting_quiz_result\":\"32\",\"payout_request_admin\":\"13\",\"product_new_sale\":\"33\",\"product_new_purchase\":\"34\",\"product_new_comment\":\"35\",\"product_tracking_code\":\"36\",\"product_new_rating\":\"37\",\"product_receive_shipment\":\"38\",\"product_out_of_stock\":\"39\",\"student_send_message\":\"40\",\"instructor_send_message\":\"41\",\"instructor_set_grade\":\"42\",\"send_post_in_topic\":\"44\",\"publish_instructor_blog_post\":\"45\",\"new_comment_for_instructor_blog_post\":\"46\",\"meeting_reserve_reminder\":\"47\",\"subscribe_reminder\":\"48\",\"reminder_gift_to_receipt\":\"52\",\"gift_sender_confirmation\":\"53\",\"gift_sender_notification\":\"54\",\"admin_gift_submission\":\"55\",\"admin_gift_sending_confirmation\":\"56\",\"reminder_installments_before_overdue\":\"57\",\"installment_due_reminder\":\"58\",\"reminder_installments_after_overdue\":\"59\",\"approve_installment_verification_request\":\"60\",\"reject_installment_verification_request\":\"61\",\"paid_installment_step\":\"62\",\"paid_installment_step_for_admin\":\"63\",\"paid_installment_upfront\":\"64\",\"installment_verification_request_sent\":\"65\",\"admin_installment_verification_request_sent\":\"66\",\"instalment_request_submitted\":\"67\",\"instalment_request_submitted_for_admin\":\"68\",\"upcoming_course_submission\":\"69\",\"upcoming_course_submission_for_admin\":\"70\",\"upcoming_course_approved\":\"71\",\"upcoming_course_rejected\":\"72\",\"upcoming_course_published\":\"73\",\"upcoming_course_followed\":\"74\",\"upcoming_course_published_for_followers\":\"75\",\"user_get_cashback\":\"76\",\"user_get_cashback_notification_for_admin\":\"77\",\"bundle_submission\":\"78\",\"bundle_submission_for_admin\":\"79\",\"bundle_approved\":\"80\",\"bundle_rejected\":\"81\",\"new_review_for_bundle\":\"82\",\"registration_bonus_achieved\":\"83\",\"registration_bonus_unlocked\":\"84\",\"registration_bonus_unlocked_for_admin\":\"85\",\"registration_package_activated\":\"86\",\"registration_package_activated_for_admin\":\"87\",\"registration_package_expired\":\"87\",\"contact_message_submission\":\"88\",\"contact_message_submission_for_admin\":\"89\",\"waitlist_submission\":\"90\",\"waitlist_submission_for_admin\":\"91\",\"new_referral_user\":\"92\",\"user_role_change\":\"97\",\"add_to_user_group\":\"98\",\"become_instructor_request_approved\":\"99\",\"become_instructor_request_rejected\":\"100\",\"new_question_in_forum\":\"101\",\"new_answer_in_forum\":\"102\",\"new_appointment_session\":\"103\",\"new_quiz\":\"93\",\"user_get_new_point\":\"94\",\"new_course_notice\":\"96\",\"new_registration\":\"104\",\"new_become_instructor_request\":\"105\",\"new_course_enrollment\":\"106\",\"new_forum_topic\":\"107\",\"new_report_item_for_admin\":\"108\",\"new_item_created\":\"109\",\"new_store_order\":\"110\",\"subscription_plan_activated\":\"111\",\"content_review_request\":\"112\",\"new_user_blog_post\":\"113\",\"new_user_item_rating\":\"114\",\"new_organization_user\":\"115\",\"user_wallet_charge\":\"116\",\"new_user_payout_request\":\"117\",\"new_offline_payment_request\":\"118\",\"user_access_to_content\":\"119\"}'),
(12, 23, 'en', '{\"540\":{\"title\":\"Qatar National Bank\",\"image\":\"\\/store\\/1\\/default_images\\/offline_payments\\/Qatar National Bank.png\",\"card_id\":\"2578-4910-3682-6288\",\"account_id\":\"38152294372\",\"iban\":\"QA66QUWW934528129454345775226\"},\"334\":{\"title\":\"State Bank of India\",\"image\":\"\\/store\\/1\\/default_images\\/offline_payments\\/State Bank of India.png\",\"card_id\":\"6282-4518-1237-7641\",\"account_id\":\"56238341127\",\"iban\":\"IN37ABNA2422193788\"},\"jhgDW\":{\"title\":\"JPMorgan\",\"image\":\"\\/store\\/1\\/default_images\\/offline_payments\\/jpmorgan.png\",\"card_id\":\"5012-4518-1772-8911\",\"account_id\":\"46237751125\",\"iban\":\"NL37ABNA2423554788\"}}'),
(13, 24, 'en', '{\"background\":\"\\/store\\/1\\/default_images\\/category_cover.png\",\"latitude\":\"43.45905\",\"longitude\":\"11.87300\",\"map_zoom\":\"16\",\"phones\":\"415-716-1166 , 415-716-1167\",\"emails\":\"mail@lms.rocket-soft.org , info@lms.rocket-soft.org\",\"address\":\"4193 Roosevelt Street\\r\\nSan Francisco, CA 94103\"}'),
(14, 25, 'en', '{\"latest_classes\":\"1\",\"best_sellers\":\"1\",\"free_classes\":\"1\",\"discount_classes\":\"1\",\"best_rates\":\"1\",\"trend_categories\":\"1\",\"testimonials\":\"1\",\"subscribes\":\"1\",\"blog\":\"1\",\"organizations\":\"1\",\"instructors\":\"1\",\"video_or_image_section\":\"1\",\"find_instructors\":\"1\",\"reward_program\":\"1\"}'),
(15, 26, 'en', '{\"02nh9a\":{\"title\":\"Home\",\"link\":\"\\/\",\"order\":\"1\"},\"1cH2kF\":{\"title\":\"Courses\",\"link\":\"\\/classes?sort=newest\",\"order\":\"2\"},\"gGf8Lv\":{\"title\":\"Instructors\",\"link\":\"\\/instructor-finder\",\"order\":\"3\"},\"Uo5b2v\":{\"title\":\"Store\",\"link\":\"\\/products\",\"order\":\"4\"},\"Wnq5Qb\":{\"title\":\"Forums\",\"link\":\"\\/forums\",\"order\":\"5\"}}'),
(16, 27, 'en', '{\"link\":\"\\/classes\",\"title\":\"Start learning anywhere, anytime...\",\"description\":\"Use Q-Hub to access high-quality education materials without any limitations in the easiest way.\",\"background\":\"\\/store\\/1\\/default_images\\/home_video_section.png\"}'),
(17, 28, 'en', '{\"error_image\":\"\\/store\\/1\\/default_images\\/404.svg\",\"error_title\":\"Page not found!\",\"error_description\":\"Sorry, this page is not available...\"}'),
(18, 29, 'en', '{\"link\":null,\"background\":null}'),
(19, 30, 'en', '{\"status\":\"0\",\"users_affiliate_status\":\"0\",\"affiliate_user_commission\":\"5\",\"store_affiliate_user_commission\":\"5\",\"affiliate_user_amount\":\"20\",\"referred_user_amount\":\"10\",\"referral_description\":\"You can share your affiliate URL you will get the above rewards when a user uses the platform.\"}'),
(20, 4, 'en', '{\"first_column\":{\"title\":\"About Us\",\"value\":\"<p><font color=\\\"#ffffff\\\">Q-Hub is a Learning Management System (LMS) committed to unleashing the complete potential of every learner. Through our cutting-edge platform, we offer a user-friendly and seamless experience, enabling the cultivation of knowledge, personal growth, and remarkable achievements.<\\/font><\\/p>\"},\"second_column\":{\"title\":\"Additional Links\",\"value\":\"<p><a href=\\\"\\/login\\\"><font color=\\\"#ffffff\\\">- Login<\\/font><\\/a><\\/p><p><font color=\\\"#ffffff\\\"><a href=\\\"\\/register\\\"><font color=\\\"#ffffff\\\">- Register<\\/font><\\/a><br><\\/font><\\/p><p><a href=\\\"\\/blog\\\"><font color=\\\"#ffffff\\\">- Blog<\\/font><\\/a><\\/p><p><a href=\\\"\\/contact\\\"><font color=\\\"#ffffff\\\">- Contact us<\\/font><\\/a><\\/p><p><font color=\\\"#ffffff\\\"><a href=\\\"\\/certificate_validation\\\"><font color=\\\"#ffffff\\\">- Certificate validation<\\/font><\\/a><br><\\/font><\\/p><p><font color=\\\"#ffffff\\\"><a href=\\\"\\/become-instructor\\\"><font color=\\\"#ffffff\\\">- Become instructor<\\/font><\\/a><br><\\/font><\\/p><p><a href=\\\"\\/pages\\/terms\\\"><font color=\\\"#ffffff\\\">- Terms &amp; rules<\\/font><\\/a><\\/p><p><a href=\\\"\\/pages\\/about\\\"><font color=\\\"#ffffff\\\">- About us<\\/font><\\/a><br><\\/p>\"},\"third_column\":{\"title\":\"Quick Links\",\"value\":\"<p><font style=\\\"\\\" color=\\\"#ffffff\\\">- Courses<\\/font><\\/p><p><font style=\\\"\\\" color=\\\"#ffffff\\\">- Categories<br><\\/font><\\/p><p><font style=\\\"\\\" color=\\\"#ffffff\\\">- Instructors<\\/font><\\/p><p><font color=\\\"#ffffff\\\" style=\\\"\\\">- Forums<\\/font><\\/p><p><font style=\\\"\\\" color=\\\"#ffffff\\\">-&nbsp;Store<br><\\/font><\\/p><p><font color=\\\"#ffffff\\\" style=\\\"\\\">- Become instructor<br><\\/font><\\/p><p><font color=\\\"#ffffff\\\" style=\\\"\\\">- Terms &amp; rules<\\/font><\\/p><p><font color=\\\"#ffffff\\\" style=\\\"\\\">- About us<\\/font><br><\\/p>\"},\"forth_column\":{\"title\":null,\"value\":\"<p><img src=\\\"\\/store\\/1\\/rc-logo-1.png\\\" style=\\\"width: 50%;\\\"><a title=\\\"Notnt\\\" href=\\\"https:\\/\\/codecanyon.net\\\"><\\/a><\\/p>\"}}'),
(31, 4, 'ar', '{\"first_column\":{\"title\":\"\\u0645\\u0639\\u0644\\u0648\\u0645\\u0627\\u062a \\u0639\\u0646\\u0627\",\"value\":\"<p><font color=\\\"#ffffff\\\">Rocket LMS \\u0647\\u0648 \\u0646\\u0638\\u0627\\u0645 \\u0625\\u062f\\u0627\\u0631\\u0629 \\u062a\\u0639\\u0644\\u0645 \\u0643\\u0627\\u0645\\u0644 \\u0627\\u0644\\u0645\\u064a\\u0632\\u0627\\u062a \\u064a\\u0633\\u0627\\u0639\\u062f\\u0643 \\u0639\\u0644\\u0649 \\u0625\\u062f\\u0627\\u0631\\u0629 \\u0623\\u0639\\u0645\\u0627\\u0644\\u0643 \\u0627\\u0644\\u062a\\u0639\\u0644\\u064a\\u0645\\u064a\\u0629 \\u0641\\u064a \\u0639\\u062f\\u0629 \\u0633\\u0627\\u0639\\u0627\\u062a. \\u062a\\u0633\\u0627\\u0639\\u062f \\u0647\\u0630\\u0647 \\u0627\\u0644\\u0645\\u0646\\u0635\\u0629 \\u0627\\u0644\\u0645\\u0639\\u0644\\u0645\\u064a\\u0646 \\u0639\\u0644\\u0649 \\u0625\\u0646\\u0634\\u0627\\u0621 \\u0645\\u0648\\u0627\\u062f \\u062a\\u0639\\u0644\\u064a\\u0645\\u064a\\u0629 \\u0627\\u062d\\u062a\\u0631\\u0627\\u0641\\u064a\\u0629 \\u0648\\u062a\\u0633\\u0627\\u0639\\u062f \\u0627\\u0644\\u0637\\u0644\\u0627\\u0628 \\u0639\\u0644\\u0649 \\u0627\\u0644\\u062a\\u0639\\u0644\\u0645 \\u0645\\u0646 \\u0623\\u0641\\u0636\\u0644 \\u0627\\u0644\\u0645\\u062f\\u0631\\u0628\\u064a\\u0646.<\\/font><\\/p>\"},\"second_column\":{\"title\":\"\\u0631\\u0648\\u0627\\u0628\\u0637 \\u0625\\u0636\\u0627\\u0641\\u064a\\u0629\",\"value\":\"<p><a href=\\\"\\/login\\\"><span style=\\\"color: #ffffff;\\\">- \\u062a\\u0633\\u062c\\u064a\\u0644 \\u0627\\u0644\\u062f\\u062e\\u0648\\u0644<\\/span><\\/a><\\/p>\\r\\n<p><span style=\\\"color: #ffffff;\\\"><a href=\\\"\\/register\\\"><span style=\\\"color: #ffffff;\\\">- \\u062a\\u0633\\u062c\\u064a\\u0644<\\/span><\\/a><br><\\/span><\\/p>\\r\\n<p><a href=\\\"\\/blog\\\"><span style=\\\"color: #ffffff;\\\">- \\u0645\\u0642\\u0627\\u0644\\u0627\\u062a<\\/span><\\/a><\\/p>\\r\\n<p><a href=\\\"\\/contact\\\"><span style=\\\"color: #ffffff;\\\">- \\u0627\\u062a\\u0635\\u0644 \\u0628\\u0646\\u0627<\\/span><\\/a><\\/p>\\r\\n<p><span style=\\\"color: #ffffff;\\\"><a href=\\\"\\/certificate_validation\\\"><span style=\\\"color: #ffffff;\\\">- \\u0627\\u0644\\u062a\\u062d\\u0642\\u0642 \\u0645\\u0646 \\u0635\\u062d\\u0629 \\u0627\\u0644\\u0634\\u0647\\u0627\\u062f\\u0629<\\/span><\\/a><br><\\/span><\\/p>\\r\\n<p><span style=\\\"color: #ffffff;\\\"><a href=\\\"\\/become-instructor\\\"><span style=\\\"color: #ffffff;\\\">- \\u0623\\u0635\\u0628\\u062d \\u0645\\u062f\\u0631\\u0628\\u0627<\\/span><\\/a><br><\\/span><\\/p>\\r\\n<p><a href=\\\"\\/pages\\/terms\\\"><span style=\\\"color: #ffffff;\\\">- \\u0627\\u0644\\u0634\\u0631\\u0648\\u0637 \\u0648\\u0627\\u0644\\u0642\\u0648\\u0627\\u0639\\u062f<\\/span><\\/a><\\/p>\\r\\n<p><a href=\\\"\\/pages\\/about\\\"><span style=\\\"color: #ffffff;\\\">- \\u0645\\u0639\\u0644\\u0648\\u0645\\u0627\\u062a \\u0639\\u0646\\u0627<\\/span><\\/a><\\/p>\"},\"third_column\":{\"title\":\"\\u0623\\u0639\\u0645\\u0627\\u0644 \\u0645\\u0645\\u0627\\u062b\\u0644\\u0629\",\"value\":\"<p><a href=\\\"https:\\/\\/www.udemy.com\\/\\\" target=\\\"_blank\\\"><font color=\\\"#ffffff\\\">- \\u064a\\u0648\\u062f\\u0645\\u064a<\\/font><\\/a><\\/p><p><a href=\\\"https:\\/\\/www.skillshare.com\\/\\\" target=\\\"_blank\\\"><font color=\\\"#ffffff\\\">- \\u0627\\u0633\\u06a9\\u06cc\\u0644 \\u0634\\u06cc\\u0631<\\/font><\\/a><\\/p><p><a href=\\\"https:\\/\\/www.coursera.org\\/\\\" target=\\\"_blank\\\"><font color=\\\"#ffffff\\\">- \\u0643\\u0631\\u0633 \\u0627\\u064a\\u0631\\u0627<\\/font><\\/a><\\/p><p><a href=\\\"https:\\/\\/www.linkedin.com\\/learning\\/\\\" target=\\\"_blank\\\"><font color=\\\"#ffffff\\\">- \\u0644\\u06cc\\u0646\\u062f\\u0627<\\/font><\\/a><\\/p><p><a href=\\\"https:\\/\\/www.skillsoft.com\\/\\\" target=\\\"_blank\\\"><font color=\\\"#ffffff\\\">- \\u0627\\u0633\\u0643\\u064a\\u0644 \\u0633\\u0641\\u062a<\\/font><\\/a><\\/p><p><a href=\\\"https:\\/\\/www.udacity.com\\/\\\" target=\\\"_blank\\\"><font color=\\\"#ffffff\\\">- \\u0627\\u0648\\u062f\\u0627\\u0633\\u064a\\u062a\\u064a<\\/font><\\/a><\\/p><p><a href=\\\"https:\\/\\/www.edx.org\\/\\\" target=\\\"_blank\\\"><font color=\\\"#ffffff\\\">\\u0627\\u062f\\u0643\\u0633<\\/font><\\/a><\\/p><p><a href=\\\"https:\\/\\/www.masterclass.com\\/\\\" target=\\\"_blank\\\"><font color=\\\"#ffffff\\\">- \\u0645\\u0633\\u062a\\u0631 \\u0643\\u0644\\u0633<\\/font><\\/a><br><\\/p>\"},\"forth_column\":{\"title\":\"\\u0642\\u0645 \\u0628\\u0634\\u0631\\u0627\\u0621 Rocket LMS\",\"value\":\"<p><a title=\\\"Notnt\\\" href=\\\"https:\\/\\/codecanyon.net\\\"><img style=\\\"width: 200px;\\\" src=\\\"\\/store\\/1\\/default_images\\/envato.png\\\"><\\/a><\\/p>\"}}'),
(32, 31, 'en', '{\"agora_resolution\":null,\"agora_max_bitrate\":\"2260\",\"agora_min_bitrate\":\"1130\",\"agora_frame_rate\":\"15\",\"agora_live_streaming\":\"0\",\"agora_chat\":\"0\",\"agora_in_free_courses\":\"0\",\"agora_for_meeting\":\"0\",\"meeting_live_stream_type\":\"single\",\"course_live_stream_type\":\"single\",\"new_interactive_file\":\"0\",\"timezone_in_register\":\"1\",\"timezone_in_create_webinar\":\"1\",\"sequence_content_status\":\"0\",\"webinar_assignment_status\":\"0\",\"webinar_private_content_status\":\"0\",\"disable_view_content_after_user_register\":\"0\",\"course_forum_status\":\"0\",\"forums_status\":\"0\",\"direct_classes_payment_button_status\":\"0\",\"direct_bundles_payment_button_status\":\"0\",\"direct_products_payment_button_status\":\"0\",\"cookie_settings_status\":\"0\",\"mobile_app_status\":\"0\",\"maintenance_status\":\"0\",\"maintenance_access_key\":\"key\",\"extra_time_to_join_status\":\"1\",\"extra_time_to_join_default_value\":\"20\",\"show_other_register_method\":\"1\",\"show_certificate_additional_in_register\":\"1\",\"show_google_login_button\":\"1\",\"show_facebook_login_button\":\"1\",\"show_live_chat_widget\":\"1\",\"cashback_active\":\"0\",\"display_cashback_notice_in_the_product_page\":\"0\",\"display_minimum_amount_cashback_notices\":\"0\",\"available_session_apis\":[\"local\",\"zoom\"],\"available_sources\":[\"upload\",\"youtube\",\"vimeo\",\"external_link\",\"google_drive\",\"iframe\",\"s3\"],\"bunny_configs\":[],\"select_the_role_during_registration\":[\"teacher\",\"organization\"],\"waitlist_status\":\"0\",\"upcoming_courses_status\":\"0\"}'),
(33, 32, 'en', '{\"image\":\"\\/store\\/1\\/default_images\\/home_sections_banners\\/instructor_finder_banner.jpg\",\"title\":\"Find the best instructor\",\"description\":\"Looking for an instructor? Find the best instructors according to different parameters like gender, skill level, price, meeting type, rating, etc.\\r\\nFind instructors on the map.\",\"button1\":{\"title\":\"Tutor Finder\",\"link\":\"\\/instructor-finder\\/wizard\"},\"button2\":{\"title\":\"Tutors on Map\",\"link\":\"\\/instructor-finder\"}}'),
(34, 33, 'en', '{\"image\":\"\\/store\\/1\\/default_images\\/home_sections_banners\\/club_points_banner.png\",\"title\":\"Win Club Points\",\"description\":\"Use Q-Hub and win club points according to different activities.\\r\\nYou will be able to use your club points to get free prizes and courses. Start using the system now and collect points!\",\"button1\":{\"title\":\"Rewards\",\"link\":\"\\/reward-courses\"},\"button2\":{\"title\":\"Points Club\",\"link\":\"\\/panel\\/rewards\"}}'),
(35, 34, 'en', '{\"status\":\"1\",\"exchangeable\":\"1\",\"exchangeable_unit\":\"200\",\"want_more_points_link\":\"\\/pages\\/reward_points_system\"}'),
(38, 37, 'en', '{\"status\":\"0\",\"show_packages_during_registration\":\"0\",\"force_user_to_select_a_package\":\"0\",\"enable_home_section\":\"1\"}'),
(39, 38, 'en', '{\"status\":\"0\",\"courses_capacity\":\"20\",\"courses_count\":\"5\",\"meeting_count\":\"20\",\"product_count\":\"5\"}'),
(40, 39, 'en', '{\"status\":\"0\",\"instructors_count\":\"5\",\"students_count\":\"30\",\"courses_capacity\":\"30\",\"courses_count\":\"10\",\"meeting_count\":\"40\",\"product_count\":\"10\"}'),
(41, 40, 'en', '{\"image\":\"\\/store\\/1\\/default_images\\/home_sections_banners\\/become_instructor_banner.jpg\",\"title\":\"Become an instructor\",\"description\":\"Are you interested to be a part of our community?\\r\\nYou can be a part of our community by signing up as an instructor or organization.\",\"button1\":{\"title\":\"Become an Instructor\",\"link\":\"\\/become-instructor\"},\"button2\":{\"title\":\"Registration Packages\",\"link\":\"become-instructor\\/packages\\/\"}}'),
(42, 8, 'ar', '{\"title\":\"\\u0645\\u062a\\u0639\\u0629 \\u0627\\u0644\\u062a\\u0639\\u0644\\u0645 \\u0648\\u0627\\u0644\\u062a\\u0639\\u0644\\u064a\\u0645 ...\",\"description\":\"Rocket LMS \\u0639\\u0628\\u0627\\u0631\\u0629 \\u0639\\u0646 \\u0646\\u0638\\u0627\\u0645 \\u0623\\u0633\\u0627\\u0633\\u064a \\u062a\\u0639\\u0644\\u064a\\u0645\\u064a \\u0643\\u0627\\u0645\\u0644 \\u0627\\u0644\\u0645\\u064a\\u0632\\u0627\\u062a \\u064a\\u0633\\u0627\\u0639\\u062f \\u0627\\u0644\\u0645\\u062f\\u0631\\u0628\\u064a\\u0646 \\u0639\\u0644\\u0649 \\u0625\\u0646\\u0634\\u0627\\u0621 \\u0648\\u0646\\u0634\\u0631 \\u062f\\u0648\\u0631\\u0627\\u062a \\u0641\\u064a\\u062f\\u064a\\u0648 \\u0648\\u0641\\u0635\\u0648\\u0644 \\u0645\\u0628\\u0627\\u0634\\u0631\\u0629 \\u0648\\u062f\\u0648\\u0631\\u0627\\u062a \\u0646\\u0635\\u064a\\u0629 \\u0648\\u0643\\u0633\\u0628 \\u0627\\u0644\\u0645\\u0627\\u0644 \\u060c \\u0648\\u064a\\u0633\\u0627\\u0639\\u062f \\u0627\\u0644\\u0637\\u0644\\u0627\\u0628 \\u0639\\u0644\\u0649 \\u0627\\u0644\\u062a\\u0639\\u0644\\u0645 \\u0628\\u0623\\u0633\\u0647\\u0644 \\u0637\\u0631\\u064a\\u0642\\u0629.\",\"hero_background\":\"\\/store\\/1\\/default_images\\/hero_1.jpg\"}'),
(43, 8, 'es', '{\"title\":\"Alegr\\u00eda de aprender y ense\\u00f1ar ...\",\"description\":\"Rocket LMS es una plataforma educativa con todas las funciones que ayuda a los instructores a crear y publicar cursos de video, clases en vivo y cursos de texto y ganar dinero, y ayuda a los estudiantes a aprender de la manera m\\u00e1s f\\u00e1cil.\",\"hero_background\":\"\\/store\\/1\\/default_images\\/hero_1.jpg\"}'),
(44, 15, 'ar', '{\"title\":\"\\u0645\\u062a\\u0639\\u0629 \\u0627\\u0644\\u062a\\u0639\\u0644\\u0645 \\u0648\\u0627\\u0644\\u062a\\u0639\\u0644\\u064a\\u0645 ...\",\"description\":\"Rocket LMS \\u0639\\u0628\\u0627\\u0631\\u0629 \\u0639\\u0646 \\u0646\\u0638\\u0627\\u0645 \\u0623\\u0633\\u0627\\u0633\\u064a \\u062a\\u0639\\u0644\\u064a\\u0645\\u064a \\u0643\\u0627\\u0645\\u0644 \\u0627\\u0644\\u0645\\u064a\\u0632\\u0627\\u062a \\u064a\\u0633\\u0627\\u0639\\u062f \\u0627\\u0644\\u0645\\u062f\\u0631\\u0628\\u064a\\u0646 \\u0639\\u0644\\u0649 \\u0625\\u0646\\u0634\\u0627\\u0621 \\u0648\\u0646\\u0634\\u0631 \\u062f\\u0648\\u0631\\u0627\\u062a \\u0641\\u064a\\u062f\\u064a\\u0648 \\u0648\\u0641\\u0635\\u0648\\u0644 \\u0645\\u0628\\u0627\\u0634\\u0631\\u0629 \\u0648\\u062f\\u0648\\u0631\\u0627\\u062a \\u0646\\u0635\\u064a\\u0629 \\u0648\\u0643\\u0633\\u0628 \\u0627\\u0644\\u0645\\u0627\\u0644 \\u060c \\u0648\\u064a\\u0633\\u0627\\u0639\\u062f \\u0627\\u0644\\u0637\\u0644\\u0627\\u0628 \\u0639\\u0644\\u0649 \\u0627\\u0644\\u062a\\u0639\\u0644\\u0645 \\u0628\\u0623\\u0633\\u0647\\u0644 \\u0637\\u0631\\u064a\\u0642\\u0629.\",\"hero_background\":\"\\/assets\\/default\\/img\\/home\\/world.png\",\"hero_vector\":\"\\/store\\/1\\/animated-header.json\",\"has_lottie\":\"1\"}'),
(45, 15, 'es', '{\"title\":\"Alegr\\u00eda de aprender y ense\\u00f1ar ...\",\"description\":\"Rocket LMS es una plataforma educativa con todas las funciones que ayuda a los instructores a crear y publicar cursos de video, clases en vivo y cursos de texto y ganar dinero, y ayuda a los estudiantes a aprender de la manera m\\u00e1s f\\u00e1cil.\",\"hero_background\":\"\\/assets\\/default\\/img\\/home\\/world.png\",\"hero_vector\":\"\\/store\\/1\\/animated-header.json\",\"has_lottie\":\"1\"}'),
(46, 27, 'ar', '{\"link\":\"\\/classes\",\"title\":\"\\u0627\\u0628\\u062f\\u0623 \\u0627\\u0644\\u062a\\u0639\\u0644\\u0645 \\u0641\\u064a \\u0623\\u064a \\u0645\\u0643\\u0627\\u0646 \\u0648\\u0641\\u064a \\u0623\\u064a \\u0648\\u0642\\u062a ...\",\"description\":\"\\u0627\\u0633\\u062a\\u062e\\u062f\\u0645 Rocket LMS \\u0644\\u0644\\u0648\\u0635\\u0648\\u0644 \\u0625\\u0644\\u0649 \\u0645\\u0648\\u0627\\u062f \\u062a\\u0639\\u0644\\u064a\\u0645\\u064a\\u0629 \\u0639\\u0627\\u0644\\u064a\\u0629 \\u0627\\u0644\\u062c\\u0648\\u062f\\u0629 \\u062f\\u0648\\u0646 \\u0623\\u064a \\u0642\\u064a\\u0648\\u062f \\u0648\\u0628\\u0623\\u0633\\u0647\\u0644 \\u0637\\u0631\\u064a\\u0642\\u0629.\",\"background\":\"\\/store\\/1\\/default_images\\/home_video_section.png\"}'),
(47, 27, 'es', '{\"link\":\"\\/classes\",\"title\":\"Empiece a aprender en cualquier lugar, en cualquier momento ...\",\"description\":\"Utilice Rocket LMS para acceder a materiales educativos de alta calidad sin limitaciones de la forma m\\u00e1s sencilla.\",\"background\":\"\\/store\\/1\\/default_images\\/home_video_section.png\"}'),
(48, 29, 'ar', '{\"link\":\"\\/classes?sort=newest\",\"background\":\"\\/store\\/1\\/sidebar-user-ar.png\"}'),
(49, 29, 'es', '{\"link\":\"\\/classes?sort=newest\",\"background\":\"\\/store\\/1\\/sidebar-user-sp.png\"}'),
(50, 4, 'es', '{\"first_column\":{\"title\":\"Sobre Nosotras\",\"value\":\"<p><font color=\\\"#ffffff\\\">Rocket LMS es un sistema de gesti\\u00f3n de aprendizaje con todas las funciones que le ayuda a gestionar su negocio educativo en varias horas. Esta plataforma ayuda a los instructores a crear materiales educativos profesionales y ayuda a los estudiantes a aprender de los mejores instructores.<\\/font><\\/p>\"},\"second_column\":{\"title\":\"Enlaces Adicionales\",\"value\":\"<p><a href=\\\"\\/login\\\"><span style=\\\"color: #ffffff;\\\">- Acceso<\\/span><\\/a><\\/p>\\r\\n<p><span style=\\\"color: #ffffff;\\\"><a href=\\\"\\/register\\\"><span style=\\\"color: #ffffff;\\\">- Registrarse<\\/span><\\/a><br><\\/span><\\/p>\\r\\n<p><a href=\\\"\\/blog\\\"><span style=\\\"color: #ffffff;\\\">- Blog<\\/span><\\/a><\\/p>\\r\\n<p><a href=\\\"\\/contact\\\"><span style=\\\"color: #ffffff;\\\">- Contacta con nosotras<\\/span><\\/a><\\/p>\\r\\n<p><span style=\\\"color: #ffffff;\\\"><a href=\\\"\\/certificate_validation\\\"><span style=\\\"color: #ffffff;\\\">- Validaci\\u00f3n de certificado<\\/span><\\/a><br><\\/span><\\/p>\\r\\n<p><span style=\\\"color: #ffffff;\\\"><a href=\\\"\\/become-instructor\\\"><span style=\\\"color: #ffffff;\\\">- Convi\\u00e9rtete en instructor<\\/span><\\/a><br><\\/span><\\/p>\\r\\n<p><a href=\\\"\\/pages\\/terms\\\"><span style=\\\"color: #ffffff;\\\">- T\\u00e9rminos y reglas<\\/span><\\/a><\\/p>\\r\\n<p><a href=\\\"\\/pages\\/about\\\"><span style=\\\"color: #ffffff;\\\">- Sobre nosotras<\\/span><\\/a><\\/p>\"},\"third_column\":{\"title\":\"Negocios Similares\",\"value\":\"<p><a href=\\\"https:\\/\\/www.udemy.com\\/\\\" target=\\\"_blank\\\"><font color=\\\"#ffffff\\\">- Udemy<\\/font><\\/a><\\/p><p><a href=\\\"https:\\/\\/www.skillshare.com\\/\\\" target=\\\"_blank\\\"><font color=\\\"#ffffff\\\">- Skillshare<\\/font><\\/a><\\/p><p><a href=\\\"https:\\/\\/www.coursera.org\\/\\\" target=\\\"_blank\\\"><font color=\\\"#ffffff\\\">- Coursera<\\/font><\\/a><\\/p><p><a href=\\\"https:\\/\\/www.linkedin.com\\/learning\\/\\\" target=\\\"_blank\\\"><font color=\\\"#ffffff\\\">- Lynda<\\/font><\\/a><\\/p><p><a href=\\\"https:\\/\\/www.skillsoft.com\\/\\\" target=\\\"_blank\\\"><font color=\\\"#ffffff\\\">- Skillsoft<\\/font><\\/a><\\/p><p><a href=\\\"https:\\/\\/www.udacity.com\\/\\\" target=\\\"_blank\\\"><font color=\\\"#ffffff\\\">- Udacity<\\/font><\\/a><\\/p><p><a href=\\\"https:\\/\\/www.edx.org\\/\\\" target=\\\"_blank\\\"><font color=\\\"#ffffff\\\">- edX<\\/font><\\/a><\\/p><p><a href=\\\"https:\\/\\/www.masterclass.com\\/\\\" target=\\\"_blank\\\"><font color=\\\"#ffffff\\\">- Masterclass<\\/font><\\/a><br><\\/p>\"},\"forth_column\":{\"title\":\"Compra Rocket LMS\",\"value\":\"<p><a title=\\\"Notnt\\\" href=\\\"https:\\/\\/codecanyon.net\\\"><img style=\\\"width: 200px;\\\" src=\\\"\\/store\\/1\\/default_images\\/envato.png\\\"><\\/a><\\/p>\"}}'),
(51, 26, 'es', '{\"02nh9a\":{\"title\":\"hogar\",\"link\":\"\\/\",\"order\":\"1\"},\"1cH2kF\":{\"title\":\"Cursos\",\"link\":\"\\/classes?sort=newest\",\"order\":\"2\"},\"gGf8Lv\":{\"title\":\"Instructoras\",\"link\":\"\\/instructor-finder\",\"order\":\"3\"},\"VBxDrB\":{\"title\":\"Blog\",\"link\":\"\\/blog\",\"order\":\"4\"},\"Uo5b2v\":{\"title\":\"Tienda\",\"link\":\"\\/products\",\"order\":\"4\"},\"Wnq5Qb\":{\"title\":\"Foros\",\"link\":\"\\/forums\",\"order\":\"5\"}}'),
(52, 26, 'ar', '{\"02nh9a\":{\"title\":\"\\u0627\\u0644\\u0635\\u0641\\u062d\\u0629 \\u0627\\u0644\\u0631\\u0626\\u064a\\u0633\\u064a\\u0629\",\"link\":\"\\/\",\"order\":\"1\"},\"1cH2kF\":{\"title\":\"\\u0627\\u0644\\u062f\\u0648\\u0631\\u0627\\u062a\",\"link\":\"\\/classes?sort=newest\",\"order\":\"2\"},\"gGf8Lv\":{\"title\":\"\\u0627\\u0644\\u0645\\u062f\\u0631\\u0628\\u064a\\u0646\",\"link\":\"\\/instructor-finder\",\"order\":\"3\"},\"Uo5b2v\":{\"title\":\"\\u0645\\u062a\\u062c\\u0631\",\"link\":\"\\/products\",\"order\":\"4\"},\"Wnq5Qb\":{\"title\":\"\\u0627\\u0644\\u0645\\u0646\\u062a\\u062f\\u064a\\u0627\\u062a\",\"link\":\"\\/forums\",\"order\":\"5\"}}'),
(53, 32, 'ar', '{\"image\":\"\\/store\\/1\\/default_images\\/home_sections_banners\\/instructor_finder_banner.jpg\",\"title\":\"\\u0627\\u0639\\u062b\\u0631 \\u0639\\u0644\\u0649 \\u0623\\u0641\\u0636\\u0644 \\u0645\\u062f\\u0631\\u0628\",\"description\":\"\\u062a\\u0628\\u062d\\u062b \\u0639\\u0646 \\u0645\\u062f\\u0631\\u0628\\u061f \\u0627\\u0639\\u062b\\u0631 \\u0639\\u0644\\u0649 \\u0623\\u0641\\u0636\\u0644 \\u0627\\u0644\\u0645\\u062f\\u0631\\u0628\\u064a\\u0646 \\u0648\\u0641\\u0642\\u064b\\u0627 \\u0644\\u0645\\u0639\\u0627\\u064a\\u064a\\u0631 \\u0645\\u062e\\u062a\\u0644\\u0641\\u0629 \\u0645\\u062b\\u0644 \\u0627\\u0644\\u062c\\u0646\\u0633 \\u0648\\u0645\\u0633\\u062a\\u0648\\u0649 \\u0627\\u0644\\u0645\\u0647\\u0627\\u0631\\u0629 \\u0648\\u0627\\u0644\\u0633\\u0639\\u0631 \\u0648\\u0646\\u0648\\u0639 \\u0627\\u0644\\u0627\\u062c\\u062a\\u0645\\u0627\\u0639 \\u0648\\u0627\\u0644\\u062a\\u0642\\u064a\\u064a\\u0645 \\u0648\\u0645\\u0627 \\u0625\\u0644\\u0649 \\u0630\\u0644\\u0643.\\r\\n\\u0627\\u0628\\u062d\\u062b \\u0639\\u0646 \\u0645\\u062f\\u0631\\u0628\\u064a\\u0646 \\u0639\\u0644\\u0649 \\u0627\\u0644\\u062e\\u0631\\u064a\\u0637\\u0629.\",\"button1\":{\"title\":\"\\u0627\\u0644\\u0628\\u0627\\u062d\\u062b \\u0639\\u0646 \\u0627\\u0644\\u0645\\u0639\\u0644\\u0645\",\"link\":\"\\/instructor-finder\\/wizard\"},\"button2\":{\"title\":\"\\u0645\\u062f\\u0631\\u0633\\u0648\\u0646 \\u0639\\u0644\\u0649 \\u0627\\u0644\\u062e\\u0631\\u064a\\u0637\\u0629\",\"link\":\"\\/instructor-finder\"}}'),
(54, 32, 'es', '{\"image\":\"\\/store\\/1\\/default_images\\/home_sections_banners\\/instructor_finder_banner.jpg\",\"title\":\"Encuentra la mejor instructora\",\"description\":\"\\u00bfBuscas un instructor? Encuentre los mejores instructores seg\\u00fan diferentes par\\u00e1metros como g\\u00e9nero, nivel de habilidad, precio, tipo de reuni\\u00f3n, calificaci\\u00f3n, etc.\\r\\nEncuentra instructores en el mapa.\",\"button1\":{\"title\":\"Buscadora de tutores\",\"link\":\"\\/instructor-finder\\/wizard\"},\"button2\":{\"title\":\"Tutores en el mapa\",\"link\":\"\\/instructor-finder\"}}'),
(55, 33, 'ar', '{\"image\":\"\\/store\\/1\\/default_images\\/home_sections_banners\\/club_points_banner.png\",\"title\":\"\\u0627\\u0631\\u0628\\u062d \\u0646\\u0642\\u0627\\u0637 \\u0627\\u0644\\u0646\\u0627\\u062f\\u064a\",\"description\":\"\\u0627\\u0633\\u062a\\u062e\\u062f\\u0645 Rocket LMS \\u0648\\u0627\\u0631\\u0628\\u062d \\u0646\\u0642\\u0627\\u0637 \\u0627\\u0644\\u0646\\u0627\\u062f\\u064a \\u0648\\u0641\\u0642\\u064b\\u0627 \\u0644\\u0644\\u0623\\u0646\\u0634\\u0637\\u0629 \\u0627\\u0644\\u0645\\u062e\\u062a\\u0644\\u0641\\u0629.\\r\\n\\u0633\\u062a\\u062a\\u0645\\u0643\\u0646 \\u0645\\u0646 \\u0627\\u0633\\u062a\\u062e\\u062f\\u0627\\u0645 \\u0646\\u0642\\u0627\\u0637 \\u0627\\u0644\\u0646\\u0627\\u062f\\u064a \\u0627\\u0644\\u062e\\u0627\\u0635\\u0629 \\u0628\\u0643 \\u0644\\u0644\\u062d\\u0635\\u0648\\u0644 \\u0639\\u0644\\u0649 \\u062c\\u0648\\u0627\\u0626\\u0632 \\u0648\\u062f\\u0648\\u0631\\u0627\\u062a \\u0645\\u062c\\u0627\\u0646\\u064a\\u0629. \\u0627\\u0628\\u062f\\u0623 \\u0641\\u064a \\u0627\\u0633\\u062a\\u062e\\u062f\\u0627\\u0645 \\u0627\\u0644\\u0646\\u0638\\u0627\\u0645 \\u0627\\u0644\\u0622\\u0646 \\u0648\\u0627\\u062c\\u0645\\u0639 \\u0627\\u0644\\u0646\\u0642\\u0627\\u0637!\",\"button1\":{\"title\":\"\\u0627\\u0644\\u0645\\u0643\\u0627\\u0641\\u0622\\u062a\",\"link\":\"\\/reward-courses\"},\"button2\":{\"title\":\"\\u0646\\u0627\\u062f\\u064a \\u0627\\u0644\\u0646\\u0642\\u0627\\u0637\",\"link\":\"\\/panel\\/rewards\"}}'),
(56, 33, 'es', '{\"image\":\"\\/store\\/1\\/default_images\\/home_sections_banners\\/club_points_banner.png\",\"title\":\"Gana puntos del club\",\"description\":\"Utilice Rocket LMS y gane puntos del club seg\\u00fan diferentes actividades.\\r\\nPodr\\u00e1s utilizar tus puntos del club para conseguir premios y cursos gratuitos. \\u00a1Comience a usar el sistema ahora y acumule puntos!\",\"button1\":{\"title\":\"Recompensas\",\"link\":\"\\/reward-courses\"},\"button2\":{\"title\":\"club de puntos\",\"link\":\"\\/panel\\/rewards\"}}'),
(57, 40, 'ar', '{\"image\":\"\\/store\\/1\\/default_images\\/home_sections_banners\\/become_instructor_banner.jpg\",\"title\":\"\\u0643\\u0646 \\u0645\\u062f\\u0631\\u0628\\u064b\\u0627\",\"description\":\"\\u0647\\u0644 \\u0623\\u0646\\u062a \\u0645\\u0647\\u062a\\u0645 \\u0628\\u0623\\u0646 \\u062a\\u0643\\u0648\\u0646 \\u062c\\u0632\\u0621\\u064b\\u0627 \\u0645\\u0646 \\u0645\\u062c\\u062a\\u0645\\u0639\\u0646\\u0627\\u061f\\r\\n\\u064a\\u0645\\u0643\\u0646\\u0643 \\u0623\\u0646 \\u062a\\u0643\\u0648\\u0646 \\u062c\\u0632\\u0621\\u064b\\u0627 \\u0645\\u0646 \\u0645\\u062c\\u062a\\u0645\\u0639\\u0646\\u0627 \\u0645\\u0646 \\u062e\\u0644\\u0627\\u0644 \\u0627\\u0644\\u062a\\u0633\\u062c\\u064a\\u0644 \\u0643\\u0645\\u062f\\u0631\\u0628 \\u0623\\u0648 \\u0645\\u0646\\u0638\\u0645\\u0629.\",\"button1\":{\"title\":\"\\u0643\\u0646 \\u0645\\u062f\\u0631\\u0633\\u064b\\u0627\",\"link\":\"\\/become-instructor\"},\"button2\":{\"title\":\"\\u062d\\u0632\\u0645 \\u0627\\u0644\\u062a\\u0633\\u062c\\u064a\\u0644\",\"link\":\"become-instructor\\/packages\\/\"}}'),
(58, 40, 'es', '{\"image\":\"\\/store\\/1\\/default_images\\/home_sections_banners\\/become_instructor_banner.jpg\",\"title\":\"Convi\\u00e9rtete en instructora\",\"description\":\"\\u00bfEst\\u00e1s interesado en ser parte de nuestra comunidad?\\r\\nPuedes ser parte de nuestra comunidad registr\\u00e1ndote como instructor u organizaci\\u00f3n.\",\"button1\":{\"title\":\"Convi\\u00e9rtete en instructora\",\"link\":\"\\/become-instructor\"},\"button2\":{\"title\":\"Paquetes de registro\",\"link\":\"become-instructor\\/packages\\/\"}}'),
(59, 42, 'en', '{\"primary\":\"#004ca0\",\"primary-border\":\"#004ca0\",\"primary-hover\":\"#004ca0\",\"primary-border-hover\":\"#004ca0\",\"primary-btn-shadow\":\"#004ca0\",\"primary-btn-shadow-hover\":\"#004ca0\",\"primary-btn-color\":null,\"primary-btn-color-hover\":null,\"secondary\":\"#4f9edf\",\"secondary-border\":\"#4f9edf\",\"secondary-hover\":null,\"secondary-border-hover\":null,\"secondary-btn-shadow\":null,\"secondary-btn-shadow-hover\":null,\"secondary-btn-color\":null,\"secondary-btn-color-hover\":null,\"admin_primary\":\"#004ca0\"}'),
(60, 44, 'en', '{\"cookie_settings_modal_message\":\"<p>When you visit any of our websites, it may store or retrieve information on your browser, mostly in the form of cookies. This information might be about you, your preferences or your device and is mostly used to make the site work as you expect it to. The information does not usually directly identify you, but it can give you a more personalized web experience. Because we respect your right to privacy, you can choose not to allow some types of cookies. Click on the different category headings to find out more and manage your preferences. Please note, that blocking some types of cookies may impact your experience of the site and the services we are able to offer.<\\/p>\",\"cookie_settings_modal_items\":{\"dDRjfkGvQfFzQJpa\":{\"title\":\"Strictly Necessary\",\"description\":\"These cookies are necessary for our website to function properly and cannot be switched off in our systems. They are usually only set in response to actions made by you that amount to a request for services, such as setting your privacy preferences, logging in or filling in forms, or where they\\u2019re essential to providing you with a service you have requested. You cannot opt out of these cookies. You can set your browser to block or alert you about these cookies, but if you do, some parts of the site will not then work. These cookies do not store any personally identifiable information.\",\"required\":\"1\"},\"mOzJowgvTnWFlRzz\":{\"title\":\"Performance Cookies\",\"description\":\"These cookies allow us to count visits and traffic sources so we can measure and improve the performance of our site. They help us to know which pages are the most and least popular and see how visitors move around the site, which helps us optimize your experience. All information these cookies collect is aggregated and therefore anonymous. If you do not allow these cookies we will not be able to use your data in this way.\",\"required\":\"0\"},\"XBMtdYaeSrqMicTH\":{\"title\":\"Functional Cookies\",\"description\":\"These cookies enable the website to provide enhanced functionality and personalization. They may be set by us or by third-party providers whose services we have added to our pages. If you do not allow these cookies then some or all of these services may not function properly.\",\"required\":\"0\"},\"XlLqzsvNpRqdcNWP\":{\"title\":\"Targeting Cookies\",\"description\":\"These cookies may be set through our site by our advertising partners. They may be used by those companies to build a profile of your interests and show you relevant adverts on other sites. They do not store directly personal information but are based on uniquely identifying your browser and internet device. If you do not allow these cookies, you will experience less targeted advertising.\",\"required\":\"0\"}}}'),
(61, 41, 'en', '{\"status\":\"0\",\"virtual_product_commission\":\"20\",\"physical_product_commission\":\"10\",\"store_tax\":\"10\",\"possibility_create_virtual_product\":\"1\",\"possibility_create_physical_product\":\"1\",\"shipping_tracking_url\":\"https:\\/\\/www.tracking.my\\/\",\"activate_comments\":\"1\"}'),
(62, 46, 'en', '{\"main\":{\"regular\":\"\\/store\\/1\\/fonts\\/montserrat-regular.woff2\",\"bold\":\"\\/store\\/1\\/fonts\\/montserrat-bold.woff2\",\"medium\":\"\\/store\\/1\\/fonts\\/montserrat-medium.woff2\"},\"rtl\":{\"regular\":\"\\/store\\/1\\/fonts\\/Vazir-Regular.woff2\",\"bold\":\"\\/store\\/1\\/fonts\\/Vazir-Bold.woff2\",\"medium\":\"\\/store\\/1\\/fonts\\/Vazir-Medium.woff2\"}}'),
(63, 43, 'en', '{\"image\":\"\\/store\\/1\\/default_images\\/forums\\/forum_section.jpg\",\"title\":\"Have a Question? Ask it in forum and get answer\",\"description\":\"Our forums helps you to create your questions on different subjects and communicate with other forum users. Our users will help you to get the best answer!\",\"button1\":{\"title\":\"Create a new topic\",\"link\":\"\\/forums\\/create-topic\"},\"button2\":{\"title\":\"Browse forums\",\"link\":\"\\/forums\"}}'),
(64, 45, 'en', '{\"mobile_app_hero_image\":\"\\/store\\/1\\/default_images\\/app_only.png\",\"mobile_app_description\":\"<div>Is an amazing, modern, and clean landing page for showcasing your app or anything else.<\\/div><div><br><\\/div><div>A mobile application or app is a computer program or software application designed to run on a mobile device such as a phone, tablet, or watch. Mobile applications often stand in contrast to desktop applications which are designed to run on desktop computers, and web applications which run in mobile web browsers rather than directly on the mobile device.<\\/div>\",\"mobile_app_buttons\":{\"htQgcSjzjLJlGRyY\":{\"title\":\"Download from Play Store\",\"link\":\"https:\\/\\/play.google.com\\/store\\/games\",\"icon\":\"\\/store\\/1\\/default_images\\/google-play.png\",\"color\":\"primary\"}}}'),
(65, 48, 'en', '{\"image\":\"\\/store\\/1\\/default_images\\/ads_modal.png\",\"title\":\"Sales Campaign\",\"description\":\"We have a sales campaign on our promoted courses and products. You can purchase 150 products at a discounted price up to 50% discount.\",\"button1\":{\"title\":\"View Courses\",\"link\":\"\\/classes\"},\"button2\":{\"title\":\"View Products\",\"link\":\"\\/products\"}}'),
(66, 52, 'en', '{\"show_guarantee_text\":\"0\",\"guarantee_text\":\"5 Days money back guarantee\",\"user_avatar_style\":\"ui_avatar\",\"default_user_avatar\":\"\\/store\\/1\\/default_images\\/default_profile.jpg\",\"platform_phone_and_email_position\":\"footer\"}'),
(67, 47, 'en', '{\"webinar_reminder_schedule\":\"1\",\"meeting_reminder_schedule\":\"1\",\"subscribe_reminder_schedule\":\"48\"}'),
(68, 61, 'en', '{\"offline_banks_status\":\"1\"}'),
(69, 62, 'en', '{\"status\":\"0\",\"allow_sending_gift_for_courses\":\"1\",\"allow_sending_gift_for_bundles\":\"1\",\"allow_sending_gift_for_products\":\"1\"}'),
(70, 63, 'en', '{\"status\":\"0\",\"unlock_registration_bonus_instantly\":\"0\",\"unlock_registration_bonus_with_referral\":\"1\",\"number_of_referred_users\":\"5\",\"enable_referred_users_purchase\":\"1\",\"purchase_amount_for_unlocking_bonus\":\"100\",\"registration_bonus_amount\":\"50\",\"bonus_wallet\":\"balance_wallet\"}'),
(71, 57, 'en', '{\"enable_statistics\":\"1\",\"display_default_statistics\":\"1\"}'),
(72, 56, 'en', '{\"currency\":\"NGN\",\"currency_position\":\"left\",\"currency_separator\":\"dot\",\"currency_decimal\":\"2\",\"multi_currency\":\"0\"}'),
(73, 53, 'en', '{\"login_device_limit\":\"1\",\"number_of_allowed_devices\":\"10\",\"admin_panel_url\":\"admin\"}'),
(74, 54, 'en', '{\"status\":\"0\",\"disable_course_access_when_user_have_an_overdue_installment\":\"1\",\"disable_all_courses_access_when_user_have_an_overdue_installment\":\"1\",\"disable_instalments_when_the_user_have_an_overdue_installment\":\"1\",\"allow_cancel_verification\":\"1\",\"display_installment_button\":\"1\",\"overdue_interval_days\":\"3\",\"installment_plans_position\":\"top_of_page\",\"reminder_before_overdue_days\":\"3\",\"reminder_after_overdue_days\":\"2\"}'),
(75, 58, 'en', '{\"title\":\"We are under maintenance!\",\"image\":\"\\/store\\/1\\/default_images\\/maintenance.png\",\"description\":\"We are working on the platform; It won\'t take a long time. We will try to back as soon as possible.\",\"maintenance_button\":{\"title\":\"Sample Button\",\"link\":\"\\/\"},\"end_date\":1740094200}'),
(76, 64, 'en', '{\"term_image\":\"\\/store\\/1\\/default_images\\/registration bonus\\/banner.png\",\"items\":{\"DnrPr\":{\"icon\":\"\\/store\\/1\\/default_images\\/registration bonus\\/step1.svg\",\"title\":\"Sign up\",\"description\":\"Create an account on platform and get $50\"},\"eNMTB\":{\"icon\":\"\\/store\\/1\\/default_images\\/registration bonus\\/step2.svg\",\"title\":\"Refer your friends\",\"description\":\"Refer at least 5 users to the system using your affiliate URL\"},\"fdIUc\":{\"icon\":\"\\/store\\/1\\/default_images\\/registration bonus\\/step3.svg\",\"title\":\"Reach purchase target\",\"description\":\"Each referred user should purchase $100 on the platform\"},\"oeMZr\":{\"icon\":\"\\/store\\/1\\/default_images\\/registration bonus\\/step4.svg\",\"title\":\"Unlock your bonus\",\"description\":\"Your bonus will be unlocked! Enjoy spending...\"}}}'),
(77, 55, 'en', '{\"terms_description\":\"<p>Welcome to our website! To ensure the best possible experience for all users, please review and agree to the following terms and rules before using our installment feature:<\\/p><p>Installment Payment Plan: Our website offers an installment payment plan for select courses. By selecting the installment payment option, you agree to pay the full course fee in multiple installments. Each installment payment will be automatically deducted from the payment method you provided on the scheduled dates until the full payment is completed.<\\/p><p>Payment Plan Fees: Our installment payment plan may include a small processing fee for each installment payment. The total processing fee will be disclosed to you before you select the installment payment option.<\\/p><p>Late Payment: If a payment is not received on the scheduled date, a late payment fee may be added to the next scheduled payment.<\\/p><p>Refunds: Once an installment payment is made, it is non-refundable. However, if you wish to cancel your enrollment in the course, you may be eligible for a partial refund according to our Refund Policy.<\\/p><p>Default: If you default on a payment or fail to complete the full payment plan, your access to the course will be revoked, and you may be subject to additional fees and collection efforts.<\\/p><p>Privacy: Your personal and payment information will be kept secure and confidential. We use industry-standard security measures to protect your information.<\\/p><p>Changes to Terms and Rules: We reserve the right to modify these terms and rules at any time. Any changes will be posted on our website and will become effective immediately upon posting.<\\/p><p>By using our installment payment plan, you agree to these terms and rules. If you have any questions or concerns, please contact our support team.<\\/p>\"}');

-- --------------------------------------------------------

--
-- Table structure for table `special_offers`
--

CREATE TABLE `special_offers` (
  `id` int(10) UNSIGNED NOT NULL,
  `creator_id` int(10) UNSIGNED NOT NULL,
  `webinar_id` int(10) UNSIGNED DEFAULT NULL,
  `bundle_id` int(10) UNSIGNED DEFAULT NULL,
  `subscribe_id` int(10) UNSIGNED DEFAULT NULL,
  `registration_package_id` int(10) UNSIGNED DEFAULT NULL,
  `name` varchar(64) COLLATE utf8mb4_unicode_ci DEFAULT NULL,
  `percent` int(10) UNSIGNED NOT NULL,
  `status` enum('active','inactive') COLLATE utf8mb4_unicode_ci NOT NULL,
  `created_at` int(10) UNSIGNED NOT NULL,
  `from_date` int(10) UNSIGNED NOT NULL,
  `to_date` int(10) UNSIGNED NOT NULL
) ENGINE=InnoDB DEFAULT CHARSET=utf8mb4 COLLATE=utf8mb4_unicode_ci ROW_FORMAT=DYNAMIC;

--
-- Dumping data for table `special_offers`
--

INSERT INTO `special_offers` (`id`, `creator_id`, `webinar_id`, `bundle_id`, `subscribe_id`, `registration_package_id`, `name`, `percent`, `status`, `created_at`, `from_date`, `to_date`) VALUES
(14, 1, 2004, NULL, NULL, 3, 'Limited Offer', 40, 'active', 1656137124, 1656043200, 1703458800);

-- --------------------------------------------------------

--
-- Table structure for table `subscribes`
--

CREATE TABLE `subscribes` (
  `id` int(10) UNSIGNED NOT NULL,
  `usable_count` int(10) UNSIGNED NOT NULL,
  `days` int(10) UNSIGNED NOT NULL,
  `price` double(15,2) UNSIGNED NOT NULL,
  `icon` varchar(255) COLLATE utf8mb4_unicode_ci NOT NULL,
  `is_popular` tinyint(1) NOT NULL DEFAULT 0,
  `infinite_use` tinyint(1) NOT NULL DEFAULT 0,
  `created_at` int(10) UNSIGNED NOT NULL
) ENGINE=InnoDB DEFAULT CHARSET=utf8mb4 COLLATE=utf8mb4_unicode_ci ROW_FORMAT=DYNAMIC;

--
-- Dumping data for table `subscribes`
--

INSERT INTO `subscribes` (`id`, `usable_count`, `days`, `price`, `icon`, `is_popular`, `infinite_use`, `created_at`) VALUES
(3, 100, 15, 20.00, '/store/1/default_images/subscribe_packages/bronze.png', 0, 0, 1635441672),
(4, 1000, 30, 100.00, '/store/1/default_images/subscribe_packages/gold.png', 1, 0, 1635442074),
(5, 400, 30, 50.00, '/store/1/default_images/subscribe_packages/silver.png', 0, 0, 1635442132);

-- --------------------------------------------------------

--
-- Table structure for table `subscribe_reminds`
--

CREATE TABLE `subscribe_reminds` (
  `id` int(10) UNSIGNED NOT NULL,
  `user_id` int(10) UNSIGNED NOT NULL,
  `subscribe_id` int(10) UNSIGNED NOT NULL,
  `created_at` bigint(20) UNSIGNED NOT NULL
) ENGINE=InnoDB DEFAULT CHARSET=utf8mb4 COLLATE=utf8mb4_unicode_ci;

-- --------------------------------------------------------

--
-- Table structure for table `subscribe_translations`
--

CREATE TABLE `subscribe_translations` (
  `id` bigint(20) UNSIGNED NOT NULL,
  `subscribe_id` int(10) UNSIGNED NOT NULL,
  `locale` varchar(255) COLLATE utf8mb4_unicode_ci NOT NULL,
  `title` varchar(255) COLLATE utf8mb4_unicode_ci NOT NULL,
  `description` varchar(255) COLLATE utf8mb4_unicode_ci DEFAULT NULL
) ENGINE=InnoDB DEFAULT CHARSET=utf8mb4 COLLATE=utf8mb4_unicode_ci;

--
-- Dumping data for table `subscribe_translations`
--

INSERT INTO `subscribe_translations` (`id`, `subscribe_id`, `locale`, `title`, `description`) VALUES
(1, 3, 'en', 'Bronze', 'Suggested for personal usage'),
(2, 4, 'en', 'Gold', 'Suggested for big businesses'),
(3, 5, 'en', 'Silver', 'Suggested for small businesses'),
(4, 3, 'ar', 'برونزية', 'اقترح للاستخدام الشخصي'),
(5, 3, 'es', 'Bronce', 'Sugerido para uso personal'),
(6, 4, 'es', 'Oro', 'Sugerido para grandes empresas'),
(7, 4, 'ar', 'ذهب', 'مقترح للشركات الكبيرة'),
(8, 5, 'ar', 'فضة', 'اقترح للشركات الصغيرة'),
(9, 5, 'es', 'Plata', 'Sugerido para pequeñas empresas');

-- --------------------------------------------------------

--
-- Table structure for table `subscribe_uses`
--

CREATE TABLE `subscribe_uses` (
  `id` int(10) UNSIGNED NOT NULL,
  `user_id` int(10) UNSIGNED NOT NULL,
  `subscribe_id` int(10) UNSIGNED NOT NULL,
  `webinar_id` int(10) UNSIGNED DEFAULT NULL,
  `bundle_id` int(10) UNSIGNED DEFAULT NULL,
  `sale_id` int(10) UNSIGNED NOT NULL,
  `installment_order_id` int(10) UNSIGNED DEFAULT NULL
) ENGINE=InnoDB DEFAULT CHARSET=utf8mb4 COLLATE=utf8mb4_unicode_ci ROW_FORMAT=DYNAMIC;

--
-- Dumping data for table `subscribe_uses`
--

INSERT INTO `subscribe_uses` (`id`, `user_id`, `subscribe_id`, `webinar_id`, `bundle_id`, `sale_id`, `installment_order_id`) VALUES
(9, 995, 3, 2006, NULL, 160, NULL),
(10, 995, 3, 2004, NULL, 161, NULL);

-- --------------------------------------------------------

--
-- Table structure for table `supports`
--

CREATE TABLE `supports` (
  `id` int(10) UNSIGNED NOT NULL,
  `user_id` int(10) UNSIGNED NOT NULL,
  `webinar_id` int(10) UNSIGNED DEFAULT NULL,
  `department_id` int(10) UNSIGNED DEFAULT NULL,
  `title` varchar(255) COLLATE utf8mb4_unicode_ci NOT NULL,
  `status` enum('open','close','replied','supporter_replied') COLLATE utf8mb4_unicode_ci NOT NULL DEFAULT 'open',
  `created_at` int(10) UNSIGNED DEFAULT NULL,
  `updated_at` int(10) UNSIGNED DEFAULT NULL
) ENGINE=InnoDB DEFAULT CHARSET=utf8mb4 COLLATE=utf8mb4_unicode_ci ROW_FORMAT=DYNAMIC;

--
-- Dumping data for table `supports`
--

INSERT INTO `supports` (`id`, `user_id`, `webinar_id`, `department_id`, `title`, `status`, `created_at`, `updated_at`) VALUES
(25, 934, NULL, 3, 'Convert Videos', 'close', 1625891270, 1625973596),
(26, 995, NULL, 3, 'Pre-Purchase Question', 'close', 1625891677, 1625973708),
(27, 930, NULL, 2, 'Pending Offline Payment', 'open', 1625891851, 1625891851),
(28, 923, NULL, 3, 'Commission Rate', 'supporter_replied', 1625892221, 1625892332),
(29, 867, NULL, 3, 'Class delay', 'supporter_replied', 1625895874, 1625973471),
(30, 995, 2005, NULL, 'design software', 'open', 1625953303, 1625953303),
(33, 995, NULL, 2, 'Refund Request #64237', 'close', 1626063457, 1626063559),
(34, 995, NULL, 3, 'Problem with quiz', 'open', 1626250124, 1626250124);

-- --------------------------------------------------------

--
-- Table structure for table `support_conversations`
--

CREATE TABLE `support_conversations` (
  `id` int(10) UNSIGNED NOT NULL,
  `support_id` int(10) UNSIGNED NOT NULL,
  `supporter_id` int(10) UNSIGNED DEFAULT NULL,
  `sender_id` int(10) UNSIGNED DEFAULT NULL,
  `attach` varchar(255) COLLATE utf8mb4_unicode_ci DEFAULT NULL,
  `message` text COLLATE utf8mb4_unicode_ci NOT NULL,
  `created_at` int(10) UNSIGNED NOT NULL
) ENGINE=InnoDB DEFAULT CHARSET=utf8mb4 COLLATE=utf8mb4_unicode_ci ROW_FORMAT=DYNAMIC;

--
-- Dumping data for table `support_conversations`
--

INSERT INTO `support_conversations` (`id`, `support_id`, `supporter_id`, `sender_id`, `attach`, `message`, `created_at`) VALUES
(1, 25, NULL, 934, NULL, 'Hello.\r\nI want to convert my video files to reduce their size. What software do you recommend?', 1625891270),
(2, 26, NULL, 995, NULL, 'Hello\r\nIs it possible to refund it after the purchase if you are dissatisfied with the course?', 1625891677),
(3, 27, NULL, 930, NULL, 'Hello.\r\nI registered an offline payment document to charge my wallet.\r\nHow long does it take for my payment to be approved?\r\nI am going to buy a course and I would be grateful if this could be done a little earlier.', 1625891851),
(4, 28, NULL, 923, NULL, 'Hello.\r\nIs it possible for me to receive more commission for my sales on this platform?', 1625892221),
(5, 28, 1, NULL, NULL, 'Hello.\r\nPlease send this ticket to the financial department.\r\nThank', 1625892332),
(6, 29, NULL, 867, NULL, 'Hello .\r\nWhat are the rules if one of the live class sessions is delayed?\r\nIs it possible to change the date of that session?', 1625895874),
(7, 29, NULL, 867, '/store/867/60da388cbcee3.png', 'Hi.\r\nPlease check attachmnet', 1625897110),
(8, 29, 1, NULL, NULL, 'Yes you can change the date of your class sessions at any time.', 1625897202),
(9, 29, NULL, 867, NULL, 'thank you.', 1625898890),
(10, 30, NULL, 995, NULL, 'Hello.\r\nWhat software do you recommend to start learning?', 1625953303),
(11, 29, 1, NULL, NULL, 'you\'re welcome.', 1625973471),
(12, 25, 1, NULL, NULL, 'We offer you handbrake software.', 1625973573),
(13, 26, 1, NULL, NULL, 'Hello Cameron.\r\nYes it is possible.', 1625973699),
(22, 33, NULL, 995, NULL, 'Hello. I was supposed to get this refund via email. Please follow my request.', 1626063457),
(23, 33, 1, NULL, NULL, 'Hello. We will check. Thanks', 1626063496),
(24, 33, NULL, 995, NULL, 'Thanks.', 1626063547),
(25, 34, NULL, 995, NULL, 'Hello.\r\nIn the quiz of course that I bought was the wrong question.\r\nCourse Name: Photoshop course from beginner to advanced\r\nQuestion number : 3\r\nPlease check it. thank you', 1626250124);

-- --------------------------------------------------------

--
-- Table structure for table `support_departments`
--

CREATE TABLE `support_departments` (
  `id` int(10) UNSIGNED NOT NULL,
  `created_at` int(10) UNSIGNED NOT NULL
) ENGINE=InnoDB DEFAULT CHARSET=utf8mb4 COLLATE=utf8mb4_unicode_ci ROW_FORMAT=DYNAMIC;

--
-- Dumping data for table `support_departments`
--

INSERT INTO `support_departments` (`id`, `created_at`) VALUES
(2, 1635445554),
(3, 1635445486),
(4, 1635445505);

-- --------------------------------------------------------

--
-- Table structure for table `support_department_translations`
--

CREATE TABLE `support_department_translations` (
  `id` bigint(20) UNSIGNED NOT NULL,
  `support_department_id` int(10) UNSIGNED NOT NULL,
  `locale` varchar(255) COLLATE utf8mb4_unicode_ci NOT NULL,
  `title` varchar(255) COLLATE utf8mb4_unicode_ci NOT NULL
) ENGINE=InnoDB DEFAULT CHARSET=utf8mb4 COLLATE=utf8mb4_unicode_ci;

--
-- Dumping data for table `support_department_translations`
--

INSERT INTO `support_department_translations` (`id`, `support_department_id`, `locale`, `title`) VALUES
(1, 2, 'en', 'Financial'),
(2, 3, 'en', 'Content'),
(3, 4, 'en', 'Marketing'),
(4, 4, 'ar', 'تسويق'),
(5, 4, 'es', 'Márketing'),
(6, 3, 'es', 'Contenido'),
(7, 3, 'ar', 'المحتوى'),
(8, 2, 'ar', 'الأمور المالية'),
(9, 2, 'es', 'Financiera');

-- --------------------------------------------------------

--
-- Table structure for table `tags`
--

CREATE TABLE `tags` (
  `id` int(10) UNSIGNED NOT NULL,
  `title` varchar(64) COLLATE utf8mb4_unicode_ci NOT NULL,
  `webinar_id` int(10) UNSIGNED DEFAULT NULL,
  `bundle_id` int(10) UNSIGNED DEFAULT NULL,
  `upcoming_course_id` int(10) UNSIGNED DEFAULT NULL
) ENGINE=InnoDB DEFAULT CHARSET=utf8mb4 COLLATE=utf8mb4_unicode_ci ROW_FORMAT=DYNAMIC;

--
-- Dumping data for table `tags`
--

INSERT INTO `tags` (`id`, `title`, `webinar_id`, `bundle_id`, `upcoming_course_id`) VALUES
(6591, 'web', NULL, 2, NULL),
(6592, 'programming', NULL, 2, NULL),
(6595, 'energy', NULL, 3, NULL),
(6596, 'solar energy', NULL, 3, NULL),
(6611, 'office', NULL, 1, NULL),
(6612, 'bundle', NULL, 1, NULL),
(6701, 'travel', 2006, NULL, NULL),
(6702, 'trip', 2006, NULL, NULL),
(6703, 'World Trip', 2006, NULL, NULL),
(6704, 'Listening', 2003, NULL, NULL),
(6705, 'Listen', 2003, NULL, NULL),
(6706, 'Listener', 2003, NULL, NULL),
(6708, 'Web Design', NULL, NULL, 5),
(6709, 'Photography', NULL, NULL, 4),
(6710, 'Digital Photography', NULL, NULL, 4),
(6711, 'python', NULL, NULL, 3),
(6712, 'Live Class', 2009, NULL, NULL),
(6713, 'New Live System', 2009, NULL, NULL),
(6765, 'Guitar', 2008, NULL, NULL),
(6766, 'Guitar Masterclass', 2008, NULL, NULL),
(6771, 'management', 2007, NULL, NULL),
(6772, 'project management', 2007, NULL, NULL),
(6776, 'Drip', 2010, NULL, NULL),
(6777, 'Assignment', 2010, NULL, NULL),
(6782, 'Installment payment', 2022, NULL, NULL),
(6783, 'Installment', 2022, NULL, NULL),
(6784, 'Partial payment', 2022, NULL, NULL),
(6785, 'web', 2005, NULL, NULL),
(6786, 'design', 2005, NULL, NULL),
(6787, 'web design', 2005, NULL, NULL),
(6788, 'Virtual Team', 1999, NULL, NULL),
(6789, 'Team', 1999, NULL, NULL),
(6790, 'Product Manager', 1995, NULL, NULL),
(6791, 'managment', 1995, NULL, NULL);

-- --------------------------------------------------------

--
-- Table structure for table `testimonials`
--

CREATE TABLE `testimonials` (
  `id` int(10) UNSIGNED NOT NULL,
  `user_avatar` varchar(255) COLLATE utf8mb4_unicode_ci NOT NULL,
  `rate` varchar(5) COLLATE utf8mb4_unicode_ci NOT NULL DEFAULT '0',
  `status` enum('active','disable') COLLATE utf8mb4_unicode_ci NOT NULL DEFAULT 'disable',
  `created_at` int(10) UNSIGNED NOT NULL
) ENGINE=InnoDB DEFAULT CHARSET=utf8mb4 COLLATE=utf8mb4_unicode_ci ROW_FORMAT=DYNAMIC;

--
-- Dumping data for table `testimonials`
--

INSERT INTO `testimonials` (`id`, `user_avatar`, `rate`, `status`, `created_at`) VALUES
(2, '/store/1/360_F_298288984_8i0PB7s9aWPzi1LeuNGGrnjXkmXRpcZn.jpg', '5', 'active', 1606841889),
(3, '/store/1/black-guy-transparent-background-1.png', '5', 'active', 1606841910),
(4, '/store/1/depositphotos_251357764-stock-photo-portrait-happy-young-black-guy.jpg', '5', 'active', 1606841929),
(5, '/store/1/images (1).jpg', '5', 'active', 1606841946),
(6, '/store/1/istockphoto-1158860092-612x612.jpg', '5', 'active', 1606842000);

-- --------------------------------------------------------

--
-- Table structure for table `testimonial_translations`
--

CREATE TABLE `testimonial_translations` (
  `id` bigint(20) UNSIGNED NOT NULL,
  `testimonial_id` int(10) UNSIGNED NOT NULL,
  `locale` varchar(255) COLLATE utf8mb4_unicode_ci NOT NULL,
  `user_name` varchar(255) COLLATE utf8mb4_unicode_ci NOT NULL,
  `user_bio` varchar(255) COLLATE utf8mb4_unicode_ci NOT NULL,
  `comment` text COLLATE utf8mb4_unicode_ci NOT NULL
) ENGINE=InnoDB DEFAULT CHARSET=utf8mb4 COLLATE=utf8mb4_unicode_ci;

--
-- Dumping data for table `testimonial_translations`
--

INSERT INTO `testimonial_translations` (`id`, `testimonial_id`, `locale`, `user_name`, `user_bio`, `comment`) VALUES
(1, 2, 'en', 'Ryan Newman', 'Data Analyst at Microsoft', '\"We\'ve used QHub LMS for the last 2&nbsp; years. Thanks for the great service.\"'),
(2, 3, 'en', 'Megan Hayward', 'System Administrator at Amazon', '\"We\'re loving it. QHub LMS is both perfect&nbsp; &nbsp; and highly adaptable.\"'),
(3, 4, 'en', 'Natasha Hope', 'IT Technician at IBM', '\"I am really satisfied with my QHub LMS. It\'s the perfect solution for our business.\"'),
(4, 5, 'en', 'Charles Dale', 'Computer Engineer at Oracle', '\"I am so pleased with this product. I couldn\'t have asked for more than this.\"'),
(5, 6, 'en', 'David Patterson', 'Network Technician at Cisco', '\"QHub LMS impressed me on multiple&nbsp; &nbsp; &nbsp; &nbsp; &nbsp; &nbsp;levels.\"'),
(6, 2, 'ar', 'Abdul Jabbaar el-Kaleel', 'محلل بيانات في مايكروسوفت', '\"لقد استخدمنا Rocket LMS خلال العامين الماضيين. شكرًا على الخدمة الرائعة.\"'),
(7, 2, 'es', 'Ryan Newman', 'Analista de datos en Microsoft', '\"Hemos utilizado Rocket LMS durante los últimos 2 años. Gracias por el gran servicio\"'),
(8, 3, 'es', 'Megan Hayward', 'Administradora de sistemas en Amazon', '\"Nos encanta. Rocket LMS es perfecto y muy adaptable\".'),
(9, 3, 'ar', 'Khaleela el-Alam', 'مسؤول النظام في أمازون', '\"نحن نحبها. Rocket LMS مثالي وقابل للتكيف بشكل كبير.\"'),
(10, 4, 'es', 'Natasha Hope', 'Técnico de TI en IBM', '\"Estoy realmente satisfecho con mi Rocket LMS. Es la solución perfecta para nuestro negocio\"'),
(11, 4, 'ar', 'Sakeena el-Shad', 'فني تكنولوجيا المعلومات في شركة آی بی ام', '\"أنا راضٍ حقًا عن Rocket LMS. إنه الحل الأمثل لأعمالنا.\"'),
(12, 5, 'es', 'Charles Dale', 'Ingeniera informatica en oracle', '\"Estoy muy satisfecho con este producto. No podría haber pedido más que esto\"'),
(13, 5, 'ar', 'Rifat el-Younis', 'مهندس كمبيوتر', '\"أنا مسرور جدًا بهذا المنتج. لم أستطع طلب أكثر من هذا.\"'),
(14, 6, 'es', 'David Patterson', 'Técnico de redes en Cisco', '\"Rocket LMS me impresionó en varios niveles\"'),
(15, 6, 'ar', 'Ahmed al-Mansouri', 'فني شبكات في سيسكو', '\"لقد أبهرني صاروخ Rocket LMS على مستويات متعددة.\"');

-- --------------------------------------------------------

--
-- Table structure for table `text_lessons`
--

CREATE TABLE `text_lessons` (
  `id` int(10) UNSIGNED NOT NULL,
  `creator_id` int(10) UNSIGNED NOT NULL,
  `webinar_id` int(10) UNSIGNED NOT NULL,
  `chapter_id` int(10) UNSIGNED DEFAULT NULL,
  `image` varchar(255) COLLATE utf8mb4_unicode_ci DEFAULT NULL,
  `study_time` int(10) UNSIGNED DEFAULT NULL,
  `accessibility` enum('free','paid') COLLATE utf8mb4_unicode_ci NOT NULL DEFAULT 'free',
  `check_previous_parts` tinyint(1) NOT NULL DEFAULT 0,
  `access_after_day` int(10) UNSIGNED DEFAULT NULL,
  `order` int(10) UNSIGNED DEFAULT NULL,
  `status` enum('active','inactive') COLLATE utf8mb4_unicode_ci NOT NULL DEFAULT 'active',
  `created_at` int(10) UNSIGNED NOT NULL,
  `updated_at` int(10) UNSIGNED DEFAULT NULL
) ENGINE=InnoDB DEFAULT CHARSET=utf8mb4 COLLATE=utf8mb4_unicode_ci ROW_FORMAT=DYNAMIC;

--
-- Dumping data for table `text_lessons`
--

INSERT INTO `text_lessons` (`id`, `creator_id`, `webinar_id`, `chapter_id`, `image`, `study_time`, `accessibility`, `check_previous_parts`, `access_after_day`, `order`, `status`, `created_at`, `updated_at`) VALUES
(13, 934, 1997, 26, '/store/934/hero (9).jpg', 5, 'free', 0, NULL, 1, 'active', 1624954655, 1635417906),
(14, 934, 1997, 26, '/store/934/hero (14).jpg', 10, 'free', 0, NULL, 2, 'active', 1624954929, 1635417914),
(15, 934, 1997, 26, '/store/934/hero (4).jpg', 20, 'free', 0, NULL, 3, 'active', 1624956733, 1635417921),
(21, 1015, 2025, 61, 'BA', 60, 'free', 0, NULL, 1, 'active', 1691400736, NULL),
(22, 1015, 2025, 61, 'BA', 60, 'free', 0, NULL, 2, 'active', 1691401050, NULL),
(23, 1015, 2025, 62, 'BA', 60, 'free', 0, NULL, 3, 'active', 1691401668, NULL),
(24, 1015, 2025, 62, 'BA', 60, 'free', 0, NULL, 4, 'active', 1691401849, NULL),
(25, 1015, 2025, 62, 'BA', 60, 'free', 0, NULL, 5, 'active', 1691402062, NULL),
(26, 1015, 2025, 66, 'BA', 60, 'free', 0, NULL, 6, 'active', 1691494177, NULL),
(27, 1015, 2025, 66, 'BA', 180, 'free', 0, NULL, 7, 'active', 1691495537, NULL),
(28, 1015, 2025, 67, 'BA', 100, 'free', 0, NULL, 8, 'active', 1691681558, NULL),
(29, 1015, 2025, 67, 'BA', 100, 'free', 0, NULL, 9, 'active', 1691681756, NULL),
(30, 1015, 2024, 82, 'SD', 100, 'free', 0, NULL, 1, 'active', 1692095839, NULL),
(31, 1015, 2024, 51, 'SD', 100, 'free', 0, NULL, 2, 'active', 1692099300, NULL),
(32, 1015, 2026, 70, 'UI', 100, 'free', 0, NULL, 1, 'active', 1692266537, 1692267074),
(33, 1015, 2026, 70, 'UI/UX', 100, 'free', 0, NULL, 2, 'active', 1692267192, NULL),
(34, 1015, 2026, 70, 'UI/UX', 100, 'free', 0, NULL, 3, 'active', 1692271728, NULL),
(35, 1015, 2026, 70, 'UI/UX', 100, 'free', 0, NULL, 4, 'active', 1692272637, NULL),
(36, 1015, 2026, 70, 'UI/UX', 100, 'free', 0, NULL, 5, 'active', 1692272808, NULL),
(37, 1015, 2026, 70, 'UI/UX', 100, 'free', 0, NULL, 6, 'active', 1692273027, NULL),
(38, 1015, 2026, 70, 'UI/UX', 100, 'free', 0, NULL, 7, 'active', 1692273169, NULL),
(39, 1015, 2026, 70, 'UI/UX', 100, 'free', 0, NULL, 8, 'active', 1692273662, NULL),
(40, 1015, 2026, 70, 'UI/UX', 100, 'free', 0, NULL, 9, 'active', 1692274425, NULL),
(41, 1015, 2026, 69, 'UI/UX', 100, 'free', 0, NULL, 10, 'active', 1692274623, NULL),
(42, 1015, 2026, 70, 'UI/UX', 100, 'free', 0, NULL, 11, 'active', 1692274942, NULL),
(43, 1015, 2026, 70, 'UI/UX', 100, 'free', 0, NULL, 12, 'active', 1692275188, NULL),
(44, 1015, 2026, 70, 'UI/UX', 100, 'free', 0, NULL, 13, 'active', 1692275341, NULL),
(45, 1015, 2026, 70, 'UI/UX', 100, 'free', 0, NULL, 14, 'active', 1692275535, NULL),
(46, 1015, 2026, 71, 'UI/UX', 100, 'free', 0, NULL, 15, 'active', 1692275747, NULL),
(47, 1015, 2026, 71, 'UI/UX', 100, 'free', 0, NULL, 16, 'active', 1692276225, NULL),
(48, 1015, 2026, 71, 'UI/UX', 100, 'free', 0, NULL, 17, 'active', 1692276561, NULL),
(49, 1015, 2026, 71, 'UI/UX', 100, 'free', 0, NULL, 18, 'active', 1692276748, NULL),
(50, 1015, 2026, 71, 'UI/UX', 100, 'free', 0, NULL, 19, 'active', 1692277036, NULL),
(51, 1015, 2026, 71, 'UI/UX', 100, 'free', 0, NULL, 20, 'active', 1692277391, NULL),
(52, 1015, 2026, 71, 'UI/UX', 100, 'free', 0, NULL, 21, 'active', 1692281488, NULL),
(53, 1015, 2026, 71, 'UI/UX', 100, 'free', 0, NULL, 22, 'active', 1692281822, NULL),
(54, 1015, 2026, 71, 'UI/UX', 100, 'free', 0, NULL, 23, 'active', 1692281995, NULL),
(55, 1015, 2026, 71, 'UI/UX', 100, 'free', 0, NULL, 24, 'active', 1692282119, NULL),
(56, 1015, 2026, 71, 'UI/UX', 100, 'free', 0, NULL, 25, 'active', 1692282413, NULL),
(57, 1015, 2026, 71, 'UI/UX', 100, 'free', 0, NULL, 26, 'active', 1692282605, NULL),
(58, 1015, 2026, 71, 'UI/UX', 100, 'free', 0, NULL, 27, 'active', 1692282698, NULL),
(59, 1015, 2026, 72, 'UI/UX', 100, 'free', 0, NULL, 28, 'active', 1692284390, NULL),
(60, 1015, 2026, 72, 'UI/UX', 100, 'free', 0, NULL, 29, 'active', 1692284601, NULL),
(61, 1015, 2026, 72, 'UI/UX', 100, 'free', 0, NULL, 30, 'active', 1692284818, NULL),
(62, 1015, 2026, 72, 'UI/UX', 100, 'free', 0, NULL, 31, 'active', 1692285809, NULL),
(63, 1015, 2026, 72, 'UI/UX', 100, 'free', 0, NULL, 32, 'active', 1692285959, NULL),
(64, 1015, 2026, 73, 'UI/UX', 100, 'free', 0, NULL, 33, 'active', 1692286407, NULL),
(65, 1015, 2026, 73, 'UI/UX', 100, 'free', 0, NULL, 34, 'active', 1692286596, NULL),
(66, 1015, 2026, 73, 'UI/UX', 100, 'free', 0, NULL, 35, 'active', 1692286711, NULL),
(67, 1015, 2026, 73, 'UI/UX', 100, 'free', 0, NULL, 36, 'active', 1692286805, NULL),
(68, 1015, 2026, 73, 'UI/UX', 100, 'free', 0, NULL, 37, 'active', 1692287447, NULL),
(69, 1015, 2026, 75, 'UI/UX', 100, 'free', 0, NULL, 38, 'active', 1692691085, NULL),
(70, 1015, 2026, 76, 'UI/UX', 100, 'free', 0, NULL, 39, 'active', 1692691657, NULL),
(71, 1015, 2026, 76, 'UI/UX', 100, 'free', 0, NULL, 40, 'active', 1692691885, NULL),
(72, 1015, 2026, 76, 'UI/UX', 100, 'free', 0, NULL, 41, 'active', 1692692126, NULL),
(73, 1015, 2026, 76, 'UI/UX', 100, 'free', 0, NULL, 42, 'active', 1692692290, NULL),
(74, 1015, 2026, 76, 'UI/UX', 100, 'free', 0, NULL, 43, 'active', 1692692475, NULL),
(75, 1015, 2026, 76, 'UI/UX', 100, 'free', 0, NULL, 44, 'active', 1692692746, NULL),
(76, 1015, 2026, 76, 'UI/UX', 100, 'free', 0, NULL, 45, 'active', 1692692933, NULL),
(77, 1015, 2026, 77, 'UI/UX', 100, 'free', 0, NULL, 46, 'active', 1692693231, NULL),
(78, 1015, 2026, 77, 'UI/UX', 100, 'free', 0, NULL, 47, 'active', 1692693579, NULL),
(79, 1015, 2026, 77, 'UI/UX', 100, 'free', 0, NULL, 48, 'active', 1692693806, NULL),
(80, 1015, 2026, 77, 'UI/UX', 100, 'free', 0, NULL, 49, 'active', 1692694019, NULL),
(81, 1015, 2026, 77, 'UI/UX', 100, 'free', 0, NULL, 50, 'active', 1693294499, NULL),
(82, 1015, 2026, 77, 'UI/UX', 100, 'free', 0, NULL, 51, 'active', 1693294591, NULL),
(83, 1015, 2026, 77, 'UI/UX', 100, 'free', 0, NULL, 52, 'active', 1693294774, NULL),
(84, 1015, 2026, 77, 'UI/UX', 100, 'free', 0, NULL, 53, 'active', 1693294876, NULL),
(85, 1015, 2026, 77, 'UI/UX', 100, 'free', 0, NULL, 54, 'active', 1693295032, NULL),
(86, 1015, 2026, 77, 'UI/UX', 100, 'free', 0, NULL, 55, 'active', 1693295107, NULL),
(87, 1015, 2026, 78, 'UI/UX', 100, 'free', 0, NULL, 56, 'active', 1693295181, NULL),
(88, 1015, 2026, 78, 'UI/UX', 100, 'free', 0, NULL, 57, 'active', 1693295282, NULL),
(89, 1015, 2026, 78, 'UI/UX', 100, 'free', 0, NULL, 58, 'active', 1693295385, NULL),
(90, 1015, 2026, 78, 'UI/UX', 100, 'free', 0, NULL, 59, 'active', 1693295577, NULL),
(91, 1015, 2026, 78, 'UI/UX', 100, 'free', 0, NULL, 60, 'active', 1693295693, NULL),
(92, 1015, 2026, 78, 'UI/UX', 100, 'free', 0, NULL, 61, 'active', 1693295843, NULL),
(93, 1015, 2026, 78, 'UI/UX', 100, 'free', 0, NULL, 62, 'active', 1693295934, NULL),
(94, 1015, 2026, 78, 'UI/UX', 100, 'free', 0, NULL, 63, 'active', 1693296044, NULL),
(95, 1015, 2026, 78, 'UI/UX', 100, 'free', 0, NULL, 64, 'active', 1693296109, NULL),
(96, 1015, 2026, 78, 'UI/UX', 100, 'free', 0, NULL, 65, 'active', 1693296223, NULL),
(97, 1015, 2026, 78, 'UI/UX', 100, 'free', 0, NULL, 66, 'active', 1693296521, NULL),
(98, 1015, 2026, 78, 'UI/UX', 100, 'free', 0, NULL, 67, 'active', 1693296629, NULL),
(99, 1015, 2026, 78, 'UI/UX', 100, 'free', 0, NULL, 68, 'active', 1693296974, NULL),
(100, 1015, 2026, 78, 'UI/UX', 100, 'free', 0, NULL, 69, 'active', 1693297047, NULL),
(101, 1015, 2026, 78, 'UI/UX', 100, 'free', 0, NULL, 70, 'active', 1693297170, NULL),
(102, 1015, 2026, 78, 'UI/UX', 100, 'free', 0, NULL, 71, 'active', 1693297286, NULL),
(103, 1015, 2026, 78, 'UI/UX', 100, 'free', 0, NULL, 72, 'active', 1693297363, NULL),
(104, 1015, 2026, 78, 'UI/UX', 100, 'free', 0, NULL, 73, 'active', 1693297470, NULL),
(105, 1015, 2026, 78, 'UI/UX', 100, 'free', 0, NULL, 74, 'active', 1693297538, NULL),
(106, 1015, 2026, 78, 'UI/UX', 100, 'free', 0, NULL, 75, 'active', 1693297626, NULL),
(107, 1015, 2026, 78, 'UI/UX', 100, 'free', 0, NULL, 76, 'active', 1693297699, NULL),
(108, 1015, 2026, 78, 'UI/UX', 100, 'free', 0, NULL, 77, 'active', 1693297771, NULL),
(109, 1015, 2026, 80, 'UI/UX', 100, 'free', 0, NULL, 78, 'active', 1693297883, NULL),
(110, 1015, 2026, 80, 'UI/UX', 100, 'free', 0, NULL, 79, 'active', 1693297970, NULL),
(111, 1015, 2026, 80, 'UI/UX', 100, 'free', 0, NULL, 80, 'active', 1693298363, NULL),
(112, 1015, 2026, 80, 'UI/UX', 100, 'free', 0, NULL, 81, 'active', 1693298455, NULL),
(113, 1015, 2026, 80, 'UI/UX', 100, 'free', 0, NULL, 82, 'active', 1693298607, NULL),
(114, 1015, 2026, 80, 'UI/UX', 100, 'free', 0, NULL, 83, 'active', 1693298683, NULL),
(115, 1015, 2026, 80, 'UI/UX', 100, 'free', 0, NULL, 84, 'active', 1693298851, NULL),
(116, 1015, 2026, 81, 'UI/UX', 100, 'free', 0, NULL, 85, 'active', 1693298934, NULL),
(117, 1015, 2026, 81, 'UI/UX', 100, 'free', 0, NULL, 86, 'active', 1693299089, NULL),
(118, 1015, 2026, 81, 'UI/UX', 100, 'free', 0, NULL, 87, 'active', 1693299147, NULL),
(119, 1015, 2026, 81, 'UI/UX', 100, 'free', 0, NULL, 88, 'active', 1693299244, NULL),
(120, 1015, 2026, 81, 'UI/UX', 100, 'free', 0, NULL, 89, 'active', 1693299327, NULL),
(121, 1015, 2026, 81, 'UI/UX', 100, 'free', 0, NULL, 90, 'active', 1693299398, NULL),
(122, 1015, 2026, 81, 'UI/UX', 100, 'free', 0, NULL, 91, 'active', 1693299457, NULL),
(123, 1015, 2024, 48, 'SD', 1000, 'free', 0, NULL, 3, 'active', 1693827142, NULL),
(124, 1015, 2026, 70, 'SD', 100, 'free', 0, NULL, 92, 'active', 1693831213, 1693831469),
(125, 1015, 2026, 70, 'UI/UX', 1000, 'free', 0, NULL, 93, 'active', 1693831744, NULL),
(127, 1015, 2026, 70, 'UI/UX', 1000, 'free', 0, NULL, 95, 'active', 1693832436, NULL),
(128, 1015, 2026, 70, 'UI/UX', 1000, 'free', 0, NULL, 95, 'active', 1693833520, NULL),
(129, 1015, 2026, 71, 'UI/UX', 100, 'free', 0, NULL, 96, 'active', 1693903260, NULL),
(130, 1015, 2024, 82, 'SD', 1000, 'free', 0, NULL, 4, 'active', 1693917142, NULL),
(131, 1015, 2024, 50, 'SD', 1000, 'free', 0, NULL, 5, 'active', 1693917535, NULL),
(132, 1015, 2024, 51, 'SD', 1000, 'free', 0, NULL, 6, 'active', 1693917854, NULL),
(133, 1015, 2024, 51, 'SD', 1000, 'free', 0, NULL, 7, 'active', 1693918140, NULL),
(134, 1015, 2024, 51, 'SD', 1000, 'free', 0, NULL, 8, 'active', 1693918203, NULL),
(135, 1015, 2026, 71, 'UI/UX', 1000, 'free', 0, NULL, 97, 'active', 1694424768, NULL),
(136, 1015, 2026, 72, 'UI/UX', 1000, 'free', 0, NULL, 98, 'active', 1694430197, NULL),
(137, 1015, 2026, 72, 'UI/UX', 1000, 'free', 0, NULL, 99, 'active', 1694431234, NULL),
(138, 1015, 2026, 72, 'UI/UX', 1000, 'free', 0, NULL, 100, 'active', 1694431385, 1694431444),
(139, 1015, 2026, 73, 'UI/UX', 1000, 'free', 0, NULL, 101, 'active', 1694433934, NULL),
(140, 1015, 2026, 74, 'UI/UX', 1000, 'free', 0, NULL, 102, 'active', 1694434511, NULL),
(141, 1015, 2026, 74, 'UI/UX', 1000, 'free', 0, NULL, 103, 'active', 1694434770, NULL),
(142, 1015, 2026, 76, 'UI/UX', 1000, 'free', 0, NULL, 104, 'active', 1694437221, NULL),
(143, 1015, 2026, 76, 'UI/UX', 1000, 'free', 0, NULL, 105, 'active', 1694437376, NULL),
(144, 1015, 2026, 77, 'UI/UX', 1000, 'free', 0, NULL, 106, 'active', 1694438534, NULL),
(145, 1015, 2026, 77, 'UI/UX', 1000, 'free', 0, NULL, 107, 'active', 1694438636, NULL),
(146, 1015, 2026, 79, 'UI/UX', 100, 'free', 0, NULL, 108, 'active', 1694459813, NULL),
(147, 1015, 2024, 53, 'SD', 1000, 'free', 0, NULL, 9, 'active', 1694964813, NULL);

-- --------------------------------------------------------

--
-- Table structure for table `text_lessons_attachments`
--

CREATE TABLE `text_lessons_attachments` (
  `id` int(10) UNSIGNED NOT NULL,
  `text_lesson_id` int(10) UNSIGNED NOT NULL,
  `file_id` int(10) UNSIGNED NOT NULL,
  `created_at` int(10) UNSIGNED NOT NULL
) ENGINE=InnoDB DEFAULT CHARSET=utf8mb4 COLLATE=utf8mb4_unicode_ci ROW_FORMAT=DYNAMIC;

--
-- Dumping data for table `text_lessons_attachments`
--

INSERT INTO `text_lessons_attachments` (`id`, `text_lesson_id`, `file_id`, `created_at`) VALUES
(14, 13, 35, 1635417906);

-- --------------------------------------------------------

--
-- Table structure for table `text_lesson_translations`
--

CREATE TABLE `text_lesson_translations` (
  `id` bigint(20) UNSIGNED NOT NULL,
  `text_lesson_id` int(10) UNSIGNED NOT NULL,
  `locale` varchar(255) COLLATE utf8mb4_unicode_ci NOT NULL,
  `title` varchar(255) COLLATE utf8mb4_unicode_ci NOT NULL,
  `summary` text COLLATE utf8mb4_unicode_ci NOT NULL,
  `content` longtext COLLATE utf8mb4_unicode_ci NOT NULL
) ENGINE=InnoDB DEFAULT CHARSET=utf8mb4 COLLATE=utf8mb4_unicode_ci;

--
-- Dumping data for table `text_lesson_translations`
--

INSERT INTO `text_lesson_translations` (`id`, `text_lesson_id`, `locale`, `title`, `summary`, `content`) VALUES
(1, 13, 'en', 'Hello, World!', 'Get started learning Python with DataCamp\'s free Intro to Python tutorial. Learn Data Science by completing interactive coding challenges and watching videos by expert instructors. Start Now!', '<div>Python is a very simple language, and has a very straightforward syntax. It encourages programmers to program without boilerplate (prepared) code. The simplest directive in Python is the \"print\" directive - it simply prints out a line (and also includes a newline, unlike in C).</div><div><br></div><div>There are two major Python versions, Python 2 and Python 3. Python 2 and 3 are quite different. This tutorial uses Python 3, because it more semantically correct and supports newer features.</div><div><br></div><div>For example, one difference between Python 2 and 3 is the print statement. In Python 2, the \"print\" statement is not a function, and therefore it is invoked without parentheses. However, in Python 3, it is a function, and must be invoked with parentheses.</div>'),
(2, 14, 'en', 'Learning', 'Before getting started, you may want to find out which IDEs and text editors are tailored to make Python editing easy, browse the list of introductory books, or look at code samples that you might find helpful.', '<div>There is a list of tutorials suitable for experienced programmers on the BeginnersGuide/Tutorials page. There is also a list of resources in other languages which might be useful if English is not your first language.</div><div><br></div><div>The online documentation is your first port of call for definitive information. There is a fairly brief tutorial that gives you basic information about the language and gets you started. You can follow this by looking at the library reference for a full description of Python\'s many libraries and the language reference for a complete (though somewhat dry) explanation of Python\'s syntax. If you are looking for common Python recipes and patterns, you can browse the ActiveState Python Cookbook</div>'),
(3, 15, 'en', 'Looking for Something Specific?', 'If you want to know whether a particular application, or a library with particular functionality, is available in Python there are a number of possible sources of information.', '<p>If you want to know whether a particular application, or a library with particular functionality, is available in Python there are a number of possible sources of information. The Python web site provides a Python Package Index (also known as the Cheese Shop, a reference to the Monty Python script of that name). There is also a search page for a number of sources of Python-related information. Failing that, just Google for a phrase including the word \'\'python\'\' and you may well get the result you need. If all else fails, ask on the python newsgroup and there\'s a good chance someone will put you on the right track.</p><p>Python is an interpreted high-level general-purpose programming language. Python\'s design philosophy emphasizes code readability with its notable use of significant indentation. Its language constructs as well as its object-oriented approach aim to help programmers write clear, logical code for small and large-scale projects.[30]</p><p><br></p><p>Python is dynamically-typed and garbage-collected. It supports multiple programming paradigms, including structured (particularly, procedural), object-oriented and functional programming. Python is often described as a \"batteries included\" language due to its comprehensive standard library.[31]</p><p><br></p><p>Guido van Rossum began working on Python in the late 1980s, as a successor to the ABC programming language, and first released it in 1991 as Python 0.9.0.[32] Python 2.0 was released in 2000 and introduced new features, such as list comprehensions and a garbage collection system using reference counting. Python 3.0 was released in 2008 and was a major revision of the language that is not completely backward-compatible and much Python 2 code does not run unmodified on Python 3. Python 2 was discontinued with version 2.7.18 in 2020.[33]</p><p><br></p><p>Python consistently ranks as one of the most popular programming languages.</p>'),
(13, 21, 'en', 'Introduction to Business Analysis', ' Requirements have always been a concern in project management the focus and importance of requirements work have continued to gain more attention in the industry as organization\'s began to recognize how to use business analysis to the competitive advantage, there is an increasing demand for practitioners with the required business analysis skills.', '<p><iframe frameborder=\"0\" src=\"//www.youtube.com/embed/XsKdzHVEXig\" width=\"640\" height=\"360\" class=\"note-video-clip\"></iframe><br></p><p><span style=\"font-weight: bolder;\"><br></span></p><p><span style=\"font-weight: bolder;\">INTRODUCTION</span></p><p></p><p><span style=\"font-weight: bolder;\">&nbsp;</span>Requirements have always been a concern in project management the focus and importance of requirements work have continued to gain more attention in the industry as organization\'s began to recognize how to use business analysis to the competitive advantage, there is an increasing demand for practitioners with the required business analysis skills. In this video, we are going to learn about the fundamental concepts of business analysis we will begin with understanding what is business analysis what you do in business analysis and how you do business analysis this will be followed by an understanding of the business analyst role and the skills needed to effectively perform business analysis on programs and projects. We will close out with an understanding of the key terms related to business analysis that will be used frequently in the upcoming videos then we will learn about the requirements classifications of key&nbsp;stakeholders and finally,&nbsp;the distinction&nbsp;between requirements and design let\'s&nbsp;start with understanding what is&nbsp;business analysis. Business analysis enables a change in&nbsp;the enterprise by defining needs and&nbsp;recommending solutions that deliver&nbsp;value to the stakeholder. Let\'s dig deeper and understand what you&nbsp;do in&nbsp;business analysis.</p><p><span style=\"font-weight: bolder;\">INTRODUCTION TO ROLES AND RESPONSIBILITIES</span></p><p>Business analysis is the application of knowledge skills tools and techniques to determine problems and identify business needs identify and recommend viable solutions for meeting those needs elicit documents and manage requirements to meet business and project objectives and facilitate the successful implementation of the product service or result of the program or project. Let\'s delve into a little more detail and understand how you perform business analyses the tasks or business analysis refine the broad definition of specific&nbsp;information by facilitating the&nbsp;identification of problems,&nbsp;opportunity understanding the business environmental&nbsp;context and constraints analyzing&nbsp;requirements verifying requirements and&nbsp;evaluating solutions.&nbsp;</p><p>Finally,&nbsp;business analysis involves effort and&nbsp;a variety of domains from identifying&nbsp;business needs to solution&nbsp;implementation let\'s move on to&nbsp;understanding the business analyst role&nbsp;and the skills needed to effectively&nbsp;perform business analysis on programs&nbsp;and projects.</p><p>Who does business analysis? Let’s&nbsp;find out next a business analyst&nbsp;is a person who performs business&nbsp;analysis tasks in the context of&nbsp;programs and projects. There&nbsp;are common job titles&nbsp;for people who perform business analysis&nbsp;including&nbsp;business architect, business&nbsp;systems analyst, data analyst, enterprise analyst management&nbsp;consultant,&nbsp;process analyst,&nbsp;product&nbsp;manager, requirements engineer and</p><p></p><p>systems analyst.</p><p>BUSINESS ANALYST SKILL SET</p><p style=\"text-align: justify;\">With a firm understanding of the business, analysis domain let\'s understand the skill set and expertise needed for the business analyst role anyone performing business analysis activities on programs and products should have analytical skills business and industry knowledge communication skills including strong business writing and verbal communication skills, conflict management, skills in creative and critical thinking cultural awareness, decision-making, facilitation, issue management skills leadership skills, learning skills, negotiation skills, organizational skills, problem-solving ability.</p><p>To work in a team environment including virtual teams’ technical awareness systems thinking presentation skills political awareness familiarity with multiple projects and development methodologies to have a complete understanding of these skills please see the skill assessment tool online. Now that we understand the skill set required to be a successful business analyst let\'s see what business analysts do.</p><p></p><p>Business analysts play a role in aligning the design and delivered solutions with the needs of stakeholders the activities that business analysts perform include understanding enterprise problems and goals analyzing needs and solutions devising strategies driving change and facilitating stakeholder the collaboration&nbsp;completes our understanding of what&nbsp;is entailed in business analysis&nbsp;and who could be a successful business&nbsp;analyst.</p>'),
(14, 22, 'en', 'The scope of the Business Analyst’s job (The roles and responsibilities of a BA)', 'Roles and Responsibilities of a Business Analyst', '<p><iframe frameborder=\"0\" src=\"//www.youtube.com/embed/O-U7FdqPBSQ\" width=\"640\" height=\"360\" class=\"note-video-clip\"></iframe><br></p><p><br></p><p><strong>Roles and Responsibilities of a Business Analyst</strong></p><p><img class=\"zls-tinymce-img\" src=\"/_lms/api/portal/right-click-academy/course/6352450000000011001/lesson/6352450000000015005/file/6352450000000027045\"></p><p style=\"text-align: justify;\">Welcome! Are you aspiring to become a business analyst? If yes, then you should have a clear idea of what a BA does and what their roles, as well as responsibilities,&nbsp;are at their workplace. In today\'s session, we are going to discuss exactly that. So, without further ado, let\'s get started with today\'s agenda.</p><p>\r\n\r\n\r\n</p><p style=\"text-align: justify;\">We will begin this session by discussing a little about the history behind the business analyst role. Next, we will answer the question, \"Who is a business analyst?\"&nbsp;After&nbsp;that, we will look at the responsibilities of a BA in detail. Moving on, we will discuss the skills required to be a business analyst. Finally, we will end this session by taking a look at the business analyst job descriptions posted by some popular companies. I hope you are okay with the agenda, so let\'s get started.</p><p>&nbsp;</p><p>&nbsp;</p><p><img class=\"zls-tinymce-img\" src=\"/_lms/api/portal/right-click-academy/course/6352450000000011001/lesson/6352450000000015005/file/6352450000000027047\" alt=\"\"></p><p style=\"text-align: justify;\">As you&nbsp;might have known, business analysis has evolved extensively over the last two decades, and business analysts have established themselves in every department of every organization. How did we get here? What sparked the birth of business analysis? During the initial days of its evolution in the early \'90s, there was a rapid increase in the need to incorporate the use of IT, and businesses\' data storage was enhanced. User-friendly programs and new object-oriented programs such as Java were invented. The first graphical user interface came into being. All of these led to a boom in information technology. Although the value of technology was apparent, it was still very expensive. But why did organizations want to utilize information technology to get better results? They didn\'t have very good experience planning tasks. The systems were developed considering the latest technology, but without reconsidering the necessity to develop it, their relevant use, and the target audience. Also, despite their expertise in their respective fields, communication between business users and programmers was hard. As a result, customers were unsatisfied, and a large sum of money was being spent on software rewrites, updates, maintenance, and resolving software defects.</p><p style=\"text-align: justify;\">\r\n\r\n\r\n\r\n</p><p>&nbsp;<img class=\"zls-tinymce-img\" src=\"/_lms/api/portal/right-click-academy/course/6352450000000011001/lesson/6352450000000015005/file/6352450000000027049\"></p>\r\n<p style=\"text-align: justify;\">Organizations then began to hire a group of technical experts who would simply translate requirements into lines of code. They were known as system analysts. System analysts had the technical outlook for the products to be developed, but they were lacking in business acumen that would make these systems more productive. There was a great need for someone who would analyze the need for the system, and its requirements, and then provide an accurate definition of the IT requirements required to develop the system. Thus, business analysis was born, and the role of business analysts came into existence. Before we delve more into who a business analyst is, let\'s take a look at what the business analysis practice means in general. Business analysis is the process of enabling change within an organization by doing three things, which are identifying business needs or requirements, understanding and analyzing those requirements, and recommending relevant solutions that deliver value to stakeholders.&nbsp;</p><p><img class=\"zls-tinymce-img\" src=\"/_lms/api/portal/right-click-academy/course/6352450000000011001/lesson/6352450000000015005/file/6352450000000027051\"></p><p style=\"text-align: justify;\">\r\n</p><p style=\"text-align: justify;\">To understand who a business analyst is, let\'s take a look at this example. Let\'s say you want to build a house&nbsp;what is the first thing that you would do? Right after you buy a piece of land or plot, you hire an architect. The architect engages with you, asking a bunch of questions such as what style of house you want to build, your budget, the type of roofing, the number of bedrooms, a stylish kitchen, and other things. post that the architect draws up a business plan and gets it confirmed from you then he or she will contact the builders&nbsp;and discuss the implementation of the plan with them as work progresses the architect would keep monitoring the progress to ensure the house is built according to the plan and your need on a few occasions,&nbsp;unforeseen problems might arise,&nbsp;requiring the plans to be re-examined and some changes to be made,&nbsp;but eventually you get your house built.&nbsp;A&nbsp;business analyst\'s role is more like that of an architect, just that instead of building a house,&nbsp;a business analyst is acting as an agent of change within an organization.&nbsp;Now instead of producing plans as in the case of the architect,&nbsp;a business analyst produces needs,&nbsp;or you can say requirements these requirements are then used by the IT team to build new systems or modify the existing systems in place within the organization while work is in progress.&nbsp;The business analyst should be ready to deal with issues.&nbsp;Answer questions and support the business in implementing the required changes now that you know what a business analyst does,&nbsp;let’s&nbsp;get into his or her mind and learn how a business analyst thinks.&nbsp;A&nbsp;business analyst is a person who has strong logical and analytical skills adequate technical skills strong business acumen,&nbsp;problem-solving skills, strong interpersonal skills, and negotiation skills.&nbsp;They have a detail-oriented mind and are always analyzing everything.&nbsp;Their minds are constantly running through questions about activities they observe what is being done and why did this happen;&nbsp;is there an alternative are the rules being followed can we consider this?</p><p><img class=\"zls-tinymce-img\" src=\"/_lms/api/portal/right-click-academy/course/6352450000000011001/lesson/6352450000000015005/file/6352450000000027055\"></p><p style=\"text-align: justify;\">\r\n</p><p style=\"text-align: justify;\">Are any exceptions being made? Should the rules be changed? Is there a way to turn this problem into an opportunity? Are we being as efficient as possible? What are the causes and effects, and other forms of creative questions? make business analysts a valuable asset in an organization now let us take a look at the business analyst\'s responsibilities and duties based on the different phases of a project the first thing you need to know is that the business analyst role is a multifaceted role by that I mean the responsibilities of a BA changes from organization to organization yet on any given day the activities that business analysts perform include the following; identifying the multifaceted organizational problems and opportunities for improvement in business operations and processes. Understanding the intricacies of a project is very crucial for BAs eliciting relevant documents and requirements and using those requirements to get the IT team on&nbsp;board and understand what the client wants; that\'s one of the biggest responsibilities.</p><p><img class=\"zls-tinymce-img\" src=\"/_lms/api/portal/right-click-academy/course/6352450000000011001/lesson/6352450000000015005/file/6352450000000027057\"></p><p style=\"text-align: justify;\">\r\n</p><p style=\"text-align: justify;\">Also, it is extremely critical for any BA to effectively document the findings so that each client requirement is efficiently mentioned and nothing is left to chance. The most important responsibility of a business analyst is to analyze the information collected in a detailed manner. The analysis phase is the stage during which a BA reviews the elements in detail, asserting clearly what the business needs to do to achieve its goal. During this stage, the BA will also be required to interact with the development team and then the technical&nbsp;architects,&nbsp;which brings us to the next responsibility of communicating with a broad range of people, the next responsibility of a BA are to interact with the business stakeholders and subject matter experts to understand their problems and needs. As a business analyst, it is important to create and deliver quality presentations. A good business analyst also needs to dedicate countless hours actively communicating back and forth more than just speaking he or she needs to listen and recognize verbal and nonverbal information the next responsibility is to devise strategies to design new systems or modify existing business systems or&nbsp;processes the most important job of the business analyst is to spend time identifying multiple options for solving challenges and then help pick the best one</p><p><img class=\"zls-tinymce-img\" src=\"/_lms/api/portal/right-click-academy/course/6352450000000011001/lesson/6352450000000015005/file/6352450000000027059\"></p><p style=\"text-align: justify;\">\r\n</p><p style=\"text-align: justify;\">A business analyst makes specific IT recommendations and supports the IT team in the implementation phase in any way he or she can if you think the responsibilities of the BAS end in the implementation phase you are wrong. Ensuring that the product is functioning well as it is designed and that it satisfies the user requirements is one of the most vital responsibilities of the business analyst. User acceptance testing is the only possible and accepted way to ensure this apart from this a business analyst sometimes creates system documentation and user manuals he or she develops informative coherent and usable documents for professional success so guys these are some basic responsibilities of a business analyst the role of a business analyst is constantly evolving and changing, especially as companies rely more on data to advise business operations. The work that business analysts do is incredibly diverse. Moving on, let us answer the question of what it takes to become a business analyst.</p><p><img class=\"zls-tinymce-img\" src=\"/_lms/api/portal/right-click-academy/course/6352450000000011001/lesson/6352450000000015005/file/6352450000000027061\"></p><p style=\"text-align: justify;\">Business analysis requires both technical and core business skills. According to the international institute of business analysis, some of the most important skills for a business analyst are effective communication skills including technical writing skills analytical thinking, problem-solving creative thinking, relevant industry knowledge technical skills including data visualization statistical analysis, software business intelligence elicitation skills, and understanding of networks databases and other technology. To make all the concepts that we discussed more clear let us take a look at business analysis job descriptions posted by companies in the job search portals as I mentioned earlier the work BAs do is incredibly diverse which has led to many changes in job titles roles and management levels.</p><p style=\"text-align: justify;\">\r\n\r\n</p><p style=\"text-align: justify;\">When looking for BA jobs keep in mind that a business analyst is not always referred to as a business analyst, alternative titles for this job role include but are not limited to IT project coordinator, functional analyst, information process analyst, agile analyst, and many others.&nbsp; Your core responsibilities will include a combination of things like analysis communication, technical expertise innovations, identifying issues, and others. As for the qualifications you need to have either a bachelor\'s degree or master\'s degree in relevant domains in addition to that you need to have excellent communication time management and collaboration skills, amongst other things.</p>'),
(15, 23, 'en', 'Business analysis tools and techniques', 'Often, business analysis is described as translating business needs into solution requirements. This sounds so simple, but in truth, there are many steps and techniques that are used to get to the final solution requirements to keep things simple.', '<p><iframe frameborder=\"0\" src=\"//www.youtube.com/embed/ezSQhea3O0w\" width=\"640\" height=\"360\" class=\"note-video-clip\"></iframe><br></p><p><br></p><p><br></p><p>Often, business analysis is described as translating business needs into solution requirements. This sounds so simple, but in truth, there are many steps and techniques that are used to get to the final solution requirements to keep things simple. I\'m going to categorize the work into three main categories: understanding the business goals, understanding the current state, and defining the required changes. There are other peripheral activities of a business analyst, but those are often dependent on seniority if you are a contractor or if you\'re specifically doing waterfall, so I\'ll skip those.</p><p>&nbsp;</p><p>The techniques mentioned are generally accepted as being useful for accomplishing the tasks; however, it is always up to you to determine the best way to accomplish each major step, so let\'s get started. Understanding the business goals is critical to being a good business analyst because part of your job is to keep your team, both business and IT, on track to success. At this point, you are simply trying to define why everyone is doing what they are doing depending on your work environment this could be at a program level project level product level or feature level for your part, the techniques you will likely use will be workshops and interviews to gather the information next is understanding the current state of things, and the techniques or tools you choose to use are very dependent on the types of changes that will be made here. You might start with mind maps or context models that will lay out your landscape and help you get an idea of the different parts of the organization that are involved with or impacted by the area that needs to change.</p><p>&nbsp;</p><p>The tools here can vary; all-purpose modelling tools like Visio, Lucid Chart, or Draw IO might be used. PowerPoint can also be used if the model won\'t get too heavy or from there you might have interviews, workshops document analysis and other activities that essentially allow you to collect the information you need the collection of that information will result in the documentation of that information the goal of all this documentation is to ensure that all parties involved understand how things work currently and will eventually serve to point out the areas that need to change this is where you\'ll see the big heavy hitters for business analysts like process models decision models business rules data models data flow diagrams and so forth here once again you can use two all-purpose modeling tools like Visio lucid charts or draw IO and many more for almost all the models you can also use specific business process modeling tools like there\'s Aussie for example the true value of all that work comes when you get to the next step which is defining what needs to be changed here once again you\'ll need to work with the stakeholders have workshops interviews focus groups and other collaborative activities to understand what should change and who gets impacted when you make the change.</p><p>&nbsp;</p><p>Changes might need to be made to the business process and then all the applications that support the business process will subsequently need to make some changes. You might also need to make changes to the data or how the data is collected or moved and all the applications that interact with that data or the business process that you use that data for might need to make adjustments. as well as the correctness of all the models you created will impact how effectively the changes you decide to make will be. Conversely, it will determine how many problems you introduce into the applications or process by ineffectively understanding how they worked and what would break when you changed things. This right here is why a business analyst is so important If you compare this to my vacation planning comparison that I use in my requirements elicitation video, it would be like missing that someone is allergic to something when making dinner reservations or that someone can\'t leave until a certain date when buying plane tickets. Here you are analyzing the models you created and creating future states of those models, which will help you see the areas where changes will need to be made.</p><p>&nbsp;</p><p>In addition to modelling other techniques might be impact analysis, root cause analysis, and business process simulation. If you used a fancy BPM end tool like Brazeau g functional decomposition is a very common way to begin documenting what needs to change. For example, if a high-level business requirement feature or whatever is starting to accept payments online, that functionality might break down into being able to input the credit card information, being able to validate credit card information, being able to store new and being able to store new payment-related data in the database you can already see that this will result in new UI components new data interfaces to perhaps third-party credit card validators and changes to the database structure luckily and likely much more depending on the complexity of your fulfilment systems these changes will be documented as business requirements, functional requirements, use cases user stories wireframes prototypes, acceptance criteria and more here again, you might keep it simple with the tools like Word, PowerPoint or Excel you might have dedicated lifecycle management tools like JIRA agile Trello or version one if you\'re agile, likely this will be dictated by the organization mostly for long-term quality control purposes it\'s important to remember that you don\'t originate any of the data that goes into your documentation; you gather it from stakeholders who are responsible for the success of their domains, and you also aren\'t the final consumer of any of that documentation. Others need it to understand impacts, make decisions, and eventually develop the functionality.</p><p>&nbsp;</p><p>This is why interaction skills, communication skills, and analytical thinking</p><p>\r\n\r\n\r\n\r\n\r\n\r\n\r\n\r\n\r\n\r\n\r\n</p><p>skills are so critically important to successful business analysis. I know I went through that pretty quickly and I didn\'t dig too deep into the individual techniques or tools.</p>'),
(16, 24, 'en', 'Jira to document user stories and manage agile projects', 'Jira is an advanced project management tool designed for agile teams to essentially optimize project planning, execution, and tracking.', '<p><iframe frameborder=\"0\" src=\"//www.youtube.com/embed/GWxMTvRGIpc\" width=\"640\" height=\"360\" class=\"note-video-clip\"></iframe><br></p><p><br></p><p>Jira is an advanced project management tool designed for agile teams to essentially optimize project planning, execution, and tracking. The great thing about Jira is they offer a free plan for up to 10 users, which is ideal for agile and innovative</p><p>\r\n</p><p>small teams. Hey team, welcome back to another video. I hope everyone is having a great day now today we\'re going to launch the project management tool called Jira and cover how you can get started with the impressive free plan to manage your dynamic project workflows. Now if you\'re completely new to project management, I recommend looking into Trello as an entry-level project management tool to get started with before you jump into a more advanced software like Jira both of these tools offer exceptional free plans and stem from the same company called Atlassian. Okay, now just quickly before we go ahead and jump right into Jira, consider subscribing if you haven\'t done so already, and that way you\'ll stay updated with actionable videos and tutorials designed to equip you with the skills, knowledge, and tools to grow your small business online. With that quick note out of the way let\'s go ahead and jump straight into this jira tutorial. Okay team, so first things first, what we need to do is sign up for a free jira account. To do this, just head over to atlassian.com software slash jira, and that\'s going to take you to this page. What we want to do is get started for free, and before we get started, it\'s important to note that jira is first and foremost a software development tool for software teams, but you can also create project management workflows that work for different types of businesses, not just software development. In this beginner\'s tutorial, we\'re going to show you an agile process as well as a traditional business workflow. We\'ve already created a fresh new account, and what we\'re going to do is meet you on your dashboard once you\'ve signed up, so go ahead and sign up for free, and we\'ll meet you at your JIRA dashboard. Okay, so we\'ve gone ahead and created a fresh account and logged in to Jira. Remember that Jira as a project management software is first and foremost designed for software development, and the first thing we\'re going to show you today is how to use Jira to create a project management workflow for a software project. So the whole idea of software development stems from creating an agile process. An agile process is divided into five stages: functionality, planning, implementation, testing, and the review stage. Once you reach the review stage, you can either build your software or return to the planning stage, depending on whether you discover any issues along the way.</p>'),
(17, 25, 'en', 'Excel for analysis, reporting and data visualization', 'Hello everyone my name is Dany Hoter and I’m a Senior Program Manager in the Excel team at Microsoft.', '<p><iframe frameborder=\"0\" src=\"//www.youtube.com/embed/B22arpiRTes\" width=\"640\" height=\"360\" class=\"note-video-clip\"></iframe><br></p><p><br></p><p>Hello everyone my name is Dany Hoter and I’m a Senior Program Manager in the Excel team at Microsoft. And this course is going to be about analyzing and visualizing data in Excel. Actually, I’m gonna use Excel 2016. Originally it was supposed to be with Excel 2016, but we decided to just call it Excel. Because you’ll be able to follow this not only with Excel 2016 but</p><p>also with Excel 2013 and with a little bit more difficulty also with Excel 2010. Now, I’m gonna be covering areas of importing data into Excel, creating models of data in Excel and using new tools that were added to Excel in the last versions. Let’s go straight into our first module. And in this module, actually I’m going to show you things which are not necessarily new. I’m gonna show you data analysis using data in Excel, in the grid of Excel. And most of you will be, hopefully, familiar to you but<br>I’m going to cover it and then show the differences between this classic way of analyzing data and the new tools that I’m going to show you for the modules. So let me open my first file here in Excel and let’s understand how people are doing data analysis and excel for years.</p>'),
(18, 26, 'en', 'The Stakeholder wheel and identification matrix', 'The Stakeholder wheel and identification matrix', '<p><br><iframe frameborder=\"0\" src=\"//www.youtube.com/embed/PXCo92Iag3g\" width=\"640\" height=\"360\" class=\"note-video-clip\"></iframe></p><p><iframe frameborder=\"0\" src=\"//www.youtube.com/embed/G7NUm25yWAs\" width=\"640\" height=\"360\" class=\"note-video-clip\"></iframe><br></p>'),
(19, 27, 'en', 'Stakeholder analysis and evaluation of  their impact on a project', 'Stakeholder analysis and evaluation of  their impact on a project', '<p><iframe frameborder=\"0\" src=\"//www.youtube.com/embed/mGf_C_2V6X8\" width=\"640\" height=\"360\" class=\"note-video-clip\"></iframe></p><p><iframe frameborder=\"0\" src=\"//www.youtube.com/embed/X2kWrbmubVY\" width=\"640\" height=\"360\" class=\"note-video-clip\"></iframe></p><p><iframe frameborder=\"0\" src=\"//www.youtube.com/embed/H8CH5OxLCa4\" width=\"640\" height=\"360\" class=\"note-video-clip\"></iframe></p><p><iframe frameborder=\"0\" src=\"//www.youtube.com/embed/DUE2GqpZbpw\" width=\"640\" height=\"360\" class=\"note-video-clip\"></iframe></p><p><iframe frameborder=\"0\" src=\"//www.youtube.com/embed/ZY3RFWKOTNU\" width=\"640\" height=\"360\" class=\"note-video-clip\"></iframe></p><p><br></p><p><br></p><p><br></p><p><br></p><p><br></p><p><br></p><p><br></p><p><br></p><p><br></p><p><br></p><p><br></p><p><br></p><p><br></p><p><br></p><p><br></p><p><br></p><p><br></p><p><br></p><p><br></p><p><br></p><p><br></p><p><br></p><p><br></p>'),
(20, 28, 'en', 'Starting a project - Business case development and analysis', 'Starting a project - Business case development and analysis', '<p><iframe frameborder=\"0\" src=\"//www.youtube.com/embed/q4l5iqUzujw\" width=\"640\" height=\"360\" class=\"note-video-clip\"></iframe></p><p><br></p><p><br></p><p><iframe frameborder=\"0\" src=\"//www.youtube.com/embed/UQP5MmCAQ3Y\" width=\"640\" height=\"360\" class=\"note-video-clip\"></iframe><br></p><p><br></p><p><br></p><p><br></p><p><br></p><p><br></p><p><br></p><p><br></p>'),
(21, 29, 'en', 'Project performance evaluation', 'Project performance evaluation', '<p><iframe frameborder=\"0\" src=\"//www.youtube.com/embed/XSQOeQNjxk4\" width=\"640\" height=\"360\" class=\"note-video-clip\"></iframe></p><p><br></p><p><br></p><p><iframe frameborder=\"0\" src=\"//www.youtube.com/embed/bt4LL_rKwFM\" width=\"640\" height=\"360\" class=\"note-video-clip\"></iframe><br></p>'),
(22, 30, 'en', 'Django ORM (Object-Relational Mapper)', 'Django ORM (Object-Relational Mapper)', '<p><iframe frameborder=\"0\" src=\"//www.youtube.com/embed/iQF6pln3Gog\" width=\"640\" height=\"360\" class=\"note-video-clip\"></iframe></p><p><br></p><p><iframe frameborder=\"0\" src=\"//www.youtube.com/embed/XbOUjyC--Ao\" width=\"640\" height=\"360\" class=\"note-video-clip\"></iframe></p><p><br></p><p><iframe frameborder=\"0\" src=\"//www.youtube.com/embed/yuRisebNnvU\" width=\"640\" height=\"360\" class=\"note-video-clip\"></iframe></p><p><br></p><p><iframe frameborder=\"0\" src=\"//www.youtube.com/embed/_kvvHXS-OZs\" width=\"640\" height=\"360\" class=\"note-video-clip\"></iframe></p><p><br></p><p><iframe frameborder=\"0\" src=\"//www.youtube.com/embed/o2ZgwV8R2Rk\" width=\"640\" height=\"360\" class=\"note-video-clip\"></iframe></p><p><br></p><p><iframe frameborder=\"0\" src=\"//www.youtube.com/embed/fdkgcZHA0Ew\" width=\"640\" height=\"360\" class=\"note-video-clip\"></iframe></p><p><br></p><p><iframe frameborder=\"0\" src=\"//www.youtube.com/embed/iWDvsMOngxk\" width=\"640\" height=\"360\" class=\"note-video-clip\"></iframe></p><p><br></p><p><iframe frameborder=\"0\" src=\"//www.youtube.com/embed/_TtBxvYwoHY\" width=\"640\" height=\"360\" class=\"note-video-clip\"></iframe></p><p><br></p><p><iframe frameborder=\"0\" src=\"//www.youtube.com/embed/4Xag2FzmN60\" width=\"640\" height=\"360\" class=\"note-video-clip\"></iframe></p><p><br></p><p><iframe frameborder=\"0\" src=\"//www.youtube.com/embed/Y4ahqzSs7nI\" width=\"640\" height=\"360\" class=\"note-video-clip\"></iframe></p><p><br></p><p><iframe frameborder=\"0\" src=\"//www.youtube.com/embed/g-FCzzzjBWo\" width=\"640\" height=\"360\" class=\"note-video-clip\"></iframe></p><p><br></p><p><iframe frameborder=\"0\" src=\"//www.youtube.com/embed/vs6dXL9Wp7s\" width=\"640\" height=\"360\" class=\"note-video-clip\"></iframe></p><p><br></p><p><iframe frameborder=\"0\" src=\"//www.youtube.com/embed/oHJF9mfswzo\" width=\"640\" height=\"360\" class=\"note-video-clip\"></iframe></p><p><br></p><p><iframe frameborder=\"0\" src=\"//www.youtube.com/embed/eC95DrKMEo8\" width=\"640\" height=\"360\" class=\"note-video-clip\"></iframe></p><p><br></p><p><iframe frameborder=\"0\" src=\"//www.youtube.com/embed/NMsAKQI9Cbc\" width=\"640\" height=\"360\" class=\"note-video-clip\"></iframe></p><p><br></p><p><iframe frameborder=\"0\" src=\"//www.youtube.com/embed/brIUmVnTwJ0\" width=\"640\" height=\"360\" class=\"note-video-clip\"></iframe></p><p><br></p><p><iframe frameborder=\"0\" src=\"//www.youtube.com/embed/uDw7ArEVYSY\" width=\"640\" height=\"360\" class=\"note-video-clip\"></iframe></p><p><br></p><p><iframe frameborder=\"0\" src=\"//www.youtube.com/embed/SJDJ0MZR48w\" width=\"640\" height=\"360\" class=\"note-video-clip\"></iframe></p><p><br></p><p><iframe frameborder=\"0\" src=\"//www.youtube.com/embed/cpEfYD51Oyw\" width=\"640\" height=\"360\" class=\"note-video-clip\"></iframe></p><p><br></p><p><iframe frameborder=\"0\" src=\"//www.youtube.com/embed/r37Bah95WD8\" width=\"640\" height=\"360\" class=\"note-video-clip\"></iframe></p><p><br></p><p><iframe frameborder=\"0\" src=\"//www.youtube.com/embed/erdlKMcYe1E\" width=\"640\" height=\"360\" class=\"note-video-clip\"></iframe></p><p><br></p><p><iframe frameborder=\"0\" src=\"//www.youtube.com/embed/qV1cM8MuoWE\" width=\"640\" height=\"360\" class=\"note-video-clip\"></iframe></p><p><br></p><p><iframe frameborder=\"0\" src=\"//www.youtube.com/embed/uvytsUUFnJg\" width=\"640\" height=\"360\" class=\"note-video-clip\"></iframe></p><p><br></p>'),
(23, 31, 'en', 'Django REST API', 'Django REST API', '<p><iframe frameborder=\"0\" src=\"//www.youtube.com/embed/IHTP8-KskcQ\" width=\"640\" height=\"360\" class=\"note-video-clip\"></iframe></p><p><br></p><p><iframe frameborder=\"0\" src=\"//www.youtube.com/embed/x5LXsFsdFO4\" width=\"640\" height=\"360\" class=\"note-video-clip\"></iframe></p><p><br></p>'),
(24, 32, 'en', 'What is UX design?', 'What is UX design?', '<p><span class=\"z-fw:700 z-fs:17\"></span>    </p><div class=\"zls-header-right z-dis:flex-al-c z-gap:10\">  </div>      <ul class=\"zls-ul-reset zls-blocks-wrapper zw-fl-grow\"><li class=\"\" style=\"padding-top: 20px; padding-bottom: 20px;\"> <div class=\"zls-blocks-container\">   <div class=\"zls-blocks zls-fixed-width:950 zls-fs17 zw-word-wrap zls-grid zls-gap20 zls-g-col1\">   <div class=\"zls-tinymce-text-content \" data-placeholder=\"Good products come from good craftsmanship. They come from careful attention to design, from endless rounds of refinement, and iteration. But none of those things come easily.                       \"> <p>When\r\n I tell people that I\'m a UX designer, my friends say, “so you draw \r\npictures”. My technical friends say, “so you write front-end”. And my \r\nco-workers say, “so you make things pretty”.</p> <p>No! UX design is \r\nmuch more than just making things pretty, drawing pictures, or laying \r\nout a User Interface (UI). UX designers (often called \"UXers\") also \r\nspend a lot of time doing research, uncovering user needs, and coming up\r\n with design solutions that follow fundamental psychological principles.</p><p><br></p><p><iframe frameborder=\"0\" src=\"//www.youtube.com/embed/CTl55afEujA\" width=\"640\" height=\"360\" class=\"note-video-clip\"></iframe></p><p><br></p><p>When you are doing shopping on Amazon, have you ever wondered why the\r\n shopping cart is called “shopping cart”? Why is the shopping cart on \r\nthe top right corner of the page? Why does the home page list some \r\nthings but not others? Why are some fonts bold and black and large, \r\nwhile other fonts are gray and small? There is deliberation behind every\r\n design detail.</p> <p>In this lesson, we\'ll start to consider questions like these, and begin practicing how to think like a designer.</p> <p>To be specific, we will:</p> <ul><li>Ask the question,&nbsp;<strong>what is good UX?</strong>&nbsp;We\'ll\r\n look at some concrete examples of different products and interfaces, \r\nand consider what might make them good (or bad) experiences for users.</li><li>Consider some&nbsp;<strong>rule-of-thumb principles or&nbsp;<em>heuristics</em></strong>&nbsp;that we can use to quickly evaluate a design.</li><li>Look at what it means to&nbsp;<strong>design with users in mind</strong>&nbsp;and to&nbsp;<strong>design with data in mind</strong>.</li><li>Talk about how and when to do&nbsp;<strong>competitive analysis</strong>.</li></ul><p></p> </div>   </div>  </div></li></ul>'),
(25, 33, 'en', 'Good UX', 'Good UX', '<p><iframe frameborder=\"0\" src=\"//www.youtube.com/embed/yHyGci_boRk\" width=\"640\" height=\"360\" class=\"note-video-clip\"></iframe></p><p><br></p><ul class=\"zls-ul-reset zls-blocks-wrapper zw-fl-grow\"><li class=\"\" style=\"padding-top: 20px; padding-bottom: 20px;\"> <div class=\"zls-blocks-container\">   <div class=\"zls-blocks zls-fixed-width:950 zls-fs17 zw-word-wrap zls-grid zls-gap20 zls-g-col1\">   <div class=\"zls-tinymce-text-content \" data-placeholder=\"Good products come from good craftsmanship. They come from careful attention to design, from endless rounds of refinement, and iteration. But none of those things come easily.                       \"> <blockquote> <h2>A note on critiquing designs</h2> <p>In\r\n the video, I poked fun at the aesthetics of Microsoft Word and Google \r\nDocs. But to be clear, my goal is not to say that these are bad tools or\r\n that they are poorly designed—they are both incredibly powerful word \r\nprocessors, and the aesthetics are only one aspect.</p> <p>When we \r\nevaluate the design of a product, the look and feel are just one of many\r\n criteria—and furthermore, how someone responds to that look and feel \r\nmay differ greatly from one user to the next. In the video, I was taking\r\n the perspective of a user who doesn\'t need any advanced features in \r\ntheir word processor. For a user like that, they may just need the \r\nability to type up an article, and the many powerful and complex \r\nfeatures offered by some apps won\'t really provide any value (and may \r\neven detract from the experience).</p> <p>Throughout this course, we \r\nwill look at examples of designs, and I will critique different aspects \r\nof them in terms of how they affect the user experience. We\'ll also talk\r\n about the importance of knowing who your users are, so that you know \r\nwho you are designing for and what matters to them! The goal in all of \r\nthis is not to slam a company or a product. Rather, I want to get you \r\nthinking both about who your target users are, and how different design \r\ndecisions can have dramatic effects on those users experiences.</p> </blockquote> </div>   </div>   </div> </li><li class=\"\" style=\"padding-top: 20px; padding-bottom: 20px;\"> <div class=\"zls-blocks-container\">   <div class=\"zls-blocks zls-fixed-width:950 zls-fs17 zw-word-wrap zls-grid zls-gap20 zls-g-col1\">   <div class=\"zls-tinymce-text-content \" data-placeholder=\"Good products come from good craftsmanship. They come from careful attention to design, from endless rounds of refinement, and iteration. But none of those things come easily.                       \"> <h2>Good UX…</h2> <p>To recap the key points from the video, good UX design:</p> <h3>1. Is usable</h3> <p>Users should be able to learn how to use the product easily.</p> <h3>2. Is aesthetically pleasing</h3> <p>Good\r\n design is aesthetically pleasing to look at. In fact, users will even \r\ntend to feel a design is more usable simply because it is more \r\naesthetically pleasing—a phenomenon called the&nbsp;<a href=\"https://www.nngroup.com/articles/aesthetic-usability-effect/\" target=\"_blank\">aesthetic-usability effect</a>.</p> <h3>3. Delights the user</h3> <p>The\r\n design brings the user nice surprises. It’s like getting a gift for St.\r\n Patrick’s day—you didn’t expect it, but you\'re happy (delighted!) to \r\nreceive it.<br><br><iframe frameborder=\"0\" src=\"//www.youtube.com/embed/bfVzedxb3UI\" width=\"640\" height=\"360\" class=\"note-video-clip\"></iframe><br></p> </div>   </div>  </div></li></ul><p></p>');
INSERT INTO `text_lesson_translations` (`id`, `text_lesson_id`, `locale`, `title`, `summary`, `content`) VALUES
(26, 34, 'en', 'Heuristic Evaluation 1', 'Heuristic Evaluation 1', '<ul class=\"zls-ul-reset zls-blocks-wrapper zw-fl-grow\"><li class=\"\" style=\"padding-top: 20px; padding-bottom: 20px;\"> <div class=\"zls-blocks-container\">   <div class=\"zls-blocks zls-fixed-width:950 zls-fs17 zw-word-wrap zls-grid zls-gap20 zls-g-col1\">   <div class=\"zls-tinymce-text-content \" data-placeholder=\"Good products come from good craftsmanship. They come from careful attention to design, from endless rounds of refinement, and iteration. But none of those things come easily.                       \"> <p>In these next videos, we\'ll look at how we can use&nbsp;<em>design heuristics</em>&nbsp;to easily and efficiently evaluate a design.<span></span></p> </div>   </div>   </div> </li><li class=\"\" style=\"padding-top: 20px; padding-bottom: 20px;\"> <div class=\"zls-blocks-container\">   <div class=\"zls-blocks zls-fixed-width:950 zls-fs17 zw-word-wrap zls-grid zls-gap20 zls-g-col1\">   <div class=\"zls-tinymce-text-content \" data-placeholder=\"Good products come from good craftsmanship. They come from careful attention to design, from endless rounds of refinement, and iteration. But none of those things come easily.                       \"> <blockquote> <p>A&nbsp;<strong>heuristic</strong>&nbsp;is\r\n a general principle or process that helps you solve a problem quickly. \r\nHeuristics aren\'t the most rigorous methods and don\'t necessarily give \r\nyou the&nbsp;<em>best</em>&nbsp;solution to a problem—but they are very practical and usually give you an answer right away.<span></span></p> </blockquote> </div>   </div>   </div> </li><li class=\"\" style=\"padding-top: 20px; padding-bottom: 20px;\"> <div class=\"zls-blocks-container\">   <div class=\"zls-blocks zls-fixed-width:950 zls-fs17 zw-word-wrap zls-grid zls-gap20 zls-g-col1\">   <div class=\"zls-tinymce-text-content \" data-placeholder=\"Good products come from good craftsmanship. They come from careful attention to design, from endless rounds of refinement, and iteration. But none of those things come easily.                       \"> <div class=\"css-1m96lhp\"> <div class=\"css-u8svcc\"> <div> <div class=\"_15vzQlp3FJ8f94suLiPCPf ureact-markdown \"> <p>In\r\n UX, we can get great data from user research—but research takes a \r\nsignificant investment of time and energy. In many cases, we can catch \r\nproblems with the design quickly and at zero cost by applying some \r\nsimple heuristics.</p> <p>There are many design heuristics. Here we\'ll look at a very popular set of 10 heuristics that were developed by designer&nbsp;<a href=\"https://www.nngroup.com/people/jakob-nielsen/\" target=\"_blank\">Jakob Nielsen</a>&nbsp;to help guide evaluation of a design.</p> <p>We\'ll\r\n go over all of the heuristics below, with examples of each, but you can\r\n also find a great description of them (written by Nielsen himself)&nbsp;<a href=\"https://www.nngroup.com/articles/ten-usability-heuristics/\" target=\"_blank\">here</a>. You can also find all of the heuristics in the&nbsp;<a href=\"https://video.udacity-data.com/topher/2019/October/5da35a23_uxnd-reference-cheet-c1l1-ux-the-good-the-bad-and-the-ugly/uxnd-reference-cheet-c1l1-ux-the-good-the-bad-and-the-ugly.pdf\" target=\"_blank\">reference sheet</a>&nbsp;for this lesson.</p><p><br></p><p><iframe frameborder=\"0\" src=\"//www.youtube.com/embed/V_b74zR1KoE\" width=\"640\" height=\"360\" class=\"note-video-clip\"></iframe></p><p><br></p><ul class=\"zls-ul-reset zls-blocks-wrapper zw-fl-grow\"><li class=\"\" style=\"padding-top: 20px; padding-bottom: 20px;\"> <div class=\"zls-blocks-container\">   <div class=\"zls-blocks zls-fixed-width:950 zls-fs17 zw-word-wrap zls-grid zls-gap20 zls-g-col1\">   <div class=\"zls-tinymce-text-content \" data-placeholder=\"Good products come from good craftsmanship. They come from careful attention to design, from endless rounds of refinement, and iteration. But none of those things come easily.                       \"> <div class=\"css-1m96lhp\"> <div class=\"css-u8svcc\"> <div> <div class=\"_15vzQlp3FJ8f94suLiPCPf ureact-markdown \"> <p>In the video, we mentioned a few different design systems. If you\'re curious, you can check them out for yourself:</p> <ul><li><a href=\"https://material.io/design/\" target=\"_blank\">Google\'s&nbsp;<em>Material Design</em></a></li><li><a href=\"https://developer.apple.com/design/human-interface-guidelines/\" target=\"_blank\">Apple\'s&nbsp;<em>Human Interface Guidelines</em></a></li><li><a href=\"https://veritas.udacity.design/\" target=\"_blank\">Udacity\'s&nbsp;<em>Veritas</em></a></li></ul> </div> </div> </div> </div> <div class=\"css-1m96lhp\"> <div class=\"css-u8svcc\"> <div class=\"css-8ydei1\"> <div class=\"css-119xpsb\">&nbsp;</div> </div> </div> </div> </div>   </div>   </div> </li><li class=\"\" style=\"padding-top: 20px; padding-bottom: 20px;\"> <div class=\"zls-blocks-container\">   <div class=\"zls-blocks zls-fixed-width:950 zls-fs17 zw-word-wrap zls-grid zls-gap20 zls-g-col1\">   <div class=\"zls-tinymce-text-content \" data-placeholder=\"Good products come from good craftsmanship. They come from careful attention to design, from endless rounds of refinement, and iteration. But none of those things come easily.                       \"> <div class=\"css-1m96lhp\"> <div class=\"css-u8svcc\"> <div> <div class=\"_15vzQlp3FJ8f94suLiPCPf ureact-markdown \"> <p>Many\r\n of Nielsen’s heuristics can be interpreted in a few different ways. \r\nWhen you apply these heuristics to evaluate your own product, you should\r\n not feel that you have to interpret them in a single, rigid way; \r\nrather, they should be seen as useful rules-of-thumb to help guide your \r\nthinking and give you ideas.</p> </div> </div> </div> </div></div></div></div></li></ul><p></p> </div> </div> </div> </div></div></div></div></li></ul><p></p>'),
(27, 35, 'en', 'Heuristic Evaluation 2', 'Heuristic Evaluation 2', '<p><h2>Why use heuristic evaluation?<br><br><iframe frameborder=\"0\" src=\"//www.youtube.com/embed/rAe8UpFB1po\" width=\"640\" height=\"360\" class=\"note-video-clip\"></iframe></h2><p><br></p><h2>How to conduct heuristic evaluation</h2><p><iframe frameborder=\"0\" src=\"//www.youtube.com/embed/2q8Y70lxX0c\" width=\"640\" height=\"360\" class=\"note-video-clip\"></iframe></p><p><br></p><p>Heuristic evaluation is something you can do at any time, with no \r\nfunds, resources, or help from others, and without following a strict, \r\nformal process. That said, you\'ll likely get more out of your evaluation\r\n if you take the steps outlined in the above video and below:</p> <ul><li><strong>Find 3–5 experts.</strong>&nbsp;These should be people who know about usability principles and are familiar with the product.</li></ul> <ul><li><strong>Come up with heuristics as a team.</strong>&nbsp;You can adapt&nbsp;<a href=\"https://www.nngroup.com/articles/ten-usability-heuristics/\" target=\"_blank\">Nielsen’s heuristics</a>&nbsp;to fit your product.</li></ul> <ul><li><strong>Identify tasks.</strong>&nbsp;What are the critical user journeys? For example: For an online shopping site, one critical user journey could be&nbsp;<em>how to purchase an item</em>.</li></ul> <ul><li><strong>Conduct individual evaluations.</strong>&nbsp;Have\r\n each expert evaluate the design separately. You can use a spreadsheet \r\nor a doc to track all the issues. List out each issue and identify how \r\nsevere it is. For severity, you can use a point-system (5 is super \r\nsevere, 1 is not really an issue) or use “critical” “major issue” “minor\r\n issue” and “cosmetic issue”.</li></ul> <strong>Aggregate results.</strong>&nbsp;Pool (collect) the results from the individual evaluations.&nbsp;<em>What does the team agree on?</em></p><p><em><br></em></p><p><iframe frameborder=\"0\" src=\"//www.youtube.com/embed/Ao8UhVYmKfo\" width=\"640\" height=\"360\" class=\"note-video-clip\"></iframe><em><br></em></p><p><em><br></em></p><p>  </p><div class=\"zls-blocks zls-fixed-width:950 zls-fs17 zw-word-wrap zls-grid zls-gap20 zls-g-col1\">   <div class=\"zls-tinymce-text-content \" data-placeholder=\"Good products come from good craftsmanship. They come from careful attention to design, from endless rounds of refinement, and iteration. But none of those things come easily.                       \"> <h2>Further reading</h2> <p>If you enjoyed learning about Nielsen\'s heuristics, you might want to check out&nbsp;<a href=\"https://www.nngroup.com/articles/\" target=\"_blank\">other articles from the Neilsen Norman Group (NN/g)</a>.\r\n The NN/g was founded by designers Jakob Nielsen (whose heuristics you \r\njust learned about) and Don Norman, and is an incredible resource for \r\nlearning more about UX principles.</p> </div>   </div>  <p><p></p><p></p><p></p></p>'),
(28, 36, 'en', 'You Are Not Your User', 'You Are Not Your User', '<h1>You Are Not Your User</h1><p><iframe frameborder=\"0\" src=\"//www.youtube.com/embed/3kLRZDU5i34\" width=\"640\" height=\"360\" class=\"note-video-clip\"></iframe></p><p><br></p><p>As designers, we have a tendency to assume that our users are similar to\r\n us. In fact, this isn\'t just a problem that designers have—it is an \r\nexample of a more general phenomenon, called the&nbsp;<a href=\"https://en.wikipedia.org/wiki/False_consensus_effect\" target=\"_blank\">false-consensus effect</a>.\r\n As human beings, we often have a tendency to assume others are more \r\nsimilar to us than they really are. For example, when we react a certain\r\n way to a design, we may assume others will react the same way. In other\r\n words, we may assume there is an agreement or&nbsp;<em>consensus</em>&nbsp;when there is none (thus the name,&nbsp;<em>false consensus</em>).</p><p><iframe frameborder=\"0\" src=\"//www.youtube.com/embed/XotDuAt7t9A\" width=\"640\" height=\"360\" class=\"note-video-clip\"></iframe></p><p><br></p><p>  </p><div class=\"zls-blocks zls-fixed-width:950 zls-fs17 zw-word-wrap zls-grid zls-gap20 zls-g-col1\">   <div class=\"zls-tinymce-text-content \" data-placeholder=\"Good products come from good craftsmanship. They come from careful attention to design, from endless rounds of refinement, and iteration. But none of those things come easily.                       \"> <p>Simply acknowledging that the&nbsp;<em>false consensus</em>&nbsp;effect\r\n exists isn\'t enough by itself; if we really want to know how our users \r\nwill respond to a design—and we want to design something they will \r\nlove—then we need to be more systematic. We need to take actions that \r\nwill ensure we\'re basing our design decisions on genuine knowledge of \r\nour users. Most often, this means&nbsp;<strong>testing our designs</strong>&nbsp;on real users, which is something we\'ll dive into in the next lesson when we discuss UX research.</p> <p>If you\'d like to read more about the&nbsp;<em>false consensus effect</em>&nbsp;and the role it plays in design, you can find an informative article on the topic&nbsp;<a href=\"https://www.nngroup.com/articles/false-consensus/\" target=\"_blank\">here</a>.</p> </div>   </div>  <p></p>'),
(29, 37, 'en', 'Be Kind to Users', 'Be Kind to Users', '<p>  </p><div class=\"zls-blocks zls-fixed-width:950 zls-fs17 zw-word-wrap zls-grid zls-gap20 zls-g-col1\">   <div class=\"zls-tinymce-text-content \" data-placeholder=\"Good products come from good craftsmanship. They come from careful attention to design, from endless rounds of refinement, and iteration. But none of those things come easily.                       \"> <div class=\"css-1m96lhp\"> <div class=\"css-u8svcc\"> <div> <div class=\"_15vzQlp3FJ8f94suLiPCPf ureact-markdown \"> <h2>Users are humans!</h2><p><iframe frameborder=\"0\" src=\"//www.youtube.com/embed/MWUFwXI6t3M\" width=\"640\" height=\"360\" class=\"note-video-clip\"></iframe></p><p><br></p><h2>Don\'t clickbait users—and don\'t give false alarms</h2><p><iframe frameborder=\"0\" src=\"//www.youtube.com/embed/8x8hrf6C_jU\" width=\"640\" height=\"360\" class=\"note-video-clip\"></iframe></p><p><br></p><ul class=\"zls-ul-reset zls-blocks-wrapper zw-fl-grow\"><li class=\"\" style=\"padding-top: 20px; padding-bottom: 20px;\"> <div class=\"zls-blocks-container\">   <div class=\"zls-blocks zls-fixed-width:950 zls-fs17 zw-word-wrap zls-grid zls-gap20 zls-g-col1\">   <div class=\"zls-tinymce-text-content \" data-placeholder=\"Good products come from good craftsmanship. They come from careful attention to design, from endless rounds of refinement, and iteration. But none of those things come easily.                       \"> <div class=\"css-1m96lhp\"> <div class=\"css-u8svcc\"> <div> <div class=\"_15vzQlp3FJ8f94suLiPCPf ureact-markdown \"> <p>Remember,\r\n users are human beings! If you want to be kind to your users, you \r\nshould think twice before doing any of the following:</p> <ul><li><strong>Forcing</strong>&nbsp;users to do things they don\'t want</li><li>Using&nbsp;<strong>manipulinks</strong>&nbsp;to make users feel bad about declining an offer</li><li>Using&nbsp;<strong>urgency</strong>&nbsp;to prevent users from spending time thinking about a decision</li><li>Using&nbsp;<strong>obnoxious stimuli</strong>&nbsp;(like annoying sounds) to get a user to do something</li><li>Using misleading&nbsp;<strong>\"clickbait\" titles</strong>&nbsp;and&nbsp;<strong>false alarms</strong>&nbsp;to get a user to click on something</li></ul> </div> </div> </div> </div> <div class=\"css-1m96lhp\"> <div class=\"css-u8svcc\"> <div class=\"container--_9bzK\"> <div class=\"prompt--uKpDv\">&nbsp;</div> </div> </div> </div> </div>   </div>   </div> </li><li class=\"\" style=\"padding-top: 20px; padding-bottom: 20px;\"> <div class=\"zls-blocks-container\">   <div class=\"zls-blocks zls-fixed-width:950 zls-fs17 zw-word-wrap zls-grid zls-gap20 zls-g-col1\">   <div class=\"zls-tinymce-text-content \" data-placeholder=\"Good products come from good craftsmanship. They come from careful attention to design, from endless rounds of refinement, and iteration. But none of those things come easily.                       \"> <h2>A note on consumer-facing products vs. enterprise products<span></span></h2> </div>   </div>   </div> </li><li class=\"\" style=\"padding-top: 20px; padding-bottom: 20px;\"> <div class=\"zls-blocks-container\">   <div class=\"zls-blocks zls-fixed-width:950 zls-fs17 zw-word-wrap zls-grid zls-gap20 zls-g-col1\">   <div class=\"zls-tinymce-text-content \" data-placeholder=\"Good products come from good craftsmanship. They come from careful attention to design, from endless rounds of refinement, and iteration. But none of those things come easily.                       \"> <div> <div class=\"chakra-stack css-1ewtpm4\"> <div class=\"css-10jk0gc\"> <div class=\"css-1bdyswo\"> <div class=\"css-qnq09\"> <div class=\"css-1aq2jbx\"> <div class=\"chakra-container css-1es7f9a\"> <div class=\"css-pr2tx6\"> <div class=\"css-1m96lhp\"> <div class=\"css-u8svcc\"> <div> <div class=\"_15vzQlp3FJ8f94suLiPCPf ureact-markdown \"> <p>By\r\n now, we\'ve looked at a bunch of different examples of products, and \r\nI\'ve critiqued different features of their UX design. I want to note \r\nthat the examples I chose for this course are all consumer-facing \r\nproducts, such as Snapchat, Pinterest, and so on. Consumer-facing \r\nproducts generally have good UX because it’s a very competitive market. \r\nConsumer-facing teams usually invest heavily in UX and conduct A/B tests\r\n to optimize their sites. So some of the issues I\'ve critiqued here are \r\nrelatively minor.</p> <p>In comparison, you should be aware that many \r\nenterprise products have very bad UX problems. There are a few reasons \r\nwhy this tends to be the case:</p> <ul><li>Enterprise products are sold\r\n to the company management team and not the users. Enterprise users \r\ncan’t ditch a product because of bad UX. For instance, if your company \r\ndecides to use&nbsp;<em>Concur</em>&nbsp;for expenses, then you have no choice but to use&nbsp;<em>Concur</em>.</li><li>Many\r\n enterprise products have complex business logic. A product to manage \r\nthe supply chain of a company is more complex than photo-sharing.</li><li>Enterprise products require users to have certain specific domain knowledge.</li></ul> <p>Of\r\n course, it is not a universal rule that enterprise products have worse \r\ndesign than consumer-facing products—but these are some factors you \r\nshould be aware of.</p> </div> </div> </div> </div> </div> </div> </div> </div> </div> </div> </div> </div> </div>   </div>  </div></li></ul><p></p><p></p> </div> </div> </div> </div> </div>   </div>'),
(30, 38, 'en', 'Design with Users in Mind 1', 'Design with Users in Mind 1', '<p><iframe frameborder=\"0\" src=\"//www.youtube.com/embed/v_OglKfIBAo\" width=\"640\" height=\"360\" class=\"note-video-clip\"></iframe></p><p><br></p><ul class=\"zls-ul-reset zls-blocks-wrapper zw-fl-grow\"><li class=\"\" style=\"padding-top: 20px; padding-bottom: 20px;\"> <div class=\"zls-blocks-container\">   <div class=\"zls-blocks zls-fixed-width:950 zls-fs17 zw-word-wrap zls-grid zls-gap20 zls-g-col1\">   <div class=\"zls-tinymce-text-content \" data-placeholder=\"Good products come from good craftsmanship. They come from careful attention to design, from endless rounds of refinement, and iteration. But none of those things come easily.                       \"> <blockquote> <p>If you\'re interested in reading more about&nbsp;<a href=\"https://en.wikipedia.org/wiki/User-centered_design\" target=\"_blank\">user-centered design</a>, you might check out the work of&nbsp;<a href=\"https://jnd.org/\" target=\"_blank\">Don Norman</a>. Norman was the first person to use the term \"user experience\", and his book,&nbsp;<a href=\"https://www.nngroup.com/books/the-design-of-everyday-things/\" target=\"_blank\">The Design of Everyday Things</a>,\r\n is one of the best-known texts on the topic of user-centered design. \r\nYou can also check out Norman\'s free course here on Udacity,&nbsp;<a href=\"https://www.udacity.com/course/intro-to-the-design-of-everyday-things--design101\" target=\"_blank\">Intro to the Design of Everyday Things</a>.</p> </blockquote> </div>   </div>   </div> </li><li class=\"\" style=\"padding-top: 20px; padding-bottom: 20px;\"> <div class=\"zls-blocks-container\">   <div class=\"zls-blocks zls-fixed-width:950 zls-fs17 zw-word-wrap zls-grid zls-gap20 zls-g-col1\">   <div class=\"zls-tinymce-text-content \" data-placeholder=\"Good products come from good craftsmanship. They come from careful attention to design, from endless rounds of refinement, and iteration. But none of those things come easily.                       \"> <div class=\"css-1m96lhp\"> <div class=\"css-u8svcc\"> <div> <div class=\"_15vzQlp3FJ8f94suLiPCPf ureact-markdown \"> <h2>Quick Design Sketch</h2> </div> </div> </div> </div> <div class=\"css-1m96lhp\"> <div class=\"css-u8svcc\"> <div> <div class=\"_15vzQlp3FJ8f94suLiPCPf ureact-markdown \"> <p>Who are our users?<br>What do they need?</p> <p>When\r\n we create a design, we inevitably make decisions about that design that\r\n are based on what we think our users are like and what we think they \r\nwant. Two people, given the same design problem, may create very \r\ndifferent designs, depending on who they think the users will be.</p> <p>To see this in action, let\'s do a quick design sketch!</p> </div> </div> </div> </div> <div class=\"css-1m96lhp\"> <div class=\"css-u8svcc\"> <div> <div class=\"_15vzQlp3FJ8f94suLiPCPf ureact-markdown \"> <h3>Yes, you&nbsp;<em>can</em>&nbsp;do a design sketch!</h3> <p>Maybe you feel like you can\'t draw, so therefore you can\'t do a design sketch. But a design sketch is just a&nbsp;<em>sketch</em>. It can be super simple and it does not need to look pretty!</p><p><br></p><p><iframe frameborder=\"0\" src=\"//www.youtube.com/embed/VnAXHFq9Fjg\" width=\"640\" height=\"360\" class=\"note-video-clip\"></iframe><br></p></div></div></div></div></div></div></div></li></ul><p></p>'),
(31, 39, 'en', 'Design with Users in Mind 2', 'Design with Users in Mind 2', '<p><iframe frameborder=\"0\" src=\"//www.youtube.com/embed/pVYJ5hQJNxs\" width=\"640\" height=\"360\" class=\"note-video-clip\"></iframe></p><p><br></p><h3>Sketching with users in mind</h3> <p>Remember, your sketches don\'t \r\nneed to look pretty. Again, the purpose of this exercise was to get you \r\nthinking about those two questions:</p> <p>Who are our users?<br>What do they need?</p> Even\r\n if we don\'t consciously think about these questions, we still have to \r\nmake decisions about them when we are sketching a design. It will help \r\nyou make better sketches—and understand your sketches better—if you have\r\n these questions in mind and are making a deliberate effort to answer \r\nthem. Again, our goal is to&nbsp;<em>design with users in mind</em>!<p></p>'),
(32, 40, 'en', 'How to Select a Design Problem', 'How to Select a Design Problem', '<ul class=\"zls-ul-reset zls-blocks-wrapper zw-fl-grow\"><li class=\"\" style=\"padding-top: 20px; padding-bottom: 20px;\"> <div class=\"zls-blocks-container\">   <div class=\"zls-blocks zls-fixed-width:950 zls-fs17 zw-word-wrap zls-grid zls-gap20 zls-g-col1\">   <div class=\"zls-tinymce-text-content \" data-placeholder=\"Good products come from good craftsmanship. They come from careful attention to design, from endless rounds of refinement, and iteration. But none of those things come easily.                       \"> <div class=\"css-1m96lhp\"> <div class=\"css-u8svcc\"> <div> <div class=\"_15vzQlp3FJ8f94suLiPCPf ureact-markdown \"> <h1>How to Select a Design Problem</h1> </div> </div> </div> </div> <div class=\"css-1m96lhp\"> <div class=\"css-u8svcc\"> <div> <div class=\"_15vzQlp3FJ8f94suLiPCPf ureact-markdown \"> <p>The\r\n first step that goes into UX design is selecting a design problem that \r\nyou want to tackle. Selecting a good problem is a skill all by itself, \r\nso let\'s look at some of the things you should keep in mind when \r\nchoosing the problem you\'re going to research.</p> </div> </div> </div> </div> </div>   </div>   </div> </li><li class=\"\" style=\"padding-top: 20px; padding-bottom: 20px;\"> <div class=\"zls-blocks-container\">   <div class=\"zls-blocks zls-fixed-width:950 zls-fs17 zw-word-wrap zls-grid zls-gap20 zls-g-col1\">   <div class=\"zls-tinymce-text-content \" data-placeholder=\"Good products come from good craftsmanship. They come from careful attention to design, from endless rounds of refinement, and iteration. But none of those things come easily.                       \"> <div class=\"css-1m96lhp\"> <div class=\"css-u8svcc\"> <div> <div class=\"_15vzQlp3FJ8f94suLiPCPf ureact-markdown \"> <h2>Scope</h2> <p>When\r\n selecting a problem, it\'s really important to make sure you\'re choosing\r\n something that is do-able. You\'ll want to make sure:</p> <ul><li>That you have access to the participants you need</li><li>That the problem is relatively narrow in scope; don\'t pick a problem that is too general or too large</li></ul></div></div></div></div></div></div></div></li></ul><p style=\"padding-top: 20px; padding-bottom: 20px;\"><div class=\"zls-blocks-container\"><div class=\"zls-blocks zls-fixed-width:950 zls-fs17 zw-word-wrap zls-grid zls-gap20 zls-g-col1\"><div class=\"zls-tinymce-text-content \" data-placeholder=\"Good products come from good craftsmanship. They come from careful attention to design, from endless rounds of refinement, and iteration. But none of those things come easily.                       \"><div class=\"css-1m96lhp\"><div class=\"css-u8svcc\"><div><div class=\"_15vzQlp3FJ8f94suLiPCPf ureact-markdown \"><iframe frameborder=\"0\" src=\"//www.youtube.com/embed/60_oPU5Jkhg\" width=\"640\" height=\"360\" class=\"note-video-clip\"></iframe><ul><br></ul></div><div class=\"_15vzQlp3FJ8f94suLiPCPf ureact-markdown \"><ul><br></ul></div><div class=\"_15vzQlp3FJ8f94suLiPCPf ureact-markdown \"><div class=\"css-1m96lhp\"> <div class=\"css-u8svcc\"> <div> <div class=\"_15vzQlp3FJ8f94suLiPCPf ureact-markdown \"> <h2>Example: Textbook App</h2> <p>Let\'s look at some more examples, so that we can get some practice thinking about the scope of a design problem.</p><p><iframe frameborder=\"0\" src=\"//www.youtube.com/embed/Y4q-B8JHTp0\" width=\"640\" height=\"360\" class=\"note-video-clip\"></iframe></p><p><br></p><ul class=\"zls-ul-reset zls-blocks-wrapper zw-fl-grow\"><li class=\"\" style=\"padding-top: 20px; padding-bottom: 20px;\"> <div class=\"zls-blocks-container\">   <div class=\"zls-blocks zls-fixed-width:950 zls-fs17 zw-word-wrap zls-grid zls-gap20 zls-g-col1\">   <div class=\"zls-tinymce-text-content \" data-placeholder=\"Good products come from good craftsmanship. They come from careful attention to design, from endless rounds of refinement, and iteration. But none of those things come easily.                       \"> <p>Remember, when scoping your design problem, it will help if you focus on:</p> <ul><li>One user group</li><li>One core task flow</li></ul> <p>In the example we just looked at, this design problem has way too broad a scope:</p> </div>   </div>   </div> </li><li class=\"\" style=\"padding-top: 20px; padding-bottom: 20px;\"> <div class=\"zls-blocks-container\">   <div class=\"zls-blocks zls-fixed-width:950 zls-fs17 zw-word-wrap zls-grid zls-gap20 zls-g-col1\">   <div class=\"zls-tinymce-text-content \" data-placeholder=\"Good products come from good craftsmanship. They come from careful attention to design, from endless rounds of refinement, and iteration. But none of those things come easily.                       \"> <blockquote> <p>Build an app for college students to trade textbooks.</p> </blockquote> </div>   </div>   </div> </li><li class=\"\" style=\"padding-top: 20px; padding-bottom: 20px;\"> <div class=\"zls-blocks-container\">   <div class=\"zls-blocks zls-fixed-width:950 zls-fs17 zw-word-wrap zls-grid zls-gap20 zls-g-col1\">   <div class=\"zls-tinymce-text-content \" data-placeholder=\"Good products come from good craftsmanship. They come from careful attention to design, from endless rounds of refinement, and iteration. But none of those things come easily.                       \"> <p>This\r\n encompasses multiple user groups (e.g., buyers vs. sellers) and \r\nmultiple tasks (browsing books, posting books for sale, etc.).</p> <p>Whereas this is far more specific and achievable:</p> </div>   </div>   </div> </li><li class=\"\" style=\"padding-top: 20px; padding-bottom: 20px;\"> <div class=\"zls-blocks-container\">   <div class=\"zls-blocks zls-fixed-width:950 zls-fs17 zw-word-wrap zls-grid zls-gap20 zls-g-col1\">   <div class=\"zls-tinymce-text-content \" data-placeholder=\"Good products come from good craftsmanship. They come from careful attention to design, from endless rounds of refinement, and iteration. But none of those things come easily.                       \"> <blockquote> <p>Within a textbook-trading app, build an experience that allows buyers to browse books and look at book details.<span></span></p> </blockquote> </div>   </div>   </div> </li><li class=\"\" style=\"padding-top: 20px; padding-bottom: 20px;\"> <div class=\"zls-blocks-container\">   <div class=\"zls-blocks zls-fixed-width:950 zls-fs17 zw-word-wrap zls-grid zls-gap20 zls-g-col1\">   <div class=\"zls-tinymce-text-content \" data-placeholder=\"Good products come from good craftsmanship. They come from careful attention to design, from endless rounds of refinement, and iteration. But none of those things come easily.                       \"> <p>Again, notice that this states a more specific user group (buyers) and targets a single task flow (browsing books/book details).</p> </div>   </div>   </div> </li><li class=\"\" style=\"padding-top: 20px; padding-bottom: 20px;\"> <div class=\"zls-blocks-container\">   <div class=\"zls-blocks zls-fixed-width:950 zls-fs17 zw-word-wrap zls-grid zls-gap20 zls-g-col1\">   <div class=\"zls-tinymce-text-content \" data-placeholder=\"Good products come from good craftsmanship. They come from careful attention to design, from endless rounds of refinement, and iteration. But none of those things come easily.                       \"> <h2>More examples</h2><p><br></p><p><iframe frameborder=\"0\" src=\"//www.youtube.com/embed/YceTETBZpdo\" width=\"640\" height=\"360\" class=\"note-video-clip\"></iframe></p><ul class=\"zls-ul-reset zls-blocks-wrapper zw-fl-grow\"><li class=\"\" style=\"padding-top: 20px; padding-bottom: 20px;\"> <div class=\"zls-blocks-container\">   <div class=\"zls-blocks zls-fixed-width:950 zls-fs17 zw-word-wrap zls-grid zls-gap20 zls-g-col1\">   <div class=\"zls-tinymce-text-content \" data-placeholder=\"Good products come from good craftsmanship. They come from careful attention to design, from endless rounds of refinement, and iteration. But none of those things come easily.                       \"> <p>In\r\n the end, there isn’t really a wrong design topic. If you have time, you\r\n are free to choose a larger scope, design for more than one user group,\r\n and focus on multiple user journeys. But you should be aware of how \r\nthese things will impact your time and the do-ability of your study—so \r\nthat\'s why we are encouraging you to think about them when deciding what\r\n to do for your project.</p> </div>   </div>   </div> </li><li class=\"\" style=\"padding-top: 20px; padding-bottom: 20px;\"> <div class=\"zls-blocks-container\">   <div class=\"zls-blocks zls-fixed-width:950 zls-fs17 zw-word-wrap zls-grid zls-gap20 zls-g-col1\">   <div class=\"zls-tinymce-text-content \" data-placeholder=\"Good products come from good craftsmanship. They come from careful attention to design, from endless rounds of refinement, and iteration. But none of those things come easily.                       \"> <p><span style=\"color: rgb(153, 153, 153)\"><em><span style=\"font-size: 10pt\"><br></span></em></span></p></div></div></div><br></li></ul><p></p> </div>   </div>  </div></li></ul><p></p> </div> </div> </div> </div><ul></ul></div></div></div></div></div></div></div></p><p><br></p><ul class=\"zls-ul-reset zls-blocks-wrapper zw-fl-grow\"><li class=\"\" style=\"padding-top: 20px; padding-bottom: 20px;\"><div class=\"zls-blocks-container\"><div class=\"zls-blocks zls-fixed-width:950 zls-fs17 zw-word-wrap zls-grid zls-gap20 zls-g-col1\"><div class=\"zls-tinymce-text-content \" data-placeholder=\"Good products come from good craftsmanship. They come from careful attention to design, from endless rounds of refinement, and iteration. But none of those things come easily.                       \"><div class=\"css-1m96lhp\"><div class=\"css-u8svcc\"><div><div class=\"_15vzQlp3FJ8f94suLiPCPf ureact-markdown \"> </div> </div> </div> </div></div></div></div></li></ul><p></p>'),
(33, 41, 'en', 'Select Your Design Problem', 'Select Your Design Problem', '<ul class=\"zls-ul-reset zls-blocks-wrapper zw-fl-grow\"><li class=\"\" style=\"padding-top: 20px; padding-bottom: 20px;\"> <div class=\"zls-blocks-container\">   <div class=\"zls-blocks zls-fixed-width:950 zls-fs17 zw-word-wrap zls-grid zls-gap20 zls-g-col1\">   <div class=\"zls-tinymce-text-content \" data-placeholder=\"Good products come from good craftsmanship. They come from careful attention to design, from endless rounds of refinement, and iteration. But none of those things come easily.                       \"> <div class=\"css-1m96lhp\"> <div class=\"css-u8svcc\"> <div> <div class=\"_15vzQlp3FJ8f94suLiPCPf ureact-markdown \"> <h1>Select Your Design Problem</h1> </div> </div> </div> </div> <div class=\"css-1m96lhp\"> <div class=\"css-u8svcc\"> <div> <div class=\"_15vzQlp3FJ8f94suLiPCPf ureact-markdown \"> <p>It\'s\r\n time to think about what you want to do for your final project! The \r\nfirst step is to choose a problem or need that you\'re interested in \r\nsolving for. This could be essentially anything you like, as long as it \r\ncan be addressed by an application (specifically, an app that could run \r\non mobile phone or web platforms).</p> <p>In choosing the overall design\r\n space, you have two general options: You can either select a predefined\r\n problem (Option 1) or choose your own (Option 2).</p> </div> </div> </div> </div> </div>   </div>   </div> </li><li class=\"\" style=\"padding-top: 20px; padding-bottom: 20px;\"> <div class=\"zls-blocks-container\">   <div class=\"zls-blocks zls-fixed-width:950 zls-fs17 zw-word-wrap zls-grid zls-gap20 zls-g-col1\">   <div class=\"zls-tinymce-text-content \" data-placeholder=\"Good products come from good craftsmanship. They come from careful attention to design, from endless rounds of refinement, and iteration. But none of those things come easily.                       \"> <h3>Option 1: The Udacity Coffee Shop app</h3> <p>Udacity\r\n is considering opening a digitally-enabled coffee shop experience. As \r\npart of this experience, students will be able to use an app (mobile or \r\nweb-based), which exists separately from the Udacity classroom, to \r\nperform actions such as:</p> <ul><li>Placing their drink orders</li><li>Collaborating with other students in the coffee shop</li><li>Motivating progress on a Nanodegree</li><li>Facilitating a productive study environment</li></ul> </div>   </div>   </div> </li><li class=\"\" style=\"padding-top: 20px; padding-bottom: 20px;\"> <div class=\"zls-blocks-container\">   <div class=\"zls-blocks zls-fixed-width:950 zls-fs17 zw-word-wrap zls-grid zls-gap20 zls-g-col1\">   <div class=\"zls-tinymce-text-content \" data-placeholder=\"Good products come from good craftsmanship. They come from careful attention to design, from endless rounds of refinement, and iteration. But none of those things come easily.                       \"> <p>It\r\n is up to you to choose specific features that you want to implement, \r\nbut they must address one or more of these core design needs.</p> <p>This\r\n option will be a little easier, in the sense that the problem space has\r\n already been defined for you—although you\'ll still need to narrow down \r\non a specific aspect of that problem space. On the other hand, you will \r\nbe tackling the same problem as many of your fellow students, so your \r\nproject will not be as unique as if you go with Option 2.<span></span></p> </div>   </div>   </div> </li><li class=\"\" style=\"padding-top: 20px; padding-bottom: 20px;\"> <div class=\"zls-blocks-container\">   <div class=\"zls-blocks zls-fixed-width:950 zls-fs17 zw-word-wrap zls-grid zls-gap20 zls-g-col1\">   <div class=\"zls-tinymce-text-content \" data-placeholder=\"Good products come from good craftsmanship. They come from careful attention to design, from endless rounds of refinement, and iteration. But none of those things come easily.                       \"> <h3>Option 2: Select your own design problem</h3> <p>Find\r\n a problem space that you are interested in. Is there an application you\r\n wish you had, but that does not yet exist? It can be about pretty much \r\nanything—such as vacation planning, a dry cleaning pick-up service, or a\r\n comic book trading platform.</p> </div>   </div>   </div> </li><li class=\"\" style=\"padding-top: 20px; padding-bottom: 20px;\"> <div class=\"zls-blocks-container\">   <div class=\"zls-blocks zls-fixed-width:950 zls-fs17 zw-word-wrap zls-grid zls-gap20 zls-g-col1\">   <div class=\"zls-tinymce-text-content \" data-placeholder=\"Good products come from good craftsmanship. They come from careful attention to design, from endless rounds of refinement, and iteration. But none of those things come easily.                       \"> <p>Selecting\r\n your own design problem is a little more challenging, but it has a few \r\nbenefits. First, the process of selecting a good problem is itself an \r\nimportant skill to have as a UX designer, so this will give you \r\nadditional practice with that skill. And second, you\'ll generate a \r\nproject that is totally unique, and that no other students have done. \r\nThis can potentially be developed into a strong portfolio piece—so if \r\ncreating an awesome portfolio piece is one of your goals, then selecting\r\n your own problem might be the way to go.</p> </div>   </div>   </div> </li><li class=\"\" style=\"padding-top: 20px; padding-bottom: 20px;\"> <div class=\"zls-blocks-container\">   <div class=\"zls-blocks zls-fixed-width:950 zls-fs17 zw-word-wrap zls-grid zls-gap20 zls-g-col1\">   <div class=\"zls-tinymce-text-content \" data-placeholder=\"Good products come from good craftsmanship. They come from careful attention to design, from endless rounds of refinement, and iteration. But none of those things come easily.                       \"> <h2>Scoping the topic</h2> <p>Whichever\r\n option you go with, you\'ll still need to narrow in on a specific aspect\r\n of the problem. One of the biggest risks in tackling a design problem \r\nis choosing a problem that is too big. Especially when you have limited \r\ntime and resources (like you do for this project), it\'s important to \r\nland on a topic that has an appropriate scope and won\'t become \r\noverwhelming or impossible to get done.</p> </div>   </div>   </div> </li><li class=\"\" style=\"padding-top: 20px; padding-bottom: 20px;\"> <div class=\"zls-blocks-container\">   <div class=\"zls-blocks zls-fixed-width:950 zls-fs17 zw-word-wrap zls-grid zls-gap20 zls-g-col1\">   <div class=\"zls-tinymce-text-content \" data-placeholder=\"Good products come from good craftsmanship. They come from careful attention to design, from endless rounds of refinement, and iteration. But none of those things come easily.                       \"> <h4>Example</h4> <p>Here\'s\r\n an example of the decision process for selecting a topic and narrowing \r\nthe scope. At each step, we make a choice about which option we want to \r\npursue (the chosen options are shown here in italics).</p> <ol><li><strong>Choose a domain/industry</strong> <ul><li><em>Food ordering</em>, online learning, buying shoes online, etc.</li></ul> </li><li><strong>Choose a more niche market</strong> <ul><li>Food ordering →&nbsp;<em>ordering pizza from a pizza chain</em></li></ul> </li><li><strong>Choose a user group (only one)</strong> <ul><li>Who are the users of a pizza ordering app? <ul><li>Chefs who need to track incoming orders</li><li>Pizza delivery man</li><li>Store managers who want to see sales</li><li><em>Customers</em></li></ul> </li></ul> </li><li><strong>Narrow down the users</strong> <ul><li>Office managers who buy 20 pizzas for a company party</li><li>People who want to eat pizza inside the pizza shop</li><li><em>College students who just want to order a pizza delivery</em></li></ul> </li><li><strong>Choose a single critical user journey</strong> <ul><li>Sign-up for the app</li><li>Set up payment</li><li><em>Choose a pizza</em></li><li>Check delivery time</li></ul> </li></ol> </div>   </div>   </div> </li><li class=\"\" style=\"padding-top: 20px; padding-bottom: 20px;\"> <div class=\"zls-blocks-container\">   <div class=\"zls-blocks zls-fixed-width:950 zls-fs17 zw-word-wrap zls-grid zls-gap20 zls-g-col1\">   <div class=\"zls-tinymce-text-content \" data-placeholder=\"Good products come from good craftsmanship. They come from careful attention to design, from endless rounds of refinement, and iteration. But none of those things come easily.                       \"> <p><strong>The final scope:</strong>&nbsp;<em>Design an app for college students to order pizza.</em></p> <p>You\'ll\r\n want to go through a similar process for your project to narrow down \r\nthe scope of your design problem. As you work on this, it may help to \r\ncreate a diagram showing possible users and subjects you could target. \r\nBelow is an example, which I created with&nbsp;<a href=\"https://whimsical.com/\" target=\"_blank\">Whimsical.com</a>. You can use any tool you like for this process (e.g., digital tools, pen and paper, whiteboard, etc.).</p> </div>   </div>   </div> </li><li class=\"\" style=\"padding-top: 20px; padding-bottom: 20px;\"> <div class=\"zls-blocks-container\">    <div class=\"zls-blocks-image zw-txt-al-c\">  <img alt=\"images\" src=\"https://download.zoho.com/webdownload?x-service=ZohoLearn&amp;event-id=6352450000000014003&amp;x-cli-msg=%7B%22scopeID%22%3A%226352450000000004002%22%2C%22attachmentItemType%22%3A%22LESSON%22%2C%22isInline%22%3A%22true%22%2C%22courseId%22%3A%226352450000000008045%22%7D\" id=\"6352450000000014003\" style=\"min-height:\'100px\'\">  </div>     </div> </li><li class=\"\" style=\"padding-top: 20px; padding-bottom: 20px;\"> <div class=\"zls-blocks-container\">   <div class=\"zls-blocks zls-fixed-width:950 zls-fs17 zw-word-wrap zls-grid zls-gap20 zls-g-col1\">   <div class=\"zls-tinymce-text-content \" data-placeholder=\"Good products come from good craftsmanship. They come from careful attention to design, from endless rounds of refinement, and iteration. But none of those things come easily.                       \"> <div class=\"css-1m96lhp\"> <div class=\"css-u8svcc\"> <div class=\"css-1dtn3on\"> <div class=\"_15vzQlp3FJ8f94suLiPCPf ureact-markdown \"> <p>It\'s time to select a topic! Here are the steps:</p> </div> <div class=\"css-1pbf5mu\"><br> <p></p> <div class=\"css-m4qchi\"> <div class=\"_15vzQlp3FJ8f94suLiPCPf ureact-markdown \"> <p>If you selected the Coffee Shop app, then this part is already done for you.</p> </div> </div> <div class=\"css-m4qchi\"> <div class=\"_15vzQlp3FJ8f94suLiPCPf ureact-markdown \"> <p><strong>Dissect your topic</strong>&nbsp;based\r\n on user segments or niche market; Go at least 4-6 levels deep, and \r\nconsider using a diagram (like the one above) to visualize possible \r\nusers and subjects you could target</p> </div> </div> <div class=\"css-m4qchi\"> <div class=\"_15vzQlp3FJ8f94suLiPCPf ureact-markdown \"> <p>Select a&nbsp;<strong>specific, narrowly scoped design problem</strong>&nbsp;that you want to tackle for your research project</p> </div> </div> </div> </div> </div> </div> <div class=\"css-1m96lhp\"> <div class=\"css-u8svcc\"> <div> <div class=\"_15vzQlp3FJ8f94suLiPCPf ureact-markdown \">&nbsp;</div> </div> </div> </div> </div>   </div>   </div> </li><li class=\"\" style=\"padding-top: 20px; padding-bottom: 20px;\"> <div class=\"zls-blocks-container\">   <div class=\"zls-blocks zls-fixed-width:950 zls-fs17 zw-word-wrap zls-grid zls-gap20 zls-g-col1\">    </div>   </div> <br></li><li class=\"\" style=\"padding-top: 20px; padding-bottom: 20px;\"> <div class=\"zls-blocks-container\">   <div class=\"zls-blocks zls-fixed-width:950 zls-fs17 zw-word-wrap zls-grid zls-gap20 zls-g-col1\">   <div class=\"zls-tinymce-text-content \" data-placeholder=\"Good products come from good craftsmanship. They come from careful attention to design, from endless rounds of refinement, and iteration. But none of those things come easily.                       \"> <h2>Is it do-able?</h2> <p>The\r\n key is to find a design problem you are passionate about, but also take\r\n feasibility into consideration. Do you have access to the target users?\r\n For example, if you are interested in building a tool for rocket ships,\r\n you need to think about how many astronauts you can talk to. And is the\r\n problem specific enough? If the problem is too large, you may not have \r\nthe time to do good research on it.</p> </div>   </div>   </div> </li><li class=\"\" style=\"padding-top: 20px; padding-bottom: 20px;\"> <div class=\"zls-blocks-container\">   <div class=\"zls-blocks zls-fixed-width:950 zls-fs17 zw-word-wrap zls-grid zls-gap20 zls-g-col1\">   <div class=\"zls-tinymce-text-content \" data-placeholder=\"Good products come from good craftsmanship. They come from careful attention to design, from endless rounds of refinement, and iteration. But none of those things come easily.                       \"> <div class=\"_15vzQlp3FJ8f94suLiPCPf ureact-markdown \"> <p>As\r\n you consider topics, here are some specific questions to ask yourself \r\nto make sure you\'ve got a reasonable scope and a good topic. Don\'t move \r\non with the project until you feel each of these statements is true \r\nabout your topic:</p> </div> <div class=\"css-1pbf5mu\"> <ul class=\"css-1m3y3vl\"><li class=\"css-0\"> <div class=\"css-m4qchi\"> <div class=\"_15vzQlp3FJ8f94suLiPCPf ureact-markdown \"> <p>The topic targets&nbsp;<strong>a specific type of user</strong>.\r\n This should be a group of users who all share the same need or problem.\r\n Be as specific as possible (i.e., \"language-learners\" is too broad; a \r\nspecific group like \"adults with full-time jobs who are learning a \r\nlanguage for fun\" would be better).</p> </div> </div> </li><li class=\"css-0\"> <div class=\"css-m4qchi\"> <div class=\"_15vzQlp3FJ8f94suLiPCPf ureact-markdown \"> <p>You can conveniently&nbsp;<strong>reach out to your target users</strong>&nbsp;and\r\n recruit a significant number of them to participate in your study. When\r\n thinking of your target user, try to make it concrete, to be sure you \r\ncan actually reach the people you\'ll need to recruit. Can you contact \r\nthem directly through email or phone? Or can you get that contact \r\ninformation through someone you have a direct connection with?</p> </div> </div> </li><li class=\"css-0\"> <div class=\"css-m4qchi\"> <div class=\"_15vzQlp3FJ8f94suLiPCPf ureact-markdown \"> <p>The topic focuses on&nbsp;<strong>a single task flow</strong>.</p> </div> </div> </li><li class=\"css-0\"> <div class=\"css-m4qchi\"> <div class=\"_15vzQlp3FJ8f94suLiPCPf ureact-markdown \"> <p>The topic is something&nbsp;<strong>you can research with the time and resources you have</strong>.</p> </div> </div> </li><li class=\"css-0\"><br></li></ul> </div> </div>   </div>  </div></li></ul><p></p>'),
(34, 42, 'en', 'Validate the Needs Before Designing Screens', 'Validate the Needs Before Designing Screens', '<div class=\"css-1m96lhp\"> <div class=\"css-u8svcc\"> <div> <div class=\"_15vzQlp3FJ8f94suLiPCPf ureact-markdown \"> <h1>Validate the Needs Before Designing Screens</h1><p><iframe frameborder=\"0\" src=\"//www.youtube.com/embed/U0cQXBTl7vY\" width=\"640\" height=\"360\" class=\"note-video-clip\"></iframe></p><p><br></p><p>  </p><div class=\"zls-blocks zls-fixed-width:950 zls-fs17 zw-word-wrap zls-grid zls-gap20 zls-g-col1\">   <div class=\"zls-tinymce-text-content \" data-placeholder=\"Good products come from good craftsmanship. They come from careful attention to design, from endless rounds of refinement, and iteration. But none of those things come easily.                       \"> <div> <div class=\"chakra-stack css-1ewtpm4\"> <div class=\"css-10jk0gc\">  <div class=\"css-1bdyswo\"> <div class=\"css-1aq2jbx\"> <div class=\"chakra-container css-1es7f9a\"> <div class=\"css-pr2tx6\"> <div class=\"css-1m96lhp\"> <div class=\"css-u8svcc\"> <div> <div class=\"_15vzQlp3FJ8f94suLiPCPf ureact-markdown \"> <p>Once\r\n you\'ve landed on a research topic, you should not just assume it \r\naddresses a valid user need. You might do a great job scoping a problem \r\nthat targets a specific type of user and a specific need. But that type \r\nof user and that specific need might not actually exist!</p> <p>This is \r\none of the potential benefits of research—you can check whether a need \r\nreally exists in your proposed users before you jump into designing a \r\nsolution for that need. When you conduct your own research, you should \r\nconsider including questions that check whether users really need or \r\nwant the thing you are planning to design.<span></span></p> </div> </div> </div> </div> </div> </div> </div> </div>  </div> </div> </div> <div> <div class=\"zls-blocks-container\">   <div class=\"zls-blocks zls-fixed-width:950 zls-fs17 zw-word-wrap zls-grid zls-gap20 zls-g-col1\">   <div class=\"zls-tinymce-text-content \" data-placeholder=\"Good products come from good craftsmanship. They come from careful attention to design, from endless rounds of refinement, and iteration. But none of those things come easily.                       \"> <p><span style=\"color: rgb(153, 153, 153)\"><em><span style=\"font-size: 10pt\">Course\r\n content is sourced from Udacity, a third-party online learning platform\r\n and other online sources. We do not own the right to this content.</span></em></span></p> </div>   </div>   </div>&nbsp; <br></div> </div>   </div>   </div> </div> </div> </div><p></p>');
INSERT INTO `text_lesson_translations` (`id`, `text_lesson_id`, `locale`, `title`, `summary`, `content`) VALUES
(35, 43, 'en', 'Competitive Analysis', 'Competitive Analysis', '<h1>Competitive Analysis<br><br><iframe frameborder=\"0\" src=\"//www.youtube.com/embed/PoBZsXGHJfg\" width=\"640\" height=\"360\" class=\"note-video-clip\"></iframe></h1><p><br></p><ul class=\"zls-ul-reset zls-blocks-wrapper zw-fl-grow\"><li class=\"\" style=\"padding-top: 20px; padding-bottom: 20px;\"> <div class=\"zls-blocks-container\">   <div class=\"zls-blocks zls-fixed-width:950 zls-fs17 zw-word-wrap zls-grid zls-gap20 zls-g-col1\">   <div class=\"zls-tinymce-text-content \" data-placeholder=\"Good products come from good craftsmanship. They come from careful attention to design, from endless rounds of refinement, and iteration. But none of those things come easily.                       \"> <p>When doing&nbsp;<strong>competitive analysis</strong>, you can compare&nbsp;<em>features</em>&nbsp;and you can compare&nbsp;<em>experiences</em>.</p> <p>For&nbsp;<strong>feature comparison</strong>, what you would do is select a list of core features, and then see how each feature works on the competing site.</p> <p>For&nbsp;<strong>experience comparison</strong>, you might take the following steps:</p> <ol><li>Survey users about their experience with competitors</li><li>Identify what users care about (e.g., users really value “customization” or “finding deals”)</li><li>Understand users’ experience with competitors</li><li>Select metrics (e.g., usability, customization, etc.)</li><li>Rate each competitor against the metrics</li><li>Summarize\r\n your learnings. (e.g., Users rate product A very high on usability \r\nbecause product A simplified the purchasing process. Our product should \r\nlearn from product A).</li></ol> </div>   </div>   </div> </li><li class=\"\" style=\"padding-top: 20px; padding-bottom: 20px;\"> <div class=\"zls-blocks-container\">   <div class=\"zls-blocks zls-fixed-width:950 zls-fs17 zw-word-wrap zls-grid zls-gap20 zls-g-col1\">   <div class=\"zls-tinymce-text-content \" data-placeholder=\"Good products come from good craftsmanship. They come from careful attention to design, from endless rounds of refinement, and iteration. But none of those things come easily.                       \"> <h2>There are many kinds of competitive analysis</h2> <p>There are many different ways to do&nbsp;<strong>competitive analysis</strong>, and many different questions you may want to focus on. For example:</p> <ul><li>Are you interested in learning more about what services your competitors offer?</li><li>Are you interested in a deep-dive on the interaction design?</li><li>Do you want to learn more about how users perceive the competing products?</li></ul> <p>You can look at direct competitors, indirect competitors, partial competitors, or even analogous competitors.</p> <p>If you\'d like to dive deeper into this topic, I recommend this article about&nbsp;<a href=\"https://www.palantir.net/blog/competitive-analysis-budget\" target=\"_blank\">Competitive Analysis on a Budget</a>.</p> </div>   </div>   </div> </li><li class=\"\" style=\"padding-top: 20px; padding-bottom: 20px;\"> <div class=\"zls-blocks-container\">   <div class=\"zls-blocks zls-fixed-width:950 zls-fs17 zw-word-wrap zls-grid zls-gap20 zls-g-col1\">   <div class=\"zls-tinymce-text-content \" data-placeholder=\"Good products come from good craftsmanship. They come from careful attention to design, from endless rounds of refinement, and iteration. But none of those things come easily.                       \"> <p><span style=\"color: rgb(153, 153, 153)\"><em><span style=\"font-size: 10pt\">Course\r\n content is sourced from Udacity, a third-party online learning platform\r\n and other online sources. We do not own the right to this content.</span></em></span></p> </div>   </div>  </div></li></ul><p></p><p></p>'),
(36, 44, 'en', 'Design with Data in Mind', 'Design with Data in Mind', '<p><span class=\"z-fw:700 z-fs:17\"></span>    </p><div class=\"zls-header-right z-dis:flex-al-c z-gap:10\">  </div>      <ul class=\"zls-ul-reset zls-blocks-wrapper zw-fl-grow\"><li class=\"\" style=\"padding-top: 20px; padding-bottom: 20px;\"> <div class=\"zls-blocks-container\">   <div class=\"zls-blocks zls-fixed-width:950 zls-fs17 zw-word-wrap zls-grid zls-gap20 zls-g-col1\">   <div class=\"zls-tinymce-text-content \" data-placeholder=\"Good products come from good craftsmanship. They come from careful attention to design, from endless rounds of refinement, and iteration. But none of those things come easily.                       \"> <h1>Design with Data in Mind</h1> </div>   </div>  </div></li></ul><p><br></p><p><iframe frameborder=\"0\" src=\"//www.youtube.com/embed/7-8zFDGzeGc\" width=\"640\" height=\"360\" class=\"note-video-clip\"></iframe></p><p><br></p><ul class=\"zls-ul-reset zls-blocks-wrapper zw-fl-grow\"><li class=\"\" style=\"padding-top: 20px; padding-bottom: 20px;\"> <div class=\"zls-blocks-container\">   <div class=\"zls-blocks zls-fixed-width:950 zls-fs17 zw-word-wrap zls-grid zls-gap20 zls-g-col1\">   <div class=\"zls-tinymce-text-content \" data-placeholder=\"Good products come from good craftsmanship. They come from careful attention to design, from endless rounds of refinement, and iteration. But none of those things come easily.                       \"> <p>Remember,\r\n competitive analysis can be super useful, but it\'s not a good idea to \r\nsimply copy what your competitors are doing. You don\'t know what (if \r\nany) data they based a design decision on. What\'s more, you may be \r\ntargeting different users with your product. In the end, you\'ll need \r\nyour own data on&nbsp;<em>your</em>&nbsp;target users.</p> </div>   </div>   </div> </li><li class=\"\" style=\"padding-top: 20px; padding-bottom: 20px;\"> <div class=\"zls-blocks-container\">   <div class=\"zls-blocks zls-fixed-width:950 zls-fs17 zw-word-wrap zls-grid zls-gap20 zls-g-col1\">   <div class=\"zls-tinymce-text-content \" data-placeholder=\"Good products come from good craftsmanship. They come from careful attention to design, from endless rounds of refinement, and iteration. But none of those things come easily.                       \"> <p>Many\r\n of today\'s successful companies take a data-driven approach to creating\r\n their products. When you look at any popular product (for example, \r\nshoes at&nbsp;<a href=\"https://www.zappos.com/\" target=\"_blank\">Zappos.com</a>),\r\n everything you see on the screen—from the hex value of the blue \r\npromotion banner to the name of the button—is probably backed by data.</p> </div>   </div>   </div> </li><li class=\"\" style=\"padding-top: 20px; padding-bottom: 20px;\"> <div class=\"zls-blocks-container\">   <div class=\"zls-blocks zls-fixed-width:950 zls-fs17 zw-word-wrap zls-grid zls-gap20 zls-g-col1\">   <div class=\"zls-tinymce-text-content \" data-placeholder=\"Good products come from good craftsmanship. They come from careful attention to design, from endless rounds of refinement, and iteration. But none of those things come easily.                       \"> <div> <div class=\"chakra-stack css-1ewtpm4\"> <div class=\"css-10jk0gc\">  <div class=\"css-1bdyswo\"> <div class=\"css-1aq2jbx\"> <div class=\"chakra-container css-1es7f9a\"> <div class=\"css-pr2tx6\"> <div class=\"css-1m96lhp\"> <div class=\"css-u8svcc\"> <div> <div class=\"_15vzQlp3FJ8f94suLiPCPf ureact-markdown \"> <p>Just\r\n to give you an idea of the kinds of data-related questions you might \r\nask, here are some you could apply to the HotelFinder example:</p> <ul><li>What data do I have right now? (e.g., \"we collect historical data on the price of a hotel\")</li><li>Which\r\n data do my users care about? (e.g., \"our users always search for \r\ndeals—so they want to know whether a hotel is lower than usual price\")</li><li>If\r\n I decide to show the historical pricing data for hotels to our users, \r\nhow will this impact their behavior? (Will this cause users who have \r\npreviously booked hotels to ask for a refund if they now can see they \r\ndidn’t book their hotels at a good price?)</li><li>Why do lots of users\r\n not make it through the user journey? (e.g., \"why do 60% of our users \r\nabandon our site when we ask them to enter their credit card?\")</li></ul> <p>&nbsp;</p> <p>So\r\n it\'s important to design with data in mind. But how do we get that \r\ndata? In the next lesson, we\'ll look at some ways to get data about our \r\nusers through interviews and surveys.</p> </div> </div> </div> </div> <div class=\"css-1m96lhp\"> <div class=\"css-u8svcc\"> <div class=\"_15vzQlp3FJ8f94suLiPCPf ureact-markdown \"> <p>&nbsp;</p> </div> </div> </div> </div> <div class=\"chakra-stack css-sy0k4m\">&nbsp;</div> </div> </div> </div>  </div> </div> </div> <div>&nbsp;</div> </div>   </div>   </div> </li><li class=\"\" style=\"padding-top: 20px; padding-bottom: 20px;\"> <div class=\"zls-blocks-container\">   <div class=\"zls-blocks zls-fixed-width:950 zls-fs17 zw-word-wrap zls-grid zls-gap20 zls-g-col1\">   <div class=\"zls-tinymce-text-content \" data-placeholder=\"Good products come from good craftsmanship. They come from careful attention to design, from endless rounds of refinement, and iteration. But none of those things come easily.                       \"> <p><span style=\"color: rgb(153, 153, 153)\"><em><span style=\"font-size: 10pt\">Course\r\n content is sourced from Udacity, a third-party online learning platform\r\n and other online sources. We do not own the right to this content.</span></em></span></p> </div>   </div>   </div> </li></ul>           <p></p>'),
(37, 45, 'en', 'Review', 'Review', '<h1>Review</h1><p><iframe frameborder=\"0\" src=\"//www.youtube.com/embed/aZPevfzZBQQ\" width=\"640\" height=\"360\" class=\"note-video-clip\"></iframe></p><p><br></p><ul class=\"zls-ul-reset zls-blocks-wrapper zw-fl-grow\"><li class=\"\" style=\"padding-top: 20px; padding-bottom: 20px;\"> <div class=\"zls-blocks-container\">   <div class=\"zls-blocks zls-fixed-width:950 zls-fs17 zw-word-wrap zls-grid zls-gap20 zls-g-col1\">   <div class=\"zls-tinymce-text-content \" data-placeholder=\"Good products come from good craftsmanship. They come from careful attention to design, from endless rounds of refinement, and iteration. But none of those things come easily.                       \"> <p>In this lesson, we took a tour through many of the fundamentals you need to have in mind before starting your research:</p> <ul><li>We asked the question,&nbsp;<strong>what is good UX?</strong>&nbsp;And\r\n we looked at a number of examples of different products and interfaces,\r\n while considering what might make them good (or bad) experiences for \r\nusers.</li><li>We went over&nbsp;<strong>Nielsen\'s 10 heuristics</strong>&nbsp;and saw how we can use heuristics to quickly and inexpensively evaluate a design.</li><li>We looked at how and when to do&nbsp;<strong>competitive analysis</strong>.</li><li>We talked about the importance of&nbsp;<strong>designing with users in mind</strong>&nbsp;and to&nbsp;<strong>designing with data in mind</strong>.</li></ul> </div>   </div>   </div> </li><li class=\"\" style=\"padding-top: 20px; padding-bottom: 20px;\"> <div class=\"zls-blocks-container\">   <div class=\"zls-blocks zls-fixed-width:950 zls-fs17 zw-word-wrap zls-grid zls-gap20 zls-g-col1\">   <div class=\"zls-tinymce-text-content \" data-placeholder=\"Good products come from good craftsmanship. They come from careful attention to design, from endless rounds of refinement, and iteration. But none of those things come easily.                       \"> <p>Although\r\n we talked a little about research and data in this lesson, we didn\'t \r\nget into many specifics. In the next lesson, we\'ll discuss UX research \r\nin more detail, and you\'ll get started on the research for your project.</p> <p>By now, you should have&nbsp;<strong>selected the design topic for your final project</strong>.\r\n If you haven\'t settled on a topic yet, you\'ll want to do that now, \r\nsince you\'ll be doing research on that topic in the next lesson.<span></span></p> </div>   </div>   </div> </li><li class=\"\" style=\"padding-top: 20px; padding-bottom: 20px;\"> <div class=\"zls-blocks-container\">   <div class=\"zls-blocks zls-fixed-width:950 zls-fs17 zw-word-wrap zls-grid zls-gap20 zls-g-col1\">   <div class=\"zls-tinymce-text-content \" data-placeholder=\"Good products come from good craftsmanship. They come from careful attention to design, from endless rounds of refinement, and iteration. But none of those things come easily.                       \"> <p><span style=\"color: rgb(153, 153, 153)\"><em><span style=\"font-size: 10pt\">Course\r\n content is sourced from Udacity, a third-party online learning platform\r\n and other online sources. We do not own the right to this content.</span></em></span></p> </div>   </div>   </div> </li></ul>         <div id=\"popup-container\" class=\"zw-main-container\" style=\"display: block;\"><div class=\"zw-flex zw-fl-normal zw-fl-grow zls-overflow-hidden\"><div class=\"zls-right-col zw-flex zw-flex-column zw-fl-normal zw-fl-grow zls-overflow-hidden\" id=\"lesson-container\">         </div> </div>       </div>\r\n<div id=\"zw-searchResultsWrap\"></div> \r\n  <div id=\"lyte-components-div\">\r\n\r\n\r\n\r\n\r\n\r\n\r\n\r\n\r\n\r\n\r\n\r\n\r\n\r\n\r\n\r\n\r\n\r\n\r\n\r\n\r\n\r\n\r\n\r\n<template class=\"zw-block {{if(isBlankSlate,\'zls-stop-animation\')}} {{tableClass}}\">    </template>\r\n\r\n\r\n<template class=\"zls-iframe-wrapper zls-document-element {{if(showNativeFullscreen,\'zw-pos-re\')}}\">  </template>\r\n\r\n\r\n\r\n</div><div class=\"popoverWrapper\"> <div class=\"lytePopover\" style=\"height: auto; width: auto; transition-duration: 0.2s; opacity: 0;\"> <span id=\"lytePopoverArrow\" class=\"lytePopoverArrowIcon\"></span><br></div></div><p></p><p></p>'),
(38, 46, 'en', 'Lesson Overview', 'Lesson Overview', '<p>  </p><div class=\"zls-blocks zls-fixed-width:950 zls-fs17 zw-word-wrap zls-grid zls-gap20 zls-g-col1\">   <div class=\"zls-tinymce-text-content \" data-placeholder=\"Good products come from good craftsmanship. They come from careful attention to design, from endless rounds of refinement, and iteration. But none of those things come easily.                       \"> <h1>Lesson Overview</h1><h1><span><br></span></h1><h1><iframe frameborder=\"0\" src=\"//www.youtube.com/embed/H_ivez0f5eo\" width=\"640\" height=\"360\" class=\"note-video-clip\"></iframe><span><br></span></h1><h1><span><br></span></h1><p>In this lesson, we\'ll be looking at key components of the UX research process, including:</p> <ul><li>How to create a research plan</li><li>How to recruit participants</li><li>How to conduct a semi-structured interview study</li><li>How to conduct a survey study, including how to ask effective survey questions</li><li>How to analyze data</li><li>How to create a report</li></ul><h1></h1><h1><span><br></span></h1><h1><span><br></span></h1> </div>   </div>'),
(39, 47, 'en', 'Taking Advantage of Existing Data', 'Taking Advantage of Existing Data', '<p>  </p><div class=\"zls-blocks zls-fixed-width:950 zls-fs17 zw-word-wrap zls-grid zls-gap20 zls-g-col1\">   <div class=\"zls-tinymce-text-content \" data-placeholder=\"Good products come from good craftsmanship. They come from careful attention to design, from endless rounds of refinement, and iteration. But none of those things come easily.                       \"> <h1>Taking Advantage of Existing Data</h1><p><br></p><p><iframe frameborder=\"0\" src=\"//www.youtube.com/embed/3zGN9SlHfdE\" width=\"640\" height=\"360\" class=\"note-video-clip\"></iframe></p><ul class=\"zls-ul-reset zls-blocks-wrapper zw-fl-grow\"><li class=\"\" style=\"padding-top: 20px; padding-bottom: 20px;\"> <div class=\"zls-blocks-container\">   <div class=\"zls-blocks zls-fixed-width:950 zls-fs17 zw-word-wrap zls-grid zls-gap20 zls-g-col1\">   <div class=\"zls-tinymce-text-content \" data-placeholder=\"Good products come from good craftsmanship. They come from careful attention to design, from endless rounds of refinement, and iteration. But none of those things come easily.                       \"> <h2>Stakeholder interviews</h2> <p>In\r\n the video just now, we only briefly discussed stakeholder \r\ninterviews—let\'s look at them in a little more detail, and then go over a\r\n concrete example.</p> </div>   </div>   </div> </li><li class=\"\" style=\"padding-top: 20px; padding-bottom: 20px;\"> <div class=\"zls-blocks-container\">   <div class=\"zls-blocks zls-fixed-width:950 zls-fs17 zw-word-wrap zls-grid zls-gap20 zls-g-col1\">   <div class=\"zls-tinymce-text-content \" data-placeholder=\"Good products come from good craftsmanship. They come from careful attention to design, from endless rounds of refinement, and iteration. But none of those things come easily.                       \"> <h3>Who are the stakeholders?</h3> <p>Stakeholders\r\n are simply the people who play a role in the project. Stakeholders can \r\nbe business leads, product managers, engineers, project managers and \r\nmany others.</p> </div>   </div>   </div> </li><li class=\"\" style=\"padding-top: 20px; padding-bottom: 20px;\"> <div class=\"zls-blocks-container\">   <div class=\"zls-blocks zls-fixed-width:950 zls-fs17 zw-word-wrap zls-grid zls-gap20 zls-g-col1\">   <div class=\"zls-tinymce-text-content \" data-placeholder=\"Good products come from good craftsmanship. They come from careful attention to design, from endless rounds of refinement, and iteration. But none of those things come easily.                       \"> <h3>Why should we conduct stakeholder interviews?</h3> <p>Asking\r\n the right questions can help the UX team understand what stakeholders \r\nare trying to achieve and plan the UX resources accordingly. \r\nSpecifically, we want:</p> <ul><li>To understand what stakeholders want</li><li>To understand what types of outcomes stakeholders expect</li><li>To understand where stakeholders see UX fitting into the project</li><li>To align goals with stakeholders and avoid misunderstanding</li></ul> </div>   </div>   </div> </li><li class=\"\" style=\"padding-top: 20px; padding-bottom: 20px;\"> <div class=\"zls-blocks-container\">   <div class=\"zls-blocks zls-fixed-width:950 zls-fs17 zw-word-wrap zls-grid zls-gap20 zls-g-col1\">   <div class=\"zls-tinymce-text-content \" data-placeholder=\"Good products come from good craftsmanship. They come from careful attention to design, from endless rounds of refinement, and iteration. But none of those things come easily.                       \"> <h3>Questions to ask early on</h3> <p>When we are in the early stages of a project, here are the general kinds of things we want to find out from stakeholders:</p> <ul><li><strong>Why</strong>&nbsp;do we want to build this feature?</li><li><strong>What</strong>&nbsp;do we already know?</li><li><strong>How</strong>&nbsp;do we define success?<span></span></li></ul> </div>   </div>   </div> </li><li class=\"\" style=\"padding-top: 20px; padding-bottom: 20px;\"> <div class=\"zls-blocks-container\">   <div class=\"zls-blocks zls-fixed-width:950 zls-fs17 zw-word-wrap zls-grid zls-gap20 zls-g-col1\">   <div class=\"zls-tinymce-text-content \" data-placeholder=\"Good products come from good craftsmanship. They come from careful attention to design, from endless rounds of refinement, and iteration. But none of those things come easily.                       \"> <p><strong>To learn more about the project background</strong><br>How\r\n did you decide to prioritize this project? Who are the primary users? \r\nWhat do you want to provide to the users? Are there any other key \r\nstakeholders we should talk to?</p> </div>   </div>   </div> </li><li class=\"\" style=\"padding-top: 20px; padding-bottom: 20px;\"> <div class=\"zls-blocks-container\">   <div class=\"zls-blocks zls-fixed-width:950 zls-fs17 zw-word-wrap zls-grid zls-gap20 zls-g-col1\">   <div class=\"zls-tinymce-text-content \" data-placeholder=\"Good products come from good craftsmanship. They come from careful attention to design, from endless rounds of refinement, and iteration. But none of those things come easily.                       \"> <p><strong>Existing work and data</strong><br>Has\r\n our team done any similar projects before? What parallel efforts are \r\nyou aware of (are there any other teams doing similar things)? What \r\ntypes of data are we currently collecting? What types of UX research \r\nhave we done? What are the key learnings?<span></span></p> </div>   </div>   </div> </li><li class=\"\" style=\"padding-top: 20px; padding-bottom: 20px;\"> <div class=\"zls-blocks-container\">   <div class=\"zls-blocks zls-fixed-width:950 zls-fs17 zw-word-wrap zls-grid zls-gap20 zls-g-col1\">   <div class=\"zls-tinymce-text-content \" data-placeholder=\"Good products come from good craftsmanship. They come from careful attention to design, from endless rounds of refinement, and iteration. But none of those things come easily.                       \"> <div class=\"css-1m96lhp\"> <div class=\"css-u8svcc\"> <div> <div class=\"_15vzQlp3FJ8f94suLiPCPf ureact-markdown \"> <p><strong>Collaboration</strong><br>What\r\n is the timeline? What are the milestones? How much do you want to be \r\ninvolved in the UX process? How often should we sync up on progress?</p> </div> </div> </div> </div></div></div></div></li></ul><p></p><p><br></p> </div>   </div>'),
(40, 48, 'en', 'UX Research 101', 'UX Research 101', '<p>  </p><div class=\"zls-blocks zls-fixed-width:950 zls-fs17 zw-word-wrap zls-grid zls-gap20 zls-g-col1\">   <div class=\"zls-tinymce-text-content \" data-placeholder=\"Good products come from good craftsmanship. They come from careful attention to design, from endless rounds of refinement, and iteration. But none of those things come easily.                       \"> <h1>UX Research 101</h1><h2>Quantitative Studies</h2><p><br></p><p><iframe frameborder=\"0\" src=\"//www.youtube.com/embed/HBRsoC6Sp1g\" width=\"640\" height=\"360\" class=\"note-video-clip\"></iframe></p><p><br></p><ul class=\"zls-ul-reset zls-blocks-wrapper zw-fl-grow\"><li class=\"\" style=\"padding-top: 20px; padding-bottom: 20px;\"> <div class=\"zls-blocks-container\">   <div class=\"zls-blocks zls-fixed-width:950 zls-fs17 zw-word-wrap zls-grid zls-gap20 zls-g-col1\">   <div class=\"zls-tinymce-text-content \" data-placeholder=\"Good products come from good craftsmanship. They come from careful attention to design, from endless rounds of refinement, and iteration. But none of those things come easily.                       \"> <p>The key things to remember with&nbsp;<strong>quantitative</strong>&nbsp;studies are that they typically involve collecting data from a&nbsp;<em>large number of users</em>, usually through surveys or other tools that can be administered at scale—and, in the end, the results you end up with involve&nbsp;<em>numerical data</em>&nbsp;(e.g.,\r\n \"70% of users click on the blue button more than the green button\"). \r\nNotice that data like this often doesn\'t tell us the underlying reasons&nbsp;<em>why</em>&nbsp;(e.g., we do not know&nbsp;<em>why</em>&nbsp;users are clicking on the one button more than the other).<span></span></p> </div>   </div>   </div> </li><li class=\"\" style=\"padding-top: 20px; padding-bottom: 20px;\"> <div class=\"zls-blocks-container\">   <div class=\"zls-blocks zls-fixed-width:950 zls-fs17 zw-word-wrap zls-grid zls-gap20 zls-g-col1\">   <div class=\"zls-tinymce-text-content \" data-placeholder=\"Good products come from good craftsmanship. They come from careful attention to design, from endless rounds of refinement, and iteration. But none of those things come easily.                       \"> <h2>Qualitative Studies</h2><p><iframe frameborder=\"0\" src=\"//www.youtube.com/embed/g2lhrkJr9C8\" width=\"640\" height=\"360\" class=\"note-video-clip\"></iframe></p><p><br></p><ul class=\"zls-ul-reset zls-blocks-wrapper zw-fl-grow\"><li class=\"\" style=\"padding-top: 20px; padding-bottom: 20px;\"> <div class=\"zls-blocks-container\">   <div class=\"zls-blocks zls-fixed-width:950 zls-fs17 zw-word-wrap zls-grid zls-gap20 zls-g-col1\">   <div class=\"zls-tinymce-text-content \" data-placeholder=\"Good products come from good craftsmanship. They come from careful attention to design, from endless rounds of refinement, and iteration. But none of those things come easily.                       \"> <div class=\"css-1m96lhp\"> <div class=\"css-u8svcc\"> <div class=\"copy-length css-0\"> <div class=\"ureact-markdown css-tc5hjw\"> <p class=\"chakra-text css-o3oz8b\">The key things to remember about&nbsp;<strong>qualitative studies</strong>&nbsp;are that they typically involve having&nbsp;<em class=\"chakra-text css-o3oz8b\">in-depth interactions</em>&nbsp;with a&nbsp;<em class=\"chakra-text css-o3oz8b\">small number of users</em>—and because you are having such in-depth interactions, you are able to probe the underlying reasons&nbsp;<em class=\"chakra-text css-o3oz8b\">why</em>&nbsp;the user does something, as well as the specifics of&nbsp;<em class=\"chakra-text css-o3oz8b\">how</em> they do it.</p> </div> </div> </div> </div> </div>   </div>   </div> </li><li class=\"\" style=\"padding-top: 20px; padding-bottom: 20px;\"> <div class=\"zls-blocks-container\">   <div class=\"zls-blocks zls-fixed-width:950 zls-fs17 zw-word-wrap zls-grid zls-gap20 zls-g-col1\">   <div class=\"zls-tinymce-text-content \" data-placeholder=\"Good products come from good craftsmanship. They come from careful attention to design, from endless rounds of refinement, and iteration. But none of those things come easily.                       \"> <div class=\"css-1m96lhp\"> <div class=\"css-u8svcc\"> <div class=\"copy-length css-0\"> <div class=\"ureact-markdown css-tc5hjw\"> <h2 class=\"chakra-heading css-lb1dt4\">Quantitative vs. Qualitative</h2><p><iframe frameborder=\"0\" src=\"//www.youtube.com/embed/_PeZvq-vxbg\" width=\"640\" height=\"360\" class=\"note-video-clip\"></iframe></p><p><br></p><p class=\"chakra-text css-o3oz8b\">Let\'s briefly summarize the key characteristics of quantitative and qualitative studies:</p> <p class=\"chakra-text css-o3oz8b\"><strong>Quantitative studies</strong></p> <ul class=\"css-19qh3zo\"><li class=\"css-cvpopp\">Large sample sizes</li><li class=\"css-cvpopp\">Understand the preferences, behaviors and attitudes of the general population</li><li class=\"css-cvpopp\">Result in numerical data (e.g.. \"70% of users click on the green button\")</li><li class=\"css-cvpopp\">For example: surveys, A/B testing, card sorting, or other tools that can be administered at scale</li></ul> <p class=\"chakra-text css-o3oz8b\"><strong>Qualitative studies</strong></p> <ul class=\"css-19qh3zo\"><li class=\"css-cvpopp\">Small sample sizes</li><li class=\"css-cvpopp\">In-depth interactions</li><li class=\"css-cvpopp\">Allow researchers to probe why and how</li><li class=\"css-cvpopp\">For example: interviews,&nbsp;<a class=\"chakra-link css-otuu82\" href=\"https://en.wikipedia.org/wiki/Contextual_inquiry\" target=\"_blank\">contextual inquiry</a>, participatory design,&nbsp;<a class=\"chakra-link css-otuu82\" href=\"https://en.wikipedia.org/wiki/Concept_testing\" target=\"_blank\">concept testing</a>, etc.</li></ul> Note\r\n that some research methods can be done in both qualitative and \r\nquantitative ways—for example, diary studies and usability studies. \r\nLet\'s consider an example of a usability study and talk about what kind \r\nof information a qualitative study would give us, and then compare this \r\nwith the kind of data we would get from a quantitative study.</div><div class=\"ureact-markdown css-tc5hjw\"><p><br></p><p><iframe frameborder=\"0\" src=\"//www.youtube.com/embed/t7HaF3xP8Nw\" width=\"640\" height=\"360\" class=\"note-video-clip\"></iframe><br></p></div></div></div></div></div></div></div></li></ul><p></p></div></div></div></li></ul><p></p><p></p> </div>   </div>'),
(41, 49, 'en', 'Let\'s Research!', 'Let\'s Research!', '<ul class=\"zls-ul-reset zls-blocks-wrapper zw-fl-grow\"><li class=\"\" style=\"padding-top: 20px; padding-bottom: 20px;\"><div class=\"zls-blocks-container\"><div class=\"zls-blocks zls-fixed-width:950 zls-fs17 zw-word-wrap zls-grid zls-gap20 zls-g-col1\"><div class=\"zls-tinymce-text-content \" data-placeholder=\"Good products come from good craftsmanship. They come from careful attention to design, from endless rounds of refinement, and iteration. But none of those things come easily.                       \"><div class=\"css-1m96lhp\" style=\"color: rgb(11, 11, 11)\"><div class=\"css-u8svcc\" style=\"\"><div class=\"copy-length css-0\" style=\"\"><div class=\"ureact-markdown css-tc5hjw\" style=\"\"><p class=\"chakra-text css-o3oz8b\" style=\"\">By\r\n now, you should have a UX topic in mind for your final project, so it\'s\r\n time to start making concrete plans for how to plan your research. \r\nWe\'ll spend most of the rest of this lesson going over the main steps \r\nthat you\'ll typically see in a UX study:</p> </div> </div> </div> </div> <div class=\"css-1m96lhp\" style=\"color: rgb(11, 11, 11)\"> <div class=\"css-u8svcc\" style=\"\">&nbsp;</div> </div> </div>   </div>   </div> </li><li class=\"\" style=\"padding-top: 20px; padding-bottom: 20px;\"> <div class=\"zls-blocks-container\">    <div class=\"zls-blocks-image zw-txt-al-c\">  <img alt=\"images\" src=\"https://download.zoho.com/webdownload?x-service=ZohoLearn&amp;event-id=6352450000000035181&amp;x-cli-msg=%7B%22scopeID%22%3A%226352450000000004002%22%2C%22attachmentItemType%22%3A%22LESSON%22%2C%22isInline%22%3A%22true%22%2C%22courseId%22%3A%226352450000000008045%22%7D\" id=\"6352450000000035181\" style=\"min-height:\'100px\'\">  </div>     </div> </li><li class=\"\" style=\"padding-top: 20px; padding-bottom: 20px;\"> <div class=\"zls-blocks-container\">   <div class=\"zls-blocks zls-fixed-width:950 zls-fs17 zw-word-wrap zls-grid zls-gap20 zls-g-col1\">   <div class=\"zls-tinymce-text-content \" data-placeholder=\"Good products come from good craftsmanship. They come from careful attention to design, from endless rounds of refinement, and iteration. But none of those things come easily.                       \"> <div class=\"css-1m96lhp\"> <div class=\"css-u8svcc\"> <div class=\"copy-length css-0\"> <div class=\"ureact-markdown css-tc5hjw\"> <p class=\"chakra-text css-o3oz8b\">In this next video, we\'ll go over all five of these steps briefly, and then we\'ll zoom in on step 1—<strong>creating a research plan</strong>.</p><p class=\"chakra-text css-o3oz8b\"><iframe frameborder=\"0\" src=\"//www.youtube.com/embed/dmM7jv1KJNQ\" width=\"640\" height=\"360\" class=\"note-video-clip\"></iframe></p><h2 class=\"chakra-heading css-lb1dt4\">The Parts of a Research Plan</h2> <p class=\"chakra-text css-o3oz8b\">As we just saw, a typical UX research plan will have these components:</p> <ol class=\"css-13a5a39\"><li class=\"css-cvpopp\">Background</li><li class=\"css-cvpopp\">Research goals</li><li class=\"css-cvpopp\">Research questions</li><li class=\"css-cvpopp\">Recruiting</li><li class=\"css-cvpopp\">Script</li></ol> Let\'s talk about each of these in more detail.</div><div class=\"ureact-markdown css-tc5hjw\"><p class=\"chakra-text css-o3oz8b\"><iframe frameborder=\"0\" src=\"//www.youtube.com/embed/nxBz61TKQio\" width=\"640\" height=\"360\" class=\"note-video-clip\"></iframe></p><ul class=\"zls-ul-reset zls-blocks-wrapper zw-fl-grow\"><li class=\"\" style=\"padding-top: 20px; padding-bottom: 20px;\"> <div class=\"zls-blocks-container\">   <div class=\"zls-blocks zls-fixed-width:950 zls-fs17 zw-word-wrap zls-grid zls-gap20 zls-g-col1\">   <div class=\"zls-tinymce-text-content \" data-placeholder=\"Good products come from good craftsmanship. They come from careful attention to design, from endless rounds of refinement, and iteration. But none of those things come easily.                       \"> <h2 class=\"chakra-heading css-lb1dt4\">Screener survey for recruiting participants</h2> </div>   </div>   </div> </li><li class=\"\" style=\"padding-top: 20px; padding-bottom: 20px;\"> <div class=\"zls-blocks-container\">   <div class=\"zls-blocks zls-fixed-width:950 zls-fs17 zw-word-wrap zls-grid zls-gap20 zls-g-col1\">   <div class=\"zls-tinymce-text-content \" data-placeholder=\"Good products come from good craftsmanship. They come from careful attention to design, from endless rounds of refinement, and iteration. But none of those things come easily.                       \"> <blockquote> <p>A screener (or&nbsp;<em class=\"chakra-text css-o3oz8b\">screening survey</em>)\r\n is a set of up to ~10 questions placed at the beginning of an actual \r\nsurvey to determine if a person is or isn\'t the right fit for a \r\nparticular study.<br>Those who qualify the screener should attempt the actual survey.<span></span></p> </blockquote> </div>   </div>   </div> </li><li class=\"\" style=\"padding-top: 20px; padding-bottom: 20px;\"> <div class=\"zls-blocks-container\">   <div class=\"zls-blocks zls-fixed-width:950 zls-fs17 zw-word-wrap zls-grid zls-gap20 zls-g-col1\">   <div class=\"zls-tinymce-text-content \" data-placeholder=\"Good products come from good craftsmanship. They come from careful attention to design, from endless rounds of refinement, and iteration. But none of those things come easily.                       \"> <p class=\"chakra-text css-o3oz8b\">As\r\n I said in the video, you can send potential participants a screener \r\nsurvey to see if they have the characteristics you\'re looking for in \r\nyour target users. If you\'d like to get a better idea of what screeners \r\nare like, you can</p> <ul class=\"css-19qh3zo\"><li class=\"css-cvpopp\">fill out the&nbsp;<a class=\"chakra-link css-otuu82\" href=\"https://userresearch.google.com/\" target=\"_blank\">Google UX research screener</a>&nbsp;or</li><li class=\"css-cvpopp\">fill out one for the&nbsp;<a class=\"chakra-link css-otuu82\" href=\"https://www.microsoft.com/en-us/usability/default.aspx\" target=\"_blank\">Microsoft UX research screener</a>.</li><li class=\"css-cvpopp\">refer to a&nbsp;<a class=\"chakra-link css-otuu82\" href=\"https://www.surveymonkey.com/resources/guide-to-using-screening-questions/\" target=\"_blank\">guide to using screening questions in your survey</a><span></span></li></ul> </div>   </div>   </div> </li><li class=\"\" style=\"padding-top: 20px; padding-bottom: 20px;\"> <div class=\"zls-blocks-container\">   <div class=\"zls-blocks zls-fixed-width:950 zls-fs17 zw-word-wrap zls-grid zls-gap20 zls-g-col1\">   <div class=\"zls-tinymce-text-content \" data-placeholder=\"Good products come from good craftsmanship. They come from careful attention to design, from endless rounds of refinement, and iteration. But none of those things come easily.                       \"> <p>For\r\n your own screener, it does not need to be as comprehensive as these \r\nexamples. You can create your own screener using an online survey tool \r\nlike&nbsp;<a class=\"chakra-link css-otuu82\" href=\"https://www.google.com/forms/about/\" target=\"_blank\">Google Forms</a>&nbsp;or&nbsp;<a class=\"chakra-link css-otuu82\" href=\"https://www.surveymonkey.com/\" target=\"_blank\">Survey Monkey</a>.\r\n If you are recruiting families and friends to be the free participants \r\nfor your very first UX research project, you don’t have to have a \r\nscreener.</p> </div>   </div>  </div></li></ul><p class=\"chakra-text css-o3oz8b\"></p><p class=\"chakra-text css-o3oz8b\"><br></p> </div> </div> </div> </div> </div>   </div>  </div></li></ul><p></p>'),
(42, 50, 'en', 'How to conduct a Semi-Structured interviews', 'How to conduct a Semi-Structured interviews', '<p><iframe frameborder=\"0\" src=\"//www.youtube.com/embed/E6WNZXq083E\" width=\"640\" height=\"360\" class=\"note-video-clip\"></iframe></p><p><br></p><p><iframe frameborder=\"0\" src=\"//www.youtube.com/embed/kvbUsskGxaU\" width=\"640\" height=\"360\" class=\"note-video-clip\"></iframe></p><p><br></p><ul class=\"zls-ul-reset zls-blocks-wrapper zw-fl-grow\"><li class=\"\" style=\"padding-top: 20px; padding-bottom: 20px;\"> <div class=\"zls-blocks-container\">   <div class=\"zls-blocks zls-fixed-width:950 zls-fs17 zw-word-wrap zls-grid zls-gap20 zls-g-col1\">   <div class=\"zls-tinymce-text-content \" data-placeholder=\"Good products come from good craftsmanship. They come from careful attention to design, from endless rounds of refinement, and iteration. But none of those things come easily.                       \"> <p>Writing\r\n good interview questions can be challenging. For your reference, here\'s\r\n a downloadable PDF that has all the tips we just went over, along with \r\nadditional examples:</p> <ul><li><a href=\"https://video.udacity-data.com/topher/2019/October/5da4cfc9_uxnd-reference-sheet-tips-for-interview-questions/uxnd-reference-sheet-tips-for-interview-questions.pdf\" target=\"_blank\">Tips for Interview Questions</a><span></span></li></ul> </div>   </div>   </div> </li><li class=\"\" style=\"padding-top: 20px; padding-bottom: 20px;\"> <div class=\"zls-blocks-container\">   <div class=\"zls-blocks zls-fixed-width:950 zls-fs17 zw-word-wrap zls-grid zls-gap20 zls-g-col1\">   <div class=\"zls-tinymce-text-content \" data-placeholder=\"Good products come from good craftsmanship. They come from careful attention to design, from endless rounds of refinement, and iteration. But none of those things come easily.                       \"> <h2>Follow-up questions</h2> <p>Note\r\n that you can—and will often want to—have multiple interview questions \r\nthat all get at the same underlying research question. This allows you \r\nto follow a line of questioning that makes sense for each user.</p> <p><strong>Research question:</strong><br>[User behaviors] How do language learners currently study languages?</p> <p><strong>Interview question:</strong><br>You\r\n mentioned earlier that you are currently using Duolingo. What time of \r\nday and where do you usually use Duolingo? [Does participant have a \r\ndaily routine? Is it spontaneous?]</p> <p><strong>Follow-up questions:</strong></p> <ul><li>Ask\r\n participants about the context [when and where]: At noon every day? Are\r\n they on a short lunch break? When they are waiting for a bus?</li><li>Ask participants why they choose to use the app in certain locations or during certain times</li></ul> <h2>Additional reading</h2> <p>If\r\n you\'d like to look deeper into semi-structured interviews, you can find\r\n some great tips (written for beginning researchers) in&nbsp;<a href=\"https://uhra.herts.ac.uk/bitstream/handle/2299/7736/Appendix%206.pdf?sequence=11\" target=\"_blank\">this article</a></p></div></div></div></li></ul><p></p>'),
(43, 51, 'en', 'Write interview questions', 'Write interview questions', '<p>Previously, you created your research plan—but it\'s not really \r\ncomplete yet, because it doesn\'t have your actual interview questions. \r\nSo now it’s time to write the interview questions for your own study, \r\nand add them to your research plan.</p> <p>Each interview question \r\nshould be clearly related to an underlying research question, and you \r\nshould provide a rationale to explain why the question is being \r\nincluded.</p> <p>Writing good interview questions can be challenging! As you work on them, you\'ll probably want to reference the previous page (<strong>How to do Semi-Structured Interviews</strong>) or the&nbsp;<a href=\"https://video.udacity-data.com/topher/2019/October/5da4cfc9_uxnd-reference-sheet-tips-for-interview-questions/uxnd-reference-sheet-tips-for-interview-questions.pdf\" target=\"_blank\">Tips for Interview Questions PDF</a>. It\'ll probably be especially helpful to look at the example questions (both good and bad).</p> It may also help to refer to the&nbsp;<a href=\"https://video.udacity-data.com/topher/2019/October/5da657d1_example-research-plan/example-research-plan.pdf\" target=\"_blank\">example research plan</a>&nbsp;that we provided earlier—you\'ll see there are interview questions there, along with a rationale for each question.<p></p>'),
(44, 52, 'en', 'Recruit Participants', 'Recruit Participants', '<ul class=\"zls-ul-reset zls-blocks-wrapper zw-fl-grow\"><li class=\"\" style=\"padding-top: 20px; padding-bottom: 20px;\"> <div class=\"zls-blocks-container\">   <div class=\"zls-blocks zls-fixed-width:950 zls-fs17 zw-word-wrap zls-grid zls-gap20 zls-g-col1\">   <div class=\"zls-tinymce-text-content \" data-placeholder=\"Good products come from good craftsmanship. They come from careful attention to design, from endless rounds of refinement, and iteration. But none of those things come easily.                       \"> <div class=\"css-1m96lhp\"> <div class=\"css-u8svcc\"> <div> <div class=\"_15vzQlp3FJ8f94suLiPCPf ureact-markdown \"> <p>Once you have your research plan worked out, it\'s time to start on the next step—recruiting participants!</p> </div> </div> </div> </div> </div>   </div>   </div> </li><li class=\"\" style=\"padding-top: 20px; padding-bottom: 20px;\"> <div class=\"zls-blocks-container\">    <div class=\"zls-blocks-image zw-txt-al-c\">  <img alt=\"images\" src=\"https://download.zoho.com/webdownload?x-service=ZohoLearn&amp;event-id=6352450000000026001&amp;x-cli-msg=%7B%22scopeID%22%3A%226352450000000004002%22%2C%22attachmentItemType%22%3A%22LESSON%22%2C%22isInline%22%3A%22true%22%2C%22courseId%22%3A%226352450000000008045%22%7D\" id=\"6352450000000026001\" style=\"min-height:\'100px\'\">  </div>     </div> </li><li class=\"\" style=\"padding-top: 20px; padding-bottom: 20px;\"> <div class=\"zls-blocks-container\">   <div class=\"zls-blocks zls-fixed-width:950 zls-fs17 zw-word-wrap zls-grid zls-gap20 zls-g-col1\">   <div class=\"zls-tinymce-text-content \" data-placeholder=\"Good products come from good craftsmanship. They come from careful attention to design, from endless rounds of refinement, and iteration. But none of those things come easily.                       \"> <div class=\"css-1m96lhp\"> <div class=\"css-u8svcc\">  <div class=\"css-1mnskd6\"> <div class=\"_15vzQlp3FJ8f94suLiPCPf ureact-markdown \"> <p>The life cycle of a UX research study—here, we are talking about step 2: recruiting participants</p> </div> </div>  </div> </div> </div>   </div>  </div><div class=\"zls-blocks-container\"><iframe frameborder=\"0\" src=\"//www.youtube.com/embed/Ug-vLXAk_qI\" width=\"640\" height=\"360\" class=\"note-video-clip\"></iframe></div><div class=\"zls-blocks-container\"><br></div><div class=\"zls-blocks-container\"><ul class=\"zls-ul-reset zls-blocks-wrapper zw-fl-grow\"><li class=\"\" style=\"padding-top: 20px; padding-bottom: 20px;\"> <div class=\"zls-blocks-container\">   <div class=\"zls-blocks zls-fixed-width:950 zls-fs17 zw-word-wrap zls-grid zls-gap20 zls-g-col1\">   <div class=\"zls-tinymce-text-content \" data-placeholder=\"Good products come from good craftsmanship. They come from careful attention to design, from endless rounds of refinement, and iteration. But none of those things come easily.                       \"> <p>Scheduling\r\n interviews and conducting the actual interviews takes some time. For \r\nyour own project, I’d encourage you to start recruiting early.</p> <p>For the final project, you will need to interview a minimum of&nbsp;<strong>two participants</strong>.\r\n But be aware that you are not likely to get the best data from only \r\ntalking with two people. There isn’t a magic number for how many users \r\nyou need to talk to, but if you have time, I recommend that you try for \r\nat least&nbsp;<strong>five participants</strong>. After you talk to a few \r\nusers, you will probably start to notice themes and patterns in their \r\nanswers. Some people will probably have similar needs or pain points.</p> </div>   </div>   </div> </li><li class=\"\" style=\"padding-top: 20px; padding-bottom: 20px;\"> <div class=\"zls-blocks-container\">   <div class=\"zls-blocks zls-fixed-width:950 zls-fs17 zw-word-wrap zls-grid zls-gap20 zls-g-col1\">   <div class=\"zls-tinymce-text-content \" data-placeholder=\"Good products come from good craftsmanship. They come from careful attention to design, from endless rounds of refinement, and iteration. But none of those things come easily.                       \"> <p><span style=\"color: rgb(153, 153, 153)\"><em><span style=\"font-size: 10pt\">Course\r\n content is sourced from Udacity, a third-party online learning platform\r\n and other online sources. We do not own the right to this content.</span></em></span></p> </div>   </div>   </div> </li></ul>           </div></li></ul><p></p>'),
(45, 53, 'en', 'Run the study', 'Run the study', '<p>Once you\'ve got a plan and have recruited your participants, it\'s time \r\nto actually run your interviews and collect data from your users.</p><p><iframe frameborder=\"0\" src=\"//www.youtube.com/embed/1qi3jbPG7qc\" width=\"640\" height=\"360\" class=\"note-video-clip\"></iframe></p><p><br></p><ul class=\"zls-ul-reset zls-blocks-wrapper zw-fl-grow\"><li class=\"\" style=\"padding-top: 20px; padding-bottom: 20px;\"> <div class=\"zls-blocks-container\">   <div class=\"zls-blocks zls-fixed-width:950 zls-fs17 zw-word-wrap zls-grid zls-gap20 zls-g-col1\">   <div class=\"zls-tinymce-text-content \" data-placeholder=\"Good products come from good craftsmanship. They come from careful attention to design, from endless rounds of refinement, and iteration. But none of those things come easily.                       \"> <p>Now\r\n that you have your research plan and you\'ve recruited some \r\nparticipants, it\'s time to actually run your interviews. Be sure to take\r\n notes during your interviews.</p> </div>   </div>   </div> </li><li class=\"\" style=\"padding-top: 20px; padding-bottom: 20px;\"> <div class=\"zls-blocks-container\">   <div class=\"zls-blocks zls-fixed-width:950 zls-fs17 zw-word-wrap zls-grid zls-gap20 zls-g-col1\">   <div class=\"zls-tinymce-text-content \" data-placeholder=\"Good products come from good craftsmanship. They come from careful attention to design, from endless rounds of refinement, and iteration. But none of those things come easily.                       \"> <blockquote> <p>Note:\r\n Once you\'ve finished your interviews and have your data in hand, we\'ll \r\nlook at how to organize and analyze that data. It may help to look ahead\r\n to the next page to get an idea of what that will look like, so you \r\nknow how you\'ll be using the data you collect.</p> </blockquote> </div>   </div>  </div></li></ul><p></p>');
INSERT INTO `text_lesson_translations` (`id`, `text_lesson_id`, `locale`, `title`, `summary`, `content`) VALUES
(46, 54, 'en', 'Analyze Data (Affinity Mapping)', 'Analyze Data (Affinity Mapping)', '<p>Once you\'ve run your study, you\'ll probably have a mountain of data. So \r\nin the next step, we\'ll work on organizing and analyzing that data. \r\nLet\'s look at how we can use something called&nbsp;<strong>affinity diagramming</strong> to help use do this.</p><p><iframe frameborder=\"0\" src=\"//www.youtube.com/embed/t-Q8VxX5ByY\" width=\"640\" height=\"360\" class=\"note-video-clip\"></iframe></p><p><br></p><ul class=\"zls-ul-reset zls-blocks-wrapper zw-fl-grow\"><li class=\"\" style=\"padding-top: 20px; padding-bottom: 20px;\"> <div class=\"zls-blocks-container\">   <div class=\"zls-blocks zls-fixed-width:950 zls-fs17 zw-word-wrap zls-grid zls-gap20 zls-g-col1\">   <div class=\"zls-tinymce-text-content \" data-placeholder=\"Good products come from good craftsmanship. They come from careful attention to design, from endless rounds of refinement, and iteration. But none of those things come easily.                       \"> <p>I created my digital affinity diagram using&nbsp;<a href=\"https://miro.com/\" target=\"_blank\">miro.com</a>.\r\n If you prefer, you can use Post-Its to create a physical affinity \r\ndiagram (Post-It also has an app!) or use other digital tools. After you\r\n are done, take a photo or screenshot of your affinity diagram, to \r\ninclude in your research report.</p> <p>It requires patience to \r\nsummarize notes and create an affinity diagram. If you can’t find a fit \r\nfor a note, just put it to the side and find a place for it later. There\r\n isn’t a perfect way to create an affinity diagram. The important thing \r\nis whether the affinity diagram helps you discover key insights.</p> <p>Ultimately,\r\n your goal is to use the affinity diagram to identify any patterns or \r\nkey findings that exist in the data. When you do the affinity diagram \r\nfor your study, ask yourself, what interesting insights are there in the\r\n data? Whether a particular piece of data counts as an interesting \r\ninsight takes some judgment and depends on the context. For example, if \r\nall participants say, “I watch YouTube everyday”, this is probably not a\r\n very interesting insight if you are talking about college students \r\nliving in Boston. But if your interviewees are grandfathers living in \r\nrural Laos, that could be an interesting finding.<span></span></p> </div>   </div>   </div> </li><li class=\"\" style=\"padding-top: 20px; padding-bottom: 20px;\"> <div class=\"zls-blocks-container\">    <div class=\"zls-blocks-image zw-txt-al-c\">  <img alt=\"images\" src=\"https://download.zoho.com/webdownload?x-service=ZohoLearn&amp;event-id=6352450000000025007&amp;x-cli-msg=%7B%22scopeID%22%3A%226352450000000004002%22%2C%22attachmentItemType%22%3A%22LESSON%22%2C%22isInline%22%3A%22true%22%2C%22courseId%22%3A%226352450000000008045%22%7D\" id=\"6352450000000025007\" style=\"min-height:\'100px\'\">  </div>     </div> </li><li class=\"\" style=\"padding-top: 20px; padding-bottom: 20px;\"> <div class=\"zls-blocks-container\">   <div class=\"zls-blocks zls-fixed-width:950 zls-fs17 zw-word-wrap zls-grid zls-gap20 zls-g-col1\">   <div class=\"zls-tinymce-text-content \" data-placeholder=\"Good products come from good craftsmanship. They come from careful attention to design, from endless rounds of refinement, and iteration. But none of those things come easily.                       \"> <div class=\"css-1m96lhp\"> <div class=\"css-u8svcc\">  <div class=\"css-1mnskd6\"> <div class=\"_15vzQlp3FJ8f94suLiPCPf ureact-markdown \"> <p>Facing\r\n issues while viewing the font above? You can download the same image \r\nfrom the bottom of this page. Right-click on the file name, and choose \r\nthe&nbsp;<em>Save As...</em>&nbsp;option.</p> </div> </div>  </div> </div> <div class=\"css-1m96lhp\"> <div class=\"css-u8svcc\"> <div class=\"css-1dtn3on\"> <div class=\"_15vzQlp3FJ8f94suLiPCPf ureact-markdown \">&nbsp;</div> </div> </div> </div> </div>   </div>   </div> </li><li class=\"\" style=\"padding-top: 20px; padding-bottom: 20px;\"> <div class=\"zls-blocks-container\">   <div class=\"zls-blocks zls-fixed-width:950 zls-fs17 zw-word-wrap zls-grid zls-gap20 zls-g-col1\">   <div class=\"zls-tinymce-text-content \" data-placeholder=\"Good products come from good craftsmanship. They come from careful attention to design, from endless rounds of refinement, and iteration. But none of those things come easily.                       \"> <div class=\"css-k008qs\"> <div class=\"ureact-markdown css-tc5hjw\"> <p class=\"chakra-text css-o3oz8b\">Once you have run your interviews and have all your notes, it\'s time to create your own affinity diagram!</p> </div> </div> </div>   </div>   </div> </li><li class=\"\" style=\"padding-top: 20px; padding-bottom: 20px;\"> <div class=\"zls-blocks-container\">   <ol class=\"zls-ul-reset zls-blocks-list zls-blocks-list-numbers\"><li> <div class=\"zls-tinymce-text-content \" data-placeholder=\"Good products come from good craftsmanship. They come from careful attention to design, from endless rounds of refinement, and iteration. But none of those things come easily.                       \"> <div class=\"ureact-markdown css-tc5hjw\"> <p class=\"chakra-text css-o3oz8b\">Take your interview data and transfer it into the format we showed above (notes with short summaries on them).&nbsp;<a class=\"chakra-link css-otuu82\" href=\"https://miro.com/\" target=\"_blank\">Miro</a> is a great tool for this, but you can use whatever format you prefer.</p> </div> </div> </li><li> <div class=\"zls-tinymce-text-content \" data-placeholder=\"Good products come from good craftsmanship. They come from careful attention to design, from endless rounds of refinement, and iteration. But none of those things come easily.                       \"> <p>Be\r\n sure each note has enough information to understand it by itself (so \r\nthat you don\'t get confused by your own notes if you look at them again \r\nlater).</p> </div> </li><li> <div class=\"zls-tinymce-text-content \" data-placeholder=\"Good products come from good craftsmanship. They come from careful attention to design, from endless rounds of refinement, and iteration. But none of those things come easily.                       \"> <p>Group the notes by themes.</p> </div> </li><li> <div class=\"zls-tinymce-text-content \" data-placeholder=\"Good products come from good craftsmanship. They come from careful attention to design, from endless rounds of refinement, and iteration. But none of those things come easily.                       \"> <p>If applicable, group the themes into higher-level themes.</p> </div> </li><li> <div class=\"zls-tinymce-text-content \" data-placeholder=\"Good products come from good craftsmanship. They come from careful attention to design, from endless rounds of refinement, and iteration. But none of those things come easily.                       \"> <p>Take a photo or screenshot of your affinity diagram (so you can include it in your report—which we\'ll look at next).</p> </div> </li></ol>   </div> </li></ul>         <div id=\"popup-container\" class=\"zw-main-container\" style=\"display: block;\"><div class=\"zw-flex zw-fl-normal zw-fl-grow zls-overflow-hidden\"><div class=\"zls-right-col zw-flex zw-flex-column zw-fl-normal zw-fl-grow zls-overflow-hidden\" id=\"lesson-container\">         </div> </div>       </div>\r\n<div id=\"zw-searchResultsWrap\"></div> \r\n  \r\n\r\n\r\n\r\n\r\n\r\n\r\n\r\n\r\n\r\n\r\n\r\n\r\n\r\n\r\n\r\n\r\n\r\n\r\n\r\n\r\n\r\n\r\n\r\n<div id=\"lyte-components-div\"><template class=\"zw-block {{if(isBlankSlate,\'zls-stop-animation\')}} {{tableClass}}\">    </template>\r\n\r\n\r\n<template class=\"zls-iframe-wrapper zls-document-element {{if(showNativeFullscreen,\'zw-pos-re\')}}\">  </template></div><p></p><p><br></p>'),
(47, 55, 'en', 'Share Your Results', 'Share Your Results', '<ul class=\"zls-ul-reset zls-blocks-wrapper zw-fl-grow\"><li class=\"\" style=\"padding-top: 20px; padding-bottom: 20px;\"> <div class=\"zls-blocks-container\">   <div class=\"zls-blocks zls-fixed-width:950 zls-fs17 zw-word-wrap zls-grid zls-gap20 zls-g-col1\">   <div class=\"zls-tinymce-text-content \" data-placeholder=\"Good products come from good craftsmanship. They come from careful attention to design, from endless rounds of refinement, and iteration. But none of those things come easily.                       \"> <div class=\"css-1m96lhp\"> <div class=\"css-u8svcc\"> <div> <div class=\"_15vzQlp3FJ8f94suLiPCPf ureact-markdown \"> <p>Once\r\n you\'ve collected and organized the insights from your research, it\'s \r\ntime to socialize your findings—that is, to share them with others. If \r\nyou are working as a professional UX designer, this can be an important \r\nstep for getting buy-in from the other stakeholders at your company.</p> </div> </div> </div> </div> <div class=\"css-1m96lhp\"> <div class=\"css-u8svcc\">&nbsp;</div> </div> </div>   </div>   </div> </li><li class=\"\" style=\"padding-top: 20px; padding-bottom: 20px;\"> <div class=\"zls-blocks-container\">    <div class=\"zls-blocks-image zw-txt-al-c\">  <img alt=\"images\" src=\"https://download.zoho.com/webdownload?x-service=ZohoLearn&amp;event-id=6352450000000023177&amp;x-cli-msg=%7B%22scopeID%22%3A%226352450000000004002%22%2C%22attachmentItemType%22%3A%22LESSON%22%2C%22isInline%22%3A%22true%22%2C%22courseId%22%3A%226352450000000008045%22%7D\" id=\"6352450000000023177\" style=\"min-height:\'100px\'\">  </div>     </div> </li><li class=\"\" style=\"padding-top: 20px; padding-bottom: 20px;\"> <div class=\"zls-blocks-container\">   <div class=\"zls-blocks zls-fixed-width:950 zls-fs17 zw-word-wrap zls-grid zls-gap20 zls-g-col1\">   <div class=\"zls-tinymce-text-content \" data-placeholder=\"Good products come from good craftsmanship. They come from careful attention to design, from endless rounds of refinement, and iteration. But none of those things come easily.                       \"> <h2>The Research Report</h2> <p>A common way to share findings from a UX study is to summarize them in a&nbsp;<strong>research report</strong>, so that others can easily see the key results of your work.</p><p><iframe frameborder=\"0\" src=\"//www.youtube.com/embed/K0xvAaYrYGc\" width=\"640\" height=\"360\" class=\"note-video-clip\"></iframe></p><p><br></p><p><iframe frameborder=\"0\" src=\"//www.youtube.com/embed/d5_UpQeNhPM\" width=\"640\" height=\"360\" class=\"note-video-clip\"></iframe></p><p><br></p><p>  </p><div class=\"zls-blocks zls-fixed-width:950 zls-fs17 zw-word-wrap zls-grid zls-gap20 zls-g-col1\">   <div class=\"zls-tinymce-text-content \" data-placeholder=\"Good products come from good craftsmanship. They come from careful attention to design, from endless rounds of refinement, and iteration. But none of those things come easily.                       \"> <blockquote> <p><strong>Tips:</strong>\r\n The key is to make the report digestible. Remember, stakeholders&nbsp;won\'t \r\nbe familiar with the research you have been working on, but they should \r\nbe able to understand it by reading your report.</p> <p>If your research\r\n includes artifacts (photos you take during the interview), you should \r\ninclude them in the report to help readers understand what you are \r\ntalking about.</p> </blockquote> </div>   </div>  </div></div></div></li></ul><p></p>'),
(48, 56, 'en', 'Plan Survey Study', 'Plan Survey Study', '<ul class=\"zls-ul-reset zls-blocks-wrapper zw-fl-grow\"><li class=\"\" style=\"padding-top: 20px; padding-bottom: 20px;\"> <div class=\"zls-blocks-container\">   <div class=\"zls-blocks zls-fixed-width:950 zls-fs17 zw-word-wrap zls-grid zls-gap20 zls-g-col1\">   <div class=\"zls-tinymce-text-content \" data-placeholder=\"Good products come from good craftsmanship. They come from careful attention to design, from endless rounds of refinement, and iteration. But none of those things come easily.                       \"> <p>Once\r\n you\'ve gathered findings from your interviews, it\'s often a good idea \r\nto follow up with a survey study. Remember, one reason for this is to \r\nask if the results you found with the small number of people you \r\ninterviewed will apply to the larger population.</p> <p>Rather than \r\ntrying to investigate everything you learned in your interviews, you \r\nshould take the opportunity to narrow down the scope of your study and \r\njust select one or two key findings that you\'d like to check into \r\nfurther with your surveys.</p> </div>   </div>   </div> </li><li class=\"\" style=\"padding-top: 20px; padding-bottom: 20px;\"> <div class=\"zls-blocks-container\">   <div class=\"zls-blocks zls-fixed-width:950 zls-fs17 zw-word-wrap zls-grid zls-gap20 zls-g-col1\">   <div class=\"zls-tinymce-text-content \" data-placeholder=\"Good products come from good craftsmanship. They come from careful attention to design, from endless rounds of refinement, and iteration. But none of those things come easily.                       \"> <blockquote> <p><strong>Note:</strong>&nbsp;In this section, we\'ll walk you through how to both&nbsp;<strong>plan</strong>&nbsp;and&nbsp;<strong>run</strong>&nbsp;your\r\n survey. For your own project, we only require you to demonstrate that \r\nyou know how to do the first of these two steps—to plan the survey and \r\nwrite questions for it. You can then go ahead and run the survey if you \r\nhave time, but this is an optional step that isn\'t required for your \r\nproject.</p></blockquote><p><br></p><p><iframe frameborder=\"0\" src=\"//www.youtube.com/embed/f7QlNMzStTA\" width=\"640\" height=\"360\" class=\"note-video-clip\"></iframe></p><p><br></p><h2>Tips for Creating Effective Surveys</h2><p><iframe frameborder=\"0\" src=\"//www.youtube.com/embed/PtXIBXMnAu0\" width=\"640\" height=\"360\" class=\"note-video-clip\"></iframe></p><p><br></p><ul class=\"zls-ul-reset zls-blocks-wrapper zw-fl-grow\"><li class=\"\" style=\"padding-top: 20px; padding-bottom: 20px;\"> <div class=\"zls-blocks-container\">   <div class=\"zls-blocks zls-fixed-width:950 zls-fs17 zw-word-wrap zls-grid zls-gap20 zls-g-col1\">   <div class=\"zls-tinymce-text-content \" data-placeholder=\"Good products come from good craftsmanship. They come from careful attention to design, from endless rounds of refinement, and iteration. But none of those things come easily.                       \"> <p>You can download a reference sheet with these tips here <span></span>:</p> <ul><li><a href=\"https://video.udacity-data.com/topher/2019/October/5da62ed7_uxnd-reference-sheet-tips-for-survey-questions/uxnd-reference-sheet-tips-for-survey-questions.pdf\" target=\"_blank\">Tips for Survey Questions</a></li></ul> </div>   </div>   </div> </li><li class=\"\" style=\"padding-top: 20px; padding-bottom: 20px;\"> <div class=\"zls-blocks-container\">   <div class=\"zls-blocks zls-fixed-width:950 zls-fs17 zw-word-wrap zls-grid zls-gap20 zls-g-col1\">   <div class=\"zls-tinymce-text-content \" data-placeholder=\"Good products come from good craftsmanship. They come from careful attention to design, from endless rounds of refinement, and iteration. But none of those things come easily.                       \"> <div class=\"css-1m96lhp\"> <div class=\"css-u8svcc\"> <div> <div class=\"_15vzQlp3FJ8f94suLiPCPf ureact-markdown \"> <h2>Running the Survey and Presenting the Data</h2><p><br></p><p><iframe frameborder=\"0\" src=\"//www.youtube.com/embed/GeXbyDwW5ls\" width=\"640\" height=\"360\" class=\"note-video-clip\"></iframe></p><p><br></p><p>  </p><div class=\"zls-blocks zls-fixed-width:950 zls-fs17 zw-word-wrap zls-grid zls-gap20 zls-g-col1\">   <div class=\"zls-tinymce-text-content \" data-placeholder=\"Good products come from good craftsmanship. They come from careful attention to design, from endless rounds of refinement, and iteration. But none of those things come easily.                       \"> <h3 class=\"chakra-heading css-671zrp\">Plan your survey study</h3> <div class=\"_15vzQlp3FJ8f94suLiPCPf ureact-markdown \"> <p>It\'s\r\n time to think about your own survey study. Like with your interview \r\nstudy, you should first plan out your survey before you run it.</p> <p>So\r\n the first step is to go back to your research plan document and add a \r\nnew section for your survey study. As before, you may want to look at \r\nthe&nbsp;<a href=\"https://video.udacity-data.com/topher/2019/October/5da657d1_example-research-plan/example-research-plan.pdf\" target=\"_blank\">example research plan</a>—you\'ll find an example for a survey study under the heading&nbsp;<strong>Study 2: Survey</strong>.</p> <p>Remember,\r\n your goal with the survey study is to follow up on a few of the key \r\nfindings from your interview study, in order to explore those ideas \r\nfurther and check whether they hold true for the larger population.</p> <p>Just like before, you should be sure to include the following in your plan:</p> </div> <div class=\"css-1pbf5mu\"><br> <ul class=\"css-1m3y3vl\"><li class=\"css-0\">The background for the study</li><li class=\"css-0\">The research goals</li><li class=\"css-0\">The overarching research questions</li><li class=\"css-0\">How and where you will recruit participants</li><li class=\"css-0\">The survey questions themselves</li><li class=\"css-0\">A rationale for each question</li></ul> </div> </div>   </div>   </div> </div> </div> </div> </div>   </div>  </div></li></ul><p></p><p></p></div></div></div></li></ul><p></p>'),
(49, 57, 'en', 'Addition Research Methods', 'Addition Research Methods', '<h3>Part I: Diary studies and card sorting</h3><p><iframe frameborder=\"0\" src=\"//www.youtube.com/embed/75LoqA1iSBM\" width=\"640\" height=\"360\" class=\"note-video-clip\"></iframe></p><p><br></p><h3>Part II: Personas and Jobs-to-be-done</h3><p><iframe frameborder=\"0\" src=\"//www.youtube.com/embed/AXOGJ81sF2I\" width=\"640\" height=\"360\" class=\"note-video-clip\"></iframe></p><p><br></p><ul class=\"zls-ul-reset zls-blocks-wrapper zw-fl-grow\"><li class=\"\" style=\"padding-top: 20px; padding-bottom: 20px;\"> <div class=\"zls-blocks-container\">   <div class=\"zls-blocks zls-fixed-width:950 zls-fs17 zw-word-wrap zls-grid zls-gap20 zls-g-col1\">   <div class=\"zls-tinymce-text-content \" data-placeholder=\"Good products come from good craftsmanship. They come from careful attention to design, from endless rounds of refinement, and iteration. But none of those things come easily.                       \"> <h2>Additional resources</h2> <p>For\r\n your final project, you are free to conduct additional research \r\nstudies. (For UX research, it is always a matter of \"the more the \r\nmerrier\"!)</p> <p>Here are some additional readings to check out if you want to dive deeper into research methods:</p> <ul><li><a href=\"https://www.nngroup.com/articles/which-ux-research-methods/\" target=\"_blank\">When to use which user-experience research method</a></li><li><a href=\"http://www.designkit.org/methods\" target=\"_blank\">IDEO.org design kit</a></li><li><a href=\"https://www.amazon.com/Universal-Methods-Design-Innovative-Effective/dp/1592537561\" target=\"_blank\">Universal Methods of Design</a><span></span></li></ul> </div>   </div>   </div> </li><li class=\"\" style=\"padding-top: 20px; padding-bottom: 20px;\"> <div class=\"zls-blocks-container\">   <div class=\"zls-blocks zls-fixed-width:950 zls-fs17 zw-word-wrap zls-grid zls-gap20 zls-g-col1\">   <div class=\"zls-tinymce-text-content \" data-placeholder=\"Good products come from good craftsmanship. They come from careful attention to design, from endless rounds of refinement, and iteration. But none of those things come easily.                       \"> <blockquote> <h4>Note</h4> <p>The persona shown above was created with&nbsp;<a href=\"https://www.sketch.com/\" target=\"_blank\">Sketch</a>. Persona photo credits: Photo by&nbsp;<a href=\"https://unsplash.com/@gregoryallen?utm_source=unsplash&amp;utm_medium=referral&amp;utm_content=creditCopyText\" target=\"_blank\">Gregory Hayes</a>&nbsp;on&nbsp;<a href=\"https://unsplash.com/s/photos/man\" target=\"_blank\">Unsplash</a>.</p></blockquote></div></div></div></li></ul><p></p><p></p><p></p>'),
(50, 58, 'en', 'Review', 'Review', '<p><iframe frameborder=\"0\" src=\"//www.youtube.com/embed/UiO_F6Rll8Q\" width=\"640\" height=\"360\" class=\"note-video-clip\"></iframe></p><p> </p><div class=\"zls-blocks-container\">   <div class=\"zls-blocks zls-fixed-width:950 zls-fs17 zw-word-wrap zls-grid zls-gap20 zls-g-col1\">   <div class=\"zls-tinymce-text-content \" data-placeholder=\"Good products come from good craftsmanship. They come from careful attention to design, from endless rounds of refinement, and iteration. But none of those things come easily.                       \"> <div> <div class=\"chakra-stack css-1ewtpm4\"> <div class=\"css-10jk0gc\">  <div class=\"css-1bdyswo\"> <div class=\"css-1aq2jbx\"> <div class=\"chakra-container css-1es7f9a\"> <div class=\"css-pr2tx6\"> <div class=\"css-1m96lhp\"> <div class=\"css-u8svcc\"> <div> <div class=\"_15vzQlp3FJ8f94suLiPCPf ureact-markdown \"> <p>In this lesson, we looked at key components of the UX research process, including:</p> <ul><li>How to create a research plan</li><li>How to recruit participants</li><li>How to conduct a semi-structured interview study</li><li>How to conduct a survey study, including how to ask effective survey questions</li><li>How to analyze data</li><li>How to create a research report</li></ul> <p>If\r\n you followed along and did all of the above for your own study, then \r\nyou are very close to finishing the final project! The last component \r\nwill be to create a design sketch for part of your product. We\'ll look \r\nat that in the next lesson.<span></span></p> </div> </div> </div> </div> </div> </div> </div> </div>  </div> </div> </div> </div>   </div>   </div>'),
(51, 59, 'en', 'Thinking is hard', 'Thinking is hard', '<p>  </p><div class=\"zls-blocks zls-fixed-width:950 zls-fs17 zw-word-wrap zls-grid zls-gap20 zls-g-col1\">   <div class=\"zls-tinymce-text-content \" data-placeholder=\"Good products come from good craftsmanship. They come from careful attention to design, from endless rounds of refinement, and iteration. But none of those things come easily.                       \"> <p class=\"chakra-text css-o3oz8b\">As\r\n humans, we may like to think of ourselves as \"the thinking animals\". \r\nBut thinking is hard! When we process information, try to understand \r\nwhat we\'re looking at, or make a choice about something—all of these \r\ntasks take time and energy.</p> <p class=\"chakra-text css-o3oz8b\">Many \r\nhuman behaviors can be understood by keeping this in mind. As human \r\nbeings, our users have limited time and energy to think about what we\'re\r\n showing them. So if we want our product to give them a good experience,\r\n we need to design in a way that reduces this mental load.</p> <p class=\"chakra-text css-o3oz8b\">&nbsp;</p> <h2 class=\"chakra-heading css-lb1dt4\">Text and readability</h2><p><iframe frameborder=\"0\" src=\"//www.youtube.com/embed/1Ena3GhxWZk\" width=\"640\" height=\"360\" class=\"note-video-clip\"></iframe></p><ul class=\"zls-ul-reset zls-blocks-wrapper zw-fl-grow\"><li class=\"\" style=\"padding-top: 20px; padding-bottom: 20px;\"> <div class=\"zls-blocks-container\">   <div class=\"zls-blocks zls-fixed-width:950 zls-fs17 zw-word-wrap zls-grid zls-gap20 zls-g-col1\">   <div class=\"zls-tinymce-text-content \" data-placeholder=\"Good products come from good craftsmanship. They come from careful attention to design, from endless rounds of refinement, and iteration. But none of those things come easily.                       \"> <p class=\"chakra-text css-o3oz8b\">Remember:</p> <ul class=\"css-19qh3zo\"><li class=\"css-cvpopp\">Users don\'t read; they scan</li><li class=\"css-cvpopp\">Our job is to help users scan faster and get the information they need</li></ul> </div>   </div>   </div> </li><li class=\"\" style=\"padding-top: 20px; padding-bottom: 20px;\"> <div class=\"zls-blocks-container\">   <div class=\"zls-blocks zls-fixed-width:950 zls-fs17 zw-word-wrap zls-grid zls-gap20 zls-g-col1\">   <div class=\"zls-tinymce-text-content \" data-placeholder=\"Good products come from good craftsmanship. They come from careful attention to design, from endless rounds of refinement, and iteration. But none of those things come easily.                       \"> <div class=\"css-1m96lhp\"> <div class=\"css-u8svcc\"> <div class=\"copy-length css-0\"> <div class=\"ureact-markdown css-tc5hjw\"> <h2 class=\"chakra-heading css-lb1dt4\">Choices and past experiences</h2><p><iframe frameborder=\"0\" src=\"//www.youtube.com/embed/LmIfyUWjb1Q\" width=\"640\" height=\"360\" class=\"note-video-clip\"></iframe></p><p><br></p><p> </p><div class=\"zls-blocks-container\">   <div class=\"zls-blocks zls-fixed-width:950 zls-fs17 zw-word-wrap zls-grid zls-gap20 zls-g-col1\">   <div class=\"zls-tinymce-text-content \" data-placeholder=\"Good products come from good craftsmanship. They come from careful attention to design, from endless rounds of refinement, and iteration. But none of those things come easily.                       \"> <div class=\"css-1m96lhp\"> <div class=\"css-u8svcc\"> <div class=\"copy-length css-0\"> <div class=\"ureact-markdown css-tc5hjw\"> <p class=\"chakra-text css-o3oz8b\">Remember:</p> <ul class=\"css-19qh3zo\"><li class=\"css-cvpopp\"><strong>Choice are good</strong>&nbsp;because they give the user autonomy and freedom, but&nbsp;<strong>too many choices can be overwhelming</strong>&nbsp;and may result in \"choice paralysis\".</li><li class=\"css-cvpopp\">A good way to save the user time and energy is to&nbsp;<strong>use existing patterns</strong>&nbsp;that\r\n they\'ve seen before. They know where to look for a particular feature \r\nbecause they\'ve seen that feature before in other apps. That said, we \r\nmay sometimes have good reasons for being creative and doing something \r\ndifferently. Violating expectations can sometimes (like when building a \r\ngame) be done in a positive way that is fun for the user. But we want to\r\n do this mindfully and make sure our users really do like it!</li></ul> </div> </div> </div> </div> <div class=\"css-1m96lhp\"> <div class=\"css-u8svcc\"> <div class=\"copy-length css-0\"> <div class=\"ureact-markdown css-tc5hjw\"> <h2 class=\"chakra-heading css-lb1dt4\">Further reading</h2> <p class=\"chakra-text css-o3oz8b\">If this topic interests you, you might enjoy Steve Krug\'s classic (and very short) book on usability testing,&nbsp;<a class=\"chakra-link css-otuu82\" href=\"http://sensible.com/dmmt.html\" target=\"_blank\">Don\'t Make Me Think</a>.<span></span></p> </div> </div> </div> </div> </div>   </div>   </div>        </div> </div> </div> </div> </div>   </div>  </div></li></ul><p></p> </div>   </div>'),
(52, 60, 'en', 'Gestalt Principles', 'Gestalt Principles', '<p>German psychologists in the 1920s proposed theories around the \r\nperception in vision to explain how people organize visual information, \r\ncalled as&nbsp;<a class=\"chakra-link css-otuu82\" href=\"https://www.nature.com/articles/nmeth1110-863.pdf\" target=\"_blank\">Gestalt principles</a>&nbsp;You can have a look at a brief overview&nbsp;<a class=\"chakra-link css-otuu82\" href=\"http://www.scholarpedia.org/article/Gestalt_principles?__hstc=77520074.36a0ddae8e24bce7\" target=\"_blank\">here</a>.</p><p><iframe frameborder=\"0\" src=\"//www.youtube.com/embed/OFSmMgjMdFg\" width=\"640\" height=\"360\" class=\"note-video-clip\"></iframe></p><p><br></p><p class=\"chakra-text css-o3oz8b\">Here is a summary of the key design psychology principles you should be taking away from this course:</p> <ul class=\"css-19qh3zo\"><li class=\"css-cvpopp\">Users don’t read; they scan.</li><li class=\"css-cvpopp\">Apply\r\n Gestalt principles in design; consider how the \"form\" (e.g., spacing \r\nand grouping) of your design affects the user experience.</li><li class=\"css-cvpopp\">Users like to have choices, but not too many choices.</li><li class=\"css-cvpopp\">Our peripheral vision is poor at seeing, but sensitive to motions.</li><li class=\"css-cvpopp\">Our past experience shapes our expectations.</li></ul> <p class=\"chakra-text css-o3oz8b\">If you\'d like to go deeper, here are some books I recommend:</p> <ul class=\"css-19qh3zo\"><li class=\"css-cvpopp\"><a class=\"chakra-link css-otuu82\" href=\"https://books.google.com/books/about/Designing_with_the_Mind_in_Mind.html?id=woVADVwtL1gC&amp;source=kp_book_description\" target=\"_blank\">Designing with the Mind in Mind</a></li><li class=\"css-cvpopp\"><a class=\"chakra-link css-otuu82\" href=\"https://www.amazon.com/Things-Designer-People-Voices-Matter/dp/0321767535\" target=\"_blank\">100 Things Every Designer Needs to Know About People</a></li><li class=\"css-cvpopp\"><a class=\"chakra-link css-otuu82\" href=\"https://www.amazon.com/Dont-Make-Think-Revisited-Usability/dp/0321965515/ref=pd_bxgy_14_img_3/131-7452031-8962139?_encoding=UTF8&amp;pd_rd_i=0321965515&amp;pd_rd_r=3bccddd3-89b4-4735-9b3a-215f60876f40&amp;pd_rd_w=0iqZ4&amp;pd_rd_wg=S8ha1&amp;pf_rd_p=a2006322-0bc0-4db9-a08e-d168c18ce6f0&amp;pf_rd_r=7RF4A5ZJ3J3GBCKVNFF3&amp;psc=1&amp;refRID=7RF4A5ZJ3J3GBCKVNFF3\" target=\"_blank\">Don\'t Make Me Think</a></li></ul><p></p>'),
(53, 61, 'en', 'Emotional Design', 'Emotional Design', '<p><iframe frameborder=\"0\" src=\"//www.youtube.com/embed/WNWcpFaAs04\" width=\"640\" height=\"360\" class=\"note-video-clip\"></iframe></p><p><br></p><ul class=\"zls-ul-reset zls-blocks-wrapper zw-fl-grow\"><li class=\"\" style=\"padding-top: 20px; padding-bottom: 20px;\"> <div class=\"zls-blocks-container\">   <div class=\"zls-blocks zls-fixed-width:950 zls-fs17 zw-word-wrap zls-grid zls-gap20 zls-g-col1\">   <div class=\"zls-tinymce-text-content \" data-placeholder=\"Good products come from good craftsmanship. They come from careful attention to design, from endless rounds of refinement, and iteration. But none of those things come easily.                       \"> <div class=\"css-1m96lhp\"> <div class=\"css-u8svcc\"> <div class=\"copy-length css-0\"> <div class=\"ureact-markdown css-tc5hjw\"> <p class=\"chakra-text css-o3oz8b\">The vocabulary builder app gives quizzes to students. When a student fails a quiz, they see this page:<span></span></p> </div> </div> </div> </div> </div>   </div>   </div> </li><li class=\"\" style=\"padding-top: 20px; padding-bottom: 20px;\"> <div class=\"zls-blocks-container\">    <div class=\"zls-blocks-image zw-txt-al-c\">  <img alt=\"images\" src=\"https://download.zoho.com/webdownload?x-service=ZohoLearn&amp;event-id=6352450000000038523&amp;x-cli-msg=%7B%22scopeID%22%3A%226352450000000004002%22%2C%22attachmentItemType%22%3A%22LESSON%22%2C%22isInline%22%3A%22true%22%2C%22courseId%22%3A%226352450000000008045%22%7D\" id=\"6352450000000038523\" style=\"min-height:\'100px\'\">  </div>     </div> </li><li class=\"\" style=\"padding-top: 20px; padding-bottom: 20px;\"> <div class=\"zls-blocks-container\">   <div class=\"zls-blocks zls-fixed-width:950 zls-fs17 zw-word-wrap zls-grid zls-gap20 zls-g-col1\">   <div class=\"zls-tinymce-text-content \" data-placeholder=\"Good products come from good craftsmanship. They come from careful attention to design, from endless rounds of refinement, and iteration. But none of those things come easily.                       \"> <div class=\"css-1m96lhp\"> <div class=\"css-u8svcc\"> <div class=\"copy-length css-0\"> <div class=\"ureact-markdown css-tc5hjw\"> <p class=\"chakra-text css-o3oz8b\">This is very discouraging to see a red \"fail\" on the screen.</p> </div> </div> </div> </div> <div class=\"css-1m96lhp\"> <div class=\"css-u8svcc\"> <div class=\"copy-length css-0\"> <div class=\"ureact-markdown css-tc5hjw\"> <h2 class=\"chakra-heading css-lb1dt4\">Further reading</h2> <p class=\"chakra-text css-o3oz8b\">We mentioned designer&nbsp;<a class=\"chakra-link css-otuu82\" href=\"https://jnd.org/\" target=\"_blank\">Don Norman</a>&nbsp;earlier in this course. If you are interested in emotional design, you might want to check out his book by the same title:</p> <ul class=\"css-19qh3zo\"><li class=\"css-cvpopp\"><a class=\"chakra-link css-otuu82\" href=\"https://www.nngroup.com/books/emotional-design/\" target=\"_blank\">Emotional Design by Don Norman</a><span></span></li></ul> </div> </div> </div> </div> </div>   </div>   </div> </li></ul>           <p></p>'),
(54, 62, 'en', 'Improve Your Design', 'Improve Your Design', '<p><iframe frameborder=\"0\" src=\"//www.youtube.com/embed/DtHtoKq-UFc\" width=\"640\" height=\"360\" class=\"note-video-clip\"></iframe></p><p><br></p><ul class=\"zls-ul-reset zls-blocks-wrapper zw-fl-grow\"><li class=\"\" style=\"padding-top: 20px; padding-bottom: 20px;\"> <div class=\"zls-blocks-container\">   <div class=\"zls-blocks zls-fixed-width:950 zls-fs17 zw-word-wrap zls-grid zls-gap20 zls-g-col1\">   <div class=\"zls-tinymce-text-content \" data-placeholder=\"Good products come from good craftsmanship. They come from careful attention to design, from endless rounds of refinement, and iteration. But none of those things come easily.                       \"> <p class=\"chakra-text css-o3oz8b\">Earlier\r\n in this lesson you did a sketch for your project, making use of your \r\nresearch findings. Now that we\'ve talked about some common design \r\nprinciples, it\'s time to iterate on your sketch again—using what you\'ve \r\nlearned to make further improvements.</p> <p class=\"chakra-text css-o3oz8b\">The goal is to select at least one design principle that you\'ve learned in this course and use it to make an improved sketch.</p> <p class=\"chakra-text css-o3oz8b\">Below you can see my&nbsp;<em class=\"chakra-text css-o3oz8b\">before</em>&nbsp;and&nbsp;<em class=\"chakra-text css-o3oz8b\">after</em>&nbsp;sketches.\r\n In iteration 1, my design lists all the available vocabulary sets to \r\nusers. There can be more than dozens of sets, so that\'s a lot of \r\nchoices!<span></span></p> </div>   </div>   </div> </li><li class=\"\" style=\"padding-top: 20px; padding-bottom: 20px;\"> <div class=\"zls-blocks-container\">    <div class=\"zls-blocks-image zw-txt-al-c\">  <img alt=\"images\" src=\"https://download.zoho.com/webdownload?x-service=ZohoLearn&amp;event-id=6352450000000038525&amp;x-cli-msg=%7B%22scopeID%22%3A%226352450000000004002%22%2C%22attachmentItemType%22%3A%22LESSON%22%2C%22isInline%22%3A%22true%22%2C%22courseId%22%3A%226352450000000008045%22%7D\" id=\"6352450000000038525\" style=\"min-height:\'100px\'\">  </div>     </div> </li><li class=\"\" style=\"padding-top: 20px; padding-bottom: 20px;\"> <div class=\"zls-blocks-container\">   <div class=\"zls-blocks zls-fixed-width:950 zls-fs17 zw-word-wrap zls-grid zls-gap20 zls-g-col1\">   <div class=\"zls-tinymce-text-content \" data-placeholder=\"Good products come from good craftsmanship. They come from careful attention to design, from endless rounds of refinement, and iteration. But none of those things come easily.                       \"> <div class=\"css-1m96lhp\"> <div class=\"css-u8svcc\"> <div class=\"copy-length css-0\"> <div class=\"ureact-markdown css-tc5hjw\"> <p class=\"chakra-text css-o3oz8b\">Trying\r\n to decide which set to review could result in choice paralysis. So in \r\niteration 2, I reduced the number of choices down to 2: The user can \r\neither choose a recommended new set or review a recommended set they \r\nhave already seen. Users still get to choose whether they want to study \r\nsomething new or review, but they don’t need to choose from a huge list \r\nof sets.</p> </div> </div> </div> </div> <div class=\"css-1m96lhp\"> <div class=\"css-u8svcc\"> <div class=\"copy-length css-0\"> <div class=\"ureact-markdown css-tc5hjw\"> <p class=\"chakra-text css-o3oz8b\">Your goal is to do something similar, and then add notes explaining the improvements. You can have a look at my example&nbsp;<a class=\"chakra-link css-otuu82\" href=\"https://video.udacity-data.com/topher/2019/September/5d78390d_example-design-sketch/example-design-sketch.pdf\" target=\"_blank\">here</a>.</p> <p class=\"chakra-text css-o3oz8b\">And for your reference, you can get a summary of the main design principles we\'ve covered in this lesson&nbsp;<a class=\"chakra-link css-otuu82\" href=\"https://video.udacity-data.com/topher/2019/October/5da62a69_uxnd-reference-sheet-design-principles/uxnd-reference-sheet-design-principles.pdf\" target=\"_blank\">here</a>.</p></div></div></div></div></div></div></div></li></ul><p></p>'),
(55, 63, 'en', 'Review', 'Review', '<p><iframe frameborder=\"0\" src=\"//www.youtube.com/embed/J-2o25U20hc\" width=\"640\" height=\"360\" class=\"note-video-clip\"></iframe></p><p><br></p><p> </p><div class=\"zls-blocks-container\">   <div class=\"zls-blocks zls-fixed-width:950 zls-fs17 zw-word-wrap zls-grid zls-gap20 zls-g-col1\">   <div class=\"zls-tinymce-text-content \" data-placeholder=\"Good products come from good craftsmanship. They come from careful attention to design, from endless rounds of refinement, and iteration. But none of those things come easily.                       \"> <p class=\"chakra-text css-o3oz8b\">You\'ve learned a&nbsp;<em class=\"chakra-text css-o3oz8b\">lot</em>&nbsp;in this course, including how to:</p> <ul class=\"css-19qh3zo\"><li class=\"css-cvpopp\">Use heuristics to quickly and inexpensively evaluate a design</li><li class=\"css-cvpopp\">Design with users and data in mind</li><li class=\"css-cvpopp\">Plan UX research studies</li><li class=\"css-cvpopp\">Write interview and survey questions</li><li class=\"css-cvpopp\">Screen, recruit, and run participants in your studies</li><li class=\"css-cvpopp\">Write research reports</li><li class=\"css-cvpopp\">Apply psychological principles to your design sketches</li></ul> <p class=\"chakra-text css-o3oz8b\">If you\'d like to go deeper into design principles and the psychology of design, here are some books I recommend:</p> <ul class=\"css-19qh3zo\"><li class=\"css-cvpopp\"><a class=\"chakra-link css-otuu82\" href=\"https://books.google.com/books/about/Designing_with_the_Mind_in_Mind.html?id=woVADVwtL1gC&amp;source=kp_book_description\" target=\"_blank\">Designing with the Mind in Mind</a></li><li class=\"css-cvpopp\"><a class=\"chakra-link css-otuu82\" href=\"https://www.amazon.com/Things-Designer-People-Voices-Matter/dp/0321767535\" target=\"_blank\">100 Things Every Designer Needs to Know About People</a></li></ul> <p class=\"chakra-text css-o3oz8b\">Now it\'s time to demonstrate your new UX skills by completing and submitting your final project!</p> </div>   </div>   </div>'),
(56, 64, 'en', 'The basics of type & fonts in Figma', 'The basics of type & fonts in Figma', '<p><iframe frameborder=\"0\" src=\"//www.youtube.com/embed/5i-ebNTjad8\" width=\"640\" height=\"360\" class=\"note-video-clip\"></iframe></p><p><br></p><p>Typography is an essential aspect of UI/UX design. It helps communicate \r\nthe message of the design effectively and make the content more readable\r\n and attractive to the audience. In Figma, typography can be used to \r\ncreate headings, body text, buttons, and other UI elements.</p><p><br></p><p><iframe frameborder=\"0\" src=\"//www.youtube.com/embed/axf__KqfP8M\" width=\"640\" height=\"360\" class=\"note-video-clip\"></iframe></p><p><br></p><p>  </p><div class=\"zls-blocks zls-fixed-width:950 zls-fs17 zw-word-wrap zls-grid zls-gap20 zls-g-col1\">   <div class=\"zls-tinymce-text-content \" data-placeholder=\"Good products come from good craftsmanship. They come from careful attention to design, from endless rounds of refinement, and iteration. But none of those things come easily.                       \"> <p>Here are some of the basics of type and fonts in Figma:</p> <p><strong>Choosing the Right Font</strong><br>Choosing\r\n the right font is an important step in creating effective UI/UX \r\ndesigns. There are two main types of fonts: Serif and Sans Serif. Serif \r\nfonts have small lines at the end of the letters, while Sans Serif fonts\r\n do not. Sans Serif fonts are generally considered more modern and \r\neasier to read, especially on digital screens.</p> <p><strong>Font Pairing</strong><br>When\r\n creating a design, it\'s important to choose fonts that work well \r\ntogether. Figma has a built-in font pairing feature that suggests \r\ncomplementary fonts based on the one you\'ve selected. You can also use \r\nonline tools to find font pairs that work well together.</p> <p><strong>Font Size and Hierarchy</strong><br>Font\r\n size and hierarchy are important aspects of typography. The font size \r\nshould be consistent across the design, and headings should be larger \r\nthan body text to create a clear visual hierarchy. Figma has a built-in \r\nfeature that allows you to set font size and line height, and adjust \r\nthem to create a hierarchy.</p> <p><strong>Font Weight and Style</strong><br>Font\r\n weight and style can also be used to create a hierarchy and add visual \r\ninterest to the design. Bold fonts can be used for headings, while \r\nlighter weights can be used for body text. You can also use italic or \r\nunderlined fonts to emphasize certain words or phrases.</p> <p><strong>Custom Fonts</strong><br>In\r\n addition to the built-in fonts in Figma, you can also import custom \r\nfonts. This can be useful if you want to use a brand-specific font or a \r\nfont that\'s not included in Figma\'s library.</p> </div>   </div>'),
(57, 65, 'en', 'Rectangles Circles Buttons Rounded corners in Figma', 'Rectangles Circles Buttons Rounded corners in Figma', '<p>  </p><div class=\"zls-blocks zls-fixed-width:950 zls-fs17 zw-word-wrap zls-grid zls-gap20 zls-g-col1\">   <div class=\"zls-tinymce-text-content \" data-placeholder=\"Good products come from good craftsmanship. They come from careful attention to design, from endless rounds of refinement, and iteration. But none of those things come easily.                       \"> <p>Rectangles,\r\n circles, buttons, and rounded corners are essential elements in UI/UX \r\ndesign. With Figma, you can easily create and customize these elements \r\nto fit your design needs. By using tools such as the properties panel, \r\neffects, and Auto Layout, you can create polished and functional designs\r\n that meet your users\' needs.</p> <p><strong>Rectangles</strong><br>Rectangles\r\n are a basic shape used in UI/UX design to create various elements such \r\nas frames, containers, and backgrounds. In Figma, you can create \r\nrectangles by selecting the rectangle tool and dragging it onto the \r\ncanvas. You can also adjust the size, position, and color of the \r\nrectangle in the properties panel.</p> <p><strong>Circles</strong><br>Circles\r\n are another basic shape used in UI/UX design, commonly used to create \r\nicons, buttons, and avatars. In Figma, you can create circles by \r\nselecting the ellipse tool and dragging it onto the canvas. You can also\r\n adjust the size, position, and color of the circle in the properties \r\npanel.</p> <p><strong>Buttons</strong><br>Buttons are an important \r\nelement in UI/UX design used to trigger actions or navigate to different\r\n pages. In Figma, you can create buttons by combining a rectangle or a \r\ncircle with text. You can also add effects such as shadows or gradients \r\nto give the button a more polished look. Additionally, Figma has a \r\nbuilt-in feature called \"Auto Layout\" that allows you to create buttons \r\nthat adjust their size and layout based on the content inside them.</p> <p><strong>Rounded Corners</strong><br>Rounded\r\n corners are a design element used to soften the edges of shapes, \r\ncreating a more organic and friendly look. In Figma, you can easily \r\nround the corners of rectangles and circles by selecting the shape and \r\nadjusting the corner radius in the properties panel. You can also adjust\r\n the corner radius for each corner individually, giving you more control\r\n over the shape.</p><p><br></p><p><iframe frameborder=\"0\" src=\"//www.youtube.com/embed/SG07wNHyeOw\" width=\"640\" height=\"360\" class=\"note-video-clip\"></iframe><br></p> </div>   </div>'),
(58, 66, 'en', 'How to use color in Figma', 'How to use color in Figma', '<ul class=\"zls-ul-reset zls-blocks-wrapper zw-fl-grow\"><li class=\"\" style=\"padding-top: 20px; padding-bottom: 20px;\"> <div class=\"zls-blocks-container\">   <div class=\"zls-blocks zls-fixed-width:950 zls-fs17 zw-word-wrap zls-grid zls-gap20 zls-g-col1\">   <div class=\"zls-tinymce-text-content \" data-placeholder=\"Good products come from good craftsmanship. They come from careful attention to design, from endless rounds of refinement, and iteration. But none of those things come easily.                       \"> <p>Color\r\n is a crucial element of UI/UX design, and using color effectively can \r\ngreatly enhance the visual appeal and usability of your designs. Here \r\nare some tips on how to use color in Figma:</p> <p><strong>Choosing Colors</strong><br>When\r\n choosing colors for your design, it\'s important to consider the \r\nemotions and associations that different colors evoke. For example, blue\r\n is often associated with trust and professionalism, while red can \r\nconvey passion or urgency. Figma offers a range of tools to help you \r\nchoose colors, including a color picker, color swatches, and a color \r\npalette generator.</p> <p><strong>Color Contrast</strong><br>Color \r\ncontrast is an important aspect of accessibility and readability. In \r\nFigma, you can use the built-in contrast checker to ensure that your \r\ncolor choices meet the accessibility standards. You can also adjust the \r\nopacity and blending mode of colors to create different effects and \r\nadjust the contrast.<span></span></p> <p><strong>Gradients</strong><br>Gradients\r\n can be used to add depth and dimension to your designs, and Figma \r\noffers a variety of gradient tools to help you create and customize \r\ngradients. You can choose from linear, radial, or angular gradients, \r\nadjust the colors and opacity of each stop, and add multiple stops to \r\ncreate complex gradients.</p> <p><strong>Color Styles</strong><br>In \r\nFigma, you can create color styles, which are reusable color palettes \r\nthat you can use throughout your design. This can help ensure \r\nconsistency and save time when updating your design. To create a color \r\nstyle, select a color and click the \"Create Style\" button in the \r\nproperties panel.</p> <p><strong>Color Export</strong><br>When exporting\r\n your design, it\'s important to ensure that the colors are accurately \r\nrepresented. Figma allows you to export your design in a variety of \r\nformats, including PNG, SVG, and PDF, and you can choose the color \r\nformat and profile to ensure accurate color representation.</p><p><iframe frameborder=\"0\" src=\"//www.youtube.com/embed/QTvgkvJZ59M\" width=\"640\" height=\"360\" class=\"note-video-clip\"></iframe><br></p> </div>   </div>   </div> </li><li class=\"\" style=\"padding-top: 20px; padding-bottom: 20px;\"> <div class=\"zls-blocks-container\">  <div class=\"zls-blocks-video zw-pos-re zw-index-none \">   <div class=\"zls-iframe-wrapper zls-video-element\">    </div>    </div></div><br></li></ul><p></p>');
INSERT INTO `text_lesson_translations` (`id`, `text_lesson_id`, `locale`, `title`, `summary`, `content`) VALUES
(59, 67, 'en', 'Strokes plus updating color defaults in Figma', 'Strokes plus updating color defaults in Figma', '<ul class=\"zls-ul-reset zls-blocks-wrapper zw-fl-grow\"><li class=\"\" style=\"padding-top: 20px; padding-bottom: 20px;\"> <div class=\"zls-blocks-container\">   <div class=\"zls-blocks zls-fixed-width:950 zls-fs17 zw-word-wrap zls-grid zls-gap20 zls-g-col1\">   <div class=\"zls-tinymce-text-content \" data-placeholder=\"Good products come from good craftsmanship. They come from careful attention to design, from endless rounds of refinement, and iteration. But none of those things come easily.                       \"> <p>Strokes\r\n and color are essential elements of UI/UX design, and Figma offers a \r\nvariety of tools and features to help you create and customize them. By \r\nusing strokes to add borders or outlines, updating color defaults to \r\nensure consistency, using the eyedropper tool to select colors, and \r\ncreating color variations, you can create visually appealing and \r\nfunctional designs that meet your users\' needs.<span></span></p> <p><strong>Strokes</strong><br>Strokes\r\n are used to add borders or outlines to shapes or text, and can be \r\nadjusted in size, color, and style. To add a stroke to a shape or text \r\nin Figma, select the element and click on the \"Add stroke\" button in the\r\n properties panel. You can then adjust the stroke settings, such as \r\nsize, position, and color.</p> <p><strong>Updating Color Defaults</strong><br>In\r\n Figma, you can update the default color palette to ensure consistency \r\nacross your designs. To do this, click on the \"Color\" tab in the assets \r\npanel, and select the \"Create new styles\" button. You can then add or \r\nremove colors, and adjust the settings for each color. Once you\'ve \r\nupdated the color defaults, you can apply them to your designs by \r\nselecting the color style from the properties panel.</p> <p><strong>Using the Eyedropper Tool</strong><br>The\r\n eyedropper tool in Figma allows you to select colors from your design \r\nand apply them to other elements. To use the eyedropper tool, select the\r\n element with the color you want to use, click on the \"Paint\" tab in the\r\n properties panel, and click on the eyedropper icon. You can then select\r\n the color from the design and apply it to other elements.</p><p><strong>Creating Color Variations</strong><br>To\r\n create color variations in Figma, you can adjust the hue, saturation, \r\nand brightness of existing colors. You can also use the blend modes and \r\nopacity settings to create different effects. Additionally, you can \r\ncreate shades and tints of a color by adjusting the opacity or adding \r\nblack or white.</p><p><br></p><p><iframe frameborder=\"0\" src=\"//www.youtube.com/embed/fMFviUpcF0I\" width=\"640\" height=\"360\" class=\"note-video-clip\"></iframe><br></p> <p><strong><br></strong></p> </div>   </div>   </div> </li><li class=\"\" style=\"padding-top: 20px; padding-bottom: 20px;\"> <div class=\"zls-blocks-container\">  <div class=\"zls-blocks-video zw-pos-re zw-index-none \">   <div class=\"zls-iframe-wrapper zls-video-element\">    </div>    </div></div><br></li></ul><p></p>'),
(60, 68, 'en', 'Object editing and how to escape in Figma', 'Object editing and how to escape in Figma', '<ul class=\"zls-ul-reset zls-blocks-wrapper zw-fl-grow\"><li class=\"\" style=\"padding-top: 20px; padding-bottom: 20px;\"> <div class=\"zls-blocks-container\">   <div class=\"zls-blocks zls-fixed-width:950 zls-fs17 zw-word-wrap zls-grid zls-gap20 zls-g-col1\">   <div class=\"zls-tinymce-text-content \" data-placeholder=\"Good products come from good craftsmanship. They come from careful attention to design, from endless rounds of refinement, and iteration. But none of those things come easily.                       \"> <p>Object\r\n editing and shortcuts are important aspects of working in Figma. By \r\nselecting and editing objects, using the Escape key to cancel out of \r\ncertain actions or modes, and using shortcuts to work more efficiently, \r\nyou can create designs that meet your users\' needs in a timely and \r\nefficient manner.</p> <p><strong>Object Editing</strong><br>In Figma, \r\nyou can edit the properties of objects such as shapes, text, and images.\r\n To edit an object, select it on the canvas and adjust the properties in\r\n the properties panel. You can change the size, position, rotation, \r\nopacity, and other properties of the object. You can also group objects \r\ntogether, ungroup them, or align them using the toolbar at the top of \r\nthe canvas.</p> <p><strong>Using the Escape Key</strong><br>The Escape \r\nkey is a useful shortcut in Figma that can help you cancel out of \r\ncertain actions or modes. For example, if you\'re in the middle of \r\nediting a text element and want to cancel out of it, you can press the \r\nEscape key to exit the editing mode and return to the selection tool. \r\nSimilarly, if you\'re in a mode such as the vector editing mode or the \r\nprototyping mode, you can press the Escape key to exit that mode and \r\nreturn to the selection tool.</p> <p><strong>Editing Multiple Objects</strong><br>To\r\n edit multiple objects in Figma, you can select them by holding down the\r\n Shift key and clicking on each object. You can then adjust the \r\nproperties of all the selected objects at once in the properties panel. \r\nYou can also group the objects together by pressing the Command (Mac) or\r\n Control (Windows) and G keys, and edit the properties of the group.</p> <p><strong><span></span>Using Shortcuts</strong><br>Figma\r\n offers a variety of shortcuts that can help you work more efficiently. \r\nFor example, you can use the Command (Mac) or Control (Windows) and C \r\nkeys to copy an object, and the Command (Mac) or Control (Windows) and V\r\n keys to paste it. You can also use the Command (Mac) or Control \r\n(Windows) and Z keys to undo an action, and the Command (Mac) or Control\r\n (Windows) and Y keys to redo it.</p> </div>   </div>   </div> </li><li class=\"\" style=\"padding-top: 20px; padding-bottom: 20px;\"> <iframe frameborder=\"0\" src=\"//www.youtube.com/embed/E6o5LCvxbdU\" width=\"640\" height=\"360\" class=\"note-video-clip\"></iframe><br></li></ul><p></p>'),
(61, 69, 'en', 'The Design Thinking Method and Mindset', 'The Design Thinking Method and Mindset', '<ul class=\"zls-ul-reset zls-blocks-wrapper zw-fl-grow\"><li class=\"\" style=\"padding-top: 20px; padding-bottom: 20px;\"><div class=\"zls-blocks-container\"><div class=\"zls-blocks zls-fixed-width:950 zls-fs17 zw-word-wrap zls-grid zls-gap20 zls-g-col1\"><div class=\"zls-tinymce-text-content \" data-placeholder=\"Good products come from good craftsmanship. They come from careful attention to design, from endless rounds of refinement, and iteration. But none of those things come easily.                       \"><p><span style=\"font-size: 18pt\"><strong>Design Thinking is a Method</strong></span></p> </div>   </div>   </div> </li><li class=\"\" style=\"padding-top: 20px; padding-bottom: 20px;\"> <div class=\"zls-blocks-container\">   <div class=\"zls-blocks zls-fixed-width:950 zls-fs17 zw-word-wrap zls-grid zls-gap20 zls-g-col1\">   <div class=\"zls-tinymce-text-content \" data-placeholder=\"Good products come from good craftsmanship. They come from careful attention to design, from endless rounds of refinement, and iteration. But none of those things come easily.                       \"> <p>Design\r\n thinking is a methodology for creative problem solving. It’s a \r\nstructured and cyclical approach to generating and evolving ideas. It \r\nhas five phases that help navigate the development from identifying a \r\ndesign challenge to finding and building a solution. Those phases \r\ninclude: empathizing, defining the problem, ideating solutions, \r\nprototyping ideas, and testing with users.<span></span></p> </div>   </div>   </div> </li><li class=\"\" style=\"padding-top: 20px; padding-bottom: 20px;\"> <div class=\"zls-blocks-container\">    <div class=\"zls-blocks-image zw-txt-al-c\">  <img alt=\"images\" src=\"https://download.zoho.com/webdownload?x-service=ZohoLearn&amp;event-id=6352450000000115001&amp;x-cli-msg=%7B%22scopeID%22%3A%226352450000000004002%22%2C%22attachmentItemType%22%3A%22LESSON%22%2C%22isInline%22%3A%22true%22%2C%22courseId%22%3A%226352450000000008045%22%7D\" id=\"6352450000000115001\" style=\"min-height:\'100px\'\">  </div>     </div> </li><li class=\"\" style=\"padding-top: 20px; padding-bottom: 20px;\"> <div class=\"zls-blocks-container\">   <div class=\"zls-blocks zls-fixed-width:950 zls-fs17 zw-word-wrap zls-grid zls-gap20 zls-g-col1\">   <div class=\"zls-tinymce-text-content \" data-placeholder=\"Good products come from good craftsmanship. They come from careful attention to design, from endless rounds of refinement, and iteration. But none of those things come easily.                       \"> <p>Design\r\n thinking promotes a human-centred approach to innovation. The process \r\nbegins by developing deep empathy and understanding of the needs and \r\nmotivations of people.</p> <p>It’s also experimental. Design thinking \r\ngives you permission to fail and to learn from your mistakes, because \r\nyou come up with new ideas, get feedback on them, then iterate and \r\nimprove on them.</p> <p>You can use design thinking to approach any \r\nchallenge. Whether the problem is big or small, regardless of whether it\r\n is a personal, creative, social, commercial, technical or creative \r\nproblem.<span></span></p> </div>   </div>   </div> </li><li class=\"\" style=\"padding-top: 20px; padding-bottom: 20px;\"> <div class=\"zls-blocks-container\">   <ol class=\"zls-ul-reset zls-blocks-list zls-blocks-list-numbers\"><li> <div class=\"zls-tinymce-text-content \" data-placeholder=\"Good products come from good craftsmanship. They come from careful attention to design, from endless rounds of refinement, and iteration. But none of those things come easily.                       \"> <p><span></span>Empathize with users (learn about and understand the people you’re designing for)</p> </div> </li><li> <div class=\"zls-tinymce-text-content \" data-placeholder=\"Good products come from good craftsmanship. They come from careful attention to design, from endless rounds of refinement, and iteration. But none of those things come easily.                       \"> <p>Define the design problem (identify the users’ needs and focus on a design challenge)</p> </div> </li><li> <div class=\"zls-tinymce-text-content \" data-placeholder=\"Good products come from good craftsmanship. They come from careful attention to design, from endless rounds of refinement, and iteration. But none of those things come easily.                       \"> <p>Ideate (generating and evaluating creative ideas)</p> </div> </li><li> <div class=\"zls-tinymce-text-content \" data-placeholder=\"Good products come from good craftsmanship. They come from careful attention to design, from endless rounds of refinement, and iteration. But none of those things come easily.                       \"> <p>Prototype solutions (turning insights and ideas into tangible models)</p> </div> </li><li> <div class=\"zls-tinymce-text-content \" data-placeholder=\"Good products come from good craftsmanship. They come from careful attention to design, from endless rounds of refinement, and iteration. But none of those things come easily.                       \"> <div class=\"textbox\"> <p>Test (evaluating and evolving solutions by gathering actionable feedback from users)</p> </div> </div> </li></ol>   </div> </li><li class=\"\" style=\"padding-top: 20px; padding-bottom: 20px;\"> <div class=\"zls-blocks-container\">   <div class=\"zls-blocks zls-fixed-width:950 zls-fs17 zw-word-wrap zls-grid zls-gap20 zls-g-col1\">   <div class=\"zls-tinymce-text-content \" data-placeholder=\"Good products come from good craftsmanship. They come from careful attention to design, from endless rounds of refinement, and iteration. But none of those things come easily.                       \"> <p><span style=\"font-size: 18pt\"><strong><span></span>Design Thinking is a Mindset</strong></span></p> </div>   </div>   </div> </li><li class=\"\" style=\"padding-top: 20px; padding-bottom: 20px;\"> <div class=\"zls-blocks-container\">   <div class=\"zls-blocks zls-fixed-width:950 zls-fs17 zw-word-wrap zls-grid zls-gap20 zls-g-col1\">   <div class=\"zls-tinymce-text-content \" data-placeholder=\"Good products come from good craftsmanship. They come from careful attention to design, from endless rounds of refinement, and iteration. But none of those things come easily.                       \"> <p>Design\r\n thinking is about believing we can make a difference, and having an \r\nintentional process in order to get to new, relevant solutions that \r\ncreate positive impact. Design Thinking gives you faith in your creative\r\n abilities and a process for transforming difficult challenges into \r\nopportunities for design.</p> <p>Using a design thinking approach to \r\ninnovation means adopting an optimistic mindset. This approach \r\nencourages the fundamental belief that we all can create change, no \r\nmatter how big a problem, how little time or how small a budget we have \r\nto work with. No matter what constraints exist around you, designing can\r\n be an enjoyable process because it instills confidence that new, better\r\n things are possible and that you can make them happen.</p> <p>Design thinkers see problems as opportunities for design in disguise.</p></div></div></div></li></ul><p></p>'),
(62, 70, 'en', 'Ideas, Ambiguity, and Risk', 'Ideas, Ambiguity, and Risk', '<p>Ultimately, design is all about the following: </p><p class=\"chakra-text css-o3oz8b\" style=\"color: rgb(11, 11, 11)\"><em class=\"chakra-text css-o3oz8b\" style=\"\">Building the right thing for our users.</em></p> <p class=\"chakra-text css-o3oz8b\" style=\"color: rgb(11, 11, 11)\">But\r\n this statement is loaded with ambiguity. How do we know whether we\'ve \r\nbuilt the \"right\" thing? And on a more basic level, how do we even know \r\nwho our users are? The answers may be unclear—and to make things more \r\ncomplex, these questions may mean different things to different members \r\nof the team.</p> <p class=\"chakra-text css-o3oz8b\" style=\"color: rgb(11, 11, 11)\">When\r\n developing a new product, there are lots of risks. You might find that \r\nyou\'re building the wrong product, targeting the wrong users, or simply \r\nthat you have confusion and misalignment between different members of \r\nyour team.</p> <p class=\"chakra-text css-o3oz8b\" style=\"color: rgb(11, 11, 11)\">As\r\n the designer, part of your job is to ensure that your core design \r\nquestions get validated answers, and that the team is in agreement on \r\nthose answers. A software engineer will think differently from a sales \r\nperson, and it\'s your job as a designer to speak a common language—while\r\n defining the problem and steering the ship towards a product that has a\r\n good chance of success.</p><p class=\"chakra-text css-o3oz8b\" style=\"color: rgb(11, 11, 11)\"><br></p><p class=\"chakra-text css-o3oz8b\" style=\"color: rgb(11, 11, 11)\"><iframe frameborder=\"0\" src=\"//www.youtube.com/embed/XgXVnC3H0YQ\" width=\"640\" height=\"360\" class=\"note-video-clip\"></iframe></p><p class=\"chakra-text css-o3oz8b\" style=\"color: rgb(11, 11, 11)\"><br></p><ul class=\"zls-ul-reset zls-blocks-wrapper zw-fl-grow\"><li class=\"\" style=\"padding-top: 20px; padding-bottom: 20px;\"> <div class=\"zls-blocks-container\">   <div class=\"zls-blocks zls-fixed-width:950 zls-fs17 zw-word-wrap zls-grid zls-gap20 zls-g-col1\">   <div class=\"zls-tinymce-text-content \" data-placeholder=\"Good products come from good craftsmanship. They come from careful attention to design, from endless rounds of refinement, and iteration. But none of those things come easily.                       \"> <h2 class=\"chakra-heading css-lb1dt4\">The Design Sprint</h2> <p class=\"chakra-text css-o3oz8b\">To be successful in this role, you don\'t want to leave things up to chance—you want to have a good&nbsp;<em class=\"chakra-text css-o3oz8b\">process</em>&nbsp;in place for generating and refining your product ideas. And that\'s just what a&nbsp;<em class=\"chakra-text css-o3oz8b\">design sprint</em>&nbsp;is for.<span></span></p> </div>   </div>   </div> </li><li class=\"\" style=\"padding-top: 20px; padding-bottom: 20px;\"> <div class=\"zls-blocks-container\">   <div class=\"zls-blocks zls-fixed-width:950 zls-fs17 zw-word-wrap zls-grid zls-gap20 zls-g-col1\">   <div class=\"zls-tinymce-text-content \" data-placeholder=\"Good products come from good craftsmanship. They come from careful attention to design, from endless rounds of refinement, and iteration. But none of those things come easily.                       \"> <blockquote class=\"css-12m1603\"> <p class=\"chakra-text css-o3oz8b\">A&nbsp;<strong>design sprint</strong>&nbsp;is\r\n a process for collaboratively exploring, refining, and validating \r\nideas—while simultaneously minimizing risk and getting alignment across \r\nyour team.<span></span></p> </blockquote> </div>   </div>   </div> </li><li class=\"\" style=\"padding-top: 20px; padding-bottom: 20px;\"> <div class=\"zls-blocks-container\">   <div class=\"zls-blocks zls-fixed-width:950 zls-fs17 zw-word-wrap zls-grid zls-gap20 zls-g-col1\">   <div class=\"zls-tinymce-text-content \" data-placeholder=\"Good products come from good craftsmanship. They come from careful attention to design, from endless rounds of refinement, and iteration. But none of those things come easily.                       \"> <div class=\"css-1m96lhp\"> <div class=\"css-u8svcc\"> <div class=\"copy-length css-0\"> <div class=\"ureact-markdown css-tc5hjw\"> <p class=\"chakra-text css-o3oz8b\">In this lesson, we\'ll explore design sprints. Specifically, we\'ll get into:</p> <ul class=\"css-19qh3zo\"><li class=\"css-cvpopp\">The ideal design process—and how the constraints of your situation may make this ideal process impossible</li><li class=\"css-cvpopp\">How you can apply techniques like&nbsp;<em class=\"chakra-text css-o3oz8b\">Guerilla design sprints</em>&nbsp;to get the job done in non-ideal scenarios</li><li class=\"css-cvpopp\">How to collaborate with others, including tips on how to hold design workshops</li><li class=\"css-cvpopp\">How to use techniques like&nbsp;<em class=\"chakra-text css-o3oz8b\">active listening</em>&nbsp;to incorporate research and user data into your design ideas</li></ul> </div> </div> </div> </div></div></div></div></li></ul><p class=\"chakra-text css-o3oz8b\" style=\"color: rgb(11, 11, 11)\"></p>'),
(63, 71, 'en', 'The Ideal Design Process', 'The Ideal Design Process', '<p><h2 class=\"chakra-heading css-lb1dt4\">The Double Diamond Design Process</h2><p><br></p><p><iframe frameborder=\"0\" src=\"//www.youtube.com/embed/OIycEBlOqKs\" width=\"640\" height=\"360\" class=\"note-video-clip\"></iframe></p><p><br></p><div class=\"css-1m96lhp\"> <div class=\"css-u8svcc\"> <div class=\"copy-length css-0\"> <div class=\"ureact-markdown css-tc5hjw\"> <h2 class=\"chakra-heading css-lb1dt4\">Double Diamond in the Real World</h2> </div> </div> </div> </div>       </p><p><p><iframe frameborder=\"0\" src=\"//www.youtube.com/embed/3bV6FvifZMo\" width=\"640\" height=\"360\" class=\"note-video-clip\"></iframe></p></p><h3 class=\"chakra-heading css-1yztwzy\">Other Challenges Along the Way</h3> <p class=\"chakra-text css-o3oz8b\"><em class=\"chakra-text css-o3oz8b\">Fatigue and Burnout</em>&nbsp;-\r\n Some sprints will be quick and yield immediate results; others might \r\nalternate between research and synthesis for what feels like forever. In\r\n these cases, there\'s a risk that you and your team hit burnout—you get \r\nfatigued or lose interest.&nbsp;<strong>This isn\'t a good reason to deviate from the process</strong>.\r\n Instead, you might want to have frequent conversations to ensure the \r\nteam is still motivated or address why the process is taking so long to \r\nbegin with.</p> <em class=\"chakra-text css-o3oz8b\">Deadlines and Deliverables</em>&nbsp;-\r\n There may be situations where you absolutely must deliver something by a\r\n deadline—companies often need to pitch investors or clients, and in \r\nsuch cases you may find yourself crunched for time. You may find that \r\nyou simple have to skip some steps of the process. When you find \r\nyourself doing this, be especially careful to note what biases you have \r\nand what assumptions you\'re making when skipping steps—and, ideally, \r\nmake a concrete plan to check into (or test) these assumptions as soon \r\nas possible.<p><p></p><p></p></p>'),
(64, 72, 'en', 'Guerrilla Design Sprints', 'Guerrilla Design Sprints', '<p><h2 class=\"chakra-heading css-lb1dt4\">Designing Within Constraints</h2> The\r\n traditional double-diamond design process can be expensive and \r\ntime-consuming. When we are designing in the presence of real-world \r\nconstraints, it can sometimes be a good idea to step outside the \r\ntraditional design framework, to get creative, and to improvise—to \r\nengage in what we might call&nbsp;<strong>guerilla design</strong>.</p><p><p><iframe frameborder=\"0\" src=\"//www.youtube.com/embed/NJj-yG1_jso\" width=\"640\" height=\"360\" class=\"note-video-clip\"></iframe></p><p><br></p></p><h2 class=\"chakra-heading css-lb1dt4\">Transferring Knowledge Through Role-Playing</h2> <p class=\"chakra-text css-o3oz8b\">Sometimes\r\n you\'ll join a team where there\'s valuable pre-existing knowledge. The \r\nteam may have completed a tremendous amount of their own research before\r\n you joined, or may have a lot of experience from working with users on \r\nrelated products in the past.</p> In these situations, it can be helpful to&nbsp;<em class=\"chakra-text css-o3oz8b\">role-play</em>&nbsp;with\r\n one of your colleagues who has this knowledge. You\'ll still prepare as \r\nthough you\'re about to interview a respondent—complete with a discussion\r\n guide or usability guide—but your colleague plays the role of the user.\r\n They channel their accumulated understanding and provide answers in the\r\n first person to help you build empathy with who you\'re designing for.<p><p></p></p>'),
(65, 73, 'en', 'Collaborative Design', 'Collaborative Design', '<ul class=\"zls-ul-reset zls-blocks-wrapper zw-fl-grow\"><li class=\"\" style=\"padding-top: 20px; padding-bottom: 20px;\"> <div class=\"zls-blocks-container\">   <div class=\"zls-blocks zls-fixed-width:950 zls-fs17 zw-word-wrap zls-grid zls-gap20 zls-g-col1\">   <div class=\"zls-tinymce-text-content \" data-placeholder=\"Good products come from good craftsmanship. They come from careful attention to design, from endless rounds of refinement, and iteration. But none of those things come easily.                       \"> <div class=\"chakra-stack css-1s3a09c\"> <h1 class=\"chakra-heading css-iuea7g\">Collaborative Design</h1> </div> <div class=\"css-0\"> <div class=\"css-1m96lhp\"> <div class=\"css-u8svcc\"> <div class=\"copy-length css-0\"> <div class=\"ureact-markdown css-tc5hjw\"> <p class=\"chakra-text css-o3oz8b\">Building\r\n a really well-designed product is almost always best done by a team, \r\nnot an individual. Every team member brings a different perspective and \r\nskillset, and this diversity is not simply something to tolerate—it is \r\nan incredible resource that you should deliberately build into your \r\nprocess and benefit from.</p> <p class=\"chakra-text css-o3oz8b\">For \r\nexample, effective collaboration can help to ensure you\'re not designing\r\n too deeply with your own bias. Let\'s say you are building a travel \r\napplication. If you are a frequent flyer, you might have some personal \r\npain points you\'ll want to solve. If you don\'t involve others, you might\r\n go down a path that is specific to your own unique experiences instead \r\nof designing something that is generalizable to other users. You also \r\nmay not have the skills to build the product from end to end. In this \r\ncase, you might miss key technical risks or business operations risks \r\nthat will limit the project\'s impact later on in the process.</p> <p class=\"chakra-text css-o3oz8b\">Collaborating early and often prevents these kinds of issues.</p> </div> </div> </div> </div> </div> </div>   </div>   </div> </li><li class=\"\" style=\"padding-top: 20px; padding-bottom: 20px;\"> <div class=\"zls-blocks-container\">   <div class=\"zls-blocks zls-fixed-width:950 zls-fs17 zw-word-wrap zls-grid zls-gap20 zls-g-col1\">   <div class=\"zls-tinymce-text-content \" data-placeholder=\"Good products come from good craftsmanship. They come from careful attention to design, from endless rounds of refinement, and iteration. But none of those things come easily.                       \"> <h2 class=\"chakra-heading css-lb1dt4\">Where Designers Design</h2><p><iframe frameborder=\"0\" src=\"//www.youtube.com/embed/hQh8mPvfNUw\" width=\"640\" height=\"360\" class=\"note-video-clip\"></iframe></p><p><br></p><h2 class=\"chakra-heading css-lb1dt4\">Involving Your Stakeholders</h2><p><iframe frameborder=\"0\" src=\"//www.youtube.com/embed/2Tx3IkwxOYA\" width=\"640\" height=\"360\" class=\"note-video-clip\"></iframe></p><p><br></p><div class=\"css-1m96lhp\"> <div class=\"css-u8svcc\"> <div class=\"copy-length css-0\"> <div class=\"ureact-markdown css-tc5hjw\"> <h4 class=\"chakra-heading css-xozg3x\">Understanding How to Obtain Buy-In</h4> <p class=\"chakra-text css-o3oz8b\">Asking\r\n the questions presented in the video helps you to communicate \r\neffectively with your stakeholders. What you don\'t want to do is not \r\nlearn from these conversations. If an engineer you\'re working with \r\nexpresses they want to see more empirical, qualitative data, you should \r\nprobably add some form of numerical analysis to your presentations for \r\nthe next meeting instead of only including user quotes. I\'ve seen \r\ndesigners fail to iterate on their own interactions, which leads to a \r\nstrained, distant relationship between the designers who are interfacing\r\n with customers and the engineers who are interfacing with code.</p> </div> </div> </div> </div> <div class=\"css-1m96lhp\"> <div class=\"css-u8svcc\"> <div class=\"copy-length css-0\"> <div class=\"ureact-markdown css-tc5hjw\"> <h2 class=\"chakra-heading css-lb1dt4\">Share Key Progress</h2> </div> </div> </div> </div>     Along\r\n our design journey, we\'ll be collecting data to inform our designs. \r\n\"Data\" can be anything, from what someone said or did, to some statistic\r\n about the state of an industry. As you watch the following video, think\r\n about the types of data and information you can present to stakeholders\r\n along the way so that they understand how your design came into \r\nexistence.</div><div class=\"zls-tinymce-text-content \" data-placeholder=\"Good products come from good craftsmanship. They come from careful attention to design, from endless rounds of refinement, and iteration. But none of those things come easily.                       \"><p><iframe frameborder=\"0\" src=\"//www.youtube.com/embed/kMP09Bf1bU4\" width=\"640\" height=\"360\" class=\"note-video-clip\"></iframe></p><p></p> </div>   </div>  </div></li></ul><p></p>'),
(66, 74, 'en', 'Running a Workshop', 'Running a Workshop', '<p>  </p><div class=\"zls-blocks zls-fixed-width:950 zls-fs17 zw-word-wrap zls-grid zls-gap20 zls-g-col1\">   <div class=\"zls-tinymce-text-content \" data-placeholder=\"Good products come from good craftsmanship. They come from careful attention to design, from endless rounds of refinement, and iteration. But none of those things come easily.                       \"> <div class=\"css-1m96lhp\"> <div class=\"css-u8svcc\"> <div class=\"copy-length css-0\"> <div class=\"ureact-markdown css-tc5hjw\"> <h2 class=\"chakra-heading css-lb1dt4\">Facilitating Collaboration Sessions</h2> <p>&nbsp;</p> <div class=\"css-1m96lhp\"> <div class=\"css-u8svcc\"> <div class=\"copy-length css-0\"> <div class=\"ureact-markdown css-tc5hjw\"> <p class=\"chakra-text css-o3oz8b\">As\r\n you\'re collaborating, you\'ll often want to engage your team in a \r\nworkshop. These are a great way to ensure that everyone\'s ideas are \r\nbeing shared in a structured format. You\'ll often find that stakeholders\r\n who are not that engaged, will start to understand the process after a \r\nwell-run workshop. People love to break from their day-to-day tasks to \r\nthink creatively about interesting problems!</p><p class=\"chakra-text css-o3oz8b\"><iframe frameborder=\"0\" src=\"//www.youtube.com/embed/3eD3l1nTs1Y\" width=\"640\" height=\"360\" class=\"note-video-clip\"></iframe></p><p class=\"chakra-text css-o3oz8b\"><br></p><h2 class=\"chakra-heading css-lb1dt4\">Using Digital Collaborative Tools for Remote Workshops - Miro</h2> <p class=\"chakra-text css-o3oz8b\">It\'s great to have everyone in a single room, where you\'re able to move around, spread ideas on the walls, and keep&nbsp;<strong>design artifacts</strong>&nbsp;in view to aid inspiration.</p> <blockquote class=\"css-12m1603\"> <p class=\"chakra-text css-o3oz8b\"><strong>Design Artifact</strong><br>A\r\n physical or digital graphic representing a key design step. Artifacts \r\nmight be key user quotes, sketches, or other synthesized insights that \r\ncan be shared with others so they understand the state of the project.</p> </blockquote> <p class=\"chakra-text css-o3oz8b\">However,\r\n your team may be distributed around the world or you might be exploring\r\n a start-up idea with no budget for an office. Getting everyone in the \r\nsame room may simply not be possible or practical.</p> But\r\n don\'t worry; these days, there are some great tools that you can use to\r\n create a virtual space to house your design artifacts and work with \r\nyour teammates. The tool we\'ll be using is an application called&nbsp;<strong>Miro</strong>.\r\n I\'ll show you the main features, and then you\'ll be using it throughout\r\n this course (and you\'ll use it for your final project as well).</div><div class=\"ureact-markdown css-tc5hjw\"><p class=\"chakra-text css-o3oz8b\"><br></p><p class=\"chakra-text css-o3oz8b\"><iframe frameborder=\"0\" src=\"//www.youtube.com/embed/Ael3Jz4KuCo\" width=\"640\" height=\"360\" class=\"note-video-clip\"></iframe></p><p class=\"chakra-text css-o3oz8b\"><br></p><ul class=\"zls-ul-reset zls-blocks-wrapper zw-fl-grow\"><li class=\"\" style=\"padding-top: 20px; padding-bottom: 20px;\"> <div class=\"zls-blocks-container\">  <div class=\"zls-blocks-video zw-pos-re zw-index-none \">   <div class=\"zls-iframe-wrapper zls-video-element\">    </div>    </div> </div> <br></li><li class=\"\" style=\"padding-top: 20px; padding-bottom: 20px;\"> <div class=\"zls-blocks-container\">   <div class=\"zls-blocks zls-fixed-width:950 zls-fs17 zw-word-wrap zls-grid zls-gap20 zls-g-col1\">   <div class=\"zls-tinymce-text-content \" data-placeholder=\"Good products come from good craftsmanship. They come from careful attention to design, from endless rounds of refinement, and iteration. But none of those things come easily.                       \"> <blockquote> <p><em class=\"chakra-text css-o3oz8b\"><span></span>Quick Tip</em>:\r\n If you do have a synthesis room where you\'re keeping design artifacts \r\non a wall, do not invite research respondents into this room for a \r\nstudy. Having respondents see your synthesis output will bias their \r\nresponses.</p> </blockquote> </div>   </div>  </div></li></ul><p class=\"chakra-text css-o3oz8b\"></p> </div> </div> </div> </div> </div> </div> </div> </div> </div>   </div>'),
(67, 75, 'en', 'Building an Understanding', 'Building an Understanding', '<p><p>  </p><div class=\"zls-blocks zls-fixed-width:950 zls-fs17 zw-word-wrap zls-grid zls-gap20 zls-g-col1\">   <div class=\"zls-tinymce-text-content \" data-placeholder=\"Good products come from good craftsmanship. They come from careful attention to design, from endless rounds of refinement, and iteration. But none of those things come easily.                       \"> <h2 class=\"chakra-heading css-lb1dt4\">Research Basics</h2> <p class=\"chakra-text css-o3oz8b\">You\r\n got some underlying knowledge in primary research techniques from the \r\nfirst course in this Nanodegree. But to make sure the ideas are fresh in\r\n your mind, let\'s do a quick refresher on some basic research \r\nprinciples.</p><p class=\"chakra-text css-o3oz8b\"><iframe frameborder=\"0\" src=\"//www.youtube.com/embed/IX2JB4ABCY8\" width=\"640\" height=\"360\" class=\"note-video-clip\"></iframe></p><ul class=\"zls-ul-reset zls-blocks-wrapper zw-fl-grow\"><li class=\"\" style=\"padding-top: 20px; padding-bottom: 20px;\"> <div class=\"zls-blocks-container\">   <div class=\"zls-blocks zls-fixed-width:950 zls-fs17 zw-word-wrap zls-grid zls-gap20 zls-g-col1\">   <div class=\"zls-tinymce-text-content \" data-placeholder=\"Good products come from good craftsmanship. They come from careful attention to design, from endless rounds of refinement, and iteration. But none of those things come easily.                       \"> <h3 class=\"chakra-heading css-1yztwzy\">Mixed Methods Research</h3> <p class=\"chakra-text css-o3oz8b\">You\'re\r\n not limited to one type of research. Instead, robust research studies \r\nwill deploy multiple techniques to answer different questions and \r\nvalidate research findings. For example, after conducting a small number\r\n of in-person interviews, you might turn to a survey to check if the key\r\n behaviors are truly experienced by users across the country or world.<span></span></p> </div>   </div>   </div> </li><li class=\"\" style=\"padding-top: 20px; padding-bottom: 20px;\"> <div class=\"zls-blocks-container\">   <div class=\"zls-blocks zls-fixed-width:950 zls-fs17 zw-word-wrap zls-grid zls-gap20 zls-g-col1\">   <div class=\"zls-tinymce-text-content \" data-placeholder=\"Good products come from good craftsmanship. They come from careful attention to design, from endless rounds of refinement, and iteration. But none of those things come easily.                       \"> <div class=\"css-1m96lhp\"> <div class=\"css-u8svcc\"> <div class=\"copy-length css-0\"> <div class=\"ureact-markdown css-tc5hjw\"> <h2 class=\"chakra-heading css-lb1dt4\">Active Listening - Writing Research as Atomic Nuggets<span></span></h2> </div> </div> </div> </div> </div>   </div>   </div> </li><li class=\"\" style=\"padding-top: 20px; padding-bottom: 20px;\"> <div class=\"zls-blocks-container\">   <div class=\"zls-blocks zls-fixed-width:950 zls-fs17 zw-word-wrap zls-grid zls-gap20 zls-g-col1\">   <div class=\"zls-tinymce-text-content \" data-placeholder=\"Good products come from good craftsmanship. They come from careful attention to design, from endless rounds of refinement, and iteration. But none of those things come easily.                       \"> <div class=\"css-1m96lhp\"> <div class=\"css-u8svcc\"> <div class=\"copy-length css-0\"> <div class=\"ureact-markdown css-tc5hjw\"> <p class=\"chakra-text css-o3oz8b\">The term&nbsp;<a class=\"chakra-link css-otuu82\" href=\"https://medium.com/@tsharon/the-atomic-unit-of-a-research-insight-7bf13ec8fabe\" target=\"_blank\">Atom<span></span>ic Unit</a>&nbsp;(with\r\n regard to design) was coined by WeWork\'s design team while building a \r\nresearch tool called Polaris. Ultimately as you\'re conducting research \r\nyou\'ll want to be actively listening for these nuggets of knowledge.</p> <p class=\"chakra-text css-o3oz8b\">As you\'re exploring your research, you can write&nbsp;<strong>Active Listening</strong>&nbsp;notes\r\n to capture these nuggets. These are post-it notes that contain just \r\nenough text to communicate a little bit of knowledge. These notes can \r\ninclude:</p> <ul class=\"css-19qh3zo\"><li class=\"css-cvpopp\">User Quotes</li><li class=\"css-cvpopp\">Facts and Desktop Findings</li><li class=\"css-cvpopp\">Observations and AHA moments of inspiration (anything that stands out as important)</li></ul> </div> </div> </div> </div> <div class=\"css-1m96lhp\"> <div class=\"css-u8svcc\"> <div class=\"copy-length css-0\"> <div class=\"ureact-markdown css-tc5hjw\"> <h2 class=\"chakra-heading css-lb1dt4\">Example</h2> <p class=\"chakra-text css-o3oz8b\">Creating\r\n and organizing your active listening notes can be challenging. To help \r\nyou get a feel for the amount and type of information to include (and \r\nhow you might want to organize that information), you can check out&nbsp;<a class=\"chakra-link css-otuu82\" href=\"https://miro.com/app/board/o9J_kxdWlQk=/?moveToWidget=3074457346791138947\" target=\"_blank\">Gabe\'s Miro board</a>&nbsp;(or the screengrab of the board below).</p> <p class=\"chakra-text css-o3oz8b\">While reading the notes, try to think about:</p> <ul class=\"css-19qh3zo\"><li class=\"css-cvpopp\">the level of detail of the note</li><li class=\"css-cvpopp\">the choice of color of the card</li><li class=\"css-cvpopp\">high-level themes that you might be noticing</li></ul> </div> </div> </div> </div> </div>   </div>   </div> </li></ul><p class=\"chakra-text css-o3oz8b\"></p> </div>   </div>  </p><p><br></p>'),
(68, 76, 'en', 'Lesson Review', 'Lesson Review', '<p><iframe frameborder=\"0\" src=\"//www.youtube.com/embed/TqSu80ehqTc\" width=\"640\" height=\"360\" class=\"note-video-clip\"></iframe></p><p> </p><div class=\"zls-blocks-container\">   <div class=\"zls-blocks zls-fixed-width:950 zls-fs17 zw-word-wrap zls-grid zls-gap20 zls-g-col1\">   <div class=\"zls-tinymce-text-content \" data-placeholder=\"Good products come from good craftsmanship. They come from careful attention to design, from endless rounds of refinement, and iteration. But none of those things come easily.                       \"> <h2 class=\"chakra-heading css-lb1dt4\">What we\'ve learned</h2> <ul class=\"css-19qh3zo\"><li class=\"css-cvpopp\">A process called&nbsp;<strong>the double diamond</strong>&nbsp;that we can use to guide us through the ambiguity of early product design.</li><li class=\"css-cvpopp\"><strong>Guerrilla Design Tactics</strong>&nbsp;to fall back on during our design process if we have limited time or budget.</li><li class=\"css-cvpopp\">The importance of&nbsp;<strong>collaboration in design</strong>&nbsp;and how to ensure your stakeholders are engaged and happy with the design outputs.</li><li class=\"css-cvpopp\">Skills and tools to run&nbsp;<strong>design workshops</strong>&nbsp;with stakeholders to ensure there is active participation.</li><li class=\"css-cvpopp\">Basic research skills and techniques like&nbsp;<strong>active listening</strong>&nbsp;to help take large, complex primary research and make it usable in the next steps of our process.</li></ul> <p>&nbsp;</p> <h2 class=\"chakra-heading css-lb1dt4\">What we\'ll learn next:&nbsp;<strong>Synthesis</strong></h2> <ul class=\"css-19qh3zo\"><li class=\"css-cvpopp\">Techniques to find patterns and themes in your research data.</li><li class=\"css-cvpopp\">How to identify opportunities and features in your themes while ensuring stakeholder buy-in.</li><li class=\"css-cvpopp\">Ideation techniques to allow for creative exploration of solutions</li><li class=\"css-cvpopp\">Techniques to focus your ideas into features for a digital product</li></ul> </div>   </div>   </div>       <p><br></p>'),
(69, 77, 'en', 'What is Synthesis?', 'What is Synthesis?', '<p>  </p><div class=\"zls-blocks zls-fixed-width:950 zls-fs17 zw-word-wrap zls-grid zls-gap20 zls-g-col1\">   <div class=\"zls-tinymce-text-content \" data-placeholder=\"Good products come from good craftsmanship. They come from careful attention to design, from endless rounds of refinement, and iteration. But none of those things come easily.                       \"> <div class=\"css-1m96lhp\"> <div class=\"css-u8svcc\"> <div class=\"copy-length css-0\"> <div class=\"ureact-markdown css-tc5hjw\"> <p class=\"chakra-text css-o3oz8b\">After\r\n conducting research, we\'ll be left with a tremendous amount of \r\ninformation and no sure direction. Specific patterns and behaviors might\r\n not be totally obvious to us.&nbsp;<strong>Synthesis</strong>&nbsp;is the process\r\n where we bring our research ideas together to form a fundamental \r\nunderstanding. In our context, this will help us to understand the \r\nproblems our users are facing so we know&nbsp;<em class=\"chakra-text css-o3oz8b\">why</em>&nbsp;we\'re building a specific product.</p> <p class=\"chakra-text css-o3oz8b\">As\r\n with almost everything in design, the synthesis process is ambiguous \r\nand there will be many different ideas brought to the table by different\r\n stakeholders. We\'ll explore some skills to help guide the discussion \r\nand discovery process with the end goal of a clear feature list to \r\nimplement in our designs.</p> </div> </div> </div> </div> <div class=\"css-1m96lhp\"> <div class=\"css-u8svcc\"> <div class=\"vds-loading vds-loading--md\"> <div class=\"vds-loading__children\"> <div class=\"_1UN_ejel6QzQCa_M5Nn4bu\"> <div class=\"_2lGVVA99VY-snhn6dzPP-z\"> <div class=\"_3h3jXAJ1HmC2_sa49itKME _2nvHtsDYiD14gMJ8MpUp2c\">&nbsp;<iframe frameborder=\"0\" src=\"//www.youtube.com/embed/dDsVcJfzxeA\" width=\"640\" height=\"360\" class=\"note-video-clip\"></iframe></div><div class=\"_3h3jXAJ1HmC2_sa49itKME _2nvHtsDYiD14gMJ8MpUp2c\">  <div class=\"zls-blocks zls-fixed-width:950 zls-fs17 zw-word-wrap zls-grid zls-gap20 zls-g-col1\">   <div class=\"zls-tinymce-text-content \" data-placeholder=\"Good products come from good craftsmanship. They come from careful attention to design, from endless rounds of refinement, and iteration. But none of those things come easily.                       \"> <h2 class=\"chakra-heading css-lb1dt4\">What we\'ll learn in this lesson:</h2> <ul class=\"css-19qh3zo\"><li class=\"css-cvpopp\">Techniques to find patterns and themes in your research data.</li><li class=\"css-cvpopp\">How to identify opportunities and features in your themes while ensuring stakeholder buy-in.</li><li class=\"css-cvpopp\">Ideation techniques to allow for creative exploration of solutions</li><li class=\"css-cvpopp\">Techniques to focus your ideas into features for a digital product</li></ul> </div>   </div>  </div> </div> </div> </div> </div> </div> </div> </div>   </div>'),
(70, 78, 'en', 'Discovering Themes with Affinity Mapping', 'Discovering Themes with Affinity Mapping', '<p><iframe frameborder=\"0\" src=\"//www.youtube.com/embed/59txE8ZgmMU\" width=\"640\" height=\"360\" class=\"note-video-clip\"></iframe></p><p><br></p><h2 class=\"chakra-heading css-lb1dt4\">Affinity Mapping in Miro</h2><p><br></p><p><iframe frameborder=\"0\" src=\"//www.youtube.com/embed/U9DBypoKvYg\" width=\"640\" height=\"360\" class=\"note-video-clip\"></iframe></p><p><br></p><ul class=\"zls-ul-reset zls-blocks-wrapper zw-fl-grow\"><li class=\"\" style=\"padding-top: 20px; padding-bottom: 20px;\"> <div class=\"zls-blocks-container\">   <div class=\"zls-blocks zls-fixed-width:950 zls-fs17 zw-word-wrap zls-grid zls-gap20 zls-g-col1\">   <div class=\"zls-tinymce-text-content \" data-placeholder=\"Good products come from good craftsmanship. They come from careful attention to design, from endless rounds of refinement, and iteration. But none of those things come easily.                       \"> <h2 class=\"chakra-heading css-lb1dt4\">Gabe\'s Example</h2> <p class=\"chakra-text css-o3oz8b\">After finishing the&nbsp;<strong>Try It Yourself</strong>&nbsp;tasks above, your Miro board should look something like the one shown below.</p> <p class=\"chakra-text css-o3oz8b\">Remember,\r\n everyone will interpret raw data slightly differently and your board \r\nwill definitely be unique. It\'s instructive to compare your work with \r\nthat of others, to see how they may have approached the problem in both \r\nsimilar and dissimilar ways.</p> <p class=\"chakra-text css-o3oz8b\">While\r\n looking at this example, try to understand why there may be differences\r\n in how you interpreted the data or why Gabe grouped notes the way he \r\ndid.</p> </div>   </div>   </div> </li><li class=\"\" style=\"padding-top: 20px; padding-bottom: 20px;\"> <div class=\"zls-blocks-container\">    <div class=\"zls-blocks-image zw-txt-al-c\">  </div></div><br></li></ul><p></p><p></p>'),
(71, 79, 'en', 'Defining Problems as Opportunities', 'Defining Problems as Opportunities', '<h2 class=\"chakra-heading css-lb1dt4\">Identifying Opportunities</h2><p><iframe frameborder=\"0\" src=\"//www.youtube.com/embed/i1ef5o26BIs\" width=\"640\" height=\"360\" class=\"note-video-clip\"></iframe></p><p><br></p><ul class=\"zls-ul-reset zls-blocks-wrapper zw-fl-grow\"><li class=\"\" style=\"padding-top: 20px; padding-bottom: 20px;\"> <div class=\"zls-blocks-container\">   <div class=\"zls-blocks zls-fixed-width:950 zls-fs17 zw-word-wrap zls-grid zls-gap20 zls-g-col1\">   <div class=\"zls-tinymce-text-content \" data-placeholder=\"Good products come from good craftsmanship. They come from careful attention to design, from endless rounds of refinement, and iteration. But none of those things come easily.                       \"> <div class=\"css-1m96lhp\"> <div class=\"css-u8svcc\"> <div class=\"copy-length css-0\"> <div class=\"ureact-markdown css-tc5hjw\"> <p class=\"chakra-text css-o3oz8b\"><em class=\"chakra-text css-o3oz8b\">Use the following graphic to answer the question:</em></p> </div> </div> </div> </div> <div class=\"css-1m96lhp\"> <div class=\"css-u8svcc\">&nbsp;</div> </div> </div>   </div>   </div> </li><li class=\"\" style=\"padding-top: 20px; padding-bottom: 20px;\"> <div class=\"zls-blocks-container\">   <div class=\"zls-blocks zls-fixed-width:950 zls-fs17 zw-word-wrap zls-grid zls-gap20 zls-g-col1\">   <div class=\"zls-tinymce-text-content \" data-placeholder=\"Good products come from good craftsmanship. They come from careful attention to design, from endless rounds of refinement, and iteration. But none of those things come easily.                       \"> <div class=\"css-1m96lhp\"> <div class=\"css-u8svcc\"> <div class=\"copy-length css-0\"> <div class=\"ureact-markdown css-tc5hjw\"> <h2 class=\"chakra-heading css-lb1dt4\">Writing Our Problem as a&nbsp;<em class=\"chakra-text css-o3oz8b\">How Might We</em>&nbsp;question</h2><p><iframe frameborder=\"0\" src=\"//www.youtube.com/embed/4N0o0kC8bBE\" width=\"640\" height=\"360\" class=\"note-video-clip\"></iframe><br></p> </div> </div> </div> </div></div></div></div></li></ul><p></p><p></p>');
INSERT INTO `text_lesson_translations` (`id`, `text_lesson_id`, `locale`, `title`, `summary`, `content`) VALUES
(72, 80, 'en', 'Ideation Techniques', 'Ideation Techniques', '<h2 class=\"chakra-heading css-lb1dt4\">Crazy-8s and Sketching</h2><p><iframe frameborder=\"0\" src=\"//www.youtube.com/embed/9VS8bQWlQAg\" width=\"640\" height=\"360\" class=\"note-video-clip\"></iframe></p><p><br></p><ul class=\"zls-ul-reset zls-blocks-wrapper zw-fl-grow\"><li class=\"\" style=\"padding-top: 20px; padding-bottom: 20px;\"> <div class=\"zls-blocks-container\">   <div class=\"zls-blocks zls-fixed-width:950 zls-fs17 zw-word-wrap zls-grid zls-gap20 zls-g-col1\">   <div class=\"zls-tinymce-text-content \" data-placeholder=\"Good products come from good craftsmanship. They come from careful attention to design, from endless rounds of refinement, and iteration. But none of those things come easily.                       \"> <h3 class=\"chakra-heading css-1yztwzy\">Tools to Run a Crazy-8 Sketch Session</h3> <p class=\"chakra-text css-o3oz8b\">When\r\n you\'re running an ideation session using the Crazy-8 Technique, you \r\nwill want to have a way to keep time. Remember, you\'re only supposed to \r\nwork on each frame of your folded paper for only 1 minute. When I use \r\nthis technique, I use an online Crazy-8 Interval Timer available&nbsp;<a class=\"chakra-link css-otuu82\" href=\"http://www.intervaltimer.com/timers/7005809-crazy-8\" target=\"_blank\">here</a>. This tool is free and web-based (and is the first result when searching for&nbsp;<code class=\"chakra-code css-p3l7io\">Crazy-8 Timer</code>&nbsp;on Google), which means I can quickly pull it up when inspiration strikes.<span></span></p> </div>   </div>   </div> </li><li class=\"\" style=\"padding-top: 20px; padding-bottom: 20px;\"> <div class=\"zls-blocks-container\">   <div class=\"zls-blocks zls-fixed-width:950 zls-fs17 zw-word-wrap zls-grid zls-gap20 zls-g-col1\">   <div class=\"zls-tinymce-text-content \" data-placeholder=\"Good products come from good craftsmanship. They come from careful attention to design, from endless rounds of refinement, and iteration. But none of those things come easily.                       \"> <h2 class=\"chakra-heading css-lb1dt4\">Bad Idea Sketches</h2><p><iframe frameborder=\"0\" src=\"//www.youtube.com/embed/Ym4wUFS9rp0\" width=\"640\" height=\"360\" class=\"note-video-clip\"></iframe></p><p><br></p><p>  </p><div class=\"zls-blocks zls-fixed-width:950 zls-fs17 zw-word-wrap zls-grid zls-gap20 zls-g-col1\">   <div class=\"zls-tinymce-text-content \" data-placeholder=\"Good products come from good craftsmanship. They come from careful attention to design, from endless rounds of refinement, and iteration. But none of those things come easily.                       \"> <h3 class=\"chakra-heading css-1yztwzy\">Introducing the Idea of Bad Ideas</h3> <p class=\"chakra-text css-o3oz8b\">When you\'re working with stakeholders, you\'ll need to explain why you\'re using certain techniques. It\'s a&nbsp;<em class=\"chakra-text css-o3oz8b\">good idea</em>&nbsp;to introduce the&nbsp;<em class=\"chakra-text css-o3oz8b\">Bad Idea</em>&nbsp;technique\r\n clearly before jumping in. You should communicate clearly that this \r\ntechnique is a warmup to make sure everyone in the room is ready to \r\ndesign. When using any of these tools in a workshop, it is a good idea \r\nto set expectations for how long things will take—people will be more \r\nopen to trying something different if they know it will only take 5 \r\nminutes.</p> <p class=\"chakra-text css-o3oz8b\">&nbsp;</p> <p class=\"chakra-text css-o3oz8b\">&nbsp;</p> <div class=\"css-1m96lhp\"> <div class=\"css-u8svcc\"> <div class=\"copy-length css-0\"> <div class=\"ureact-markdown css-tc5hjw\"> <h2 class=\"chakra-heading css-lb1dt4\">Combinatorics</h2> </div> </div> </div> </div> <div class=\"css-1m96lhp\"> <div class=\"css-u8svcc\"> <div class=\"vds-loading vds-loading--md\"> <div class=\"vds-loading__children\"> <div class=\"_1UN_ejel6QzQCa_M5Nn4bu\"> <div class=\"_2lGVVA99VY-snhn6dzPP-z\"> <div class=\"_3h3jXAJ1HmC2_sa49itKME _2nvHtsDYiD14gMJ8MpUp2c\">&nbsp;<iframe frameborder=\"0\" src=\"//www.youtube.com/embed/k8fiDwb9eQg\" width=\"640\" height=\"360\" class=\"note-video-clip\"></iframe></div><div class=\"_3h3jXAJ1HmC2_sa49itKME _2nvHtsDYiD14gMJ8MpUp2c\"><br></div><div class=\"_3h3jXAJ1HmC2_sa49itKME _2nvHtsDYiD14gMJ8MpUp2c\"> <div class=\"zls-blocks-container\">   <div class=\"zls-blocks zls-fixed-width:950 zls-fs17 zw-word-wrap zls-grid zls-gap20 zls-g-col1\">   <div class=\"zls-tinymce-text-content \" data-placeholder=\"Good products come from good craftsmanship. They come from careful attention to design, from endless rounds of refinement, and iteration. But none of those things come easily.                       \"> <h2 class=\"chakra-heading css-lb1dt4\">When to Use These Techniques</h2> <p class=\"chakra-text css-o3oz8b\">These\r\n are a few techniques you can use while ideating alone or with your team\r\n in a workshop. Ultimately, you won\'t always use each technique and you \r\nmight find yourself organically trying something different.</p> <p class=\"chakra-text css-o3oz8b\">These\r\n techniques are especially useful early in the design process before \r\nyou\'re settled on a clear direction. But you might find yourself \r\nrevisiting techniques for more specific parts of your design problem. \r\nFor example, you might use the&nbsp;<code class=\"chakra-code css-p3l7io\">Crazy-8</code>&nbsp;technique to quickly sketch out 8 different ways a form layout might work on a page.</p> <p class=\"chakra-text css-o3oz8b\">I\r\n like to use these techniques when I feel that my team and I are blocked\r\n and the direction is totally unclear. Usually, the 10 minutes spent \r\nideating is less than the hours we would have spent thinking about what \r\nto do next.<span></span></p> </div>   </div>   </div>          <div class=\"zw-flex zw-fl-normal zw-fl-grow zls-overflow-hidden\"><div class=\"zls-right-col zw-flex zw-flex-column zw-fl-normal zw-fl-grow zls-overflow-hidden\" id=\"lesson-container\">         </div> </div>   <div id=\"manualGotoTop\" class=\"zw-pos-fx zls-goto-top zw-animate zw-hide zw-show\"> </div><div id=\"popup-container\" class=\"zw-main-container\">    </div>\r\n<div id=\"zw-searchResultsWrap\"></div> \r\n  \r\n\r\n\r\n\r\n\r\n\r\n\r\n\r\n\r\n\r\n\r\n\r\n\r\n\r\n\r\n\r\n\r\n\r\n\r\n\r\n\r\n\r\n\r\n\r\n<div id=\"lyte-components-div\"><template class=\"zw-block {{if(isBlankSlate,\'zls-stop-animation\')}} {{tableClass}}\">    </template>\r\n\r\n\r\n<template class=\"zls-iframe-wrapper zls-document-element {{if(showNativeFullscreen,\'zw-pos-re\')}}\">  </template></div></div> </div> </div> </div> </div> </div> </div> </div>   </div>   </div>   </div>  </div></li></ul><p></p><p></p>'),
(73, 81, 'en', 'Focusing Ideas', 'Focusing Ideas', '<p><p>  </p><div class=\"zls-blocks zls-fixed-width:950 zls-fs17 zw-word-wrap zls-grid zls-gap20 zls-g-col1\">   <div class=\"zls-tinymce-text-content \" data-placeholder=\"Good products come from good craftsmanship. They come from careful attention to design, from endless rounds of refinement, and iteration. But none of those things come easily.                       \"> <h2 class=\"chakra-heading css-lb1dt4\">Using Affinity Mapping to Ideate</h2> <p class=\"chakra-text css-o3oz8b\">Earlier we used&nbsp;<em class=\"chakra-text css-o3oz8b\">affinity mapping</em>&nbsp;to build themes from our research data. Now we\'ll look at how we can use it to&nbsp;<em class=\"chakra-text css-o3oz8b\">ideate</em>&nbsp;and to&nbsp;<em class=\"chakra-text css-o3oz8b\">focus our ideas</em>.</p> </div>   </div>  </p><p><iframe frameborder=\"0\" src=\"//www.youtube.com/embed/SslXzxuolCo\" width=\"640\" height=\"360\" class=\"note-video-clip\"></iframe></p><p>  </p><div class=\"zls-blocks zls-fixed-width:950 zls-fs17 zw-word-wrap zls-grid zls-gap20 zls-g-col1\">   <div class=\"zls-tinymce-text-content \" data-placeholder=\"Good products come from good craftsmanship. They come from careful attention to design, from endless rounds of refinement, and iteration. But none of those things come easily.                       \"> <div class=\"css-1m96lhp\"> <div class=\"css-u8svcc\"> <div class=\"copy-length css-0\"> <div class=\"ureact-markdown css-tc5hjw\"> <p class=\"chakra-text css-o3oz8b\">Ultimately,\r\n our goal will be to take many ideas and narrow them down to just a few.\r\n Affinity mapping is a natural fit for this, because it allows us to see\r\n if we have ideas that have a similar theme (e.g., all ideas around \r\nproviding weather information). Once we see which ideas cluster together\r\n into a theme, we\'ll be able to combine the best qualities of those \r\nideas to create one high-quality idea.</p> <p class=\"chakra-text css-o3oz8b\">This technique makes the most sense when ideating in groups where many people might independently arrive at similar ideas.</p> <p class=\"chakra-text css-o3oz8b\">Notice\r\n that this is also a great example of how we can mold the techniques in \r\nthis course to fit whatever design challenge we\'re facing.</p> </div> </div> </div> </div> <div class=\"css-1m96lhp\"> <div class=\"css-u8svcc\"> <div class=\"copy-length css-0\"> <div class=\"ureact-markdown css-tc5hjw\"> <h2 class=\"chakra-heading css-lb1dt4\">&nbsp;</h2> <h2 class=\"chakra-heading css-lb1dt4\">Collaborative Ideation: Dot Voting</h2><p><iframe frameborder=\"0\" src=\"//www.youtube.com/embed/W4e0za7tM-k\" width=\"640\" height=\"360\" class=\"note-video-clip\"></iframe></p><p>  </p><div class=\"zls-blocks zls-fixed-width:950 zls-fs17 zw-word-wrap zls-grid zls-gap20 zls-g-col1\">   <div class=\"zls-tinymce-text-content \" data-placeholder=\"Good products come from good craftsmanship. They come from careful attention to design, from endless rounds of refinement, and iteration. But none of those things come easily.                       \"> <div class=\"css-1m96lhp\"> <div class=\"css-u8svcc\"> <div class=\"copy-length css-0\"> <div class=\"ureact-markdown css-tc5hjw\"> <blockquote class=\"css-12m1603\"> <p class=\"chakra-text css-o3oz8b\"><strong>Note:</strong>&nbsp;You\'ll also often see dot voting referred to as&nbsp;<strong>dotmocracy</strong>&nbsp;(this is just another word for exactly the same process).</p> </blockquote> </div> </div> </div> </div> <div class=\"css-1m96lhp\"> <div class=\"css-u8svcc\"> <div class=\"copy-length css-0\"> <div class=\"ureact-markdown css-tc5hjw\"> <h4 class=\"chakra-heading css-xozg3x\">&nbsp;</h4> <h4 class=\"chakra-heading css-xozg3x\">&nbsp;</h4> <h4 class=\"chakra-heading css-xozg3x\">Danger of Dot Voting</h4> <p class=\"chakra-text css-o3oz8b\">When using dot voting, be wary of&nbsp;<a class=\"chakra-link css-otuu82\" href=\"https://en.wikipedia.org/wiki/Herd_behavior\" target=\"_blank\">herd behavior</a>—where\r\n people in a group think or behave differently than they would as \r\nindividuals. This can come up in behavioral studies (such as focus \r\ngroups) where many people might verbally agree with a statement said in a\r\n group conversation, even though they individually do not&nbsp;<em class=\"chakra-text css-o3oz8b\">actually</em>&nbsp;agree with the statement.</p> <p class=\"chakra-text css-o3oz8b\">In\r\n our context, the first person who places dots might bias the group\'s \r\nthinking. If they feel especially strongly about a dot, they might run \r\nover and place the dot. Often it is a good idea to offer time for \r\neveryone to silently think about where they want to place dots before \r\nproviding the dots.</p> </div> </div> </div> </div> <div class=\"css-1m96lhp\"> <div class=\"css-u8svcc\"> <div class=\"copy-length css-0\"> <div class=\"ureact-markdown css-tc5hjw\"> <p class=\"chakra-text css-o3oz8b\"><em class=\"chakra-text css-o3oz8b\">The\r\n following graphic is some output from an affinity-mapping and \r\ndot-voting workshop. Everyone was allowed to place at most one of each \r\ndot. Use the graphic to answer the questions below.</em></p> </div> </div> </div> </div> </div>   </div>   </div> </div> </div> </div> </div>   </div>'),
(74, 82, 'en', 'Understanding Scope', 'Understanding Scope', '<p><iframe frameborder=\"0\" src=\"//www.youtube.com/embed/5Z4ThOSAmOo\" width=\"640\" height=\"360\" class=\"note-video-clip\"></iframe></p><h3 class=\"chakra-heading css-1yztwzy\">How to \"De-Scope\"</h3> <p class=\"chakra-text css-o3oz8b\">When\r\n you\'re talking about scope in the context of engineering, there are a \r\nfew ways you can reduce the work or complexity of a task. You can:</p> <ul class=\"css-19qh3zo\"><li class=\"css-cvpopp\"><strong>Use frameworks, packages, or open-source code.</strong>&nbsp;If a developer can reuse something that is already built, it becomes much more manageable.</li><li class=\"css-cvpopp\"><strong>Reduce expectations.</strong>&nbsp;If\r\n your system has a technical requirement, it may be possible to relax \r\nthat requirement to reduce the scope. For example, there might be a \r\nspecification for the time it takes to complete a particular \r\ncomputation. Making this required time longer may make the task easier. \r\nThis also applies to things like accuracy (percentage of the time the \r\nsystem will be correct) or throughput (the number of concurrent requests\r\n or number of users).</li><li class=\"css-cvpopp\"><strong>Not do the thing.</strong>&nbsp;Sometimes the best option is simply to find an alternative solution or feature.</li></ul> <h3 class=\"chakra-heading css-1yztwzy\">Identifying \"Rat-Holes\"</h3> Sometimes\r\n when it is unclear how complex a task is, an engineer might recommend \r\ntrying a few experiments to see what things are possible. And in the \r\nnext meeting, they might propose more experiments, followed by more \r\nexperiments… and this cycle can continue forever. Try to identify when a\r\n scope might lead to this type of time-consuming exploration so you can \r\ncatch it early and determine if there are alternative paths.<p></p>'),
(75, 83, 'en', 'Prioritizing Features: Value vs. Complexity', 'Prioritizing Features: Value vs. Complexity', '<ul class=\"zls-ul-reset zls-blocks-wrapper zw-fl-grow\"><li class=\"\" style=\"padding-top: 20px; padding-bottom: 20px;\"> <div class=\"zls-blocks-container\">   <div class=\"zls-blocks zls-fixed-width:950 zls-fs17 zw-word-wrap zls-grid zls-gap20 zls-g-col1\">   <div class=\"zls-tinymce-text-content \" data-placeholder=\"Good products come from good craftsmanship. They come from careful attention to design, from endless rounds of refinement, and iteration. But none of those things come easily.                       \"> <div class=\"css-1m96lhp\"> <div class=\"css-u8svcc\"> <div class=\"copy-length css-0\"> <div class=\"ureact-markdown css-tc5hjw\"> <h1 class=\"chakra-heading css-1ank31f\">Prioritizing Features: Value vs Complexity Quadrants</h1> </div> </div> </div> </div> <div class=\"css-1m96lhp\"> <div class=\"css-u8svcc\"> <div class=\"copy-length css-0\"> <div class=\"ureact-markdown css-tc5hjw\"> <h2 class=\"chakra-heading css-lb1dt4\">Value vs Complexity Quadrants</h2><p><iframe frameborder=\"0\" src=\"//www.youtube.com/embed/5jNLZ_S__GU\" width=\"640\" height=\"360\" class=\"note-video-clip\"></iframe></p><p>  </p><div class=\"zls-blocks zls-fixed-width:950 zls-fs17 zw-word-wrap zls-grid zls-gap20 zls-g-col1\">   <div class=\"zls-tinymce-text-content \" data-placeholder=\"Good products come from good craftsmanship. They come from careful attention to design, from endless rounds of refinement, and iteration. But none of those things come easily.                       \"> <div class=\"css-1m96lhp\"> <div class=\"css-u8svcc\"> <div class=\"copy-length css-0\"> <div class=\"ureact-markdown css-tc5hjw\"> <h2 class=\"chakra-heading css-lb1dt4\">Prioritizing Features using the Quadrants</h2> </div> </div> </div> </div> <div class=\"css-1m96lhp\"> <div class=\"css-u8svcc\"> <div class=\"vds-loading vds-loading--md\"> <div class=\"vds-loading__children\"> <div class=\"_1UN_ejel6QzQCa_M5Nn4bu\"> <div class=\"_2lGVVA99VY-snhn6dzPP-z\"> <div class=\"_3h3jXAJ1HmC2_sa49itKME _2nvHtsDYiD14gMJ8MpUp2c\">&nbsp;<iframe frameborder=\"0\" src=\"//www.youtube.com/embed/YsMuz3qaayk\" width=\"640\" height=\"360\" class=\"note-video-clip\"></iframe></div><div class=\"_3h3jXAJ1HmC2_sa49itKME _2nvHtsDYiD14gMJ8MpUp2c\"><em class=\"chakra-text css-o3oz8b\">Use the following graphic to answer the quiz</em>:</div> </div> </div> </div> </div> </div> </div> </div>   </div>   </div> </div> </div> </div> </div>   </div>   </div> </li></ul><p></p>'),
(76, 84, 'en', 'Prioritizing Features: Score Matrix', 'Prioritizing Features: Score Matrix', '<h2 class=\"chakra-heading css-lb1dt4\">Setting up the Matrix</h2><p><iframe frameborder=\"0\" src=\"//www.youtube.com/embed/YTc7sEqJSuY\" width=\"640\" height=\"360\" class=\"note-video-clip\"></iframe></p><p><br></p><h2 class=\"chakra-heading css-lb1dt4\">Prioritizing Features Using the Matrix</h2><p><iframe frameborder=\"0\" src=\"//www.youtube.com/embed/_76P-2fR35M\" width=\"640\" height=\"360\" class=\"note-video-clip\"></iframe></p><p><br></p><ul class=\"zls-ul-reset zls-blocks-wrapper zw-fl-grow\"><li class=\"\" style=\"padding-top: 20px; padding-bottom: 20px;\"> <div class=\"zls-blocks-container\">   <div class=\"zls-blocks zls-fixed-width:950 zls-fs17 zw-word-wrap zls-grid zls-gap20 zls-g-col1\">   <div class=\"zls-tinymce-text-content \" data-placeholder=\"Good products come from good craftsmanship. They come from careful attention to design, from endless rounds of refinement, and iteration. But none of those things come easily.                       \"> <div class=\"css-1m96lhp\"> <div class=\"css-u8svcc\"> <div class=\"copy-length css-0\"> <div class=\"ureact-markdown css-tc5hjw\"> <p class=\"chakra-text css-o3oz8b\">You can get your own copy of the feature prioritization matrix Gabe showed in the video&nbsp;<a class=\"chakra-link css-otuu82\" href=\"https://docs.google.com/spreadsheets/d/12qYb4fS2W99x5mQyWinHgNeMpErpHNbRjBynKVx1Xa8/copy\" target=\"_blank\">by making a copy of this Google sheet</a>&nbsp;or downloading this .xlsx version:&nbsp;<a class=\"chakra-link css-otuu82\" href=\"https://view.officeapps.live.com/op/view.aspx?src=https%3A%2F%2Fvideo.udacity-data.com%2Ftopher%2F2021%2FJuly%2F6100c12d_feature-prioritization-matrix-template%2Ffeature-prioritization-matrix-template.xlsx&amp;wdOrigin=BROWSELINK\" target=\"_blank\">Feature Prioritization Matrix Template</a>.</p> </div> </div> </div> </div> <div class=\"css-1m96lhp\"> <div class=\"css-u8svcc\"> <div class=\"copy-length css-0\"> <div class=\"ureact-markdown css-tc5hjw\"> <h3 class=\"chakra-heading css-1yztwzy\">Choosing Our Weights<span></span></h3> <p class=\"chakra-text css-o3oz8b\">When\r\n we select weights for our columns, there is no hard rule - you should \r\nallow the conversation to organically assign points to criteria. \r\nHowever, you should aim to keep all of the weights within the same \r\nballpark so no single criterion completely dominates the others. One \r\napproach to solve this problem is to choose a fixed number of points and\r\n distribute those points across your criteria.</p> <h3 class=\"chakra-heading css-1yztwzy\">The Math Behind The Score</h3> <p class=\"chakra-text css-o3oz8b\">Ideally,\r\n we\'ll want to be able to use the 1 (low) to 5 (high) for both Values \r\nand Costs. To accomplish this goal, we can transform our scores for our \r\nvalues simply by dividing by the maximum value (5). However, we want our\r\n costs to have the inverse effect - where a high value adds a smaller \r\namount to our score. This adds a little bit of complexity to the score \r\ncomputation, but it avoids negative numbers. By keeping all of our \r\nscores positive, we avoid bias if we\'re building something that has a \r\nvery high relative cost. In other words, decision-makers may use 0 as an\r\n arbitrary threshold and reject any proposed features less than zero. We\r\n can avoid this by transforming our costs by subtracting the score from \r\nthe maximum value (5) before dividing by 5. We can then use these \r\nadjusted scores multiplied by our weight to produce our weighted score. \r\nWe can sum all of these weighted scores to give us our final feature \r\nscore. Although the ranking is mathematically equivalent, it is \r\npsychologically perceived as different!</p> <p class=\"chakra-text css-o3oz8b\">This math is described in the figure below:</p> </div> </div> </div> </div> <div class=\"css-1m96lhp\"> <div class=\"css-u8svcc\">&nbsp;</div> </div> </div>   </div>   </div> </li><li class=\"\" style=\"padding-top: 20px; padding-bottom: 20px;\"> <div class=\"zls-blocks-container\">    <div class=\"zls-blocks-image zw-txt-al-c\">  <img alt=\"images\" src=\"https://download.zoho.com/webdownload?x-service=ZohoLearn&amp;event-id=6352450000000132011&amp;x-cli-msg=%7B%22scopeID%22%3A%226352450000000004002%22%2C%22attachmentItemType%22%3A%22LESSON%22%2C%22isInline%22%3A%22true%22%2C%22courseId%22%3A%226352450000000008045%22%7D\" id=\"6352450000000132011\" style=\"min-height:\'100px\'\">  </div>     </div> </li><li class=\"\" style=\"padding-top: 20px; padding-bottom: 20px;\"> <div class=\"zls-blocks-container\">   <div class=\"zls-blocks zls-fixed-width:950 zls-fs17 zw-word-wrap zls-grid zls-gap20 zls-g-col1\">   <div class=\"zls-tinymce-text-content \" data-placeholder=\"Good products come from good craftsmanship. They come from careful attention to design, from endless rounds of refinement, and iteration. But none of those things come easily.                       \"> <p><em class=\"chakra-text css-o3oz8b\">Use the following matrix to answer the question:</em></p> </div>   </div>   </div> </li><li class=\"\" style=\"padding-top: 20px; padding-bottom: 20px;\"> <div class=\"zls-blocks-container\">    <div class=\"zls-blocks-image zw-txt-al-c\">  <img alt=\"images\" src=\"https://download.zoho.com/webdownload?x-service=ZohoLearn&amp;event-id=6352450000000135001&amp;x-cli-msg=%7B%22scopeID%22%3A%226352450000000004002%22%2C%22attachmentItemType%22%3A%22LESSON%22%2C%22isInline%22%3A%22true%22%2C%22courseId%22%3A%226352450000000008045%22%7D\" id=\"6352450000000135001\" style=\"min-height:\'100px\'\">  </div>     </div> </li></ul>       <p></p><p><br></p><p></p><p></p>'),
(77, 85, 'en', 'Managing MVP Scope', 'Managing MVP Scope', '<p>  </p><div class=\"zls-blocks zls-fixed-width:950 zls-fs17 zw-word-wrap zls-grid zls-gap20 zls-g-col1\">   <div class=\"zls-tinymce-text-content \" data-placeholder=\"Good products come from good craftsmanship. They come from careful attention to design, from endless rounds of refinement, and iteration. But none of those things come easily.                       \"> <div class=\"css-1m96lhp\"> <div class=\"css-u8svcc\"> <div class=\"copy-length css-0\"> <div class=\"ureact-markdown css-tc5hjw\"> <h1 class=\"chakra-heading css-1ank31f\">Managing Minimum Viable Product Scope</h1> </div> </div> </div> </div> <div class=\"css-1m96lhp\"> <div class=\"css-u8svcc\"> <div class=\"copy-length css-0\"> <div class=\"ureact-markdown css-tc5hjw\"> <h2 class=\"chakra-heading css-lb1dt4\">Why Aim for \"Minimum\"?</h2><p><iframe frameborder=\"0\" src=\"//www.youtube.com/embed/PMp0LF7bTHY\" width=\"640\" height=\"360\" class=\"note-video-clip\"></iframe></p><p><br></p><h2 class=\"chakra-heading css-lb1dt4\">Piecemeal MVP</h2><p><iframe frameborder=\"0\" src=\"//www.youtube.com/embed/o-qrH_6S4f0\" width=\"640\" height=\"360\" class=\"note-video-clip\"></iframe></p><p>  </p><div class=\"zls-blocks zls-fixed-width:950 zls-fs17 zw-word-wrap zls-grid zls-gap20 zls-g-col1\">   <div class=\"zls-tinymce-text-content \" data-placeholder=\"Good products come from good craftsmanship. They come from careful attention to design, from endless rounds of refinement, and iteration. But none of those things come easily.                       \"> <h3 class=\"chakra-heading css-1yztwzy\">Piecemeal Isn\'t Forever</h3> <p class=\"chakra-text css-o3oz8b\">When implementing a&nbsp;<em class=\"chakra-text css-o3oz8b\">piecemeal</em>&nbsp;strategy, it is important to realize these decisions are not permanent. Instead, we\'re trying to build as little as we can&nbsp;<em class=\"chakra-text css-o3oz8b\">today</em>&nbsp;to\r\n justify investment in the weeks to come. Although we\'ll be investing \r\nless money up front, these services usually will cost more after launch.</p> <p class=\"chakra-text css-o3oz8b\">At\r\n some point, if the product is successful, your company might try to \r\noptimize profit by building some services that were previously \r\noutsourced to a vendor. As a product gains traction, you might outgrow a\r\n hacked-together solution and need more customized systems. For example,\r\n you might need a specific weather model for a high-value customer.</p> <p class=\"chakra-text css-o3oz8b\">In\r\n sum, you might hack together a solution using piecemeal off-the-shelf \r\nparts today, and then revisit the investment decision later after the \r\nproduct as a whole has been de-risked.</p> <p class=\"chakra-text css-o3oz8b\">&nbsp;</p> <h2 class=\"chakra-heading css-lb1dt4\">Concierge MVP</h2> </div>   </div>  <iframe frameborder=\"0\" src=\"//www.youtube.com/embed/5vhkxe2SNy0\" width=\"640\" height=\"360\" class=\"note-video-clip\"></iframe><p><br></p><p> </p><div class=\"zls-blocks-container\">   <div class=\"zls-blocks zls-fixed-width:950 zls-fs17 zw-word-wrap zls-grid zls-gap20 zls-g-col1\">   <div class=\"zls-tinymce-text-content \" data-placeholder=\"Good products come from good craftsmanship. They come from careful attention to design, from endless rounds of refinement, and iteration. But none of those things come easily.                       \"> <h3 class=\"chakra-heading css-1yztwzy\">Concierge is Hard</h3> <p class=\"chakra-text css-o3oz8b\">Before jumping into a&nbsp;<em class=\"chakra-text css-o3oz8b\">concierge</em>&nbsp;MVP\r\n consider if the solution can be achieved by a human. The example of a \r\ntrip interruption advisor still might need some technology built to \r\naccomplish the task. For example, they will need to have some interface \r\nto see flight statuses or weather. The key here is that it is easier to \r\nbuild a complex interface and train a human to interpret the information\r\n than it is to build a simple interface and train a machine to interpret\r\n information for our user.<span></span></p> </div>   </div>   </div>      </div> </div> </div> </div> </div>   </div>'),
(78, 86, 'en', 'Lesson Review', 'Lesson Review', '<p><iframe frameborder=\"0\" src=\"//www.youtube.com/embed/K55WJSOXedY\" width=\"640\" height=\"360\" class=\"note-video-clip\"></iframe></p><p> </p><div class=\"zls-blocks-container\">   <div class=\"zls-blocks zls-fixed-width:950 zls-fs17 zw-word-wrap zls-grid zls-gap20 zls-g-col1\">   <div class=\"zls-tinymce-text-content \" data-placeholder=\"Good products come from good craftsmanship. They come from careful attention to design, from endless rounds of refinement, and iteration. But none of those things come easily.                       \"> <h2 class=\"chakra-heading css-lb1dt4\">What we\'ve learned</h2> <ul class=\"css-19qh3zo\"><li class=\"css-cvpopp\">A technique called&nbsp;<strong>Affinity Mapping</strong>&nbsp;for taking research and promoting themes on which to focus our efforts.</li><li class=\"css-cvpopp\">Structured opportunity definition using the&nbsp;<strong>How Might We</strong>&nbsp;style question prompt.</li><li class=\"css-cvpopp\">Techniques to Ideate when we have creativity block including&nbsp;<strong>Crazy-8</strong>&nbsp;Sketching,&nbsp;<strong>Bad Idea</strong>&nbsp;Sketching, and&nbsp;<strong>Combinatorics</strong>.</li><li class=\"css-cvpopp\">How to ask good questions to engineers to understand&nbsp;<strong>feature scope</strong>.</li><li class=\"css-cvpopp\">Techniques for prioritizing features for qualitative (<strong>Quadrants</strong>) and quantitative (<strong>Matrix</strong>) stakeholders.</li><li class=\"css-cvpopp\">What a&nbsp;<strong>Minimum Viable Product</strong>&nbsp;is and why it\'s a good thing to build</li></ul> <h2 class=\"chakra-heading css-lb1dt4\">What we\'ll learn next:&nbsp;<strong>User Interface Principles</strong></h2> <ul class=\"css-19qh3zo\"><li class=\"css-cvpopp\">Common design patterns for mobile and web application interfaces.</li><li class=\"css-cvpopp\">How much detail we need in order to collect information on product value.</li><li class=\"css-cvpopp\">Ways we can improve the accessibility of our designs so they\'re usable for more people, including people with disabilities.</li></ul> </div>   </div>   </div>'),
(79, 87, 'en', 'What is a User Interface?', 'What is a User Interface?', '<div class=\"css-1m96lhp\"> <div class=\"css-u8svcc\"> <div class=\"copy-length css-0\"> <div class=\"ureact-markdown css-tc5hjw\"> <h1 class=\"chakra-heading css-1ank31f\">What is a User Interface (UI)?</h1> <p class=\"chakra-text css-o3oz8b\">A&nbsp;<strong>User Interface (UI)</strong>&nbsp;is a way in which a user can interact with a product. In our context, we\'re talking about&nbsp;<em class=\"chakra-text css-o3oz8b\">digital</em>&nbsp;interfaces—specifically,\r\n digitally interfaces for mobile apps (that run on smartphones) or web \r\napps (that typically run in a web browser).</p><p class=\"chakra-text css-o3oz8b\"><iframe frameborder=\"0\" src=\"//www.youtube.com/embed/jJwoyP4iETA\" width=\"640\" height=\"360\" class=\"note-video-clip\"></iframe></p><p class=\"chakra-text css-o3oz8b\">  </p><div class=\"zls-blocks zls-fixed-width:950 zls-fs17 zw-word-wrap zls-grid zls-gap20 zls-g-col1\">   <div class=\"zls-tinymce-text-content \" data-placeholder=\"Good products come from good craftsmanship. They come from careful attention to design, from endless rounds of refinement, and iteration. But none of those things come easily.                       \"> <div class=\"css-1m96lhp\"> <div class=\"css-u8svcc\"> <div class=\"copy-length css-0\"> <div class=\"ureact-markdown css-tc5hjw\"> <p class=\"chakra-text css-o3oz8b\">To build a strong UI, we start by considering the problems and insights we\'ve learned from our&nbsp;<em class=\"chakra-text css-o3oz8b\">research synthesis</em>. We then build \"realistic solutions\" which the user would be able to interact with to solve their problems.</p> <p class=\"chakra-text css-o3oz8b\">As we\'re building interfaces, we often have additional&nbsp;<strong>design constraints</strong>—things that limit what we can implement.</p> <blockquote class=\"css-12m1603\"> <p class=\"chakra-text css-o3oz8b\">A&nbsp;<strong>design constraint</strong>&nbsp;is a characteristic of the interface that limits what we can implement.</p> </blockquote> <p class=\"chakra-text css-o3oz8b\">These include things like the&nbsp;<em class=\"chakra-text css-o3oz8b\">device type</em>&nbsp;and thus the&nbsp;<em class=\"chakra-text css-o3oz8b\">screen characteristics</em>.\r\n For example, it is very different designing an interface where the user\r\n taps on a small iPhone screen than it is designing an interface where a\r\n user clicks around on a large desktop monitor.</p> <p class=\"chakra-text css-o3oz8b\">Thus,\r\n the optimal design solution for a particular interface may depend on \r\nthe particular constraints we\'re dealing with. Fortunately, there are \r\nalready many known&nbsp;<em class=\"chakra-text css-o3oz8b\">design patterns</em>&nbsp;out there.</p> <blockquote class=\"css-12m1603\"> <p class=\"chakra-text css-o3oz8b\">A&nbsp;<strong>design pattern</strong>&nbsp;is a general solution that can be applied to a particular type of problem.</p> </blockquote> <p class=\"chakra-text css-o3oz8b\">Design\r\n patterns for many common design constraints have already been worked \r\nout. In this lesson, we\'ll explore design patterns that make sense for \r\nboth of the application types we described above (both mobile and \r\ndesktop interfaces).</p> </div> </div> </div> </div> <div class=\"css-1m96lhp\"> <div class=\"css-u8svcc\"> <div class=\"copy-length css-0\"> <div class=\"ureact-markdown css-tc5hjw\"> <h2 class=\"chakra-heading css-lb1dt4\">UX vs UI vs UX/UI</h2> <p class=\"chakra-text css-o3oz8b\">We\'re\r\n crossing an important boundary at this stage. Up until now, we\'ve been \r\nbuilding an understanding, making key decisions about our design \r\nstrategy, and trying to figure out which features are most valuable to \r\nour users. We\'ve been talking about our product in an abstract way that \r\nmight not even be software.</p> <p class=\"chakra-text css-o3oz8b\">In other words, we\'ve been focusing on the&nbsp;<strong>User Experience (UX)</strong>&nbsp;of\r\n our product. UX is a critical skill to build as a designer. It focuses \r\non answering the \"why\" of building a specific product. Mastery of UX \r\nskills will yield high impact on the products you ship.</p> <p class=\"chakra-text css-o3oz8b\">But now we\'ll be focusing on the \"what\". The&nbsp;<strong>User Interface (UI)</strong>&nbsp;is\r\n how we\'ll solve the problems we know we need based on our UX research. \r\nThe UI we\'re describing assumes we\'re building a digital software \r\nproduct. It focuses on layouts, pixels, and user flows.</p> <p class=\"chakra-text css-o3oz8b\">UI is also important to building successful products, as without it users will not enjoy what you build.</p> <p class=\"chakra-text css-o3oz8b\">In practice as a designer, you\'ll often find yourself gravitating towards UX&nbsp;<strong>or</strong>&nbsp;UI\r\n depending on your skills, interest, and your team\'s needs. However, in \r\nmany companies, you\'ll find these roles are blurred together into a \r\nUX/UI designer who is responsible for the total user experience.</p> </div> </div> </div> </div> <div class=\"css-1m96lhp\"> <div class=\"css-u8svcc\"> <div class=\"copy-length css-0\"> <div class=\"ureact-markdown css-tc5hjw\"> <h2 class=\"chakra-heading css-lb1dt4\">Lesson Overview</h2> <p class=\"chakra-text css-o3oz8b\">In this lesson, we\'ll be learning&nbsp;<em class=\"chakra-text css-o3oz8b\"><strong>User Interface (UI)</strong></em>&nbsp;principles, including:</p> <ul class=\"css-19qh3zo\"><li class=\"css-cvpopp\">Common design patterns for mobile and web application interfaces.</li><li class=\"css-cvpopp\">How much detail we need in order to collect information on product value.</li><li class=\"css-cvpopp\">Ways we can improve the accessibility of our designs so they\'re usable for more people, including people with disabilities.</li></ul> </div> </div> </div> </div> </div>   </div>   </div> </div> </div> </div><p></p>'),
(80, 88, 'en', 'Understanding Fidelity', 'Understanding Fidelity', '<p><iframe frameborder=\"0\" src=\"//www.youtube.com/embed/kWkcCf9PBWc\" width=\"640\" height=\"360\" class=\"note-video-clip\"></iframe></p><ul class=\"zls-ul-reset zls-blocks-wrapper zw-fl-grow\"><li class=\"\" style=\"padding-top: 20px; padding-bottom: 20px;\"> <div class=\"zls-blocks-container\">   <div class=\"zls-blocks zls-fixed-width:950 zls-fs17 zw-word-wrap zls-grid zls-gap20 zls-g-col1\">   <div class=\"zls-tinymce-text-content \" data-placeholder=\"Good products come from good craftsmanship. They come from careful attention to design, from endless rounds of refinement, and iteration. But none of those things come easily.                       \"> <h2 class=\"chakra-heading css-lb1dt4\">Leaving Out Information</h2> <p class=\"chakra-text css-o3oz8b\">Every\r\n piece of information that is included in a prototype requires a \r\ndecision. If you later change your mind, you\'ll need to go through the \r\ndesign and make changes to these elements throughout your prototype. \r\nInstead, at this phase of design you\'ll want to move fast. Leaving out \r\nsome more detailed information will allow you to design for the bigger \r\npicture without spending too much time on details for screens that may \r\nnot even end up in your prototype. Some things you should consider \r\nomitting from your design at this stage are:</p> <ul class=\"css-19qh3zo\"><li class=\"css-cvpopp\"><strong>Color</strong>&nbsp;–\r\n It\'s often best to design in black and white first. You\'ll usually find\r\n yourself fixating on how colors work together or if they are on-brand \r\nfor your company. If you don\'t use color, you don\'t have these problems.</li><li class=\"css-cvpopp\"><strong>Fake or Real Data</strong>&nbsp;–\r\n It takes time to think of fake company names or wrangle example data \r\ninto a format that you can use in designs. You might find yourself \r\ntrying to come up with realistic information for things like names or \r\ngraphs only to find you don\'t need that information.</li><li class=\"css-cvpopp\"><strong>Animation</strong>&nbsp;–\r\n Animations are a great way to provide feedback to users and optimize a \r\nUI. But at this stage we\'re not optimizing—we\'re building a baseline—and\r\n animations take time to perfect.</li></ul> <h2 class=\"chakra-heading css-lb1dt4\">Communicating Fidelity</h2> <p class=\"chakra-text css-o3oz8b\">When\r\n you discuss fidelity with stakeholders, it is critical that you clearly\r\n communicate what you\'ll be delivering. It is not enough to simply state\r\n that you\'re \"working on a Low-Fidelity prototype\". Even worse, the \r\nphrase \"Low-Fidelity\" is often shortened to&nbsp;<strong>Lo-Fi</strong>. This\r\n could mean different things to different people—and they may be \r\ndisappointed if the resulting designs are simple shapes with limited \r\ncolor.</p> <p class=\"chakra-text css-o3oz8b\">To avoid such issues, focus\r\n on communicating why you\'re choosing to work in low-fidelity and what \r\nthe output may look like before you jump into the design. It is \r\nimportant to explain to stakeholders that although outputs might look \r\nsimple, it is often the case that the version they\'re seeing went \r\nthrough many rounds of iteration and refinement, all of which was \r\npossible&nbsp;<em class=\"chakra-text css-o3oz8b\">because</em>&nbsp;of the chosen fidelity.</p> </div>   </div>   </div> </li><li class=\"\" style=\"padding-top: 20px; padding-bottom: 20px;\"> <div class=\"zls-blocks-container\">   <div class=\"zls-blocks zls-fixed-width:950 zls-fs17 zw-word-wrap zls-grid zls-gap20 zls-g-col1\">   <div class=\"zls-tinymce-text-content \" data-placeholder=\"Good products come from good craftsmanship. They come from careful attention to design, from endless rounds of refinement, and iteration. But none of those things come easily.                       \"> <h2 class=\"chakra-heading css-lb1dt4\">Form Factors</h2><p><iframe frameborder=\"0\" src=\"//www.youtube.com/embed/Hb08HGZxY0Q\" width=\"640\" height=\"360\" class=\"note-video-clip\"></iframe></p><p>  </p><div class=\"zls-blocks zls-fixed-width:950 zls-fs17 zw-word-wrap zls-grid zls-gap20 zls-g-col1\">   <div class=\"zls-tinymce-text-content \" data-placeholder=\"Good products come from good craftsmanship. They come from careful attention to design, from endless rounds of refinement, and iteration. But none of those things come easily.                       \"> <h2 class=\"chakra-heading css-lb1dt4\">Form Factors and Screens</h2> <p class=\"chakra-text css-o3oz8b\">Most commonly, we\'ll be designing digital products for&nbsp;<em class=\"chakra-text css-o3oz8b\">screens</em>. It may seem obvious, but let\'s think about what that really means.</p> <blockquote class=\"css-12m1603\"> <p class=\"chakra-text css-o3oz8b\">A&nbsp;<strong>screen</strong>&nbsp;is a device that is composed of small elements that produce colored light. Those elements are called&nbsp;<a class=\"chakra-link css-otuu82\" href=\"https://en.wikipedia.org/wiki/Pixel\" target=\"_blank\">pixels</a>. There are a finite number of pixels on a screen—and the number of pixels is known as the&nbsp;<em class=\"chakra-text css-o3oz8b\">resolution</em>.</p> <p class=\"chakra-text css-o3oz8b\">Be\r\n aware that smaller screens don’t always mean lower resolutions. \r\nCellphone screens may be physically smaller, but the pixel density on \r\nsome of these screens is quite high, rivaling the number of pixels found\r\n in some large format TVs!</p> </blockquote> <p class=\"chakra-text css-o3oz8b\">As\r\n you’re choosing a form factor for low-fidelity prototypes it’s \r\nimportant to try to answer the question, \"Which screen will a majority \r\nof my users be using?”. You’ll find in practice that there are many \r\ndifferent screens, but you should start designing for the most \r\ncommon—and then you can tweak and tune your designs later.</p> </div>   </div>   </div>   </div>  </div></li></ul><p></p>'),
(81, 89, 'en', 'Finding Design Inspiration', 'Finding Design Inspiration', '<p><h2 class=\"chakra-heading css-lb1dt4\">Searching for UI Elements</h2><p><iframe frameborder=\"0\" src=\"//www.youtube.com/embed/_lnZmXz5hBM\" width=\"640\" height=\"360\" class=\"note-video-clip\"></iframe></p><p>  </p><div class=\"zls-blocks zls-fixed-width:950 zls-fs17 zw-word-wrap zls-grid zls-gap20 zls-g-col1\">   <div class=\"zls-tinymce-text-content \" data-placeholder=\"Good products come from good craftsmanship. They come from careful attention to design, from endless rounds of refinement, and iteration. But none of those things come easily.                       \"> <h4 class=\"chakra-heading css-xozg3x\">Share your work!</h4> <p class=\"chakra-text css-o3oz8b\">As\r\n you build a portfolio and a personal brand as a designer, you\'ll want \r\nto consider using some of the sites mentioned in the video (like&nbsp;<a class=\"chakra-link css-otuu82\" href=\"https://dribbble.com/\" target=\"_blank\">dribble</a>&nbsp;or&nbsp;<a class=\"chakra-link css-otuu82\" href=\"https://behance.net/\" target=\"_blank\">behance</a>)\r\n to share your work with potential employers. These networks are great \r\nnot only for finding inspiration, but also for sharing inspiration. The \r\ndesign community is welcoming and offers a ton of opportunity to \r\nhighlight your skills as you build them!</p> <p class=\"chakra-text css-o3oz8b\">&nbsp;</p> <h2 class=\"chakra-heading css-lb1dt4\">Design Frameworks</h2> </div>   </div>  <iframe frameborder=\"0\" src=\"//www.youtube.com/embed/LeF280WL1YE\" width=\"640\" height=\"360\" class=\"note-video-clip\"></iframe><p><br></p><p> </p></p><div class=\"zls-blocks-container\">   <div class=\"zls-blocks zls-fixed-width:950 zls-fs17 zw-word-wrap zls-grid zls-gap20 zls-g-col1\">   <div class=\"zls-tinymce-text-content \" data-placeholder=\"Good products come from good craftsmanship. They come from careful attention to design, from endless rounds of refinement, and iteration. But none of those things come easily.                       \"> <h4 class=\"chakra-heading css-xozg3x\">Choosing a Design Framework<span></span></h4> <p class=\"chakra-text css-o3oz8b\">In this video, Gabe introduces&nbsp;<a class=\"chakra-link css-otuu82\" href=\"https://material-ui.com/\" target=\"_blank\">material-ui.com</a>. However, this is far from the only option. There are many popular and well-maintained UI libraries to choose from (<a class=\"chakra-link css-otuu82\" href=\"https://www.skysilk.com/blog/2018/6-best-css-frameworks-2019/\" target=\"_blank\">here are six popular examples</a>).\r\n Before you design, you should have a conversation with your engineers \r\nabout which framework would work best with the team\'s technical \r\ncapabilities—and share which framework you think has the best components\r\n for your project.</p> </div>   </div>   </div>             <p><p></p></p>');
INSERT INTO `text_lesson_translations` (`id`, `text_lesson_id`, `locale`, `title`, `summary`, `content`) VALUES
(82, 90, 'en', 'Layouts', 'Layouts', '<h2 class=\"chakra-heading css-lb1dt4\">Fixed Menu Layouts</h2><p><iframe frameborder=\"0\" src=\"//www.youtube.com/embed/I2OznwmvwPE\" width=\"640\" height=\"360\" class=\"note-video-clip\"></iframe></p><h2 class=\"chakra-heading css-lb1dt4\">Grid Systems</h2><p><iframe frameborder=\"0\" src=\"//www.youtube.com/embed/YH6Wl6ZaIvg\" width=\"640\" height=\"360\" class=\"note-video-clip\"></iframe></p><p><br></p><ul class=\"zls-ul-reset zls-blocks-wrapper zw-fl-grow\"><li class=\"\" style=\"padding-top: 20px; padding-bottom: 20px;\"> <div class=\"zls-blocks-container\">   <div class=\"zls-blocks zls-fixed-width:950 zls-fs17 zw-word-wrap zls-grid zls-gap20 zls-g-col1\">   <div class=\"zls-tinymce-text-content \" data-placeholder=\"Good products come from good craftsmanship. They come from careful attention to design, from endless rounds of refinement, and iteration. But none of those things come easily.                       \"> <p>Use this graphic to complete the exercise below:</p> </div>   </div>   </div> </li><li class=\"\" style=\"padding-top: 20px; padding-bottom: 20px;\"> <div class=\"zls-blocks-container\">    <div class=\"zls-blocks-image zw-txt-al-c\">  <img alt=\"images\" src=\"https://download.zoho.com/webdownload?x-service=ZohoLearn&amp;event-id=6352450000000132013&amp;x-cli-msg=%7B%22scopeID%22%3A%226352450000000004002%22%2C%22attachmentItemType%22%3A%22LESSON%22%2C%22isInline%22%3A%22true%22%2C%22courseId%22%3A%226352450000000008045%22%7D\" id=\"6352450000000132013\" style=\"min-height:\'100px\'\">  </div>     </div> </li><li class=\"\" style=\"padding-top: 20px; padding-bottom: 20px;\"> <div class=\"zls-blocks-container\">   <div class=\"zls-blocks zls-fixed-width:950 zls-fs17 zw-word-wrap zls-grid zls-gap20 zls-g-col1\">   <div class=\"zls-tinymce-text-content \" data-placeholder=\"Good products come from good craftsmanship. They come from careful attention to design, from endless rounds of refinement, and iteration. But none of those things come easily.                       \"> <h2 class=\"chakra-heading css-lb1dt4\">Responsive Design</h2><p><iframe frameborder=\"0\" src=\"//www.youtube.com/embed/05mgSw4GkkY\" width=\"640\" height=\"360\" class=\"note-video-clip\"></iframe></p><p><br></p><ul class=\"zls-ul-reset zls-blocks-wrapper zw-fl-grow\"><li class=\"\" style=\"padding-top: 20px; padding-bottom: 20px;\"> <div class=\"zls-blocks-container\">   <div class=\"zls-blocks zls-fixed-width:950 zls-fs17 zw-word-wrap zls-grid zls-gap20 zls-g-col1\">   <div class=\"zls-tinymce-text-content \" data-placeholder=\"Good products come from good craftsmanship. They come from careful attention to design, from endless rounds of refinement, and iteration. But none of those things come easily.                       \"> <h3 class=\"chakra-heading css-1yztwzy\">Aspect Ratios</h3> <p class=\"chakra-text css-o3oz8b\">Most commonly, we’ll be talking about aspect ratios as&nbsp;<em class=\"chakra-text css-o3oz8b\">landscape</em>&nbsp;or&nbsp;<em class=\"chakra-text css-o3oz8b\">portrait</em>.&nbsp;<strong>Landscape</strong>&nbsp;is when width (in pixels) is greater than the height (like when you hold your phone horizontally).&nbsp;<strong>Portrait</strong>&nbsp;is\r\n the opposite—when the height is greater than the width (like when you \r\nhold your phone vertically). We can also have cases where we’re \r\ndesigning for&nbsp;<strong>squares</strong>&nbsp;(like an Apple Watch), but this is less common.</p> <p class=\"chakra-text css-o3oz8b\">If you want to dive into this topic further, the&nbsp;<a class=\"chakra-link css-otuu82\" href=\"https://en.wikipedia.org/wiki/Aspect_ratio\" target=\"_blank\">Wikipedia article on aspect ratios</a>&nbsp;is a solid resource.</p> <h3 class=\"chakra-heading css-1yztwzy\">Responsive Break Points</h3> <p class=\"chakra-text css-o3oz8b\">We need to specify when design layouts change for different screen sizes. We can do this by specifying&nbsp;<strong>Break Points</strong>. These are pixel values where our design will switch to a different layout.</p> <blockquote class=\"css-12m1603\"> <p class=\"chakra-text css-o3oz8b\">A&nbsp;<strong>responsive break point</strong>&nbsp;is a pixel value where the design switches to a different layout.</p> </blockquote> <p class=\"chakra-text css-o3oz8b\">If you want to learn more about responsive break points, check out&nbsp;<a class=\"chakra-link css-otuu82\" href=\"https://ricostacruz.com/til/css-media-query-breakpoints\" target=\"_blank\">this blog post</a>&nbsp;from designer&nbsp;<a class=\"chakra-link css-otuu82\" href=\"https://ricostacruz.com/\" target=\"_blank\">Rico Sta. Cruz</a>.</p> <p class=\"chakra-text css-o3oz8b\">&nbsp;</p> <div class=\"css-1m96lhp\"> <div class=\"css-u8svcc\"> <div class=\"copy-length css-0\"> <div class=\"ureact-markdown css-tc5hjw\"> <h2 class=\"chakra-heading css-lb1dt4\">Grid System in Material-UI</h2> <p class=\"chakra-text css-o3oz8b\">The&nbsp;<em class=\"chakra-text css-o3oz8b\">Material UI</em>&nbsp;design\r\n system has built-in components to help you achieve the layout you\'re \r\nafter. Take a look at the Grid system documentation&nbsp;<a class=\"chakra-link css-otuu82\" href=\"https://material-ui.com/components/grid/\" target=\"_blank\">here</a>.</p> <blockquote class=\"css-12m1603\"> <p class=\"chakra-text css-o3oz8b\"><strong>Note:</strong>&nbsp;This\r\n is a technical document for developers. If you\'re not an engineer, \r\ndon\'t worry about the code‚—just focus on the interactive demonstrations\r\n of the components and component properties!</p> </blockquote> </div> </div> </div> </div> <div class=\"css-1m96lhp\"> <div class=\"css-u8svcc\"> <div class=\"copy-length css-0\"> <div class=\"ureact-markdown css-tc5hjw\"> <h2 class=\"chakra-heading css-lb1dt4\">&nbsp;</h2> <h2 class=\"chakra-heading css-lb1dt4\">&nbsp;</h2> <h2 class=\"chakra-heading css-lb1dt4\">Sketch Our App\'s Layout</h2><p><iframe frameborder=\"0\" src=\"//www.youtube.com/embed/-6wSGxFy62U\" width=\"640\" height=\"360\" class=\"note-video-clip\"></iframe><br></p> </div> </div> </div> </div> </div>   </div>   </div> </li><li class=\"\" style=\"padding-top: 20px; padding-bottom: 20px;\"> <div class=\"zls-blocks-container\">  <div class=\"zls-blocks-video zw-pos-re zw-index-none \">   <div class=\"zls-iframe-wrapper zls-video-element\">    </div>    </div></div><br></li></ul><p></p> </div>   </div>  </div></li></ul><p></p><p></p><p></p>'),
(83, 91, 'en', 'Outputs', 'Outputs', '<p><h2 class=\"chakra-heading css-lb1dt4\">Information In Low-Fidelity</h2><p><iframe frameborder=\"0\" src=\"//www.youtube.com/embed/YihF6IgvWQE\" width=\"640\" height=\"360\" class=\"note-video-clip\"></iframe></p><h2 class=\"chakra-heading css-lb1dt4\">Examples of Lo-Fi Information</h2><p><iframe frameborder=\"0\" src=\"//www.youtube.com/embed/1OGRkEnFtAU\" width=\"640\" height=\"360\" class=\"note-video-clip\"></iframe></p><p><br></p><p>  </p><div class=\"zls-blocks zls-fixed-width:950 zls-fs17 zw-word-wrap zls-grid zls-gap20 zls-g-col1\">   <div class=\"zls-tinymce-text-content \" data-placeholder=\"Good products come from good craftsmanship. They come from careful attention to design, from endless rounds of refinement, and iteration. But none of those things come easily.                       \"> <div class=\"css-1m96lhp\"> <div class=\"css-u8svcc\"> <div class=\"copy-length css-0\"> <div class=\"ureact-markdown css-tc5hjw\"> <h2 class=\"chakra-heading css-lb1dt4\">Output in Material-UI</h2> <p class=\"chakra-text css-o3oz8b\">The\r\n Material UI design system has built-in components to help you implement\r\n text and outputs. However, keep in mind these examples are&nbsp;<strong>NOT</strong>&nbsp;lo-fi, but quite detailed. You can read in more detail about typography and outputs&nbsp;<a class=\"chakra-link css-otuu82\" href=\"https://material-ui.com/components/typography/\" target=\"_blank\">here</a></p> <blockquote class=\"css-12m1603\"> <p class=\"chakra-text css-o3oz8b\">REMEMBER:\r\n This is a technical document for developers. If you\'re not an engineer,\r\n don\'t worry about the code and focus on the interactive demonstrations \r\nof the components and component properties!</p> </blockquote> </div> </div> </div> </div> <div class=\"css-1m96lhp\"> <div class=\"css-u8svcc\"> <div class=\"copy-length css-0\"> <div class=\"ureact-markdown css-tc5hjw\"> <h2 class=\"chakra-heading css-lb1dt4\">&nbsp;</h2> <h2 class=\"chakra-heading css-lb1dt4\">&nbsp;</h2> <h2 class=\"chakra-heading css-lb1dt4\">Sketch Our App\'s Layout</h2> </div> </div> </div> </div> </div>   </div>  <iframe frameborder=\"0\" src=\"//www.youtube.com/embed/WzxLGpqDqs4\" width=\"640\" height=\"360\" class=\"note-video-clip\"></iframe><p></p><p></p></p>'),
(84, 92, 'en', 'Controls', 'Controls', '<p><p><h2 class=\"chakra-heading css-lb1dt4\">Links</h2><p><iframe frameborder=\"0\" src=\"//www.youtube.com/embed/YTqR-k_iSHQ\" width=\"640\" height=\"360\" class=\"note-video-clip\"></iframe></p><p>  </p><div class=\"zls-blocks zls-fixed-width:950 zls-fs17 zw-word-wrap zls-grid zls-gap20 zls-g-col1\">   <div class=\"zls-tinymce-text-content \" data-placeholder=\"Good products come from good craftsmanship. They come from careful attention to design, from endless rounds of refinement, and iteration. But none of those things come easily.                       \"> <div class=\"css-1m96lhp\"> <div class=\"css-u8svcc\"> <div class=\"copy-length css-0\"> <div class=\"ureact-markdown css-tc5hjw\"> <h3 class=\"chakra-heading css-1yztwzy\">Links are Fundamental</h3> <p class=\"chakra-text css-o3oz8b\">Links\r\n may represent one of the most fundamental design controls. They have \r\nexisted since the beginning of what we know as the internet. In fact, \r\nthe first published website was created by CERN in 1991 and can still be\r\n accessed&nbsp;<a class=\"chakra-link css-otuu82\" href=\"http://info.cern.ch/hypertext/WWW/TheProject.html\" target=\"_blank\">here</a>. Even this historic site introduced links to navigate pages.</p> <p class=\"chakra-text css-o3oz8b\">When\r\n designing, you\'ll want to tap into someone\'s trained behaviors so you \r\ndon\'t need to teach new skills. With nearly 30 years under its belt, \r\nthe&nbsp;<em class=\"chakra-text css-o3oz8b\">link</em>&nbsp;certainly fits this criteria!</p> </div> </div> </div> </div> <div class=\"css-1m96lhp\"> <div class=\"css-u8svcc\"> <div class=\"copy-length css-0\"> <div class=\"ureact-markdown css-tc5hjw\"> <h1 class=\"chakra-heading css-1ank31f\">&nbsp;</h1> <h1 class=\"chakra-heading css-1ank31f\">&nbsp;</h1> <h1 class=\"chakra-heading css-1ank31f\">Buttons</h1> </div> </div> </div> </div> <div class=\"css-1m96lhp\"> <div class=\"css-u8svcc\"> <div class=\"copy-length css-0\"> <div class=\"ureact-markdown css-tc5hjw\"> <h2 class=\"chakra-heading css-lb1dt4\">&nbsp;</h2> <h2 class=\"chakra-heading css-lb1dt4\">Text Buttons</h2> </div> </div> </div> </div> </div>   </div>  <iframe frameborder=\"0\" src=\"//www.youtube.com/embed/6uUHXobAU0k\" width=\"640\" height=\"360\" class=\"note-video-clip\"></iframe><p><br></p></p><h2 class=\"chakra-heading css-lb1dt4\">Icon Buttons</h2><p><iframe frameborder=\"0\" src=\"//www.youtube.com/embed/xSXDcCvSRiQ\" width=\"640\" height=\"360\" class=\"note-video-clip\"></iframe></p><p>  </p><div class=\"zls-blocks zls-fixed-width:950 zls-fs17 zw-word-wrap zls-grid zls-gap20 zls-g-col1\">   <div class=\"zls-tinymce-text-content \" data-placeholder=\"Good products come from good craftsmanship. They come from careful attention to design, from endless rounds of refinement, and iteration. But none of those things come easily.                       \"> <h2 class=\"chakra-heading css-lb1dt4\">Using Icon Libraries</h2> <p class=\"chakra-text css-o3oz8b\">At\r\n this stage of design, you\'re experimenting. Unless you\'re highly \r\nproficient in graphic arts (I\'m not) it will probably take you a bit of \r\ntime to draw icons to represent your desired actions. Even if you are \r\nhighly proficient, you\'ll often find standardized buttons perform better\r\n for certain actions, since the user will know how to interpret the \r\ngraphic. Thankfully, there are many open-source icon libraries we can \r\nfall back on to download icons as we\'re exploring our interface:</p> <ul class=\"css-19qh3zo\"><li class=\"css-cvpopp\">Google Material Icons:&nbsp;<a class=\"chakra-link css-otuu82\" href=\"https://material.io/resources/icons/\" target=\"_blank\">https://material.io/resources/icons/</a></li><li class=\"css-cvpopp\">Ion Icons:&nbsp;<a class=\"chakra-link css-otuu82\" href=\"https://ionicons.com/\" target=\"_blank\">https://ionicons.com/</a></li><li class=\"css-cvpopp\">Font Awesome:&nbsp;<a class=\"chakra-link css-otuu82\" href=\"https://fontawesome.com/icons\" target=\"_blank\">https://fontawesome.com/icons</a></li></ul> <p>&nbsp;</p> <div class=\"css-1m96lhp\"> <div class=\"css-u8svcc\"> <div class=\"copy-length css-0\"> <div class=\"ureact-markdown css-tc5hjw\"> <h2 class=\"chakra-heading css-lb1dt4\">&nbsp;</h2> <h2 class=\"chakra-heading css-lb1dt4\">Controls in Material-UI</h2> <p class=\"chakra-text css-o3oz8b\">The\r\n Material UI design system has built-in components to help you implement\r\n navigation and controls. You can start by looking at the&nbsp;<a class=\"chakra-link css-otuu82\" href=\"https://material-ui.com/components/links/\" target=\"_blank\">link</a>&nbsp;component and then explore the more complex&nbsp;<a class=\"chakra-link css-otuu82\" href=\"https://material-ui.com/components/buttons/\" target=\"_blank\">button</a>&nbsp;component.</p> <blockquote class=\"css-12m1603\"> <p class=\"chakra-text css-o3oz8b\">REMEMBER:\r\n This is a technical document for developers. If you\'re not an engineer,\r\n don\'t worry about the code—just focus on the interactive demonstrations\r\n of the components and component properties!</p> </blockquote> </div> </div> </div> </div> <div class=\"css-1m96lhp\"> <div class=\"css-u8svcc\"> <div class=\"copy-length css-0\"> <div class=\"ureact-markdown css-tc5hjw\"> <h2 class=\"chakra-heading css-lb1dt4\">&nbsp;</h2> <h2 class=\"chakra-heading css-lb1dt4\">&nbsp;</h2> <h2 class=\"chakra-heading css-lb1dt4\">Controls — Sketch Our App\'s Layout</h2> </div> </div> </div> </div> </div>   </div>  <iframe frameborder=\"0\" src=\"//www.youtube.com/embed/8pFMwHMuB0M\" width=\"640\" height=\"360\" class=\"note-video-clip\"></iframe><p><p></p></p></p>'),
(85, 93, 'en', 'Views', 'Views', '<h2 class=\"chakra-heading css-lb1dt4\">Navigation Stack</h2><p><iframe frameborder=\"0\" src=\"//www.youtube.com/embed/xSQ7lmmbdGE\" width=\"640\" height=\"360\" class=\"note-video-clip\"></iframe></p><h2 class=\"chakra-heading css-lb1dt4\">Modals</h2><p><iframe frameborder=\"0\" src=\"//www.youtube.com/embed/dmu1h_nRJuY\" width=\"640\" height=\"360\" class=\"note-video-clip\"></iframe></p><p> </p><div class=\"zls-blocks-container\">   <div class=\"zls-blocks zls-fixed-width:950 zls-fs17 zw-word-wrap zls-grid zls-gap20 zls-g-col1\">   <div class=\"zls-tinymce-text-content \" data-placeholder=\"Good products come from good craftsmanship. They come from careful attention to design, from endless rounds of refinement, and iteration. But none of those things come easily.                       \"> <h2 class=\"chakra-heading css-lb1dt4\">Modals in Material-UI</h2> <p class=\"chakra-text css-o3oz8b\">The\r\n Material UI design system has built-in components to help you implement\r\n modals. This is one of the more technical pages of the Material-UI \r\nlibrary, but the examples are a great way to demonstrate this design \r\npattern.&nbsp;<a class=\"chakra-link css-otuu82\" href=\"https://material-ui.com/components/modal/\" target=\"_blank\">Read about it here</a>.</p> <blockquote class=\"css-12m1603\"> <p class=\"chakra-text css-o3oz8b\">REMEMBER:\r\n This is a technical document for developers. If you\'re not an engineer,\r\n don\'t worry about the code—just focus on the interactive demonstrations\r\n of the components and component properties!</p> </blockquote> </div>   </div>   </div>             <p></p><p></p>'),
(86, 94, 'en', 'Inputs', 'Inputs', '<p><p><iframe frameborder=\"0\" src=\"//www.youtube.com/embed/Ks2mIpC3Oig\" width=\"640\" height=\"360\" class=\"note-video-clip\"></iframe></p><p><br></p><h2 class=\"chakra-heading css-lb1dt4\">Form Validation</h2><p><iframe frameborder=\"0\" src=\"//www.youtube.com/embed/pGs5gHoTIVg\" width=\"640\" height=\"360\" class=\"note-video-clip\"></iframe></p><p>  </p><div class=\"zls-blocks zls-fixed-width:950 zls-fs17 zw-word-wrap zls-grid zls-gap20 zls-g-col1\">   <div class=\"zls-tinymce-text-content \" data-placeholder=\"Good products come from good craftsmanship. They come from careful attention to design, from endless rounds of refinement, and iteration. But none of those things come easily.                       \"> <div class=\"css-1m96lhp\"> <div class=\"css-u8svcc\"> <div class=\"copy-length css-0\"> <div class=\"ureact-markdown css-tc5hjw\"> <h2 class=\"chakra-heading css-lb1dt4\">Inputs in Material-UI</h2> <p class=\"chakra-text css-o3oz8b\">The Material UI design system has built-in components to help you implement inputs. The library includes&nbsp;<a class=\"chakra-link css-otuu82\" href=\"https://material-ui.com/components/checkboxes/\" target=\"_blank\">checkboxes</a>,&nbsp;<a class=\"chakra-link css-otuu82\" href=\"https://material-ui.com/components/text-fields/\" target=\"_blank\">text-fields</a>, and more complex components like&nbsp;<a class=\"chakra-link css-otuu82\" href=\"https://material-ui.com/components/pickers/\" target=\"_blank\">Date/Time</a>&nbsp;which we didn\'t discuss. Pay careful attention to the state and how information about form validation is communicated.</p> <blockquote class=\"css-12m1603\"> <p class=\"chakra-text css-o3oz8b\">REMEMBER:\r\n This is a technical document for developers. If you\'re not an engineer,\r\n don\'t worry about the code—just focus on the interactive demonstrations\r\n of the components and component properties!</p> </blockquote> </div> </div> </div> </div> <div class=\"css-1m96lhp\"> <div class=\"css-u8svcc\"> <div class=\"copy-length css-0\"> <div class=\"ureact-markdown css-tc5hjw\"> <h2 class=\"chakra-heading css-lb1dt4\">&nbsp;</h2> <h2 class=\"chakra-heading css-lb1dt4\">&nbsp;</h2> <h2 class=\"chakra-heading css-lb1dt4\"><span></span>Iterating our Sketches to Include Inputs</h2> </div> </div> </div> </div> </div>   </div>  <iframe frameborder=\"0\" src=\"//www.youtube.com/embed/92xrMdW-o7Y\" width=\"640\" height=\"360\" class=\"note-video-clip\"></iframe><p></p></p>'),
(87, 95, 'en', 'Error Handling', 'Error Handling', '<h2 class=\"chakra-heading css-lb1dt4\">Presenting Actionable Errors</h2><p><iframe frameborder=\"0\" src=\"//www.youtube.com/embed/k6CNRzE_P8M\" width=\"640\" height=\"360\" class=\"note-video-clip\"></iframe><br></p><p></p>'),
(88, 96, 'en', 'Accessibility: Visual Impairment', 'Accessibility: Visual Impairment', '<p><h2 class=\"chakra-heading css-lb1dt4\">Visual Acuity</h2><p><iframe frameborder=\"0\" src=\"//www.youtube.com/embed/AsXwFEs_ZYw\" width=\"640\" height=\"360\" class=\"note-video-clip\"></iframe></p><p>  </p><div class=\"zls-blocks zls-fixed-width:950 zls-fs17 zw-word-wrap zls-grid zls-gap20 zls-g-col1\">   <div class=\"zls-tinymce-text-content \" data-placeholder=\"Good products come from good craftsmanship. They come from careful attention to design, from endless rounds of refinement, and iteration. But none of those things come easily.                       \"> <h3 class=\"chakra-heading css-1yztwzy\">Facebook\'s Automatic Alt Text</h3> <p class=\"chakra-text css-o3oz8b\">In\r\n July 2019, the service that serves user images for Facebook had a \r\nsystem outage—resulting in albums displaying the machine-generated \r\ncaptions in place of the images. This auto-generated alt text is a \r\nfantastic accessibility feature that helps enable visually impaired \r\nusers.</p> <p class=\"chakra-text css-o3oz8b\">You can read more about this event&nbsp;<a class=\"chakra-link css-otuu82\" href=\"https://www.theverge.com/2019/7/3/20681231/facebook-outage-image-tags-captions-ai-machine-learning-revealed\" target=\"_blank\">here</a>.\r\n Although this may seem like a Sci-Fi feature, machine interpretation of\r\n images has recently become a service you can purchase from companies \r\nlike&nbsp;<a class=\"chakra-link css-otuu82\" href=\"https://cloud.google.com/vision/\" target=\"_blank\">Google</a>&nbsp;and&nbsp;<a class=\"chakra-link css-otuu82\" href=\"https://aws.amazon.com/rekognition/\" target=\"_blank\">Amazon</a>.</p> <p class=\"chakra-text css-o3oz8b\">&nbsp;</p> <h2 class=\"chakra-heading css-lb1dt4\">Color Blindness</h2> </div>   </div>  <iframe frameborder=\"0\" src=\"//www.youtube.com/embed/HYLYDnPUD0U\" width=\"640\" height=\"360\" class=\"note-video-clip\"></iframe><p><br></p></p><h2 class=\"chakra-heading css-lb1dt4\">Simulating Colorblindness</h2> <p class=\"chakra-text css-o3oz8b\">One\r\n way you can ensure your designs are still interpretable by users \r\naffected by colorblindness is to use a colorblindness filter on your \r\ncomputer.&nbsp;<a class=\"chakra-link css-otuu82\" href=\"https://colororacle.org/\" target=\"_blank\">Color Oracle</a>&nbsp;is\r\n a cross-platform (Windows, Mac, Linux) tool that allows you to filter \r\nyour screen to simulate what colors will look like for various forms of \r\ncolor blindness. It\'s a great way to give a quick spot-check to your \r\ndesigns.</p> <p class=\"chakra-text css-o3oz8b\">&nbsp;</p> <h3 class=\"chakra-heading css-1yztwzy\">Additional Reading</h3> <p class=\"chakra-text css-o3oz8b\">Here are some great additional readings if you want to get deeper into design for users affected by color blindness:</p> <ul class=\"css-19qh3zo\"><li class=\"css-cvpopp\"><a class=\"chakra-link css-otuu82\" href=\"https://uxdesign.cc/color-blindness-in-user-interfaces-66c27331b858\" target=\"_blank\">Color blindness: how to design an accessible user interface</a>&nbsp;by Ivan Tuchkov</li><li class=\"css-cvpopp\"><a class=\"chakra-link css-otuu82\" href=\"https://www.w3.org/WAI/fundamentals/accessibility-intro/\" target=\"_blank\">Introduction to Web Accessibility</a>&nbsp;from the W3</li><li class=\"css-cvpopp\"><a class=\"chakra-link css-otuu82\" href=\"https://www.nngroup.com/articles/accessible-design-for-users-with-disabilities/\" target=\"_blank\">Accessible Design for Users With Disabilities</a>&nbsp;by Jakob Nielsen</li></ul><p><p></p></p>'),
(89, 97, 'en', 'Accessibility: Hearing Impairment', 'Accessibility: Hearing Impairment', '<h2 class=\"chakra-heading css-lb1dt4\">Closed Captioning</h2><p><iframe frameborder=\"0\" src=\"//www.youtube.com/embed/FAHakkn64_Y\" width=\"640\" height=\"360\" class=\"note-video-clip\"></iframe></p><p> </p><div class=\"zls-blocks-container\">   <div class=\"zls-blocks zls-fixed-width:950 zls-fs17 zw-word-wrap zls-grid zls-gap20 zls-g-col1\">   <div class=\"zls-tinymce-text-content \" data-placeholder=\"Good products come from good craftsmanship. They come from careful attention to design, from endless rounds of refinement, and iteration. But none of those things come easily.                       \"> <h3 class=\"chakra-heading css-1yztwzy\">Transcribing your Media</h3> <p class=\"chakra-text css-o3oz8b\">Traditionally,\r\n closed captioning on media was completed by a human who would listen to\r\n the audio track and transcribe, with timecodes to align the audio to \r\nthe text. Although effective, this process was time-consuming and \r\nexpensive. With recent advances in machine learning, we can automate \r\nthis process to receive nearly instantaneous transcriptions at an \r\naffordable price. However, these services can sometimes provide \r\ninaccurate transcription results. Some reliable services include:</p> <ul class=\"css-19qh3zo\"><li class=\"css-cvpopp\"><a class=\"chakra-link css-otuu82\" href=\"https://aws.amazon.com/transcribe/\" target=\"_blank\">https://aws.amazon.com/transcribe/</a></li><li class=\"css-cvpopp\"><a class=\"chakra-link css-otuu82\" href=\"https://www.rev.com/\" target=\"_blank\">https://www.rev.com/</a></li><li class=\"css-cvpopp\"><a class=\"chakra-link css-otuu82\" href=\"https://cloud.google.com/speech-to-text/\" target=\"_blank\">https://cloud.google.com/speech-to-text/</a></li></ul> </div>   </div>   </div>        <p><br></p><p></p>'),
(90, 98, 'en', 'Accessibility: Limited Dexterity', 'Accessibility: Limited Dexterity', '<h2 class=\"chakra-heading css-lb1dt4\">Button Layout</h2><p><iframe frameborder=\"0\" src=\"//www.youtube.com/embed/978CHBey0QQ\" width=\"640\" height=\"360\" class=\"note-video-clip\"></iframe></p><h2 class=\"chakra-heading css-lb1dt4\"><br></h2><h2 class=\"chakra-heading css-lb1dt4\">Alternative Navigation</h2><p><iframe frameborder=\"0\" src=\"//www.youtube.com/embed/UKY297ik_rI\" width=\"640\" height=\"360\" class=\"note-video-clip\"></iframe><br></p><p></p><p></p>'),
(91, 99, 'en', 'Lesson Review', 'Lesson Review', '<h1 class=\"chakra-heading css-iuea7g\">Lesson Review</h1><p><iframe frameborder=\"0\" src=\"//www.youtube.com/embed/JwpNuNacpAY\" width=\"640\" height=\"360\" class=\"note-video-clip\"></iframe></p><p> </p><div class=\"zls-blocks-container\">   <div class=\"zls-blocks zls-fixed-width:950 zls-fs17 zw-word-wrap zls-grid zls-gap20 zls-g-col1\">   <div class=\"zls-tinymce-text-content \" data-placeholder=\"Good products come from good craftsmanship. They come from careful attention to design, from endless rounds of refinement, and iteration. But none of those things come easily.                       \"> <h2 class=\"chakra-heading css-lb1dt4\">What we\'ve learned</h2> <ul class=\"css-19qh3zo\"><li class=\"css-cvpopp\">What&nbsp;<strong>Fidelity</strong>&nbsp;means and how we can communicate the value to stakeholders.</li><li class=\"css-cvpopp\">Design networks like&nbsp;<a class=\"chakra-link css-otuu82\" href=\"http://dribbble.com/\" target=\"_blank\">dribbble</a>&nbsp;and&nbsp;<a class=\"chakra-link css-otuu82\" href=\"https://behance.net/\" target=\"_blank\">behance</a>&nbsp;where you can grow as a designer.</li><li class=\"css-cvpopp\">Common UI Design patterns for&nbsp;<strong>layout, outputs, controls, views, and inputs</strong>&nbsp;and how they might work with coded design libraries like&nbsp;<strong><a class=\"chakra-link css-otuu82\" href=\"https://material-ui.com/\" target=\"_blank\">Material UI</a></strong>.</li><li class=\"css-cvpopp\">Qualities and importance of solid&nbsp;<strong>error handling</strong>.</li><li class=\"css-cvpopp\"><strong>Accessibility principles</strong>&nbsp;to ensure more users are able to use your application comfortably.</li></ul> <h2 class=\"chakra-heading css-lb1dt4\">What we\'ll learn next:&nbsp;<strong>Clickable Prototyping</strong></h2> <ul class=\"css-19qh3zo\"><li class=\"css-cvpopp\">How to improve fidelity by sketching using a dedicated design tool.</li><li class=\"css-cvpopp\">How to design a user flow for your application.</li><li class=\"css-cvpopp\">How to transform your sketches into a clickable, interactive design prototype.<span></span></li></ul> </div>   </div>   </div>             <p></p>'),
(92, 100, 'en', 'What is a Clickable Prototype?', 'What is a Clickable Prototype?', '<p><iframe frameborder=\"0\" src=\"//www.youtube.com/embed/nq6mNWqfunY\" width=\"640\" height=\"360\" class=\"note-video-clip\"></iframe></p><h2 class=\"chakra-heading css-lb1dt4\">Lesson Overview</h2> <p class=\"chakra-text css-o3oz8b\">In this lesson, we\'ll be learning all about clickable prototypes! To be specific, we will look at:</p> <ul class=\"css-19qh3zo\"><li class=\"css-cvpopp\">How to improve fidelity by sketching using a dedicated design tool.</li><li class=\"css-cvpopp\">How to design a user flow for your application.</li><li class=\"css-cvpopp\">How to transform your sketches into a clickable, interactive design prototype.</li></ul><p></p>'),
(93, 101, 'en', 'Getting Started with Figma', 'Getting Started with Figma', '<p>  </p><div class=\"zls-blocks zls-fixed-width:950 zls-fs17 zw-word-wrap zls-grid zls-gap20 zls-g-col1\">   <div class=\"zls-tinymce-text-content \" data-placeholder=\"Good products come from good craftsmanship. They come from careful attention to design, from endless rounds of refinement, and iteration. But none of those things come easily.                       \"> <h2 class=\"chakra-heading css-lb1dt4\">Follow Along with the Videos</h2> <p class=\"chakra-text css-o3oz8b\">Figma\r\n is a powerful tool that we will use to elevate our designs from \r\nsketches all the way through to a clickable prototype. We strongly \r\nencourage you to follow along with the videos so that you can build your\r\n skills with some hands-on practice (plus, you\'ll want to use Figma for \r\nyour project at the end of this course).</p> <p class=\"chakra-text css-o3oz8b\">&nbsp;</p> <h2 class=\"chakra-heading css-lb1dt4\">Setup and Basic Layouts</h2><p><iframe frameborder=\"0\" src=\"//www.youtube.com/embed/UMQzAUQSXwU\" width=\"640\" height=\"360\" class=\"note-video-clip\"></iframe></p><h2 class=\"chakra-heading css-lb1dt4\">Adding Text</h2><p><iframe frameborder=\"0\" src=\"//www.youtube.com/embed/r64jrE1dqNU\" width=\"640\" height=\"360\" class=\"note-video-clip\"></iframe></p><h2 class=\"chakra-heading css-lb1dt4\">Object Properties</h2><p><iframe frameborder=\"0\" src=\"//www.youtube.com/embed/IJiUbrlUAjU\" width=\"640\" height=\"360\" class=\"note-video-clip\"></iframe><br></p><p></p><p></p> </div>   </div>'),
(94, 102, 'en', 'Design Components', 'Design Components', '<p><h2 class=\"chakra-heading css-lb1dt4\">Creating a Component</h2><p><iframe frameborder=\"0\" src=\"//www.youtube.com/embed/vQBcvTs5iX8\" width=\"640\" height=\"360\" class=\"note-video-clip\"></iframe></p><h2 class=\"chakra-heading css-lb1dt4\">Component Layouts</h2><p><iframe frameborder=\"0\" src=\"//www.youtube.com/embed/FVCJghnu1t0\" width=\"640\" height=\"360\" class=\"note-video-clip\"></iframe></p><p>  </p><div class=\"zls-blocks zls-fixed-width:950 zls-fs17 zw-word-wrap zls-grid zls-gap20 zls-g-col1\">   <div class=\"zls-tinymce-text-content \" data-placeholder=\"Good products come from good craftsmanship. They come from careful attention to design, from endless rounds of refinement, and iteration. But none of those things come easily.                       \"> <div class=\"css-1m96lhp\"> <div class=\"css-u8svcc\"> <div class=\"copy-length css-0\"> <div class=\"ureact-markdown css-tc5hjw\"> <h4 class=\"chakra-heading css-xozg3x\">When to use Layout Constraints</h4> <p class=\"chakra-text css-o3oz8b\">The&nbsp;<em class=\"chakra-text css-o3oz8b\">layout constraints</em>&nbsp;feature\r\n fixes elements relative to the parent. In the context of this video, \r\nthe parent is the component; however, the parent may also be the frame. \r\nThis makes it easy to start to design—and to simulate simple responsive \r\ndesigns directly in Figma—since you\'ll be able to make changes to the \r\nscreen size and notice if there are any design conflicts with the layout\r\n at specific screen sizes.</p> </div> </div> </div> </div> <div class=\"css-1m96lhp\"> <div class=\"css-u8svcc\"> <div class=\"copy-length css-0\"> <div class=\"ureact-markdown css-tc5hjw\"> <h2 class=\"chakra-heading css-lb1dt4\">&nbsp;</h2> <h2 class=\"chakra-heading css-lb1dt4\">&nbsp;</h2> <h2 class=\"chakra-heading css-lb1dt4\">Component Overrides</h2> </div> </div> </div> </div> </div>   </div>  <iframe frameborder=\"0\" src=\"//www.youtube.com/embed/766pXqBU4QY\" width=\"640\" height=\"360\" class=\"note-video-clip\"></iframe><p></p><p></p></p>'),
(95, 103, 'en', 'UI Kits', 'UI Kits', '<h2 class=\"chakra-heading css-lb1dt4\">Finding and Using Figma UI Assets</h2><p><iframe frameborder=\"0\" src=\"//www.youtube.com/embed/DYof3jo3uyc\" width=\"640\" height=\"360\" class=\"note-video-clip\"></iframe></p><p class=\"chakra-text css-o3oz8b\">At the time of writing, Figma has moved the assets to&nbsp;<a class=\"chakra-link css-otuu82\" href=\"https://www.figma.com/community/explore\" target=\"_blank\">the community page</a>.</p> You can find the UI Kit used by Gabe&nbsp;<a class=\"chakra-link css-otuu82\" href=\"https://www.figma.com/resources/assets/wireframe-component-library/\" target=\"_blank\">here</a>&nbsp;and the Material Icons - Rounded&nbsp;<a class=\"chakra-link css-otuu82\" href=\"https://www.figma.com/file/0PZB08VePWE6xT2SYTa6p2/Material-Design-Icons-(Community)?node-id=3%3A8\" target=\"_blank\">here</a>.<p></p><p></p>'),
(96, 104, 'en', 'Prototyping with UI Kits', 'Prototyping with UI Kits', '<p><h2 class=\"chakra-heading css-lb1dt4\">Sketching a Login View</h2><p><iframe frameborder=\"0\" src=\"//www.youtube.com/embed/FHwH3uzAnQ0\" width=\"640\" height=\"360\" class=\"note-video-clip\"></iframe></p><p>  </p><div class=\"zls-blocks zls-fixed-width:950 zls-fs17 zw-word-wrap zls-grid zls-gap20 zls-g-col1\">   <div class=\"zls-tinymce-text-content \" data-placeholder=\"Good products come from good craftsmanship. They come from careful attention to design, from endless rounds of refinement, and iteration. But none of those things come easily.                       \"> <div class=\"css-1m96lhp\"> <div class=\"css-u8svcc\"> <div class=\"copy-length css-0\"> <div class=\"ureact-markdown css-tc5hjw\"> <h4 class=\"chakra-heading css-xozg3x\">Why Place Elements Low on the Screen?</h4> <p class=\"chakra-text css-o3oz8b\">At\r\n first glance, it may not be obvious why Gabe placed the design elements\r\n towards the bottom of the screen, leaving a lot of whitespace at the \r\ntop. The answer is that phones are getting large and people\'s thumbs \r\ncan\'t reach to the top. This is a design principle made popular by&nbsp;<a class=\"chakra-link css-otuu82\" href=\"https://www.samsung.com/us/apps/one-ui/\" target=\"_blank\">Samsung\'s One UI</a>&nbsp;where elements are pushed down on the page so they can be comfortably reached by the user, even on super tall screens.</p> </div> </div> </div> </div> <div class=\"css-1m96lhp\"> <div class=\"css-u8svcc\"> <div class=\"copy-length css-0\"> <div class=\"ureact-markdown css-tc5hjw\"> <h2 class=\"chakra-heading css-lb1dt4\">&nbsp;</h2> <h2 class=\"chakra-heading css-lb1dt4\">&nbsp;</h2> <h2 class=\"chakra-heading css-lb1dt4\"><span></span>Sketching Our Main Views</h2> </div> </div> </div> </div> </div>   </div>  <iframe frameborder=\"0\" src=\"//www.youtube.com/embed/gnkRCV2BsCU\" width=\"640\" height=\"360\" class=\"note-video-clip\"></iframe><p></p></p>'),
(97, 105, 'en', 'Defining Your Flow', 'Defining Your Flow', '<h2 class=\"chakra-heading css-lb1dt4\">Defining Your Flows</h2><p><iframe frameborder=\"0\" src=\"//www.youtube.com/embed/krWHxqMR1tM\" width=\"640\" height=\"360\" class=\"note-video-clip\"></iframe></p><p><em class=\"chakra-text css-o3oz8b\">The following graphic represents a \r\nuser login flow. Three actions are labeled A, B, and C. Use this graphic\r\n to answer the question below.</em></p><p></p>'),
(98, 106, 'en', 'Clickable Prototypes', 'Clickable Prototypes', '<p>  </p><div class=\"zls-blocks zls-fixed-width:950 zls-fs17 zw-word-wrap zls-grid zls-gap20 zls-g-col1\">   <div class=\"zls-tinymce-text-content \" data-placeholder=\"Good products come from good craftsmanship. They come from careful attention to design, from endless rounds of refinement, and iteration. But none of those things come easily.                       \"> <div class=\"css-1m96lhp\"> <div class=\"css-u8svcc\"> <div class=\"copy-length css-0\"> <div class=\"ureact-markdown css-tc5hjw\"> <h2 class=\"chakra-heading css-lb1dt4\">Creating Login&nbsp;<em class=\"chakra-text css-o3oz8b\">View States</em></h2> </div> </div> </div> </div> <div class=\"css-1m96lhp\"> <div class=\"css-u8svcc\"> <div class=\"copy-length css-0\"> <div class=\"ureact-markdown css-tc5hjw\"> <p class=\"chakra-text css-o3oz8b\">On this page, we\'ll be creating some&nbsp;<em class=\"chakra-text css-o3oz8b\">view states</em>. A&nbsp;<strong>view state</strong>&nbsp;is\r\n a representation of a screen with a certain configuration or user \r\ninteraction. For example, a user may have entered text or hovered over a\r\n specific element; each of these actions would need to be represented as\r\n a different&nbsp;<em class=\"chakra-text css-o3oz8b\">view state</em>.</p> <p class=\"chakra-text css-o3oz8b\">In\r\n Figma, we\'ll need to create a frame and change the frame with whatever \r\ninformation is relevant for that state. To keep things consistent, it\'s \r\nusually a good idea to use components to represent the overall view and \r\nthen override the component for each view state.</p><p class=\"chakra-text css-o3oz8b\"><iframe frameborder=\"0\" src=\"//www.youtube.com/embed/wgDBM_W20RE\" width=\"640\" height=\"360\" class=\"note-video-clip\"></iframe></p><h2 class=\"chakra-heading css-lb1dt4\">Wiring Your Interactions</h2><p><iframe frameborder=\"0\" src=\"//www.youtube.com/embed/K5fBPuG9ry4\" width=\"640\" height=\"360\" class=\"note-video-clip\"></iframe><br></p><p class=\"chakra-text css-o3oz8b\"></p> </div> </div> </div> </div> </div>   </div>'),
(99, 107, 'en', 'Design Handoff', 'Design Handoff', '<ul class=\"zls-ul-reset zls-blocks-wrapper zw-fl-grow\"><li class=\"\" style=\"padding-top: 20px; padding-bottom: 20px;\"> <div class=\"zls-blocks-container\">   <div class=\"zls-blocks zls-fixed-width:950 zls-fs17 zw-word-wrap zls-grid zls-gap20 zls-g-col1\">   <div class=\"zls-tinymce-text-content \" data-placeholder=\"Good products come from good craftsmanship. They come from careful attention to design, from endless rounds of refinement, and iteration. But none of those things come easily.                       \"> <div class=\"css-1m96lhp\"> <div class=\"css-u8svcc\"> <div class=\"copy-length css-0\"> <div class=\"ureact-markdown css-tc5hjw\"> <p class=\"chakra-text css-o3oz8b\">Throughout\r\n the design process, you\'ll often find yourself needing to share your \r\ndesigns with different stakeholders. You may be seeking feedback or \r\napproval from stakeholders, or your engineering team might need a \r\nreference so they know what they\'re implementing. So let\'s looks at some\r\n of the different ways to share a Figma design.</p> </div> </div> </div> </div> <div class=\"css-1m96lhp\"> <div class=\"css-u8svcc\"> <div class=\"copy-length css-0\"> <div class=\"ureact-markdown css-tc5hjw\"> <h2 class=\"chakra-heading css-lb1dt4\">Share the Figma Link</h2> <p class=\"chakra-text css-o3oz8b\">You can share the design itself by simply sending a link to your design file. It\'s as easy as clicking&nbsp;<em class=\"chakra-text css-o3oz8b\">share</em>, setting the link-sharing permissions (<code class=\"chakra-code css-p3l7io\">can view</code>&nbsp;or&nbsp;<code class=\"chakra-code css-p3l7io\">can edit</code>)\r\n and copying the link. You can then paste this link into whatever tools \r\nyou use to communicate (email, Slack, teams) and the recipient can view \r\nthe contents.</p> <p class=\"chakra-text css-o3oz8b\">Keep in mind, this link is live. That means as you edit the design, the recipient of this link will see those changes.</p> </div> </div> </div> </div> </div>   </div>   </div> </li><li class=\"\" style=\"padding-top: 20px; padding-bottom: 20px;\"> <div class=\"zls-blocks-container\">    <div class=\"zls-blocks-image zw-txt-al-c\">  <img alt=\"images\" src=\"https://download.zoho.com/webdownload?x-service=ZohoLearn&amp;event-id=6352450000000133411&amp;x-cli-msg=%7B%22scopeID%22%3A%226352450000000004002%22%2C%22attachmentItemType%22%3A%22LESSON%22%2C%22isInline%22%3A%22true%22%2C%22courseId%22%3A%226352450000000008045%22%7D\" id=\"6352450000000133411\" style=\"min-height:\'100px\'\">  </div>     </div> </li><li class=\"\" style=\"padding-top: 20px; padding-bottom: 20px;\"> <div class=\"zls-blocks-container\">   <div class=\"zls-blocks zls-fixed-width:950 zls-fs17 zw-word-wrap zls-grid zls-gap20 zls-g-col1\">   <div class=\"zls-tinymce-text-content \" data-placeholder=\"Good products come from good craftsmanship. They come from careful attention to design, from endless rounds of refinement, and iteration. But none of those things come easily.                       \"> <h2 class=\"chakra-heading css-lb1dt4\">Export as Images</h2> <p class=\"chakra-text css-o3oz8b\">If\r\n you\'re looking to simply share one or more screens in a fixed way \r\n(something you won\'t change as you continue working), you might want to \r\nexport your screens as images.</p> <p class=\"chakra-text css-o3oz8b\">You can do this by simply clicking on the element (<em class=\"chakra-text css-o3oz8b\">frame</em>&nbsp;or&nbsp;<em class=\"chakra-text css-o3oz8b\">shape</em>)\r\n and using the export tools in the right sidebar. This will produce a \r\ngraphic that you can send to a stakeholder for their review without them\r\n needing to navigate or browse through the entire design.</p> </div>   </div>   </div> </li><li class=\"\" style=\"padding-top: 20px; padding-bottom: 20px;\"> <div class=\"zls-blocks-container\">    <div class=\"zls-blocks-image zw-txt-al-c\">  <img alt=\"images\" src=\"https://download.zoho.com/webdownload?x-service=ZohoLearn&amp;event-id=6352450000000132017&amp;x-cli-msg=%7B%22scopeID%22%3A%226352450000000004002%22%2C%22attachmentItemType%22%3A%22LESSON%22%2C%22isInline%22%3A%22true%22%2C%22courseId%22%3A%226352450000000008045%22%7D\" id=\"6352450000000132017\" style=\"min-height:\'100px\'\">  </div>     </div> </li><li class=\"\" style=\"padding-top: 20px; padding-bottom: 20px;\"> <div class=\"zls-blocks-container\">   <div class=\"zls-blocks zls-fixed-width:950 zls-fs17 zw-word-wrap zls-grid zls-gap20 zls-g-col1\">   <div class=\"zls-tinymce-text-content \" data-placeholder=\"Good products come from good craftsmanship. They come from careful attention to design, from endless rounds of refinement, and iteration. But none of those things come easily.                       \"> <div class=\"css-1m96lhp\"> <div class=\"css-u8svcc\"> <div class=\"copy-length css-0\"> <div class=\"ureact-markdown css-tc5hjw\"> <h2 class=\"chakra-heading css-lb1dt4\">Design to Code with Spec Sheets</h2> <p class=\"chakra-text css-o3oz8b\">The\r\n most advanced sharing use-case is sharing with engineers. Developers \r\nmight need more information (colors, spacing, sizes) while implementing \r\nyour design. By sharing a link with&nbsp;<code class=\"chakra-code css-p3l7io\">can view</code>&nbsp;permissions, engineers can view properties for each element so they don\'t need to reach out to you with simple questions.</p><p class=\"chakra-text css-o3oz8b\"><iframe frameborder=\"0\" src=\"//www.youtube.com/embed/sSe8zIZEAKQ\" width=\"640\" height=\"360\" class=\"note-video-clip\"></iframe><br></p> </div> </div> </div> </div></div></div></div></li></ul><p></p>'),
(100, 108, 'en', 'Lesson Review', 'Lesson Review', '<p><iframe frameborder=\"0\" src=\"//www.youtube.com/embed/NQWycboDWoc\" width=\"640\" height=\"360\" class=\"note-video-clip\"></iframe></p><div class=\"zls-container zw-flex zw-flex-column zw-fl-grow zw-p-all30 zls-overflow-auto zw-pos-re zls-block-type\">      <ul class=\"zls-ul-reset zls-blocks-wrapper zw-fl-grow\"><li class=\"\" style=\"padding-top: 20px; padding-bottom: 20px;\"> <div class=\"zls-blocks-container\">  <div class=\"zls-blocks-video zw-pos-re zw-index-none \">   <div class=\"zls-iframe-wrapper zls-video-element\">    </div>    </div> </div> <br></li><li class=\"\" style=\"padding-top: 20px; padding-bottom: 20px;\"> <div class=\"zls-blocks-container\">   <div class=\"zls-blocks zls-fixed-width:950 zls-fs17 zw-word-wrap zls-grid zls-gap20 zls-g-col1\">   <div class=\"zls-tinymce-text-content \" data-placeholder=\"Good products come from good craftsmanship. They come from careful attention to design, from endless rounds of refinement, and iteration. But none of those things come easily.                       \"> <h2 class=\"chakra-heading css-lb1dt4\">What we\'ve learned</h2> <ul class=\"css-19qh3zo\"><li class=\"css-cvpopp\">How we can improve our designs using&nbsp;<strong>Figma</strong>, a dedicated design tool.</li><li class=\"css-cvpopp\">Figma fundamentals including&nbsp;<strong>Shapes, Layouts, Properties, and Groups</strong>.</li><li class=\"css-cvpopp\">How we can remain organized using reusable&nbsp;<strong>Components</strong>.</li><li class=\"css-cvpopp\">Using published components in&nbsp;<strong>UI Kits</strong>&nbsp;to design quickly and effectively.</li><li class=\"css-cvpopp\">An effective way to define&nbsp;<strong>User flows</strong>&nbsp;to ensure we\'ve designed a complete experience.</li><li class=\"css-cvpopp\">Translating designs into an interactive, clickable&nbsp;<strong>Feels-Like Prototype</strong>.</li><li class=\"css-cvpopp\">Basics of communicating Figma to engineers for&nbsp;<strong>Design Handoff</strong>.</li></ul> <h2 class=\"chakra-heading css-lb1dt4\">What we\'ll learn next:&nbsp;<strong>Usability Testing</strong></h2> <ul class=\"css-19qh3zo\"><li class=\"css-cvpopp\">How to design a study to identify problems with your design.</li><li class=\"css-cvpopp\">How to run the study with real respondents.</li><li class=\"css-cvpopp\">How to iterate your design to fix issues.</li></ul> </div>   </div>   </div> </li></ul>     </div>       <p></p>'),
(101, 109, 'en', 'Why Usability Test?', 'Why Usability Test?', '<h2 class=\"chakra-heading css-lb1dt4\">Getting Ready to Be Wrong</h2><p><iframe frameborder=\"0\" src=\"//www.youtube.com/embed/X1AAzm3MdNk\" width=\"640\" height=\"360\" class=\"note-video-clip\"></iframe></p><p>  </p><div class=\"zls-blocks zls-fixed-width:950 zls-fs17 zw-word-wrap zls-grid zls-gap20 zls-g-col1\">   <div class=\"zls-tinymce-text-content \" data-placeholder=\"Good products come from good craftsmanship. They come from careful attention to design, from endless rounds of refinement, and iteration. But none of those things come easily.                       \"> <h2 class=\"chakra-heading css-lb1dt4\">Lesson Overview</h2> <p class=\"chakra-text css-o3oz8b\">In this lesson, we\'ll be looking at:</p> <ul class=\"css-19qh3zo\"><li class=\"css-cvpopp\">How to design a study to identify problems with your design.</li><li class=\"css-cvpopp\">How to run the study with real respondents.</li><li class=\"css-cvpopp\">How to iterate your design to fix issues.</li></ul> </div>   </div>  <p></p>'),
(102, 110, 'en', 'Styles of Usability Studies', 'Styles of Usability Studies', '<p><iframe frameborder=\"0\" src=\"//www.youtube.com/embed/g8ldN4VpePg\" width=\"640\" height=\"360\" class=\"note-video-clip\"></iframe></p><p>In the video, we mentioned that un-moderated studies are almost always \r\nremote, and are conducted with specialized tools where you can have many\r\n users accomplish a task in parallel.&nbsp;<a class=\"chakra-link css-otuu82\" href=\"https://usertesting.com/\" target=\"_blank\">UserTesting.com</a>&nbsp;is a good example of a specialized service that helps you run un-moderated, remote sessions.</p>'),
(103, 111, 'en', 'Moderating a Usability Session', 'Moderating a Usability Session', '<p><h2 class=\"chakra-heading css-lb1dt4\">Parts of a Moderated Usability Session</h2> Before watching the video below, download the usability guide so you can follow along:&nbsp;<a class=\"chakra-link css-otuu82\" href=\"https://docs.google.com/document/d/1NUrRbhKBtckPvxnXGjuZq0t_uWjPizWaxUwn1ghEWWY/copy\" target=\"_blank\">Google Doc</a>,&nbsp;<a class=\"chakra-link css-otuu82\" href=\"http://udacity.github.io/UXND/lofi/UsabilityGuide-UdacityAir.docx\" target=\"_blank\">docx</a>,&nbsp;<a class=\"chakra-link css-otuu82\" href=\"http://udacity.github.io/UXND/lofi/UsabilityGuide-UdacityAir.pdf\" target=\"_blank\">pdf</a></p><p><br></p><h2 class=\"chakra-heading css-lb1dt4\">Defining Tasks</h2><p><iframe frameborder=\"0\" src=\"//www.youtube.com/embed/kocTJKGss-4\" width=\"640\" height=\"360\" class=\"note-video-clip\"></iframe><br></p><p><p></p></p>');
INSERT INTO `text_lesson_translations` (`id`, `text_lesson_id`, `locale`, `title`, `summary`, `content`) VALUES
(104, 112, 'en', 'Logistics', 'Logistics', '<h2 class=\"chakra-heading css-lb1dt4\">Recruiting Current Users</h2><p><iframe frameborder=\"0\" src=\"//www.youtube.com/embed/dtKxplhsnUQ\" width=\"640\" height=\"360\" class=\"note-video-clip\"></iframe></p><p>  </p><div class=\"zls-blocks zls-fixed-width:950 zls-fs17 zw-word-wrap zls-grid zls-gap20 zls-g-col1\">   <div class=\"zls-tinymce-text-content \" data-placeholder=\"Good products come from good craftsmanship. They come from careful attention to design, from endless rounds of refinement, and iteration. But none of those things come easily.                       \"> <h2 class=\"chakra-heading css-lb1dt4\">Where to Conduct Your Session</h2> <h3 class=\"chakra-heading css-1yztwzy\">Conference Rooms</h3> <p class=\"chakra-text css-o3oz8b\">The\r\n best option (and maybe an obvious one) for where to conduct a usability\r\n study is in a quiet conference room. This will give you privacy to have\r\n a deep conversation with your respondent, free from distractions. \r\nConference rooms are great if you\'re recording the session because they \r\nwill be free from background noise that might make listening to the \r\nsession challenging.</p> <p class=\"chakra-text css-o3oz8b\">Sometimes you\r\n might not have access to a private room—like if you\'re working for a \r\nstartup without an office or are conducting research away from where \r\nyour company is based. In these cases, if you have the budget you can \r\ncheck to see if you can reserve a conference room in a&nbsp;<em class=\"chakra-text css-o3oz8b\">coworking space</em>. A few solid options for conference rooms that can be booked hourly in many cities around the world are&nbsp;<a class=\"chakra-link css-otuu82\" href=\"https://wework.com/\" target=\"_blank\">WeWork</a>&nbsp;and&nbsp;<a class=\"chakra-link css-otuu82\" href=\"http://breather.com/\" target=\"_blank\">Breather</a>.</p> <h3 class=\"chakra-heading css-1yztwzy\">Coffee Shops</h3> <p class=\"chakra-text css-o3oz8b\">Although\r\n it\'s not the best choice due to noise and lack of privacy, running a \r\nsession in a coffee shop will work in a pinch. If you have no option for\r\n a formal coworking space, a quiet cafe is often a perfectly acceptable \r\nplace to conduct a usability session. If you choose this option, you \r\nmight want to get to the coffee shop early to ensure you have space. And\r\n you may want to scope out a few coffee shops in your city to see which \r\nyou can rely on to have solid wifi and be relatively quiet.</p> <h3 class=\"chakra-heading css-1yztwzy\">The Respondent\'s Home or Office</h3> <p class=\"chakra-text css-o3oz8b\">Often\r\n you\'ll get tremendous insight when visiting a respondent\'s natural \r\nsetting. You might observe how they organize their space or what things \r\nthey keep around their workspace. If you\'re able to travel, asking to \r\nrun a session in a respondent\'s home or office is a great way to \r\nstrengthen your empathy with the user, while giving you a suitable space\r\n to run the session.</p> </div>   </div>  <p><br></p><p></p>'),
(105, 113, 'en', 'Remote Usability Sessions', 'Remote Usability Sessions', '<p>  </p><div class=\"zls-blocks zls-fixed-width:950 zls-fs17 zw-word-wrap zls-grid zls-gap20 zls-g-col1\">   <div class=\"zls-tinymce-text-content \" data-placeholder=\"Good products come from good craftsmanship. They come from careful attention to design, from endless rounds of refinement, and iteration. But none of those things come easily.                       \"> <div class=\"css-1m96lhp\"> <div class=\"css-u8svcc\"> <div class=\"copy-length css-0\"> <div class=\"ureact-markdown css-tc5hjw\"> <h2 class=\"chakra-heading css-lb1dt4\">Video Conferencing Sessions</h2> </div> </div> </div> </div> <div class=\"css-1m96lhp\"> <div class=\"css-u8svcc\"> <div class=\"copy-length css-0\"> <div class=\"ureact-markdown css-tc5hjw\"> <h2 class=\"chakra-heading css-lb1dt4\">&nbsp;</h2> <h2 class=\"chakra-heading css-lb1dt4\">Zoom Setup</h2><p><iframe frameborder=\"0\" src=\"//www.youtube.com/embed/r0jRYt6s12Q\" width=\"640\" height=\"360\" class=\"note-video-clip\"></iframe></p><div class=\"css-1m96lhp\"> <div class=\"css-u8svcc\"> <div class=\"copy-length css-0\"> <div class=\"ureact-markdown css-tc5hjw\"> <h2 class=\"chakra-heading css-lb1dt4\">Sharing Screens</h2> </div> </div> </div> </div>     <p class=\"chakra-text css-o3oz8b\">You\r\n usually have a limited amount of time with respondents and you want to \r\nminimize the probability of technical glitches. I\'ve recently realized \r\nthat sharing my screen usually has fewer hiccups when starting the \r\nsession. This is because there is no requirement to try to guide your \r\nuser to the buttons to share their screen, and then you might have to \r\nshare links, prototypes, or other designs with them. All of these steps \r\nintroduce possible confusion where you can\'t step in to help.</p> <p class=\"chakra-text css-o3oz8b\">Zoom offers great support to share your screen and even computer control with a respondent. You can&nbsp;<a class=\"chakra-link css-otuu82\" href=\"https://support.zoom.us/hc/en-us/articles/201362153-How-Do-I-Share-My-Screen-\" target=\"_blank\">read detailed instructions on the zoom support docs</a>.</p> <div class=\"css-1m96lhp\"> <div class=\"css-u8svcc\"> <div class=\"copy-length css-0\"> <div class=\"ureact-markdown css-tc5hjw\"> <h2 class=\"chakra-heading css-lb1dt4\">&nbsp;</h2> <h2 class=\"chakra-heading css-lb1dt4\">Example Usability Session<span></span></h2> </div> </div> </div> </div>     <p class=\"chakra-text css-o3oz8b\">Download the usability guide and follow along with the following video:&nbsp;<a class=\"chakra-link css-otuu82\" href=\"https://docs.google.com/document/d/1NUrRbhKBtckPvxnXGjuZq0t_uWjPizWaxUwn1ghEWWY/copy\" target=\"_blank\">Google doc</a>,&nbsp;<a class=\"chakra-link css-otuu82\" href=\"http://udacity.github.io/UXND/lofi/UsabilityGuide-UdacityAir.docx\" target=\"_blank\">docx</a>,&nbsp;<a class=\"chakra-link css-otuu82\" href=\"http://udacity.github.io/UXND/lofi/UsabilityGuide-UdacityAir.pdf\" target=\"_blank\">pdf</a></p>..</div><div class=\"ureact-markdown css-tc5hjw\"><p><iframe frameborder=\"0\" src=\"//www.youtube.com/embed/xvSuMLgUQgk\" width=\"640\" height=\"360\" class=\"note-video-clip\"></iframe></p> </div> </div> </div> </div> </div>   </div>'),
(106, 114, 'en', 'Digital Journey Map (Miro)', 'Digital Journey Map (Miro)', '<p><iframe frameborder=\"0\" src=\"//www.youtube.com/embed/-PeYwRwUl9A\" width=\"640\" height=\"360\" class=\"note-video-clip\"></iframe></p><p> </p><div class=\"zls-blocks-container\">   <div class=\"zls-blocks zls-fixed-width:950 zls-fs17 zw-word-wrap zls-grid zls-gap20 zls-g-col1\">   <div class=\"zls-tinymce-text-content \" data-placeholder=\"Good products come from good craftsmanship. They come from careful attention to design, from endless rounds of refinement, and iteration. But none of those things come easily.                       \"> <h2 class=\"chakra-heading css-lb1dt4\"><em class=\"chakra-text css-o3oz8b\">Power In Numbers</em>&nbsp;or&nbsp;<em class=\"chakra-text css-o3oz8b\">Diminishing Returns</em>?</h2> <p class=\"chakra-text css-o3oz8b\">We\'ve\r\n discussed in this course how certain stakeholders will be more \r\nimpressed by numbers. If they have a statistics background, they may \r\nfeel the need to have large robust studies with many respondents.</p> <p class=\"chakra-text css-o3oz8b\">In\r\n design, we often don\'t need this kind of scale. Often in UX research, \r\nthere is a magic number of respondents where we\'ll start to see \r\nrepeating behaviors—usually this happens with about&nbsp;<strong>5 users</strong>.</p> <p class=\"chakra-text css-o3oz8b\">The thinking is:</p> <ul class=\"css-19qh3zo\"><li class=\"css-cvpopp\">The first user will be unique by definition.</li><li class=\"css-cvpopp\">The second user might have a few similar behaviors or issues as the first.</li><li class=\"css-cvpopp\">The third might have some overlapping behaviors as the first two.</li><li class=\"css-cvpopp\">By the fifth user, we probably have seen most of the insightful behaviors.</li></ul> <p class=\"chakra-text css-o3oz8b\">With\r\n additional users, we may simply start to see the same issues coming up \r\nover and over; thus, we\'ll begin to get diminishing returns on the time \r\nwe\'re investing.</p> <p class=\"chakra-text css-o3oz8b\">If you\'re interested, you can read more about this concept on the&nbsp;<a class=\"chakra-link css-otuu82\" href=\"https://www.invisionapp.com/inside-design/ux-usability-research-testing/\" target=\"_blank\">Invision Blog</a>.<span></span></p> </div>   </div>   </div>'),
(107, 115, 'en', 'Lesson Review', 'Lesson Review', '<p><iframe frameborder=\"0\" src=\"//www.youtube.com/embed/1zmc99PI2jQ\" width=\"640\" height=\"360\" class=\"note-video-clip\"></iframe></p><p>  </p><div class=\"zls-blocks zls-fixed-width:950 zls-fs17 zw-word-wrap zls-grid zls-gap20 zls-g-col1\">   <div class=\"zls-tinymce-text-content \" data-placeholder=\"Good products come from good craftsmanship. They come from careful attention to design, from endless rounds of refinement, and iteration. But none of those things come easily.                       \"> <h2 class=\"chakra-heading css-lb1dt4\">What we\'ve learned:</h2> <ul class=\"css-19qh3zo\"><li class=\"css-cvpopp\">Why it\'s important to test our designs before launch.</li><li class=\"css-cvpopp\">Different usability testing methodologies including&nbsp;<strong>moderated and un-moderated sessions</strong>.</li><li class=\"css-cvpopp\">How to run a moderated usability session using a&nbsp;<strong>Usability Guide</strong>.</li><li class=\"css-cvpopp\">Helpful tips to use&nbsp;<strong>Zoom</strong>&nbsp;for remote moderated sessions.</li><li class=\"css-cvpopp\">Techniques for making sense of usability test results on our&nbsp;<strong>User Flow Diagram</strong>.</li><li class=\"css-cvpopp\">Examples on how to iterate your design based on feedback.</li></ul> <h2 class=\"chakra-heading css-lb1dt4\">What we\'ll do next:&nbsp;<strong>Demonstrate your skills in a Low-Fidelity Rapid Prototype Sprint 🙌🎉📈</strong></h2> <p class=\"chakra-text css-o3oz8b\">Next,\r\n you\'ll start the project where you\'ll implement all of the skills we\'ve\r\n covered in this course—from understanding research through to creating \r\nand testing prototypes!</p> </div>   </div>'),
(108, 116, 'en', 'Overview', 'Overview', '<div class=\"css-1m96lhp\"> <div class=\"css-u8svcc\"> <div class=\"copy-length css-0\"> <div class=\"ureact-markdown css-tc5hjw\"> <h2 class=\"chakra-heading css-lb1dt4\">Mastering Your Low-Fidelity Rapid Prototyping Skills!</h2> <p class=\"chakra-text css-o3oz8b\">Your\r\n goal in this project is to demonstrate the skills we’ve covered in this\r\n course—starting with research synthesis and ending with a validated, \r\nlow-fidelity prototype.</p> </div> </div> </div> </div><div class=\"css-1m96lhp\"><iframe frameborder=\"0\" src=\"//www.youtube.com/embed/TMjPImS1u8w\" width=\"640\" height=\"360\" class=\"note-video-clip\"></iframe></div><div class=\"css-1m96lhp\"><div class=\"css-1m96lhp\"> <div class=\"css-u8svcc\"> <div class=\"copy-length css-0\"> <div class=\"ureact-markdown css-tc5hjw\"> <h2 class=\"chakra-heading css-lb1dt4\">Main parts of the project</h2> <p class=\"chakra-text css-o3oz8b\">The Project is broken up into three key sections:</p> <ol class=\"css-13a5a39\"><li class=\"css-cvpopp\"><strong>Research Synthesis.</strong>&nbsp;You\'ll\r\n use user interviews to build your understanding of—and empathy \r\nfor—potential users. You\'ll exit this phase with feature ideas for your \r\nproduct. (Applying skills from the&nbsp;<code class=\"chakra-code css-p3l7io\">Define</code>&nbsp;and&nbsp;<code class=\"chakra-code css-p3l7io\">Synthesis</code>&nbsp;lessons)</li><li class=\"css-cvpopp\"><strong>Rapid Prototyping.</strong>&nbsp;Next,\r\n you\'ll apply your research understanding to see your ideas come to life\r\n in the form of interactive prototypes. You\'ll use paper and digital \r\ntechniques we\'ve covered in this course. (Applying skills from the&nbsp;<code class=\"chakra-code css-p3l7io\">UI Principles</code>&nbsp;and&nbsp;<code class=\"chakra-code css-p3l7io\">Clickable Prototyping</code>&nbsp;lessons)</li><li class=\"css-cvpopp\"><strong>Usability Study and Design Iteration.</strong>&nbsp;Finally,\r\n you\'ll validate your concepts and implementation by taking your designs\r\n into the wild in a short usability study. Your final task will be to \r\nimprove your design from what you learn from actual potential users. \r\n(Applying skills from the&nbsp;<code class=\"chakra-code css-p3l7io\">Usability Testing</code>&nbsp;lesson)</li></ol> <p class=\"chakra-text css-o3oz8b\">Throughout the process, you can refer to the&nbsp;<a class=\"chakra-link css-otuu82\" href=\"https://review.udacity.com/#!/rubrics/2670/view\" target=\"_blank\">project rubric</a>&nbsp;to see exactly what we\'ll be looking for when we review your project.</p> </div> </div> </div> </div> <div class=\"css-1m96lhp\"> <div class=\"css-u8svcc\"> <div class=\"copy-length css-0\"> <div class=\"ureact-markdown css-tc5hjw\"> <h2 class=\"chakra-heading css-lb1dt4\">Choose Your Path</h2> <p class=\"chakra-text css-o3oz8b\">This\r\n project will build on the research you did in the previous course. For \r\nthat course, you may have chosen to research the Coffee Shop app, or you\r\n may have come up with a different design problem that you were \r\ninterested in. You can make a similar choice here:</p> <h4 class=\"chakra-heading css-xozg3x\">If you chose the Coffee Shop app for the last project</h4> <p class=\"chakra-text css-o3oz8b\">You\r\n can continue with the Coffee Shop problem here. You can use the \r\nresearch you\'ve already done for the last course, plus we\'ll provide \r\nsome additional pre-recorded user interviews that you can use if you\'d \r\nlike to.</p> <h4 class=\"chakra-heading css-xozg3x\">If you chose your own topic for the last project</h4> <p class=\"chakra-text css-o3oz8b\">You\r\n can continue with that topic here, drawing on your research from the \r\nlast course. Or, If you\'ve decided that your topic is too large and \r\ncomplex in scope and you&nbsp;<em class=\"chakra-text css-o3oz8b\">don\'t</em>&nbsp;want\r\n to use it for this project, you can still switch to the Coffee Shop \r\napp. In that case you won\'t have your own research, but we\'ll provide \r\nsome pre-recorded user interviews that you can use instead.</p> <p class=\"chakra-text css-o3oz8b\">You can find more details on the next two pages, called&nbsp;<strong>Option 1</strong>&nbsp;and&nbsp;<strong>Option 2</strong>.</p> </div> </div> </div> </div>     <h2 class=\"chakra-heading css-lb1dt4\">Project Requirements</h2> <p class=\"chakra-text css-o3oz8b\">Whichever path you choose, your project must:</p> <ul class=\"css-19qh3zo\"><li class=\"css-cvpopp\">Design a digital product for a mobile application or a web application (your choice!)</li><li class=\"css-cvpopp\">Follow the design principles and accessibility tips described in this course</li><li class=\"css-cvpopp\">Include a complete digital user experience that is tied to values uncovered in research</li></ul> As\r\n you\'re exploring directions for your project, try to keep scope top of \r\nmind. You should aim to be implementing only 2–3 features, where each \r\nfeature includes a user flow of a few screens that each contain \r\ncomponents. Ultimately, you will decide the feature set of your \r\ndesign—it\'s ok to “rip the brief” and expand the project definition a \r\nlittle bit to explore some creative opportunities. But keep in mind, if \r\nyour ideas or features are too complex, you may have a hard time \r\ncompleting the project on time. Take breaks, go for walks, and think \r\nthrough each step of the project to make sure that the direction you’re \r\nmoving in is strong, but manageable.</div><p></p>'),
(109, 117, 'en', 'Option 1: Udacity Coffee Shop', 'Option 1: Udacity Coffee Shop', '<p>  </p><div class=\"zls-blocks zls-fixed-width:950 zls-fs17 zw-word-wrap zls-grid zls-gap20 zls-g-col1\">   <div class=\"zls-tinymce-text-content \" data-placeholder=\"Good products come from good craftsmanship. They come from careful attention to design, from endless rounds of refinement, and iteration. But none of those things come easily.                       \"> <div class=\"css-1m96lhp\"> <div class=\"css-u8svcc\"> <div class=\"copy-length css-0\"> <div class=\"ureact-markdown css-tc5hjw\"> <h2 class=\"chakra-heading css-lb1dt4\">The Design Problem</h2> <p class=\"chakra-text css-o3oz8b\">Udacity\r\n is considering opening a digitally-enabled coffee shop experience. As \r\npart of this experience, students will be able to use an app (mobile or \r\nweb-based), which exists separately from the Udacity classroom, to \r\nperform actions such as:</p> <ul class=\"css-19qh3zo\"><li class=\"css-cvpopp\">Placing their drink orders</li><li class=\"css-cvpopp\">Collaborating with other students in the cafe</li><li class=\"css-cvpopp\">Motivating progress on a Nanodegree</li><li class=\"css-cvpopp\">Facilitating a productive study environment</li></ul> <p class=\"chakra-text css-o3oz8b\">It\r\n is up to you to choose specific features that you want to implement, \r\nbut they must address one or more of these core design needs.</p> <h2 class=\"chakra-heading css-lb1dt4\">Your Goal</h2> <p class=\"chakra-text css-o3oz8b\">Your goal in this project is to:</p> <ol class=\"css-13a5a39\"><li class=\"css-cvpopp\">Gather insights on drink-ordering behavior from user interviews, and then...</li><li class=\"css-cvpopp\">Use these insights to create validated low-fidelity product concepts for the drink-ordering app</li></ol> <p class=\"chakra-text css-o3oz8b\">There\r\n are many different ways to create a drink-ordering experience, and many\r\n different features of the app you could look into. For example, you \r\nmight want to look into what features of the drink-ordering experience \r\nare important to students. Or you might want to investigate what sort of\r\n collaboration features users are interested in.</p> <p class=\"chakra-text css-o3oz8b\">After\r\n watching the user interviews (below), you\'ll want to focus on a few \r\nareas to design, in order to narrow the scope of your research synthesis\r\n and then implement these designs in Figma.</p> <blockquote class=\"css-12m1603\"> <p class=\"chakra-text css-o3oz8b\"><strong>Note:</strong>&nbsp;As\r\n we mentioned on the previous page, you can use this topic for your \r\nprototyping regardless of whether you chose it as the design problem for\r\n the last project. If you worked on something else previously, we\'ve \r\nprovided user interviews (below) that you can use here. If you do have \r\nyour own interviews from the last project, you can use those and/or the \r\nones provided below (whatever you prefer).</p> </blockquote> </div> </div> </div> </div> <div class=\"css-1m96lhp\"> <div class=\"css-u8svcc\"> <div class=\"copy-length css-0\"> <div class=\"ureact-markdown css-tc5hjw\"> <h2 class=\"chakra-heading css-lb1dt4\">Interviews and Discussion Guide</h2> <p class=\"chakra-text css-o3oz8b\">You can use the semi-structured interviews below for your research synthesis.</p> <p class=\"chakra-text css-o3oz8b\">The interviews were conducted using&nbsp;<a class=\"chakra-link css-otuu82\" href=\"https://udacity.github.io/UXND/lofi/InterviewDiscussionGuide-UdacityCafe.pdf\" target=\"_blank\">this discussion guide</a>.</p> </div> </div> </div> </div> <div class=\"css-1m96lhp\"> <div class=\"css-u8svcc\"> <div class=\"copy-length css-0\"> <div class=\"ureact-markdown css-tc5hjw\"> <h3 class=\"chakra-heading css-1yztwzy\">&nbsp;</h3> <h3 class=\"chakra-heading css-1yztwzy\">&nbsp;</h3> <h3 class=\"chakra-heading css-1yztwzy\">Coffee Shop Interview #1</h3><p><iframe frameborder=\"0\" src=\"//www.youtube.com/embed/slD4fXZ-9Dw\" width=\"640\" height=\"360\" class=\"note-video-clip\"></iframe></p><h3 class=\"chakra-heading css-1yztwzy\">Coffee Shop Interview #2</h3><p><iframe frameborder=\"0\" src=\"//www.youtube.com/embed/UIleJxwe3NA\" width=\"640\" height=\"360\" class=\"note-video-clip\"></iframe></p><p><br></p><h3 class=\"chakra-heading css-1yztwzy\">Coffee Shop Interview #3</h3><p><iframe frameborder=\"0\" src=\"//www.youtube.com/embed/C2bdwQaOOK8\" width=\"640\" height=\"360\" class=\"note-video-clip\"></iframe><br></p><p></p><p></p> </div> </div> </div> </div> </div>   </div>'),
(110, 118, 'en', 'Option 2: Unique Topic', 'Option 2: Unique Topic', '<p>  </p><div class=\"zls-blocks zls-fixed-width:950 zls-fs17 zw-word-wrap zls-grid zls-gap20 zls-g-col1\">   <div class=\"zls-tinymce-text-content \" data-placeholder=\"Good products come from good craftsmanship. They come from careful attention to design, from endless rounds of refinement, and iteration. But none of those things come easily.                       \"> <p class=\"chakra-text css-o3oz8b\">In\r\n the project you did for the first course in this Nanodegree, you may \r\nhave chosen your own research topic. You\'re welcome to continue with \r\nthat topic here! This may be more challenging than using the pre-defined\r\n design problem (the Coffee Shop App), because you will be making more \r\ndecisions and are responsible for everything from scoping the work to \r\nchoosing the creative direction. But you\'ll also have a more unique \r\nproject in the end, which you could build into a strong portfolio piece.</p> <h4 class=\"chakra-heading css-xozg3x\">Design Brief</h4> <p class=\"chakra-text css-o3oz8b\">You should start by writing a&nbsp;<em class=\"chakra-text css-o3oz8b\">brief</em>&nbsp;that describes the design problem. We’ve included a template paragraph you can use:</p> <blockquote class=\"css-12m1603\"> <p class=\"chakra-text css-o3oz8b\">[Stakeholder]\r\n is considering doing [action]. As part of this product, [user] will be \r\nable to do [job(s)] so that they can achieve [outcome].</p> </blockquote> <p class=\"chakra-text css-o3oz8b\">Your\r\n brief should be broad and include a few key design options you’d like \r\nto explore. As you move through the sprint, allow this brief to \r\nexpand—but keep scope in mind at each stage to ensure you’re not \r\novercommitting.</p> </div>   </div>'),
(111, 119, 'en', 'Step 1: Research Synthesis', 'Step 1: Research Synthesis', '<ul class=\"zls-ul-reset zls-blocks-wrapper zw-fl-grow\"><li class=\"\" style=\"padding-top: 20px; padding-bottom: 20px;\"> <div class=\"zls-blocks-container\">   <div class=\"zls-blocks zls-fixed-width:950 zls-fs17 zw-word-wrap zls-grid zls-gap20 zls-g-col1\">   <div class=\"zls-tinymce-text-content \" data-placeholder=\"Good products come from good craftsmanship. They come from careful attention to design, from endless rounds of refinement, and iteration. But none of those things come easily.                       \"> <p>It\'s time to start your design sprint! The first step will be to get your Miro board set up.</p> <p>&nbsp;</p> <h2 class=\"chakra-heading css-lb1dt4\">By the end of this sprint, your Miro board will be a single presentation of all your design artifacts:</h2> </div>   </div>   </div> </li><li class=\"\" style=\"padding-top: 20px; padding-bottom: 20px;\"> <div class=\"zls-blocks-container\">    <div class=\"zls-blocks-image zw-txt-al-c\">  <img alt=\"images\" src=\"https://download.zoho.com/webdownload?x-service=ZohoLearn&amp;event-id=6352450000000134003&amp;x-cli-msg=%7B%22scopeID%22%3A%226352450000000004002%22%2C%22attachmentItemType%22%3A%22LESSON%22%2C%22isInline%22%3A%22true%22%2C%22courseId%22%3A%226352450000000008045%22%7D\" id=\"6352450000000134003\" style=\"min-height:\'100px\'\">  </div>     </div> </li><li class=\"\" style=\"padding-top: 20px; padding-bottom: 20px;\"> <div class=\"zls-blocks-container\">   <div class=\"zls-blocks zls-fixed-width:950 zls-fs17 zw-word-wrap zls-grid zls-gap20 zls-g-col1\">   <div class=\"zls-tinymce-text-content \" data-placeholder=\"Good products come from good craftsmanship. They come from careful attention to design, from endless rounds of refinement, and iteration. But none of those things come easily.                       \"> <p style=\"text-align: center\">Final Miro Board Layout</p> <p style=\"text-align: center\">&nbsp;</p> <div class=\"css-1m96lhp\"> <div class=\"css-u8svcc\"> <div class=\"copy-length css-0\"> <div class=\"ureact-markdown css-tc5hjw\"> <blockquote class=\"css-12m1603\"> <p class=\"chakra-text css-o3oz8b\"><strong>Note:</strong>&nbsp;In\r\n this next video, Gabe refers to interview videos \"below\". These are the\r\n Coffee Shop interviews that you should use if you\'ve chosen that topic \r\nfor your project, and they have been moved to the page above called&nbsp;<strong>Option 1: Udacity Coffee Shop</strong>. If you\'re going with your own topic, then you should reference your own interviews instead.</p> </blockquote> </div> </div> </div> </div> <div class=\"css-1m96lhp\"> <div class=\"css-u8svcc\"> <div class=\"vds-loading vds-loading--md\"> <div class=\"vds-loading__children\"> <div class=\"_1UN_ejel6QzQCa_M5Nn4bu\"> <div class=\"_2lGVVA99VY-snhn6dzPP-z\"> <div class=\"_3h3jXAJ1HmC2_sa49itKME _2nvHtsDYiD14gMJ8MpUp2c\">&nbsp;</div> </div> </div> </div> </div> </div> </div> </div>   </div>  </div><div class=\"zls-blocks-container\"><iframe frameborder=\"0\" src=\"//www.youtube.com/embed/-k0mDCwLvlI\" width=\"640\" height=\"360\" class=\"note-video-clip\"></iframe></div><div class=\"zls-blocks-container\"><ul class=\"zls-ul-reset zls-blocks-wrapper zw-fl-grow\"><li class=\"\" style=\"padding-top: 20px; padding-bottom: 20px;\"> <div class=\"zls-blocks-container\">   <div class=\"zls-blocks zls-fixed-width:950 zls-fs17 zw-word-wrap zls-grid zls-gap20 zls-g-col1\">   <div class=\"zls-tinymce-text-content \" data-placeholder=\"Good products come from good craftsmanship. They come from careful attention to design, from endless rounds of refinement, and iteration. But none of those things come easily.                       \"> <p>By the end of this step, you should have a complete Miro frame that looks like the following layout:</p> </div>   </div>   </div> </li><li class=\"\" style=\"padding-top: 20px; padding-bottom: 20px;\"> <div class=\"zls-blocks-container\">    <div class=\"zls-blocks-image zw-txt-al-c\">  <img alt=\"images\" src=\"https://download.zoho.com/webdownload?x-service=ZohoLearn&amp;event-id=6352450000000135003&amp;x-cli-msg=%7B%22scopeID%22%3A%226352450000000004002%22%2C%22attachmentItemType%22%3A%22LESSON%22%2C%22isInline%22%3A%22true%22%2C%22courseId%22%3A%226352450000000008045%22%7D\" id=\"6352450000000135003\" style=\"min-height:\'100px\'\">  </div>     </div> </li><li class=\"\" style=\"padding-top: 20px; padding-bottom: 20px;\"> <div class=\"zls-blocks-container\">   <div class=\"zls-blocks zls-fixed-width:950 zls-fs17 zw-word-wrap zls-grid zls-gap20 zls-g-col1\">   <div class=\"zls-tinymce-text-content \" data-placeholder=\"Good products come from good craftsmanship. They come from careful attention to design, from endless rounds of refinement, and iteration. But none of those things come easily.                       \"> <p class=\"chakra-text css-o3oz8b\">&nbsp;</p> <p class=\"chakra-text css-o3oz8b\"><span></span>Select\r\n 3 features and mark each of them using a note of a different color. In \r\neach note, include text that describes the reason that the feature is \r\nimportant. The reasons should be based on the data you synthesized from \r\nthe interviews.</p> <blockquote class=\"css-12m1603\"> <p class=\"chakra-text css-o3oz8b\">NOTE:\r\n This is a good checkpoint to sanity check the scope of your project. \r\nThink about if you cannot think of a large number of feature ideas \r\nbefore prioritizing, or you are struggling to prioritize features. If \r\neither of these questions are true, you might want to loop back to your \r\nnotes or synthesis steps to try to diverge further or focus based on \r\nyour research.</p> </blockquote> </div>   </div>   </div> </li></ul>       </div></li></ul><p></p>'),
(112, 120, 'en', 'Step 2: Rapid Prototyping', 'Step 2: Rapid Prototyping', '<p><iframe frameborder=\"0\" src=\"//www.youtube.com/embed/mvID4Cpqgvw\" width=\"640\" height=\"360\" class=\"note-video-clip\"></iframe></p><ul class=\"zls-ul-reset zls-blocks-wrapper zw-fl-grow\"><li class=\"\" style=\"padding-top: 20px; padding-bottom: 20px;\"> <div class=\"zls-blocks-container\">  <div class=\"zls-blocks-video zw-pos-re zw-index-none \">   <div class=\"zls-iframe-wrapper zls-video-element\">    </div>    </div> </div> <br></li><li class=\"\" style=\"padding-top: 20px; padding-bottom: 20px;\"> <div class=\"zls-blocks-container\">   <div class=\"zls-blocks zls-fixed-width:950 zls-fs17 zw-word-wrap zls-grid zls-gap20 zls-g-col1\">   <div class=\"zls-tinymce-text-content \" data-placeholder=\"Good products come from good craftsmanship. They come from careful attention to design, from endless rounds of refinement, and iteration. But none of those things come easily.                       \"> <p>By\r\n the end of this step, you\'ll be adding two frames to your Miro board. \r\nThese frames should look something like the following (keeping in mind \r\nthat your board should include more sketches and detailed digital \r\nscreens):</p> </div>   </div>   </div> </li><li class=\"\" style=\"padding-top: 20px; padding-bottom: 20px;\"> <div class=\"zls-blocks-container\">    <div class=\"zls-blocks-image zw-txt-al-c\">  <img alt=\"images\" src=\"https://download.zoho.com/webdownload?x-service=ZohoLearn&amp;event-id=6352450000000132019&amp;x-cli-msg=%7B%22scopeID%22%3A%226352450000000004002%22%2C%22attachmentItemType%22%3A%22LESSON%22%2C%22isInline%22%3A%22true%22%2C%22courseId%22%3A%226352450000000008045%22%7D\" id=\"6352450000000132019\" style=\"min-height:\'100px\'\">  </div></div></li></ul><p></p>'),
(113, 121, 'en', 'Step 3: Usability Study and Design Iteration', 'Step 3: Usability Study and Design Iteration', '<p><iframe frameborder=\"0\" src=\"//www.youtube.com/embed/38vyol0qk3Y\" width=\"640\" height=\"360\" class=\"note-video-clip\"></iframe></p><ul class=\"zls-ul-reset zls-blocks-wrapper zw-fl-grow\"><li class=\"\" style=\"padding-top: 20px; padding-bottom: 20px;\"> <div class=\"zls-blocks-container\">   <div class=\"zls-blocks zls-fixed-width:950 zls-fs17 zw-word-wrap zls-grid zls-gap20 zls-g-col1\">   <div class=\"zls-tinymce-text-content \" data-placeholder=\"Good products come from good craftsmanship. They come from careful attention to design, from endless rounds of refinement, and iteration. But none of those things come easily.                       \"> <p>By\r\n the end of this step, you\'ll be adding two new frames to your Miro \r\nboard. These frames should look something like the following:</p> </div>   </div>   </div> </li><li class=\"\" style=\"padding-top: 20px; padding-bottom: 20px;\"> <div class=\"zls-blocks-container\">    <div class=\"zls-blocks-image zw-txt-al-c\">  <img alt=\"images\" src=\"https://download.zoho.com/webdownload?x-service=ZohoLearn&amp;event-id=6352450000000133585&amp;x-cli-msg=%7B%22scopeID%22%3A%226352450000000004002%22%2C%22attachmentItemType%22%3A%22LESSON%22%2C%22isInline%22%3A%22true%22%2C%22courseId%22%3A%226352450000000008045%22%7D\" id=\"6352450000000133585\" style=\"min-height:\'100px\'\">  </div>     </div> </li><li class=\"\" style=\"padding-top: 20px; padding-bottom: 20px;\"> <div class=\"zls-blocks-container\">   <div class=\"zls-blocks zls-fixed-width:950 zls-fs17 zw-word-wrap zls-grid zls-gap20 zls-g-col1\">   <div class=\"zls-tinymce-text-content \" data-placeholder=\"Good products come from good craftsmanship. They come from careful attention to design, from endless rounds of refinement, and iteration. But none of those things come easily.                       \"> <h3 class=\"chakra-heading css-1yztwzy\">Usability Study Recruiting Message Template:</h3> <p>&nbsp;Hey everyone! I’m currently seeking participants for my final project usability study.</p> <p>I’m located in the {{YOUR_TIMEZONE}} timezone and can be available {{YOUR_AVAILABILITY}} for a call.</p> <p>The call should take around 30 minutes.&nbsp;</p> <p>Thank you!</p> <p>*Remember, you should only complete the usability study if you’ve already submitted a project.*</p> <p>&nbsp;</p></div></div></div></li></ul><p></p>'),
(114, 122, 'en', 'Submit project', 'Submit project', '<p>  </p><div class=\"zls-blocks zls-fixed-width:950 zls-fs17 zw-word-wrap zls-grid zls-gap20 zls-g-col1\">   <div class=\"zls-tinymce-text-content \" data-placeholder=\"Good products come from good craftsmanship. They come from careful attention to design, from endless rounds of refinement, and iteration. But none of those things come easily.                       \"> <div class=\"chakra-stack css-1s3a09c\"> <h1 class=\"chakra-heading css-iuea7g\">Submit project</h1> </div> <div class=\"css-0\"> <div class=\"ureact-markdown css-tc5hjw\"> <h1 class=\"chakra-heading css-1ank31f\">You\'ve Completed an Entire Process from Concept to Lo-Fi Prototype 🤩🕺💃👍</h1> <h2 class=\"chakra-heading css-lb1dt4\">Now you\'ll need to submit your design artifacts for review.</h2> <p class=\"chakra-text css-o3oz8b\">Remember,\r\n designing products is hard work and takes time. You\'ll need to continue\r\n honing your skill through practice and patience.</p> <blockquote class=\"css-12m1603\"> <h4 class=\"chakra-heading css-xozg3x\"><strong>Before submitting, double-check that:</strong></h4> </blockquote> <ol class=\"css-13a5a39\"><li class=\"css-cvpopp\">Each item in the&nbsp;<a class=\"chakra-link css-otuu82\" href=\"https://review.udacity.com/#!/rubrics/2670/view\" target=\"_blank\">rubric</a>&nbsp;meets all the required specifications.</li><li class=\"css-cvpopp\">Any Miro, Figma, or Google Drive links have proper permissions for reviewers to view and comment.</li></ol> </div> </div> </div>   </div>'),
(115, 123, 'en', 'Assignment 1', 'Assignment 1', '<p>You are expected to complete these tasks in at most 72 hours. Take a screenshot of the application after you have installed it and send it to my email labelled Assignment 1.</p><p>\r\n</p><ol>\r\n<li>Install VSCode along with the plugins</li><li>\r\n<p>Visit&nbsp;<a href=\"https://www.github.com/\" target=\"_blank\" rel=\"noopener\">Github</a>&nbsp;and create a github account if you do not have one.</p><p>Install Git on your machine.</p></li><li>Install&nbsp;<code>Python3.10</code>&nbsp;or&nbsp;<code>Python3.9</code>&nbsp;on your machine.</li>\r\n\r\n\r\n</ol>'),
(116, 124, 'en', 'Assignment 1', 'Assignment 1', '<div class=\"zls-blocks-container\">\r\n<div class=\"zls-editor-block zw-blocks-col zw-b-col1 \">\r\n<div class=\"zw-block-content\">\r\n<div class=\"zw-para \">\r\n<h3 class=\"chakra-heading css-671zrp\">Quick design sketch</h3>\r\n<div class=\"_15vzQlp3FJ8f94suLiPCPf ureact-markdown \">\r\n<p>Imagine you are hired by Good Food Restaurant to design a food-ordering app.</p>\r\n<p>This app allows consumers to do the following actions:</p>\r\n<ul>\r\n<li>Choose food</li>\r\n<li>Pay</li>\r\n</ul>\r\n<p>Take about&nbsp;<strong>30 mins</strong>&nbsp;to sketch out your solutions. Sketch one screen for choosing food and one screen for paying. The sketches do not need to look polished! The purpose of this exercise is not to prove that you have amazing design skills—it\'s just to get some experience with the process. We will then look at some of the things to consider when making a sketch like this.</p><p><br></p><p><br></p><p>Send a picture of the sketch to my email labelled Assignment 1.</p>\r\n</div>\r\n</div>\r\n</div>\r\n</div></div>'),
(117, 125, 'en', 'Assignment 2', 'Assignment 2', '<h3 class=\"chakra-heading css-671zrp\">Quick design sketch — Part 2</h3><p>\r\n</p><div class=\"_15vzQlp3FJ8f94suLiPCPf ureact-markdown \">\r\n<p>Look at your sketch and see if you can come up with answers to these questions:</p>\r\n<ul>\r\n<li>Who were you designing for?</li>\r\n<li>Who might not be a good fit for your design? Write your answers next to your sketch.</li>\r\n</ul>\r\n<p>Now, revise your design. Will your design be different if the user is a frequent customer? A 5-year old child? Someone who only uses cash? A foreign traveler? I would like to see you sketch out some variations.</p><p>Send a picture of the sketch to my email labelled Assignment 2.</p></div>'),
(119, 127, 'en', 'Submit Your Design Problem', 'Submit Your Design Problem', '<div class=\"_15vzQlp3FJ8f94suLiPCPf ureact-markdown \">\r\n<p>It\'s time to select a topic! Use the guidelines below to select a topic and submit</p>\r\n<p>Guidelines:</p>\r\n</div><p>\r\n</p><div class=\"css-1pbf5mu\">\r\n<p><strong>Choose a broad domain</strong> for which you want to create a design. It could be anything of your choice, such as, vacations, plantation, environment, economy, technology, governance, etc.</p>\r\n<p><strong>Dissect your topic</strong>&nbsp;based on user segments or niche market; Go at least 4-6 levels deep, and consider using a diagram (like the one above) to visualize possible users and subjects you could target</p>\r\n<p>&nbsp;</p>\r\n<div class=\"_15vzQlp3FJ8f94suLiPCPf ureact-markdown \">\r\n<p>As you consider topics, here are some specific questions to ask yourself to make sure you\'ve got a reasonable scope and a good topic. Don\'t move on with the project until you feel each of these statements is true about your topic:</p>\r\n</div>\r\n<div class=\"css-1pbf5mu\">\r\n<p>&nbsp;</p>\r\n<div class=\"css-m4qchi\">\r\n<div class=\"_15vzQlp3FJ8f94suLiPCPf ureact-markdown \">\r\n<ul>\r\n<li>The topic targets&nbsp;<strong>a specific type of user</strong>. This should be a group of users who all share the same need or problem. Be as specific as possible (i.e., \"language-learners\" is too broad; a specific group like \"adults with full-time jobs who are learning a language for fun\" would be better).</li>\r\n</ul>\r\n</div>\r\n</div>\r\n<div class=\"css-m4qchi\">\r\n<div class=\"_15vzQlp3FJ8f94suLiPCPf ureact-markdown \">\r\n<ul>\r\n<li>You can conveniently&nbsp;<strong>reach out to your target users</strong>&nbsp;and recruit a significant number of them to participate in your study. When thinking of your target user, try to make it concrete, to be sure you can actually reach the people you\'ll need to recruit. Can you contact them directly through email or phone? Or can you get that contact information through someone you have a direct connection with?</li>\r\n</ul>\r\n</div>\r\n</div>\r\n<div class=\"css-m4qchi\">\r\n<div class=\"_15vzQlp3FJ8f94suLiPCPf ureact-markdown \">\r\n<ul>\r\n<li>The topic focuses on&nbsp;<strong>a single task flow</strong>.</li>\r\n</ul>\r\n</div>\r\n</div>\r\n<div class=\"css-m4qchi\">\r\n<div class=\"_15vzQlp3FJ8f94suLiPCPf ureact-markdown \">\r\n<ul>\r\n<li>The topic is something&nbsp;<strong>you can research with the time and resources you have</strong></li>\r\n</ul>\r\n</div>\r\n</div>\r\n</div></div>');
INSERT INTO `text_lesson_translations` (`id`, `text_lesson_id`, `locale`, `title`, `summary`, `content`) VALUES
(120, 128, 'en', 'Select Your Design Problem', 'Select Your Design Problem', '<ul class=\"zls-ul-reset zls-blocks-wrapper zw-fl-grow\"><li class=\"\" style=\"padding-top: 20px; padding-bottom: 20px;\"><div class=\"zls-blocks-container\"><div class=\"zls-blocks zls-fixed-width:950 zls-fs17 zw-word-wrap zls-grid zls-gap20 zls-g-col1\"><div class=\"zls-tinymce-text-content \" data-placeholder=\"Good products come from good craftsmanship. They come from careful attention to design, from endless rounds of refinement, and iteration. But none of those things come easily.                       \"><div class=\"css-1pbf5mu\"><ul class=\"css-1m3y3vl\"><li class=\"css-0\"></li><li class=\"\" style=\"padding-top: 20px; padding-bottom: 20px;\"><div class=\"zls-blocks-container\"><div class=\"zls-blocks zls-fixed-width:950 zls-fs17 zw-word-wrap zls-grid zls-gap20 zls-g-col1\"><div class=\"zls-tinymce-text-content \" data-placeholder=\"Good products come from good craftsmanship. They come from careful attention to design, from endless rounds of refinement, and iteration. But none of those things come easily.                       \"><div class=\"css-1m96lhp\"><div class=\"css-u8svcc\"><div class=\"_15vzQlp3FJ8f94suLiPCPf ureact-markdown \"><h1>Select Your Design Problem</h1></div></div></div><div class=\"css-1m96lhp\"><div class=\"css-u8svcc\"><div class=\"_15vzQlp3FJ8f94suLiPCPf ureact-markdown \"><p>It\'s time to think about what you want to do for your final project! The first step is to choose a problem or need that you\'re interested in solving for. This could be essentially anything you like, as long as it can be addressed by an application (specifically, an app that could run on mobile phone or web platforms).</p><p>In choosing the overall design space, you have two general options: You can either select a predefined problem (Option 1) or choose your own (Option 2).</p></div></div></div></div></div></div></li><li class=\"\" style=\"padding-top: 20px; padding-bottom: 20px;\"><div class=\"zls-blocks-container\"><div class=\"zls-blocks zls-fixed-width:950 zls-fs17 zw-word-wrap zls-grid zls-gap20 zls-g-col1\"><div class=\"zls-tinymce-text-content \" data-placeholder=\"Good products come from good craftsmanship. They come from careful attention to design, from endless rounds of refinement, and iteration. But none of those things come easily.                       \"><h3>Option 1: The Udacity Coffee Shop app</h3><p>Udacity is considering opening a digitally-enabled coffee shop experience. As part of this experience, students will be able to use an app (mobile or web-based), which exists separately from the Udacity classroom, to perform actions such as:</p><ul><li>Placing their drink orders</li><li>Collaborating with other students in the coffee shop</li><li>Motivating progress on a Nanodegree</li><li>Facilitating a productive study environment</li></ul></div></div></div></li><li class=\"\" style=\"padding-top: 20px; padding-bottom: 20px;\"><div class=\"zls-blocks-container\"><div class=\"zls-blocks zls-fixed-width:950 zls-fs17 zw-word-wrap zls-grid zls-gap20 zls-g-col1\"><div class=\"zls-tinymce-text-content \" data-placeholder=\"Good products come from good craftsmanship. They come from careful attention to design, from endless rounds of refinement, and iteration. But none of those things come easily.                       \"><p>It is up to you to choose specific features that you want to implement, but they must address one or more of these core design needs.</p><p>This option will be a little easier, in the sense that the problem space has already been defined for you—although you\'ll still need to narrow down on a specific aspect of that problem space. On the other hand, you will be tackling the same problem as many of your fellow students, so your project will not be as unique as if you go with Option 2.</p></div></div></div></li><li class=\"\" style=\"padding-top: 20px; padding-bottom: 20px;\"><div class=\"zls-blocks-container\"><div class=\"zls-blocks zls-fixed-width:950 zls-fs17 zw-word-wrap zls-grid zls-gap20 zls-g-col1\"><div class=\"zls-tinymce-text-content \" data-placeholder=\"Good products come from good craftsmanship. They come from careful attention to design, from endless rounds of refinement, and iteration. But none of those things come easily.                       \"><h3>Option 2: Select your own design problem</h3><p>Find a problem space that you are interested in. Is there an application you wish you had, but that does not yet exist? It can be about pretty much anything—such as vacation planning, a dry cleaning pick-up service, or a comic book trading platform.</p></div></div></div></li><li class=\"\" style=\"padding-top: 20px; padding-bottom: 20px;\"><div class=\"zls-blocks-container\"><div class=\"zls-blocks zls-fixed-width:950 zls-fs17 zw-word-wrap zls-grid zls-gap20 zls-g-col1\"><div class=\"zls-tinymce-text-content \" data-placeholder=\"Good products come from good craftsmanship. They come from careful attention to design, from endless rounds of refinement, and iteration. But none of those things come easily.                       \"><p>Selecting your own design problem is a little more challenging, but it has a few benefits. First, the process of selecting a good problem is itself an important skill to have as a UX designer, so this will give you additional practice with that skill. And second, you\'ll generate a project that is totally unique, and that no other students have done. This can potentially be developed into a strong portfolio piece—so if creating an awesome portfolio piece is one of your goals, then selecting your own problem might be the way to go.</p></div></div></div></li><li class=\"\" style=\"padding-top: 20px; padding-bottom: 20px;\"><div class=\"zls-blocks-container\"><div class=\"zls-blocks zls-fixed-width:950 zls-fs17 zw-word-wrap zls-grid zls-gap20 zls-g-col1\"><div class=\"zls-tinymce-text-content \" data-placeholder=\"Good products come from good craftsmanship. They come from careful attention to design, from endless rounds of refinement, and iteration. But none of those things come easily.                       \"><h2>Scoping the topic</h2><p>Whichever option you go with, you\'ll still need to narrow in on a specific aspect of the problem. One of the biggest risks in tackling a design problem is choosing a problem that is too big. Especially when you have limited time and resources (like you do for this project), it\'s important to land on a topic that has an appropriate scope and won\'t become overwhelming or impossible to get done.</p></div></div></div></li><li class=\"\" style=\"padding-top: 20px; padding-bottom: 20px;\"><div class=\"zls-blocks-container\"><div class=\"zls-blocks zls-fixed-width:950 zls-fs17 zw-word-wrap zls-grid zls-gap20 zls-g-col1\"><div class=\"zls-tinymce-text-content \" data-placeholder=\"Good products come from good craftsmanship. They come from careful attention to design, from endless rounds of refinement, and iteration. But none of those things come easily.                       \"><h4>Example</h4><p>Here\'s an example of the decision process for selecting a topic and narrowing the scope. At each step, we make a choice about which option we want to pursue (the chosen options are shown here in italics).</p><ol><li><span style=\"font-weight: bolder;\">Choose a domain/industry</span><ul><li><em>Food ordering</em>, online learning, buying shoes online, etc.</li></ul></li><li><span style=\"font-weight: bolder;\">Choose a more niche market</span><ul><li>Food ordering →&nbsp;<em>ordering pizza from a pizza chain</em></li></ul></li><li><span style=\"font-weight: bolder;\">Choose a user group (only one)</span><ul><li>Who are the users of a pizza ordering app?<ul><li>Chefs who need to track incoming orders</li><li>Pizza delivery man</li><li>Store managers who want to see sales</li><li><em>Customers</em></li></ul></li></ul></li><li><span style=\"font-weight: bolder;\">Narrow down the users</span><ul><li>Office managers who buy 20 pizzas for a company party</li><li>People who want to eat pizza inside the pizza shop</li><li><em>College students who just want to order a pizza delivery</em></li></ul></li><li><span style=\"font-weight: bolder;\">Choose a single critical user journey</span><ul><li>Sign-up for the app</li><li>Set up payment</li><li><em>Choose a pizza</em></li><li>Check delivery time</li></ul></li></ol></div></div></div></li><li class=\"\" style=\"padding-top: 20px; padding-bottom: 20px;\"><div class=\"zls-blocks-container\"><div class=\"zls-blocks zls-fixed-width:950 zls-fs17 zw-word-wrap zls-grid zls-gap20 zls-g-col1\"><div class=\"zls-tinymce-text-content \" data-placeholder=\"Good products come from good craftsmanship. They come from careful attention to design, from endless rounds of refinement, and iteration. But none of those things come easily.                       \"><p><span style=\"font-weight: bolder;\">The final scope:</span>&nbsp;<em>Design an app for college students to order pizza.</em></p><p>You\'ll want to go through a similar process for your project to narrow down the scope of your design problem. As you work on this, it may help to create a diagram showing possible users and subjects you could target. Below is an example, which I created with&nbsp;<a href=\"https://whimsical.com/\" target=\"_blank\">Whimsical.com</a>. You can use any tool you like for this process (e.g., digital tools, pen and paper, whiteboard, etc.).</p></div></div></div></li><li class=\"\" style=\"padding-top: 20px; padding-bottom: 20px;\"><div class=\"zls-blocks-container\"><div class=\"zls-blocks-image zw-txt-al-c\"><img alt=\"images\" src=\"https://download.zoho.com/webdownload?x-service=ZohoLearn&amp;event-id=6352450000000014003&amp;x-cli-msg=%7B%22scopeID%22%3A%226352450000000004002%22%2C%22attachmentItemType%22%3A%22LESSON%22%2C%22isInline%22%3A%22true%22%2C%22courseId%22%3A%226352450000000008045%22%7D\" id=\"6352450000000014003\"></div></div></li><li class=\"\" style=\"padding-top: 20px; padding-bottom: 20px;\"><div class=\"zls-blocks-container\"><div class=\"zls-blocks zls-fixed-width:950 zls-fs17 zw-word-wrap zls-grid zls-gap20 zls-g-col1\"><div class=\"zls-tinymce-text-content \" data-placeholder=\"Good products come from good craftsmanship. They come from careful attention to design, from endless rounds of refinement, and iteration. But none of those things come easily.                       \"><div class=\"css-1m96lhp\"><div class=\"css-u8svcc\"><div class=\"css-1dtn3on\"><div class=\"_15vzQlp3FJ8f94suLiPCPf ureact-markdown \"><p>It\'s time to select a topic! Here are the steps:</p></div><div class=\"css-1pbf5mu\"><br><p></p><div class=\"css-m4qchi\"><div class=\"_15vzQlp3FJ8f94suLiPCPf ureact-markdown \"><p>If you selected the Coffee Shop app, then this part is already done for you.</p></div></div><div class=\"css-m4qchi\"><div class=\"_15vzQlp3FJ8f94suLiPCPf ureact-markdown \"><p><span style=\"font-weight: bolder;\">Dissect your topic</span>&nbsp;based on user segments or niche market; Go at least 4-6 levels deep, and consider using a diagram (like the one above) to visualize possible users and subjects you could target</p></div></div><div class=\"css-m4qchi\"><div class=\"_15vzQlp3FJ8f94suLiPCPf ureact-markdown \"><p>Select a&nbsp;<span style=\"font-weight: bolder;\">specific, narrowly scoped design problem</span>&nbsp;that you want to tackle for your research project</p></div></div></div></div></div></div><div class=\"css-1m96lhp\"><div class=\"css-u8svcc\"><div class=\"_15vzQlp3FJ8f94suLiPCPf ureact-markdown \">&nbsp;</div></div></div></div></div></div></li><li class=\"\" style=\"padding-top: 20px; padding-bottom: 20px;\"><div class=\"zls-blocks-container\"><div class=\"zls-blocks zls-fixed-width:950 zls-fs17 zw-word-wrap zls-grid zls-gap20 zls-g-col1\"></div></div><br></li><li class=\"\" style=\"padding-top: 20px; padding-bottom: 20px;\"><div class=\"zls-blocks-container\"><div class=\"zls-blocks zls-fixed-width:950 zls-fs17 zw-word-wrap zls-grid zls-gap20 zls-g-col1\"><div class=\"zls-tinymce-text-content \" data-placeholder=\"Good products come from good craftsmanship. They come from careful attention to design, from endless rounds of refinement, and iteration. But none of those things come easily.                       \"><h2>Is it do-able?</h2><p>The key is to find a design problem you are passionate about, but also take feasibility into consideration. Do you have access to the target users? For example, if you are interested in building a tool for rocket ships, you need to think about how many astronauts you can talk to. And is the problem specific enough? If the problem is too large, you may not have the time to do good research on it.</p></div></div></div></li><li class=\"\" style=\"padding-top: 20px; padding-bottom: 20px;\"><div class=\"zls-blocks-container\"><div class=\"zls-blocks zls-fixed-width:950 zls-fs17 zw-word-wrap zls-grid zls-gap20 zls-g-col1\"><div class=\"zls-tinymce-text-content \" data-placeholder=\"Good products come from good craftsmanship. They come from careful attention to design, from endless rounds of refinement, and iteration. But none of those things come easily.                       \"><div class=\"_15vzQlp3FJ8f94suLiPCPf ureact-markdown \"><p>As you consider topics, here are some specific questions to ask yourself to make sure you\'ve got a reasonable scope and a good topic. Don\'t move on with the project until you feel each of these statements is true about your topic:</p></div><div class=\"css-1pbf5mu\"><ul class=\"css-1m3y3vl\"><li class=\"css-0\"><div class=\"css-m4qchi\"><div class=\"_15vzQlp3FJ8f94suLiPCPf ureact-markdown \"><p>The topic targets&nbsp;<span style=\"font-weight: bolder;\">a specific type of user</span>. This should be a group of users who all share the same need or problem. Be as specific as possible (i.e., \"language-learners\" is too broad; a specific group like \"adults with full-time jobs who are learning a language for fun\" would be better).</p></div></div></li><li class=\"css-0\"><div class=\"css-m4qchi\"><div class=\"_15vzQlp3FJ8f94suLiPCPf ureact-markdown \"><p>You can conveniently&nbsp;<span style=\"font-weight: bolder;\">reach out to your target users</span>&nbsp;and recruit a significant number of them to participate in your study. When thinking of your target user, try to make it concrete, to be sure you can actually reach the people you\'ll need to recruit. Can you contact them directly through email or phone? Or can you get that contact information through someone you have a direct connection with?</p></div></div></li><li class=\"css-0\"><div class=\"css-m4qchi\"><div class=\"_15vzQlp3FJ8f94suLiPCPf ureact-markdown \"><p>The topic focuses on&nbsp;<span style=\"font-weight: bolder;\">a single task flow</span>.</p></div></div></li><li class=\"css-0\"><div class=\"css-m4qchi\"><div class=\"_15vzQlp3FJ8f94suLiPCPf ureact-markdown \"><p>The topic is something&nbsp;<span style=\"font-weight: bolder;\">you can research with the time and resources you have</span>.</p></div></div></li><li class=\"css-0\"><br></li></ul></div></div></div></div></li></ul></div></div></div></div></li></ul>'),
(121, 129, 'en', 'Create Your Research Plan', 'Create Your Research Plan', '<p class=\"chakra-text css-o3oz8b\" style=\"color: rgb(36, 42, 66); font-family: LatoLatin, sans-serif; font-size: 16px;\">Before moving on, you should get started on your research plan.</p><p class=\"chakra-text css-o3oz8b\" style=\"color: rgb(36, 42, 66); font-family: LatoLatin, sans-serif; font-size: 16px;\">Use the template provided below.</p><p class=\"chakra-text css-o3oz8b\" style=\"color: rgb(36, 42, 66); font-family: LatoLatin, sans-serif; font-size: 16px;\">Once you\'ve created your document, see if you can fill out some of the info for the&nbsp;<em class=\"chakra-text css-o3oz8b\">interview study</em>. We\'ll get into the details about how to do an interview study next, so you don\'t have to get into all of the details now. But you should be able to at least draft the following:</p><div class=\"css-1m96lhp\" style=\"color: rgb(36, 42, 66); font-family: LatoLatin, sans-serif; font-size: 16px;\"><div class=\"css-u8svcc\"><div class=\"css-1do9afp\"><div class=\"chakra-stack css-1ac1sc7\"><br><div class=\"ureact-markdown css-tc5hjw\"><ol><li class=\"chakra-text css-o3oz8b\">Write the background</li><li class=\"chakra-text css-o3oz8b\">Write the research goals</li><li class=\"chakra-text css-o3oz8b\">Write the overarching research questions</li><li class=\"chakra-text css-o3oz8b\">Write how and where you will recruit participants</li><li class=\"chakra-text css-o3oz8b\">If you are going to use a screener, write your screener questions (if you are recruiting friends and family, you can skip writing a screener—though even then, it would still be good practice!)</li><li class=\"chakra-text css-o3oz8b\">Write the introduction part of the script</li></ol></div></div></div></div></div><div class=\"css-1m96lhp\" style=\"color: rgb(36, 42, 66); font-family: LatoLatin, sans-serif; font-size: 16px;\"><div class=\"css-u8svcc\">&nbsp;</div></div>'),
(122, 130, 'en', 'Assignment 2', 'Assignment 2', '<p><span style=\"color: rgb(36, 42, 66); font-family: LatoLatin, sans-serif; font-size: 16px;\">Install Postgre SQL</span></p>'),
(123, 131, 'en', 'Assignment 2.5', 'Assignment 2.5', '<p><div class=\"zls-learner-answer-con zw-m-t40\" style=\"margin-top: 40px; color: rgb(36, 42, 66); font-family: LatoLatin, sans-serif; font-size: 15px; font-style: normal; font-variant-ligatures: normal; font-variant-caps: normal; font-weight: 400; letter-spacing: normal; orphans: 2; text-align: start; text-indent: 0px; text-transform: none; widows: 2; word-spacing: 0px; -webkit-text-stroke-width: 0px; white-space: normal; background-color: rgb(255, 255, 255); text-decoration-thickness: initial; text-decoration-style: initial; text-decoration-color: initial;\"></div></p><div class=\"zls-header-con zw-m-b20\" style=\"margin-bottom: 20px; color: rgb(36, 42, 66); font-family: LatoLatin, sans-serif; font-size: 15px; font-style: normal; font-variant-ligatures: normal; font-variant-caps: normal; font-weight: 400; letter-spacing: normal; orphans: 2; text-align: start; text-indent: 0px; text-transform: none; widows: 2; word-spacing: 0px; -webkit-text-stroke-width: 0px; white-space: normal; background-color: rgb(255, 255, 255); text-decoration-thickness: initial; text-decoration-style: initial; text-decoration-color: initial;\"><div class=\"zls-f-w600 zw-m-b5 zw-primary-txt-color\" style=\"font-weight: 600; color: var(--product-accent-color); margin-bottom: 5px;\">Question</div><div class=\"zls-fs16\" style=\"font-size: 1.6rem;\"><p style=\"margin-top: 0px;\">Consider the following project.</p><p style=\"margin-top: 0px;\">The company has been tasked with job of creating an ERP system. It contains the following modules:</p><ol><li>User Management</li><li>Finance</li><li>HR</li><li>Inventory</li></ol><p style=\"margin-top: 0px;\">Here is a break down of all the database models in each module:</p><ol><li><strong>USER MGT</strong><ol><li>User/Staff Account C.R.U.D.</li></ol></li><li><strong>FINANCE</strong><ol><li>Budget C.R.U.D</li><li>Invoice C.R.U.D</li><li>Accounts C.R.U.D</li><li>Orders C.R.U.D</li></ol></li><li><strong>HR</strong><ol><li>Department C.R.U.D</li><li>Leave Application C.R.U.D</li><li>Staff Query C.R.U.D</li><li>Recruitment C.R.U.D</li><li>Staff Performance Review C.R.U.D</li></ol></li><li><strong>Inventory</strong><ol><li>Item C.R.U.D</li><li>Audit Trail C.R.U.D</li></ol></li></ol><p style=\"margin-top: 0px;\">&nbsp;</p><p style=\"margin-top: 0px;\"><strong>Given the above modules, do the following:</strong></p><ol><li>Design a schema for each model in all the modules. For instance, the ITEM model in INVENTORY module may look like this:<br><pre class=\" language-javascript\" style=\"overflow: auto; margin: 0.5em 0px; line-height: 1.5; color: black; background: rgb(245, 242, 240); font-family: Consolas, Monaco, &quot;Andale Mono&quot;, &quot;Ubuntu Mono&quot;, monospace; font-size: 1em; text-align: left; white-space: pre; word-spacing: normal; word-break: normal; overflow-wrap: normal; tab-size: 4; hyphens: none; position: relative; padding: 1em; box-sizing: border-box; text-shadow: white 0px 1px; direction: ltr;\"><code class=\" language-javascript\" style=\"line-height: 1.5; color: black; background: linear-gradient(transparent 50%, rgba(69, 142, 209, 0.04) 50%) 0% 0% / 3em 3em local content-box rgb(253, 253, 253); font-family: Consolas, Monaco, &quot;Andale Mono&quot;, &quot;Ubuntu Mono&quot;, monospace; font-size: 1em; text-align: left; white-space: pre; word-spacing: normal; word-break: normal; overflow-wrap: normal; tab-size: 4; hyphens: none; max-height: inherit; height: inherit; padding: 0px 1em; display: block; overflow: auto; text-shadow: white 0px 1px; direction: ltr; box-shadow: rgb(53, 140, 203) -1px 0px 0px 0px, rgb(223, 223, 223) 0px 0px 0px 1px; position: relative; border-left: 10px solid rgb(53, 140, 203);\"><span class=\"token punctuation\" style=\"color: rgb(153, 153, 153);\">{</span>\r\nid<span class=\"token operator\" style=\"color: rgb(166, 127, 89); background: rgba(255, 255, 255, 0.5);\">:</span> integer<span class=\"token punctuation\" style=\"color: rgb(153, 153, 153);\">,</span>\r\nname<span class=\"token operator\" style=\"color: rgb(166, 127, 89); background: rgba(255, 255, 255, 0.5);\">:</span> <span class=\"token function\" style=\"color: rgb(221, 74, 104);\">varchar</span><span class=\"token punctuation\" style=\"color: rgb(153, 153, 153);\">(</span><span class=\"token number\" style=\"color: rgb(153, 0, 85);\">255</span><span class=\"token punctuation\" style=\"color: rgb(153, 153, 153);\">)</span><span class=\"token punctuation\" style=\"color: rgb(153, 153, 153);\">,</span>\r\ndescription<span class=\"token operator\" style=\"color: rgb(166, 127, 89); background: rgba(255, 255, 255, 0.5);\">:</span> <span class=\"token function\" style=\"color: rgb(221, 74, 104);\">varchar</span><span class=\"token punctuation\" style=\"color: rgb(153, 153, 153);\">(</span><span class=\"token number\" style=\"color: rgb(153, 0, 85);\">500</span><span class=\"token punctuation\" style=\"color: rgb(153, 153, 153);\">)</span><span class=\"token punctuation\" style=\"color: rgb(153, 153, 153);\">,</span>\r\n<span class=\"token punctuation\" style=\"color: rgb(153, 153, 153);\">}</span>​</code></pre><br><br></li><li>Write the Postgres SQL for creating the tables for each model in all modules.</li><li>Write the Postgres SQL code for each of the following operations for each model:<ol><li>CREATE - Create a new resource</li><li>READ ALL- Retrieve all resources</li><li>READ ONE - Retrieve a single resource</li><li>UPDATE - Update a given resource</li><li>DELETE - Delete a given resource</li></ol></li><li>Write a set of unit tests that you think should be written or implemented for this application and why. For instance, you may say Item creation unit test should be implemented to test that a new item being created is not a duplicate that already exists in the database.</li><li>What design would you recommend for building this app and why?</li></ol><p><br></p><p>Upload your finished script and send as an attachment to my email</p></div></div>'),
(124, 132, 'en', 'Assignment 3', 'Assignment 3', '<div class=\"zls-header-con zw-m-b20\" style=\"margin-bottom: 20px; color: rgb(36, 42, 66); font-family: LatoLatin, sans-serif; font-size: 15px;\"><div class=\"zls-f-w600 zw-m-b5 zw-primary-txt-color\" style=\"font-weight: 600; color: var(--product-accent-color); margin-bottom: 5px;\">Question</div><div class=\"zls-fs16\" style=\"font-size: 1.6rem;\"><h1>Python Coding Tasks</h1><p>You have at most 48 hours to complete the following challenges.</p><h2 class=\"anchor anchorWithStickyNavbar_LWe7\">1. Optimus Prime... Number<a href=\"https://pms-node.web.app/docs/module_04/tasks#1-optimus-prime-number\" target=\"_blank\" style=\"outline: 0px;\">​</a></h2><p>The first 11 prime integers are 2, 3, 5, 7, 11, 13, 17, 19, 23, 29, and 31. A positive integer between 1 and 1000 (inclusive), other than the first 11 prime integers, is prime if it is not divisible by 2, 3, 5, 7, 11, 13, 17, 19, 23, 29, and 31.</p><p>Write a program that prompts the user to enter a positive integer between 1 and 1000 (inclusive) and that outputs:</p><h3 class=\"anchor anchorWithStickyNavbar_LWe7\">Level 1<a href=\"https://pms-node.web.app/docs/module_04/tasks#level-1\" target=\"_blank\" style=\"outline: 0px;\">​</a></h3><p>whether the number is prime. If the number is not prime, then output all the numbers, from the list of the first 11 prime integers, which divide the number.</p><h3 class=\"anchor anchorWithStickyNavbar_LWe7\">Level 2<a href=\"https://pms-node.web.app/docs/module_04/tasks#level-2\" target=\"_blank\" style=\"outline: 0px;\">​</a></h3><p>all the numbers below the entered number that are prime numbers.</p><h3 class=\"anchor anchorWithStickyNavbar_LWe7\">Level 3<a href=\"https://pms-node.web.app/docs/module_04/tasks#level-3\" target=\"_blank\" style=\"outline: 0px;\">​</a></h3><p>all the numbers above the entered number (but only up to 1000) that are prime numbers.</p><h2 class=\"anchor anchorWithStickyNavbar_LWe7\">2. TV and code<a href=\"https://pms-node.web.app/docs/module_04/tasks#2-tv-and-code\" target=\"_blank\" style=\"outline: 0px;\">​</a></h2><p>The screen size of a TV is given by the length of the rectangular diagonal. Traditional TVs come in 4:3 ratio, that is, the ratio of length to width is 4 to 3. This means, if the length is&nbsp;<code>x</code>&nbsp;inches, then the width is&nbsp;<code>(3/4)x</code>. LCD TVs come in 16:9 ratio.</p><p>Write a program that prompts the user to input the length of the diagonal (in inches) of the screen and allows the user to select which type of TV’s screen length, screen width, and screen area the user would like to calculate. Have the program display the desired results.</p><h2 class=\"anchor anchorWithStickyNavbar_LWe7\">3. Manomi<a href=\"https://pms-node.web.app/docs/module_04/tasks#3-manomi\" target=\"_blank\" style=\"outline: 0px;\">​</a></h2><p>Aliyu bought several acres of farm to grow and sell vegetables. Suppose that Aliyu wants to grow a maximum of two types of vegetables. Write a program that prompts Aliyu (or the user) to do the following:</p><ol><li>Enter the total farm area in acres.</li><li>The number of vegetables (one or two) that the user wants to grow.</li><li>If the user wants to grow two types of vegetables, then specify the portion, as a percentage, of the farm land used for each type of vegetable.</li><li>Enter the seed cost, plantation cost, fertilizing cost, labor cost, for each acre.</li><li>Enter vegetable selling price per acre.</li></ol><p>Output the total revenue.</p><p>Output the profit/loss.</p><h2 class=\"anchor anchorWithStickyNavbar_LWe7\">4. Tree Planting<a href=\"https://pms-node.web.app/docs/module_04/tasks#4-tree-planting\" target=\"_blank\" style=\"outline: 0px;\">​</a></h2><p>Lex and Dauda want to plant evergreen trees along the back side of their yard. They do not want to have an excessive number of trees. Write a program that prompts the user to input the following:</p><ol><li>The length of the yard.</li><li>The radius of a fully grown tree.</li><li>The required space between fully grown trees.</li></ol><p>The program outputs the number of trees that can be planted in the yard and the total space that will be occupied by the fully grown trees.</p><h2 class=\"anchor anchorWithStickyNavbar_LWe7\">5. More Tree Planting<a href=\"https://pms-node.web.app/docs/module_04/tasks#5-more-tree-planting\" target=\"_blank\" style=\"outline: 0px;\">​</a></h2><p>During each rainy season, Jelili and Omowunmi grow vegetables in their backyard and buy seeds and fertilizer from a local nursery. The nursery carries different types of vegetable fertilizers in various bag sizes.</p><p>When buying a particular fertilizer, they want to know the price of the fertilizer per pound and the cost of fertilizing per square foot.</p><h3 class=\"anchor anchorWithStickyNavbar_LWe7\">Level 1<a href=\"https://pms-node.web.app/docs/module_04/tasks#level-1-1\" target=\"_blank\" style=\"outline: 0px;\">​</a></h3><p>Write a program that prompts the user to enter the size of the fertilizer bag (in pounds), the cost of the bag (in naira), and the area (in square feet), that can be covered by the bag.</p><p>The program should output the desired result.</p><h3 class=\"anchor anchorWithStickyNavbar_LWe7\">Level 2<a href=\"https://pms-node.web.app/docs/module_04/tasks#level-2-1\" target=\"_blank\" style=\"outline: 0px;\">​</a></h3><p>Add another prompt for the user to also input their budget in naira. The program should now also output if the user\'s budget can cover the cost of gardening they want to undertake.</p><h2 class=\"anchor anchorWithStickyNavbar_LWe7\">6. NBA Scout Pro<a href=\"https://pms-node.web.app/docs/module_04/tasks#6-nba-scout-pro\" target=\"_blank\" style=\"outline: 0px;\">​</a></h2><p>A scouting firm has hired you to write a program that analyses the data of a player. In this case, they want to analyse potential NBA drafts stats. Some stats to track include:</p><ul><li>Player Name: The name of the player.</li><li>Game: The date of the game for which the statistics are being recorded.</li><li>Points: The number of points scored by the player in that game.</li><li>Rebounds: The number of rebounds the player had in that game.</li><li>Assists: The number of assists the player had in that game.</li><li>Three-Pointers Made: The number of three-pointers made by the player in that game.</li><li>Steals: The number of steals the player had in that game.</li><li>Blocks: The number of blocks the player had in that game.</li></ul><p>These stats are currently saved in a csv file as shown below</p><div class=\"language-csv codeBlockContainer_Ckt0 theme-code-block\"><div class=\"codeBlockTitle_Ktv7\">right_click_academy.csv</div><div class=\"codeBlockContent_biex\"><pre class=\"prism-code codeBlock_bY9V thin-scrollbar  language-csv\" style=\"margin-top: 0.5em; margin-bottom: 0.5em; line-height: 1.5; color: black; background: rgb(245, 242, 240); font-family: Consolas, Monaco, &quot;Andale Mono&quot;, &quot;Ubuntu Mono&quot;, monospace; font-size: 1em; word-spacing: normal; word-break: normal; overflow-wrap: normal; tab-size: 4; hyphens: none; position: relative; padding: 1em; text-shadow: white 0px 1px; direction: ltr;\"><code class=\" language-csv\" style=\"line-height: 1.5; color: black; background: linear-gradient(transparent 50%, rgba(69, 142, 209, 0.04) 50%) 0% 0% / 3em 3em local content-box content-box rgb(253, 253, 253); font-family: Consolas, Monaco, &quot;Andale Mono&quot;, &quot;Ubuntu Mono&quot;, monospace; font-size: 1em; word-spacing: normal; overflow-wrap: normal; tab-size: 4; hyphens: none; max-height: inherit; height: inherit; padding: 0px 1em; display: block; overflow: auto; text-shadow: white 0px 1px; direction: ltr; box-shadow: rgb(53, 140, 203) -1px 0px 0px 0px, rgb(223, 223, 223) 0px 0px 0px 1px; position: relative; border-left: 10px solid rgb(53, 140, 203);\">name,game,points,rebounds,assists,3 pointers,steals,blocks\r\nJohn Smith,1,35,9,4,1,2\r\nEmily Johnson,1,28,10,5,4,0\r\nMichael Brown,1,42,11,8,3,1\r\nJesse Davis,1,31,9,10,2,3\r\nJohn Smith,2,25,9,4,1,1\r\nEmily Johnson,2,30,10,5,4,3\r\nMichael Brown,2,34,11,8,3,2\r\nJesse Davis,2,29,9,10,2,0\r\n</code></pre><div class=\"buttonGroup__atx\">&nbsp;</div></div></div><p><a href=\"https://pms-node.web.app/assets/files/players_stats-0cce2f9a14931f356858363d1b31732b.csv\" target=\"_blank\" style=\"outline: 0px;\">CSV File</a></p><h3 class=\"anchor anchorWithStickyNavbar_LWe7\">Level 1<a href=\"https://pms-node.web.app/docs/module_04/tasks#level-1-2\" target=\"_blank\" style=\"outline: 0px;\">​</a></h3><p>Write a function&nbsp;<code>high_scores</code>&nbsp;that takes 2 parameter:&nbsp;<code>csv_file</code>&nbsp;and&nbsp;<code>player_name</code>.&nbsp;<code>player_name</code>&nbsp;is a string and is the player\'s name.&nbsp;<code>csv_file</code>&nbsp;is the name of csv file containing data.</p><p>The function primarily reads the csv file and:</p><ul><li><p>Finds out how many times the player achieved a new high record in either assists, rebounds or points and returns the values in a dictionary like this:</p><div class=\"language-jsx codeBlockContainer_Ckt0 theme-code-block\"><div class=\"codeBlockContent_biex\"><pre class=\"prism-code codeBlock_bY9V thin-scrollbar  language-jsx\" style=\"margin-top: 0.5em; margin-bottom: 0.5em; line-height: 1.5; color: black; background: rgb(245, 242, 240); font-family: Consolas, Monaco, &quot;Andale Mono&quot;, &quot;Ubuntu Mono&quot;, monospace; font-size: 1em; word-spacing: normal; word-break: normal; overflow-wrap: normal; tab-size: 4; hyphens: none; position: relative; padding: 1em; text-shadow: white 0px 1px; direction: ltr;\"><code class=\" language-jsx\" style=\"line-height: 1.5; color: black; background: linear-gradient(transparent 50%, rgba(69, 142, 209, 0.04) 50%) 0% 0% / 3em 3em local content-box content-box rgb(253, 253, 253); font-family: Consolas, Monaco, &quot;Andale Mono&quot;, &quot;Ubuntu Mono&quot;, monospace; font-size: 1em; word-spacing: normal; overflow-wrap: normal; tab-size: 4; hyphens: none; max-height: inherit; height: inherit; padding: 0px 1em; display: block; overflow: auto; text-shadow: white 0px 1px; direction: ltr; box-shadow: rgb(53, 140, 203) -1px 0px 0px 0px, rgb(223, 223, 223) 0px 0px 0px 1px; position: relative; border-left: 10px solid rgb(53, 140, 203);\">{\r\n    points: 2,\r\n    rebounds: 3,\r\n    assists: 1\r\n}\r\n</code></pre><div class=\"buttonGroup__atx\">&nbsp;</div></div></div></li></ul><h3 class=\"anchor anchorWithStickyNavbar_LWe7\">Level 2<a href=\"https://pms-node.web.app/docs/module_04/tasks#level-2-2\" target=\"_blank\" style=\"outline: 0px;\">​</a></h3><p>Write a function&nbsp;<code>high_score_games</code>&nbsp;that takes 2 parameter:&nbsp;<code>csv_file</code>&nbsp;and&nbsp;<code>player_name</code>.&nbsp;<code>player_name</code>&nbsp;is a string and is the player\'s name.&nbsp;<code>csv_file</code>&nbsp;is the name of csv file containing data.</p><p>The function primarily reads the csv file and:</p><ul><li><p>Finds out the games where the player achieved a new high record in either assists, rebounds or points and returns the values in a dictionary like this:</p><div class=\"language-jsx codeBlockContainer_Ckt0 theme-code-block\"><div class=\"codeBlockContent_biex\"><pre class=\"prism-code codeBlock_bY9V thin-scrollbar  language-jsx\" style=\"margin-top: 0.5em; margin-bottom: 0.5em; line-height: 1.5; color: black; background: rgb(245, 242, 240); font-family: Consolas, Monaco, &quot;Andale Mono&quot;, &quot;Ubuntu Mono&quot;, monospace; font-size: 1em; word-spacing: normal; word-break: normal; overflow-wrap: normal; tab-size: 4; hyphens: none; position: relative; padding: 1em; text-shadow: white 0px 1px; direction: ltr;\"><code class=\" language-jsx\" style=\"line-height: 1.5; color: black; background: linear-gradient(transparent 50%, rgba(69, 142, 209, 0.04) 50%) 0% 0% / 3em 3em local content-box content-box rgb(253, 253, 253); font-family: Consolas, Monaco, &quot;Andale Mono&quot;, &quot;Ubuntu Mono&quot;, monospace; font-size: 1em; word-spacing: normal; overflow-wrap: normal; tab-size: 4; hyphens: none; max-height: inherit; height: inherit; padding: 0px 1em; display: block; overflow: auto; text-shadow: white 0px 1px; direction: ltr; box-shadow: rgb(53, 140, 203) -1px 0px 0px 0px, rgb(223, 223, 223) 0px 0px 0px 1px; position: relative; border-left: 10px solid rgb(53, 140, 203);\">{\r\n    points: [2,7],\r\n    rebounds: [3],\r\n    assists: [3,4,5]\r\n}\r\n</code></pre><div class=\"buttonGroup__atx\">&nbsp;</div></div></div></li></ul><h3 class=\"anchor anchorWithStickyNavbar_LWe7\">Level 3<a href=\"https://pms-node.web.app/docs/module_04/tasks#level-3-1\" target=\"_blank\" style=\"outline: 0px;\">​</a></h3><p>Write a function&nbsp;<code>triple_double_counter</code>&nbsp;that takes 2 parameter:&nbsp;<code>csv_file</code>&nbsp;and&nbsp;<code>player_name</code>.&nbsp;<code>player_name</code>&nbsp;is a string and is the player\'s name.&nbsp;<code>csv_file</code>&nbsp;is the name of csv file containing data.</p><p>The function primarily reads the csv file and:</p><ul><li><p>Finds out how many times the player got a&nbsp;<a href=\"https://www.dictionary.com/browse/triple-double\" target=\"_blank\" style=\"outline: 0px;\">triple double</a>&nbsp;and in which games they got those&nbsp;<code>triple doubles</code>. Return the result in a dictionary like this:</p><div class=\"language-jsx codeBlockContainer_Ckt0 theme-code-block\"><div class=\"codeBlockContent_biex\"><pre class=\"prism-code codeBlock_bY9V thin-scrollbar  language-jsx\" style=\"margin-top: 0.5em; margin-bottom: 0.5em; line-height: 1.5; color: black; background: rgb(245, 242, 240); font-family: Consolas, Monaco, &quot;Andale Mono&quot;, &quot;Ubuntu Mono&quot;, monospace; font-size: 1em; word-spacing: normal; word-break: normal; overflow-wrap: normal; tab-size: 4; hyphens: none; position: relative; padding: 1em; text-shadow: white 0px 1px; direction: ltr;\"><code class=\" language-jsx\" style=\"line-height: 1.5; color: black; background: linear-gradient(transparent 50%, rgba(69, 142, 209, 0.04) 50%) 0% 0% / 3em 3em local content-box content-box rgb(253, 253, 253); font-family: Consolas, Monaco, &quot;Andale Mono&quot;, &quot;Ubuntu Mono&quot;, monospace; font-size: 1em; word-spacing: normal; overflow-wrap: normal; tab-size: 4; hyphens: none; max-height: inherit; height: inherit; padding: 0px 1em; display: block; overflow: auto; text-shadow: white 0px 1px; direction: ltr; box-shadow: rgb(53, 140, 203) -1px 0px 0px 0px, rgb(223, 223, 223) 0px 0px 0px 1px; position: relative; border-left: 10px solid rgb(53, 140, 203);\">{\r\n    count: 3,\r\n    games: [3,5,7]\r\n}\r\n</code></pre><div class=\"buttonGroup__atx\">&nbsp;</div></div></div></li></ul><h3 class=\"anchor anchorWithStickyNavbar_LWe7\">Level 4<a href=\"https://pms-node.web.app/docs/module_04/tasks#level-4\" target=\"_blank\" style=\"outline: 0px;\">​</a></h3><p>Write a function&nbsp;<code>goat_awards</code>&nbsp;that takes 1 parameter:&nbsp;<code>csv_file</code>&nbsp;where&nbsp;<code>csv_file</code>&nbsp;is the name of csv file containing data.</p><p>The function primarily reads the csv file and:</p><ul><li>Finds out who scored the most points of all the players</li><li>Finds out who recorded the most assists of all the players</li><li>Finds out who recoreded the most rebounds of all the players:</li><li>Finds out who recoreded the most blocks of all the players:</li></ul><p>It should return a dictionary like this:</p><div class=\"language-jsx codeBlockContainer_Ckt0 theme-code-block\"><div class=\"codeBlockContent_biex\"><pre class=\"prism-code codeBlock_bY9V thin-scrollbar  language-jsx\" style=\"margin-top: 0.5em; margin-bottom: 0.5em; line-height: 1.5; color: black; background: rgb(245, 242, 240); font-family: Consolas, Monaco, &quot;Andale Mono&quot;, &quot;Ubuntu Mono&quot;, monospace; font-size: 1em; word-spacing: normal; word-break: normal; overflow-wrap: normal; tab-size: 4; hyphens: none; position: relative; padding: 1em; text-shadow: white 0px 1px; direction: ltr;\"><code class=\" language-jsx\" style=\"line-height: 1.5; color: black; background: linear-gradient(transparent 50%, rgba(69, 142, 209, 0.04) 50%) 0% 0% / 3em 3em local content-box content-box rgb(253, 253, 253); font-family: Consolas, Monaco, &quot;Andale Mono&quot;, &quot;Ubuntu Mono&quot;, monospace; font-size: 1em; word-spacing: normal; overflow-wrap: normal; tab-size: 4; hyphens: none; max-height: inherit; height: inherit; padding: 0px 1em; display: block; overflow: auto; text-shadow: white 0px 1px; direction: ltr; box-shadow: rgb(53, 140, 203) -1px 0px 0px 0px, rgb(223, 223, 223) 0px 0px 0px 1px; position: relative; border-left: 10px solid rgb(53, 140, 203);\">{\r\n    most_points: [\'Lex Lu\',356],\r\n    most_assists: [\'Lex Lu\',356],\r\n    most_reboundss: [\'Lex Lu\',356],\r\n    most_blocks: [\'Lex Lu\',356]\r\n}</code></pre></div></div></div></div><div class=\"zls-learner-answer-con zw-m-t40\" style=\"margin-top: 40px; color: rgb(36, 42, 66); font-family: LatoLatin, sans-serif; font-size: 15px;\"><div class=\"zls-f-w600 zw-m-b10 zw-primary-txt-color\" style=\"font-weight: 600; color: var(--product-accent-color); margin-bottom: 10px;\">Email your submission to your instructor</div></div>'),
(125, 133, 'en', 'Assignment 4', 'Assignment 4', '<p><div class=\"zls-learner-answer-con zw-m-t40\" style=\"margin-top: 40px; color: rgb(36, 42, 66); font-family: LatoLatin, sans-serif; font-size: 15px; font-style: normal; font-variant-ligatures: normal; font-variant-caps: normal; font-weight: 400; letter-spacing: normal; orphans: 2; text-align: start; text-indent: 0px; text-transform: none; widows: 2; word-spacing: 0px; -webkit-text-stroke-width: 0px; white-space: normal; background-color: rgb(255, 255, 255); text-decoration-thickness: initial; text-decoration-style: initial; text-decoration-color: initial;\"></div></p><div class=\"zls-header-con zw-m-b20\" style=\"margin-bottom: 20px; color: rgb(36, 42, 66); font-family: LatoLatin, sans-serif; font-size: 15px; font-style: normal; font-variant-ligatures: normal; font-variant-caps: normal; font-weight: 400; letter-spacing: normal; orphans: 2; text-align: start; text-indent: 0px; text-transform: none; widows: 2; word-spacing: 0px; -webkit-text-stroke-width: 0px; white-space: normal; background-color: rgb(255, 255, 255); text-decoration-thickness: initial; text-decoration-style: initial; text-decoration-color: initial;\"><div class=\"zls-fs16\" style=\"font-size: 1.6rem;\"><h1>React Coding Tasks</h1><p style=\"margin-top: 0px;\">You have at most 48 hours to complete the following challenges.</p><h2 class=\"anchor anchorWithStickyNavbar_LWe7\">Fantasy Football XI<a href=\"https://pms-node.web.app/docs/module_05/tasks#fantasy-football-xi\" target=\"_blank\" style=\"outline: 0px; color: var(--product-accent-color);\">​</a></h2><p style=\"margin-top: 0px;\">create a fantasy fooballer\'s list application using function-based components and the&nbsp;<code>useState</code>&nbsp;hook.</p><h3 class=\"anchor anchorWithStickyNavbar_LWe7\">Requirements:<a href=\"https://pms-node.web.app/docs/module_05/tasks#requirements\" target=\"_blank\" style=\"outline: 0px; color: var(--product-accent-color);\">​</a></h3><ol><li>Create a component called \"FantasyList\" that renders a form with a text input for the player name, dropdown list of positions and a submit button.</li><li>When the form is submitted, use the&nbsp;<code>useState</code>&nbsp;hook to add the inputted footballer to an array of footballers.</li><li>Display the list of footballers in the component, each footballer should have a button to delete the player.</li><li>Add a button to clear all the footballers from the list.</li><li>Style the application using CSS.</li></ol><p style=\"margin-top: 0px;\">This assignment will help you practice using function-based components, forms and events, state, and basic styling in React.</p></div></div>');
INSERT INTO `text_lesson_translations` (`id`, `text_lesson_id`, `locale`, `title`, `summary`, `content`) VALUES
(126, 134, 'en', 'Assignment 5', 'Assignment 5', '<div class=\"zls-header-con zw-m-b20\" style=\"margin-bottom: 20px;\"><div class=\"zls-fs16\" style=\"font-size: 1.6rem;\"><h1>Django Coding Tasks</h1><p>You have at most 72 hours to complete the following challenge.</p><h2 class=\"anchor anchorWithStickyNavbar_LWe7\">Fantasy Football XI API<a href=\"https://pms-node.web.app/docs/module_06/tasks#fantasy-football-xi-api\" target=\"_blank\" style=\"outline: 0px;\">​</a></h2><p>Create a fantasy fooballer\'s API application using DRF.</p><h3 class=\"anchor anchorWithStickyNavbar_LWe7\">Requirements<a href=\"https://pms-node.web.app/docs/module_06/tasks#requirements\" target=\"_blank\" style=\"outline: 0px;\">​</a></h3><h4 class=\"anchor anchorWithStickyNavbar_LWe7\">Level 1<a href=\"https://pms-node.web.app/docs/module_06/tasks#level-1\" target=\"_blank\" style=\"outline: 0px;\">​</a></h4><ol><li><p>Create two models&nbsp;<code>Footballer</code>&nbsp;and&nbsp;<code>Club</code>.</p><p><code>Footballer</code>&nbsp;should have a first name, nick name, last name, date of birth, position, number, value and club.</p><p>The&nbsp;<code>Club</code>&nbsp;should have name, country and division.</p></li><li><p>Create&nbsp;<code>views</code>&nbsp;for both models that perform&nbsp;<strong>CRUD</strong>&nbsp;operations i.e&nbsp;<strong>C</strong>reate,&nbsp;<strong>R</strong>ead,&nbsp;<strong>U</strong>pdate,&nbsp;<strong>D</strong>elete.</p></li><li><p>Make the&nbsp;<code>urls</code>&nbsp;for the views you created.</p></li></ol><h4 class=\"anchor anchorWithStickyNavbar_LWe7\">Level 2<a href=\"https://pms-node.web.app/docs/module_06/tasks#level-2\" target=\"_blank\" style=\"outline: 0px;\">​</a></h4><ol><li><em>(OPTIONAL)</em>&nbsp;Add documentation using&nbsp;<a href=\"https://drf-spectacular.readthedocs.io/en/latest/\" target=\"_blank\" style=\"outline: 0px;\">drf spectacular</a></li></ol><p>This assignment will help you practice implementing a simple API using DRF, and additionally, adding documentation.</p></div></div><div class=\"zls-learner-answer-con zw-m-t40\" style=\"margin-top: 40px;\"><div class=\"zls-f-w600 zw-m-b10 zw-primary-txt-color\" style=\"font-weight: 600; color: var(--product-accent-color); margin-bottom: 10px;\">Your Submission</div><div class=\"zls-mce-customize-toolbar zw-m-b20\" style=\"margin-bottom: 20px; border: 2px solid rgb(234, 234, 234); background: var(--white); border-radius: 5px;\"><div id=\"textLessonToolbarLearnerAnswer\" class=\"zls-mce-toolbar\" style=\"padding: 6px; border-radius: 0px; background: transparent; border-bottom: 2px solid rgb(234, 234, 234);\"><div id=\"mceu_373\" class=\"mce-tinymce mce-tinymce-inline mce-container mce-panel\" hidefocus=\"1\" tabindex=\"-1\" role=\"application\" style=\"margin: 0px; padding: 0px; border: 1px none; outline: 0px; vertical-align: top; background: transparent; color: rgb(89, 89, 89); font-family: Lato, Arial, sans-serif; text-shadow: none; float: none; position: relative; width: 935.333px; height: 64px; text-wrap: nowrap; cursor: inherit; -webkit-tap-highlight-color: transparent; line-height: normal; box-sizing: content-box; direction: ltr; max-width: none; box-shadow: none; left: 0px; top: 0px; visibility: inherit !important;\"><div id=\"mceu_373-body\" class=\"mce-container-body mce-abs-layout\" style=\"margin: 0px; padding: 0px; border: 0px; outline: 0px; vertical-align: top; background: transparent; text-shadow: none; float: none; position: relative; width: 935.333px; height: 64px; cursor: inherit; -webkit-tap-highlight-color: transparent; line-height: normal; box-sizing: content-box; direction: ltr; max-width: none; overflow: hidden;\"><div id=\"mceu_373-absend\" class=\"mce-abs-end\" style=\"margin: 0px; padding: 0px; border: 0px; outline: 0px; vertical-align: top; background-image: initial; background-position: initial; background-size: initial; background-repeat: initial; background-attachment: initial; background-origin: initial; background-clip: initial; text-shadow: none; float: none; position: static; width: 0px; height: 0px; cursor: inherit; -webkit-tap-highlight-color: transparent; line-height: normal; box-sizing: content-box; direction: ltr; max-width: none;\"></div><div id=\"mceu_374\" class=\"mce-toolbar-grp mce-container mce-panel mce-abs-layout-item mce-first mce-last\" hidefocus=\"1\" tabindex=\"-1\" role=\"group\" style=\"margin: 0px; padding: 0px; border: none; outline: 0px; vertical-align: top; background-image: initial; background-position: initial; background-size: initial; background-repeat: initial; background-attachment: initial; background-origin: initial; background-clip: initial; text-shadow: none; float: none; position: static; width: 935.333px; height: 64px; cursor: inherit; -webkit-tap-highlight-color: transparent; line-height: normal; box-sizing: content-box; direction: ltr; max-width: none; left: 0px; top: 0px;\"><div id=\"mceu_374-body\" class=\"mce-container-body mce-stack-layout\" style=\"margin: 0px; padding: 0px; border: 0px; outline: 0px; vertical-align: top; background: transparent; text-shadow: none; float: none; position: static; width: 935.333px; height: 64px; cursor: inherit; -webkit-tap-highlight-color: transparent; line-height: normal; box-sizing: content-box; direction: ltr; max-width: none;\"><div id=\"mceu_375\" class=\"mce-container mce-toolbar mce-stack-layout-item mce-first mce-last\" role=\"toolbar\" style=\"margin: 0px; padding: 0px; border: 0px; outline: 0px; vertical-align: top; background: transparent; text-shadow: none; float: none; position: static; cursor: inherit; -webkit-tap-highlight-color: transparent; line-height: normal; box-sizing: content-box; direction: ltr; max-width: none; width: auto !important; height: auto !important;\"><div id=\"mceu_375-body\" class=\"mce-container-body mce-flow-layout\" style=\"margin: 0px; padding: 0px; border: 0px; outline: 0px; vertical-align: top; background: transparent; text-shadow: none; float: none; position: static; text-wrap: wrap; cursor: inherit; -webkit-tap-highlight-color: transparent; line-height: normal; box-sizing: content-box; direction: ltr; max-width: none; width: auto !important; height: auto !important;\"><div id=\"mceu_376\" class=\"mce-container mce-flow-layout-item mce-first mce-btn-group\" role=\"group\" style=\"margin: 0px; padding: 2px 0px; border: 0px; outline: 0px; vertical-align: top; background: transparent; text-shadow: none; float: none; position: static; text-wrap: nowrap; cursor: inherit; -webkit-tap-highlight-color: transparent; line-height: normal; box-sizing: content-box; direction: ltr; max-width: none; display: inline-block; width: auto !important; height: auto !important;\"></div></div></div></div></div></div></div></div></div></div>'),
(127, 135, 'en', 'Write Your Interview Questions', 'Write Your Interview Questions', '<div class=\"zls-header-con zw-m-b20\" style=\"margin-bottom: 20px;\"><div class=\"zls-f-w600 zw-m-b5 zw-primary-txt-color\" style=\"font-weight: 600; color: var(--product-accent-color); margin-bottom: 5px;\"><div class=\"zls-f-w600 zw-m-b5 zw-primary-txt-color\" style=\"color: var(--product-accent-color); margin-bottom: 5px; font-family: LatoLatin, sans-serif; font-size: 15px;\">Question</div><div class=\"zls-fs16\" style=\"font-size: 1.6rem; color: rgb(36, 42, 66); font-family: LatoLatin, sans-serif; font-weight: 400;\"><p>Complete the following tasks and upload the document:</p><p>- Write your interview questions</p><p>- Check that your interview is clearly related to one of your research questions</p><p>- Write a rationale explaining why each question is relevant and should be included</p><p>- Write questions and accompanying rationales to your reach plan document</p><p><br></p><p>For submission, Email the document to your instructor.</p></div></div></div>'),
(128, 136, 'en', 'Time to Sketch Again', 'Time to Sketch Again', '<div class=\"zls-f-w600 zw-m-b5 zw-primary-txt-color\" style=\"font-weight: 600; color: var(--product-accent-color); margin-bottom: 5px; font-family: LatoLatin, sans-serif; font-size: 15px;\">Question</div><div class=\"zls-fs16\" style=\"font-size: 1.6rem; color: rgb(36, 42, 66); font-family: LatoLatin, sans-serif;\"><p class=\"chakra-text css-o3oz8b\">Having run your user interviews and surveys, hopefully by now you have a better idea of your user\'s needs and what you want to design to meet those needs. As part of your final project, your goal is to sketch out at least one screen of the potential core experience for your use.</p><p class=\"chakra-text css-o3oz8b\">What are some of the interesting findings from your research project? You should incorporate at least one of these findings in your sketch.</p><p class=\"chakra-text css-o3oz8b\">Remember, don\'t be intimidated by sketching! This should be a fun and creative way to generate ideas—and you should not feel like it has to be perfect. You can (and should) iterate on your design anyway. (Focus on improvement over time, not perfection!)</p><p class=\"chakra-text css-o3oz8b\">For this exercise, you can choose to draw a single screen or multiple screens. You can sketch on paper or on a tablet, whichever you prefer.</p><p class=\"chakra-text css-o3oz8b\">&nbsp;</p><div class=\"css-k008qs\"><div class=\"ureact-markdown css-tc5hjw\"><p class=\"chakra-text css-o3oz8b\">Have fun sketching!</p></div></div><div class=\"chakra-stack css-1ac1sc7\"><div class=\"ureact-markdown css-tc5hjw\"><ul><li class=\"chakra-text css-o3oz8b\"><strong>Sketch one or more screens</strong>&nbsp;for the product you\'re designing.</li><li class=\"chakra-text css-o3oz8b\">When sketching,&nbsp;<strong>make use of at least one of the findings from your research</strong>.</li><li class=\"chakra-text css-o3oz8b\"><strong>Take a photo</strong>&nbsp;(or screenshot) of the design and copy it into a word document or slide (so that you can add text next to it). You can use whatever app you like for this part, as long as you can export the result as a PDF (this is how you\'ll submit it later on).</li><li class=\"chakra-text css-o3oz8b\">Next to your design, explain what this screen is about and what users are supposed to do on this screen.</li><li class=\"chakra-text css-o3oz8b\">Also, explain which research finding(s) you applied and describe how they make the user experience better.</li></ul></div></div></div>'),
(129, 137, 'en', 'Emotional Design Exercise', 'Emotional Design Exercise', '<div class=\"zls-f-w600 zw-m-b5 zw-primary-txt-color\" style=\"font-weight: 600; color: var(--product-accent-color); margin-bottom: 5px; font-family: LatoLatin, sans-serif; font-size: 15px;\">Question</div><div class=\"zls-fs16\" style=\"font-size: 1.6rem; color: rgb(36, 42, 66); font-family: LatoLatin, sans-serif;\"><p><img src=\"https://internship.rightclicksolutions.com.ng/_lms/api/portal/right-click-academy/course/6352450000000008045/lesson/6352450000000037945/file/6352450000000037955\" alt=\"\" style=\"max-width: 100%; display: block; margin-left: auto; margin-right: auto;\"></p><div class=\"css-k008qs\"><div class=\"ureact-markdown css-tc5hjw\"><p class=\"chakra-text css-o3oz8b\">Your mission is to make the existing design (above) better. How would you use emotional design to encourage users?</p><p class=\"chakra-text css-o3oz8b\">This is intended as fun sketching exercise. Be creative!</p><p class=\"chakra-text css-o3oz8b\">There is no single correct solution, but it\'s always a good idea to get feedback on your designs to see how people react. So, once you\'re done sketching, consider sharing the design with a friend or fellow student to see how they react.</p></div></div><div class=\"chakra-stack css-1ac1sc7\"><div class=\"ureact-markdown css-tc5hjw\"><ul><li class=\"chakra-text css-o3oz8b\">Have a try at improving the emotional design of the VocabBuilder screen</li><li class=\"chakra-text css-o3oz8b\">If you like, share your improved design with someone else to see how they react</li></ul></div></div></div>'),
(130, 138, 'en', 'Sketch Your Design', 'Sketch Your Design', '<p></p><div class=\"zls-learner-answer-con zw-m-t40\" style=\"margin-top: 40px; color: rgb(36, 42, 66); font-family: LatoLatin, sans-serif; font-size: 15px; font-style: normal; font-variant-ligatures: normal; font-variant-caps: normal; font-weight: 400; letter-spacing: normal; orphans: 2; text-align: start; text-indent: 0px; text-transform: none; widows: 2; word-spacing: 0px; -webkit-text-stroke-width: 0px; white-space: normal; background-color: rgb(255, 255, 255); text-decoration-thickness: initial; text-decoration-style: initial; text-decoration-color: initial;\"></div><p></p><div class=\"zls-header-con zw-m-b20\" style=\"margin-bottom: 20px; color: rgb(36, 42, 66); font-family: LatoLatin, sans-serif; font-size: 15px; font-style: normal; font-variant-ligatures: normal; font-variant-caps: normal; font-weight: 400; letter-spacing: normal; orphans: 2; text-align: start; text-indent: 0px; text-transform: none; widows: 2; word-spacing: 0px; -webkit-text-stroke-width: 0px; white-space: normal; background-color: rgb(255, 255, 255); text-decoration-thickness: initial; text-decoration-style: initial; text-decoration-color: initial;\"><div class=\"zls-fs16\" style=\"font-size: 1.6rem;\"><div class=\"css-1m96lhp\"><div class=\"css-u8svcc\"><div class=\"copy-length css-0\"><div class=\"ureact-markdown css-tc5hjw\"><div class=\"css-k008qs\"><div><h3 class=\"chakra-heading css-knkq03\">Sketch your design</h3></div></div><div class=\"chakra-stack css-1ac1sc7\"><div class=\"ureact-markdown css-tc5hjw\"><p><strong>Sketch at least one screen</strong><span>&nbsp;</span>for your product, using pen and paper (or a tablet, if you prefer).</p><p>In your sketch,<span>&nbsp;</span><strong>use at least one design principle</strong><span><span>&nbsp;</span>to improve the user experience.</span></p><p><strong>Take a photo</strong><span><span>&nbsp;</span>(or screenshot) of the design and copy it into a word document or slide (so that you can add text next to it).<br></span></p><p>Next to your design,&nbsp;<strong>explain what this screen is about and what users are supposed to do</strong><span><span>&nbsp;</span>on this screen.</span></p><p>Also, next to your design, explain which&nbsp;<strong>design principle(s)</strong><span>&nbsp;you applied and describe how they improved the design.</span></p></div></div></div></div></div></div></div></div>'),
(131, 139, 'en', 'Design Practice', 'Design Practice', '<div class=\"zls-f-w600 zw-m-b5 zw-primary-txt-color\" style=\"font-weight: 600; color: var(--product-accent-color); margin-bottom: 5px; font-family: LatoLatin, sans-serif; font-size: 15px;\">Question</div><div class=\"zls-fs16\" style=\"font-size: 1.6rem; color: rgb(36, 42, 66); font-family: LatoLatin, sans-serif;\"><p>Redesign a website or app you frequently use and apply the concepts they\'ve learned, such as using frames or groups to organize elements, using color effectively, and editing objects.</p><p>Instructions:</p><p>- Share the name of the app or website you are redesigning</p><p>- Design a MAXIMUM of 3 screens using figma</p><p>- Submit the link to your figma file via email</p></div>'),
(132, 140, 'en', 'Design Practice 2', 'Design Practice 2', '<p style=\"color: rgb(36, 42, 66); font-family: LatoLatin, sans-serif; font-size: 16px;\">Using your knowledge from the previous Figma Essentials lessons, design 3 screens of a simple food ordering application&nbsp;</p><p style=\"color: rgb(36, 42, 66); font-family: LatoLatin, sans-serif; font-size: 16px;\">Your design should capture:</p><ol style=\"color: rgb(36, 42, 66); font-family: LatoLatin, sans-serif; font-size: 16px;\"><li>Food menu/list screen</li><li>Single Food Selection Screen</li><li>Checkout Screen</li></ol><p style=\"color: rgb(36, 42, 66); font-family: LatoLatin, sans-serif; font-size: 16px;\">Submit the link to your Figma file and make sure it is visible to anyone with the link.</p>'),
(133, 141, 'en', 'Design Assignment', 'Design Assignment', '<p style=\"color: rgb(36, 42, 66); font-family: LatoLatin, sans-serif; font-size: 16px;\">Design a web page (2 screens) for a fictional car rental company. The web page should include the following principles that were taught during the mentorship session:</p><p>Columns and Grids</p><p>Components and Instances</p><p>Variants and Variables</p><p>Prototyping</p><p>Libraries</p><p>Animation and Micro Interactions</p>'),
(134, 142, 'en', 'Set Up Your Miro Board', 'Set Up Your Miro Board', '<div class=\"zls-f-w600 zw-m-b5 zw-primary-txt-color\" style=\"font-weight: 600; color: var(--product-accent-color); margin-bottom: 5px;\">Question</div><div class=\"zls-fs16\" style=\"font-size: 1.6rem;\"><div class=\"css-1m96lhp\" style=\"color: rgb(36, 42, 66); font-family: LatoLatin, sans-serif; font-size: 16px;\"><div class=\"css-u8svcc\"><div class=\"css-1do9afp\"><div class=\"css-k008qs\"><h3 class=\"chakra-heading css-knkq03\">Set Up Your Miro Board</h3><div class=\"ureact-markdown css-tc5hjw\"><p class=\"chakra-text css-o3oz8b\">Follow these steps to set up a miro board which we\'ll use throughout the course!</p></div></div><div class=\"chakra-stack css-1ac1sc7\"><div class=\"ureact-markdown css-tc5hjw\"><ol><li class=\"chakra-text css-o3oz8b\">Navigate to&nbsp;<a href=\"https://miro.com/\" target=\"_blank\" style=\"outline: 0px;\">Miro.com</a></li><li class=\"chakra-text css-o3oz8b\">Sign up for a new account—or log in if you have an account</li><li class=\"chakra-text css-o3oz8b\">You may need to create a team to get started—you can just create one with whatever name you like</li><li class=\"chakra-text css-o3oz8b\">Create a new board and give it a title (it may also create one for your automatically when you sign up, which is fine)</li><li class=\"chakra-text css-o3oz8b\">Create a frame and add some post-it notes on the board</li><li class=\"chakra-text css-o3oz8b\">Click the&nbsp;<code class=\"chakra-code css-p3l7io\">Share</code>&nbsp;button copy the Board Link</li></ol><p>After following the steps above, submit the Board link via email to your instructor</p><div><br></div></div></div></div></div></div><div class=\"css-1m96lhp\" style=\"color: rgb(36, 42, 66); font-family: LatoLatin, sans-serif; font-size: 16px;\"><div class=\"css-u8svcc\"><div class=\"css-17mjet2\"></div></div></div></div>'),
(135, 143, 'en', 'Miro Practice', 'Miro Practice', '<p><div class=\"zls-learner-answer-con zw-m-t40\" style=\"margin-top: 40px; color: rgb(36, 42, 66); font-family: LatoLatin, sans-serif; font-size: 15px; font-style: normal; font-variant-ligatures: normal; font-variant-caps: normal; font-weight: 400; letter-spacing: normal; orphans: 2; text-align: start; text-indent: 0px; text-transform: none; widows: 2; word-spacing: 0px; -webkit-text-stroke-width: 0px; white-space: normal; background-color: rgb(255, 255, 255); text-decoration-thickness: initial; text-decoration-style: initial; text-decoration-color: initial;\"></div></p><div class=\"zls-header-con zw-m-b20\" style=\"margin-bottom: 20px; color: rgb(36, 42, 66); font-family: LatoLatin, sans-serif; font-size: 15px; font-style: normal; font-variant-ligatures: normal; font-variant-caps: normal; font-weight: 400; letter-spacing: normal; orphans: 2; text-align: start; text-indent: 0px; text-transform: none; widows: 2; word-spacing: 0px; -webkit-text-stroke-width: 0px; white-space: normal; background-color: rgb(255, 255, 255); text-decoration-thickness: initial; text-decoration-style: initial; text-decoration-color: initial;\"><div class=\"zls-f-w600 zw-m-b5 zw-primary-txt-color\" style=\"font-weight: 600; color: var(--product-accent-color); margin-bottom: 5px;\">Question</div><div class=\"zls-fs16\" style=\"font-size: 1.6rem;\"><div class=\"css-1aq2jbx\"><div class=\"chakra-container css-1es7f9a\"><div class=\"css-0\"><div class=\"css-1m96lhp\"><div class=\"css-u8svcc\"><div class=\"css-1do9afp\"><div class=\"css-k008qs\"><div><div class=\"ureact-markdown css-tc5hjw\"><p class=\"chakra-text css-o3oz8b\" style=\"margin-top: 0px;\">Try it yourself! Rewatch the video in the previous lesson and try using the active listening technique to write down some observation notes.</p></div></div></div><div class=\"chakra-stack css-1ac1sc7\"><div class=\"ureact-markdown css-tc5hjw\"><ul><li class=\"chakra-text css-o3oz8b\">Open your Miro board and create a frame for practice</li><li class=\"chakra-text css-o3oz8b\">Create a few blank note cards</li><li class=\"chakra-text css-o3oz8b\">Your notes should be short with large text</li><li class=\"chakra-text css-o3oz8b\">Your notes should contain enough detail that they are understandable on their own</li></ul></div></div></div></div></div></div></div></div></div></div>'),
(136, 144, 'en', 'Exercise', 'Exercise', '<p><div class=\"css-1m96lhp\" style=\"color: rgb(36, 42, 66); font-family: LatoLatin, sans-serif; font-size: 16px; font-style: normal; font-variant-ligatures: normal; font-variant-caps: normal; font-weight: 400; letter-spacing: normal; orphans: 2; text-align: start; text-indent: 0px; text-transform: none; widows: 2; word-spacing: 0px; -webkit-text-stroke-width: 0px; white-space: normal; background-color: rgb(255, 255, 255); text-decoration-thickness: initial; text-decoration-style: initial; text-decoration-color: initial;\"><div class=\"css-u8svcc\"><div class=\"copy-length css-0\"></div></div></div></p><div class=\"css-1m96lhp\" style=\"color: rgb(36, 42, 66); font-family: LatoLatin, sans-serif; font-size: 16px; font-style: normal; font-variant-ligatures: normal; font-variant-caps: normal; font-weight: 400; letter-spacing: normal; orphans: 2; text-align: start; text-indent: 0px; text-transform: none; widows: 2; word-spacing: 0px; -webkit-text-stroke-width: 0px; white-space: normal; background-color: rgb(255, 255, 255); text-decoration-thickness: initial; text-decoration-style: initial; text-decoration-color: initial;\"><div class=\"css-u8svcc\"><div class=\"css-1do9afp\"><div class=\"css-k008qs\"><div><div class=\"ureact-markdown css-tc5hjw\"><p class=\"chakra-text css-o3oz8b\" style=\"margin-top: 0px;\">Try the Affinity Mapping Technique in Miro using the travel study data we\'ve provided.</p></div></div></div><div class=\"chakra-stack css-1ac1sc7\"><div class=\"ureact-markdown css-tc5hjw\"><p class=\"chakra-text css-o3oz8b\" style=\"margin-top: 0px;\">Download the sample data by clicking this link:&nbsp;<a href=\"https://udacity.github.io/UXND/lofi/sample_travel_data.csv\" target=\"_blank\" style=\"outline: 0px; color: var(--product-accent-color);\">https://udacity.github.io/UXND/lofi/sample_travel_data.csv</a></p></div><br><div class=\"ureact-markdown css-tc5hjw\"><ul><li class=\"chakra-text css-o3oz8b\">Copy the data in the CSV file</li></ul></div><div class=\"ureact-markdown css-tc5hjw\"><ul><li class=\"chakra-text css-o3oz8b\">Open your Miro Board created in Lesson 1</li></ul></div><div class=\"ureact-markdown css-tc5hjw\"><ul><li class=\"chakra-text css-o3oz8b\">Click the Note tool in the left side panel or press&nbsp;<code class=\"chakra-code css-p3l7io\">N</code>&nbsp;on your keyboard</li></ul></div><div class=\"ureact-markdown css-tc5hjw\"><ul><li class=\"chakra-text css-o3oz8b\">Click&nbsp;<code class=\"chakra-code css-p3l7io\">Bulk Mode</code></li></ul></div><div class=\"ureact-markdown css-tc5hjw\"><ul><li class=\"chakra-text css-o3oz8b\">Paste the Data</li></ul></div><div class=\"ureact-markdown css-tc5hjw\"><ul><li class=\"chakra-text css-o3oz8b\">Cluster the information by moving the notes based on the criteria in the concept video</li></ul></div><div class=\"ureact-markdown css-tc5hjw\"><ul><li class=\"chakra-text css-o3oz8b\">Name your clusters using the text tool</li></ul></div></div></div></div></div>'),
(137, 145, 'en', 'Exercise', 'Exercise', '<p><div class=\"zls-learner-answer-con zw-m-t40\" style=\"margin-top: 40px; color: rgb(36, 42, 66); font-family: LatoLatin, sans-serif; font-size: 15px; font-style: normal; font-variant-ligatures: normal; font-variant-caps: normal; font-weight: 400; letter-spacing: normal; orphans: 2; text-align: start; text-indent: 0px; text-transform: none; widows: 2; word-spacing: 0px; -webkit-text-stroke-width: 0px; white-space: normal; background-color: rgb(255, 255, 255); text-decoration-thickness: initial; text-decoration-style: initial; text-decoration-color: initial;\"></div></p><div class=\"zls-header-con zw-m-b20\" style=\"margin-bottom: 20px; color: rgb(36, 42, 66); font-family: LatoLatin, sans-serif; font-size: 15px; font-style: normal; font-variant-ligatures: normal; font-variant-caps: normal; font-weight: 400; letter-spacing: normal; orphans: 2; text-align: start; text-indent: 0px; text-transform: none; widows: 2; word-spacing: 0px; -webkit-text-stroke-width: 0px; white-space: normal; background-color: rgb(255, 255, 255); text-decoration-thickness: initial; text-decoration-style: initial; text-decoration-color: initial;\"><div class=\"zls-fs16\" style=\"font-size: 1.6rem;\"><div class=\"css-k008qs\"><div><h3 class=\"chakra-heading css-knkq03\">Try It Yourself!</h3><div class=\"ureact-markdown css-tc5hjw\"><p class=\"chakra-text css-o3oz8b\" style=\"margin-top: 0px;\">Try using these techniques to ideate solutions for our design prompt:&nbsp;<code class=\"chakra-code css-p3l7io\">How Might We provide more relevant information about trip status to frequent travelers so they can experience less frustration during their trip?</code></p></div></div></div><div class=\"chakra-stack css-1ac1sc7\"><div class=\"ureact-markdown css-tc5hjw\"><ul><li class=\"chakra-text css-o3oz8b\">Open your Miro board with the Air Travel Synthesis from the last concept</li></ul></div><div class=\"ureact-markdown css-tc5hjw\"><ul><li class=\"chakra-text css-o3oz8b\">Pick an area of design exploration (try to focus on one or two themes)</li></ul></div><div class=\"ureact-markdown css-tc5hjw\"><ul><li class=\"chakra-text css-o3oz8b\">Use one or more technique from this lesson to identify at least 10 ideas for how you might solve the problem</li></ul><p><br>Send your submission as an email attachment to your instructor.</p></div></div></div></div>'),
(138, 146, 'en', 'What is a Clickable Prototype?', 'What is a Clickable Prototype?', '<p><iframe frameborder=\"0\" src=\"//www.youtube.com/embed/nq6mNWqfunY\" width=\"640\" height=\"360\" class=\"note-video-clip\"></iframe></p><ul class=\"zls-ul-reset zls-blocks-wrapper zw-fl-grow\" purpose=\"blockSortableContainer\" style=\"margin-right: 0px; margin-left: 0px; padding: 0px; list-style: none; flex-grow: 1; color: rgb(36, 42, 66); font-family: LatoLatin, sans-serif; font-size: 15px;\"><li purpose=\"zw-block-idx-1\" class=\"\" style=\"padding: 20px;\"><div class=\"zls-blocks-container\" zls-lms-purpose=\"zls-blocks-container\" style=\"max-width: 950px; width: 950px; margin: 0px auto;\"><lms-block-text columns=\"1\" background=\"\" lyte-rendered=\"\"><div class=\"zls-blocks zls-fixed-width:950 zls-fs17 zw-word-wrap zls-grid zls-gap20 zls-g-col1\" purpose=\"zls-editor-block\" style=\"font-size: 1.7rem; word-break: break-word; overflow-wrap: anywhere; display: grid; gap: 20px; max-width: 950px; width: 950px; margin: 0px auto;\"><div lmsblockeditindex=\"0\" class=\"zls-tinymce-text-content \" data-placeholder=\"Good products come from good craftsmanship. They come from careful attention to design, from endless rounds of refinement, and iteration. But none of those things come easily.                       \" purpose=\"block-text-1-0\" focus=\"lms-block-text => inputTextOnFocus(this,event,index)\" style=\"min-height: 20px; font-size: 1.7rem; line-height: 1.6; word-break: break-word; overflow-wrap: anywhere;\"><h2 class=\"chakra-heading css-lb1dt4\" style=\"margin: 5px 0px;\">Lesson Overview</h2><p class=\"chakra-text css-o3oz8b\" style=\"margin-right: 0px; margin-bottom: 0px; margin-left: 0px; font-size: 1.7rem; line-height: 1.6; word-break: break-word; overflow-wrap: anywhere;\">In this lesson, we\'ll be learning all about clickable prototypes! To be specific, we will look at:</p><ul class=\"css-19qh3zo\"><li class=\"css-cvpopp\">How to improve fidelity by sketching using a dedicated design tool.</li><li class=\"css-cvpopp\">How to design a user flow for your application.</li><li class=\"css-cvpopp\">How to transform your sketches into a clickable, interactive design prototype.</li></ul></div></div></lms-block-text></div></li></ul>'),
(139, 147, 'en', 'Assignment 6', 'Assignment 6', '<ol>\r\n<li>Implement a function to determine if a string has all unique characters. You<br>cannot use additional data structures except in built JS data structures.<br><br></li>\r\n<li>Implement a function to perform basic string compression using the counts<br>of repeated characters. For example, the string aabcccccaaa would become a2blc5a3. If the<br>\"compressed\" string would not become smaller than the original string, your method should return<br>the original string. You can assume the string has only uppercase and lowercase letters (a - z).<br><br></li>\r\n<li>Write a program that reads students’ names followed by their test<br>scores. The program should output each student’s name followed by the<br>test scores and the relevant grade. It should also find and print the high-<br>est test score and the name of the students having the highest test score.<br>Student data should be stored in an object variable of type studentType,<br>which has four components: <br><br>studentFName of type string<br>studentLName of type string<br>testScore of type int (testScore is between 0 and 100) and<br>grade of type char.<br><br>Suppose that the class has 20 students. Use an array of 20 components of type studentType.<br>Your program must contain at least the following functions:<br><br>a.) A function to read the students’ data into the array.<br>b.) A function to assign the relevant grade to each student.<br>c.) A function to find the highest test score.<br>d.) A function to print the names of the students having the highest test score.<br><br>Your program must output each student’s name in this form: <br><br>- last name followed by a comma, followed by a space, followed by the first name;<br>the name must be left justified. <br><br>Moreover, other than declaring the variables, the js file should only be a collection of function calls.</li></ol>');

-- --------------------------------------------------------

--
-- Table structure for table `tickets`
--

CREATE TABLE `tickets` (
  `id` int(10) UNSIGNED NOT NULL,
  `creator_id` int(10) UNSIGNED NOT NULL,
  `webinar_id` int(10) UNSIGNED DEFAULT NULL,
  `bundle_id` int(10) UNSIGNED DEFAULT NULL,
  `start_date` int(10) UNSIGNED DEFAULT NULL,
  `end_date` int(10) UNSIGNED DEFAULT NULL,
  `discount` int(11) NOT NULL,
  `capacity` int(11) DEFAULT NULL,
  `order` int(10) UNSIGNED DEFAULT NULL,
  `created_at` int(11) NOT NULL,
  `updated_at` int(11) DEFAULT NULL,
  `deleted_at` int(11) DEFAULT NULL
) ENGINE=InnoDB DEFAULT CHARSET=utf8mb4 COLLATE=utf8mb4_unicode_ci ROW_FORMAT=DYNAMIC;

--
-- Dumping data for table `tickets`
--

INSERT INTO `tickets` (`id`, `creator_id`, `webinar_id`, `bundle_id`, `start_date`, `end_date`, `discount`, `capacity`, `order`, `created_at`, `updated_at`, `deleted_at`) VALUES
(30, 929, 1999, NULL, 1622489400, 1623267000, 20, 100, NULL, 1625038262, NULL, NULL),
(31, 864, 2003, NULL, 1625081400, 1690831800, 25, 5, NULL, 1625299801, NULL, NULL);

-- --------------------------------------------------------

--
-- Table structure for table `ticket_translations`
--

CREATE TABLE `ticket_translations` (
  `id` bigint(20) UNSIGNED NOT NULL,
  `ticket_id` int(10) UNSIGNED NOT NULL,
  `locale` varchar(255) COLLATE utf8mb4_unicode_ci NOT NULL,
  `title` varchar(255) COLLATE utf8mb4_unicode_ci NOT NULL
) ENGINE=InnoDB DEFAULT CHARSET=utf8mb4 COLLATE=utf8mb4_unicode_ci;

--
-- Dumping data for table `ticket_translations`
--

INSERT INTO `ticket_translations` (`id`, `ticket_id`, `locale`, `title`) VALUES
(3, 30, 'en', 'First Students Offer'),
(4, 31, 'en', 'First Price Plan');

-- --------------------------------------------------------

--
-- Table structure for table `ticket_users`
--

CREATE TABLE `ticket_users` (
  `id` int(10) UNSIGNED NOT NULL,
  `ticket_id` int(10) UNSIGNED NOT NULL,
  `user_id` int(10) UNSIGNED NOT NULL,
  `created_at` int(10) UNSIGNED NOT NULL
) ENGINE=InnoDB DEFAULT CHARSET=utf8mb4 COLLATE=utf8mb4_unicode_ci ROW_FORMAT=DYNAMIC;

--
-- Dumping data for table `ticket_users`
--

INSERT INTO `ticket_users` (`id`, `ticket_id`, `user_id`, `created_at`) VALUES
(9, 31, 929, 1626241214),
(10, 31, 1017, 1639379395);

-- --------------------------------------------------------

--
-- Table structure for table `trend_categories`
--

CREATE TABLE `trend_categories` (
  `id` int(10) UNSIGNED NOT NULL,
  `category_id` int(10) UNSIGNED NOT NULL,
  `icon` varchar(255) COLLATE utf8mb4_unicode_ci NOT NULL,
  `color` varchar(32) COLLATE utf8mb4_unicode_ci NOT NULL,
  `created_at` int(10) UNSIGNED NOT NULL
) ENGINE=InnoDB DEFAULT CHARSET=utf8mb4 COLLATE=utf8mb4_unicode_ci ROW_FORMAT=DYNAMIC;

--
-- Dumping data for table `trend_categories`
--

INSERT INTO `trend_categories` (`id`, `category_id`, `icon`, `color`, `created_at`) VALUES
(1, 609, '/store/1/default_images/trend_categories_icons/briefcase.png', '#7367f0', 1605117336),
(2, 611, '/store/1/default_images/trend_categories_icons/bulb.png', '#ad82e0', 1605117336),
(3, 604, '/store/1/default_images/trend_categories_icons/family.png', '#ff7c59', 1605117336),
(4, 523, '/store/1/default_images/trend_categories_icons/muscle.png', '#28c76f', 1605117336),
(5, 602, '/store/1/default_images/trend_categories_icons/connection.png', '#ea5455', 1605117336),
(6, 520, '/store/1/default_images/trend_categories_icons/palette.png', '#45c0f9', 1605117336);

-- --------------------------------------------------------

--
-- Table structure for table `upcoming_courses`
--

CREATE TABLE `upcoming_courses` (
  `id` int(10) UNSIGNED NOT NULL,
  `creator_id` int(10) UNSIGNED NOT NULL,
  `teacher_id` int(10) UNSIGNED NOT NULL,
  `category_id` int(10) UNSIGNED DEFAULT NULL,
  `webinar_id` int(10) UNSIGNED DEFAULT NULL COMMENT 'when assigned a course',
  `type` enum('webinar','course','text_lesson') COLLATE utf8mb4_unicode_ci NOT NULL,
  `slug` varchar(255) COLLATE utf8mb4_unicode_ci NOT NULL,
  `thumbnail` varchar(255) COLLATE utf8mb4_unicode_ci NOT NULL,
  `image_cover` varchar(255) COLLATE utf8mb4_unicode_ci NOT NULL,
  `video_demo` varchar(255) COLLATE utf8mb4_unicode_ci DEFAULT NULL,
  `video_demo_source` enum('upload','youtube','vimeo','external_link') COLLATE utf8mb4_unicode_ci DEFAULT NULL,
  `publish_date` bigint(20) UNSIGNED DEFAULT NULL,
  `timezone` varchar(255) CHARACTER SET utf8mb4 DEFAULT NULL,
  `points` int(10) UNSIGNED DEFAULT NULL,
  `capacity` int(10) UNSIGNED DEFAULT NULL,
  `price` double(15,2) DEFAULT NULL,
  `duration` int(10) UNSIGNED DEFAULT NULL,
  `sections` int(10) UNSIGNED DEFAULT NULL,
  `parts` int(10) UNSIGNED DEFAULT NULL,
  `course_progress` int(10) UNSIGNED DEFAULT NULL,
  `support` tinyint(1) NOT NULL DEFAULT 0,
  `certificate` tinyint(1) NOT NULL DEFAULT 0,
  `include_quizzes` tinyint(1) NOT NULL DEFAULT 0,
  `downloadable` tinyint(1) NOT NULL DEFAULT 0,
  `forum` tinyint(1) NOT NULL DEFAULT 0,
  `message_for_reviewer` text COLLATE utf8mb4_unicode_ci DEFAULT NULL,
  `status` enum('active','pending','is_draft','inactive') COLLATE utf8mb4_unicode_ci NOT NULL DEFAULT 'is_draft',
  `created_at` bigint(20) UNSIGNED NOT NULL
) ENGINE=InnoDB DEFAULT CHARSET=utf8mb4 COLLATE=utf8mb4_unicode_ci;

--
-- Dumping data for table `upcoming_courses`
--

INSERT INTO `upcoming_courses` (`id`, `creator_id`, `teacher_id`, `category_id`, `webinar_id`, `type`, `slug`, `thumbnail`, `image_cover`, `video_demo`, `video_demo_source`, `publish_date`, `timezone`, `points`, `capacity`, `price`, `duration`, `sections`, `parts`, `course_progress`, `support`, `certificate`, `include_quizzes`, `downloadable`, `forum`, `message_for_reviewer`, `status`, `created_at`) VALUES
(3, 1015, 1015, 606, NULL, 'webinar', 'Python-for-Beginners', '/store/1/How-to-trade-Natural-Gas_body_NG.jpg', '/store/1/India_to_set_up_natural_gas_trading_hub.jpg', '/store/1015/Learn Linux In 5 Days.mp4', 'upload', 1708009200, 'America/New_York', 20, 50, 100.00, 60, 5, 80, 30, 1, 1, 1, 0, 1, 'Thank you', 'active', 1677566920),
(4, 1016, 1016, 520, NULL, 'webinar', 'Digital-Photography', '/store/1/GaMe88t6U73175NXk4xBD1kyUXFDnoXlOX3x19ag.jpg', '/store/1/banner-virtual.jpg', NULL, NULL, 1705784400, 'America/New_York', NULL, 20, 50.00, 360, 10, 70, 50, 1, 1, 1, 1, 1, NULL, 'active', 1678876998),
(5, 934, 934, 520, 2005, 'course', 'Web-Design-for-Beginners', '/store/1/OG_OB_52.jpg', '/store/1/refinery-services-banner-760.jpg', 'https://youtu.be/j1pa36PK14E', 'youtube', 1678852800, 'America/New_York', NULL, NULL, 10.00, 210, 6, 85, 100, 1, 1, 1, 1, 1, 'Thank you', 'active', 1678877796);

-- --------------------------------------------------------

--
-- Table structure for table `upcoming_course_filter_option`
--

CREATE TABLE `upcoming_course_filter_option` (
  `id` int(10) UNSIGNED NOT NULL,
  `upcoming_course_id` int(10) UNSIGNED NOT NULL,
  `filter_option_id` int(10) UNSIGNED NOT NULL
) ENGINE=InnoDB DEFAULT CHARSET=utf8mb4 COLLATE=utf8mb4_unicode_ci;

--
-- Dumping data for table `upcoming_course_filter_option`
--

INSERT INTO `upcoming_course_filter_option` (`id`, `upcoming_course_id`, `filter_option_id`) VALUES
(54, 5, 9114),
(55, 4, 9114),
(56, 4, 9156),
(57, 4, 9231),
(58, 3, 9147),
(59, 3, 9216);

-- --------------------------------------------------------

--
-- Table structure for table `upcoming_course_followers`
--

CREATE TABLE `upcoming_course_followers` (
  `id` int(10) UNSIGNED NOT NULL,
  `upcoming_course_id` int(10) UNSIGNED NOT NULL,
  `user_id` int(10) UNSIGNED NOT NULL,
  `created_at` bigint(20) UNSIGNED NOT NULL
) ENGINE=InnoDB DEFAULT CHARSET=utf8mb4 COLLATE=utf8mb4_unicode_ci;

--
-- Dumping data for table `upcoming_course_followers`
--

INSERT INTO `upcoming_course_followers` (`id`, `upcoming_course_id`, `user_id`, `created_at`) VALUES
(8, 3, 1015, 1677569743),
(9, 5, 995, 1678908505),
(10, 5, 930, 1678908543),
(11, 5, 996, 1678908564),
(12, 5, 1017, 1678908593),
(13, 5, 979, 1678908616),
(14, 4, 996, 1678908833),
(15, 4, 995, 1678908841),
(16, 4, 930, 1678908851),
(17, 3, 996, 1678908877),
(18, 3, 979, 1678908893);

-- --------------------------------------------------------

--
-- Table structure for table `upcoming_course_reports`
--

CREATE TABLE `upcoming_course_reports` (
  `id` int(10) UNSIGNED NOT NULL,
  `upcoming_course_id` int(10) UNSIGNED NOT NULL,
  `user_id` int(10) UNSIGNED NOT NULL,
  `reason` varchar(255) COLLATE utf8mb4_unicode_ci NOT NULL,
  `message` text COLLATE utf8mb4_unicode_ci NOT NULL,
  `created_at` bigint(20) UNSIGNED NOT NULL
) ENGINE=InnoDB DEFAULT CHARSET=utf8mb4 COLLATE=utf8mb4_unicode_ci;

-- --------------------------------------------------------

--
-- Table structure for table `upcoming_course_translations`
--

CREATE TABLE `upcoming_course_translations` (
  `id` bigint(20) UNSIGNED NOT NULL,
  `upcoming_course_id` int(10) UNSIGNED NOT NULL,
  `locale` varchar(255) COLLATE utf8mb4_unicode_ci NOT NULL,
  `title` varchar(255) COLLATE utf8mb4_unicode_ci NOT NULL,
  `seo_description` text COLLATE utf8mb4_unicode_ci DEFAULT NULL,
  `description` longtext COLLATE utf8mb4_unicode_ci DEFAULT NULL
) ENGINE=InnoDB DEFAULT CHARSET=utf8mb4 COLLATE=utf8mb4_unicode_ci;

--
-- Dumping data for table `upcoming_course_translations`
--

INSERT INTO `upcoming_course_translations` (`id`, `upcoming_course_id`, `locale`, `title`, `seo_description`, `description`) VALUES
(3, 3, 'en', 'Natural Gas Trading and Risk Management', 'This course explores the intricacies of natural gas trading and risk management in the energy industry. Participants will gain an understanding of natural gas markets, pricing mechanisms, and trading strategies. The course covers topics such as physical and financial trading, risk assessment, hedging techniques, and portfolio management. Through simulations and real-world case studies, participants will develop the skills necessary to make informed decisions and manage risks in natural gas trading activities.', '<p>This course explores the intricacies of natural gas trading and risk management in the energy industry. Participants will gain an understanding of natural gas markets, pricing mechanisms, and trading strategies. The course covers topics such as physical and financial trading, risk assessment, hedging techniques, and portfolio management. Through simulations and real-world case studies, participants will develop the skills necessary to make informed decisions and manage risks in natural gas trading activities.</p>'),
(4, 4, 'en', 'Offshore Decommissioning and Abandonment', 'This course focuses on the decommissioning and abandonment of offshore oil and gas facilities. Participants will learn about the regulatory requirements, technical challenges, and project management considerations associated with the cessation of production and the removal of offshore platforms and pipelines. The course covers topics such as plug and abandonment techniques, environmental impact assessments, and decommissioning cost estimation. Case studies and industry best practices will be explored to provide participants with practical knowledge in offshore decommissioning.', '<p>This course focuses on the decommissioning and abandonment of offshore oil and gas facilities. Participants will learn about the regulatory requirements, technical challenges, and project management considerations associated with the cessation of production and the removal of offshore platforms and pipelines. The course covers topics such as plug and abandonment techniques, environmental impact assessments, and decommissioning cost estimation. Case studies and industry best practices will be explored to provide participants with practical knowledge in offshore decommissioning.</p>'),
(5, 5, 'en', 'Petroleum Refining Fundamentals', 'This course provides a comprehensive understanding of the key processes and operations involved in petroleum refining. Participants will learn about crude oil distillation, catalytic cracking, hydroprocessing, and product blending. The course covers topics such as refinery configuration, product quality specifications, and environmental considerations in refining operations. Through case studies and interactive discussions, participants will gain practical insights into refinery operations and optimization strategies.', '<p>This course provides a comprehensive understanding of the key processes and operations involved in petroleum refining. Participants will learn about crude oil distillation, catalytic cracking, hydroprocessing, and product blending. The course covers topics such as refinery configuration, product quality specifications, and environmental considerations in refining operations. Through case studies and interactive discussions, participants will gain practical insights into refinery operations and optimization strategies.</p>');

-- --------------------------------------------------------

--
-- Table structure for table `users`
--

CREATE TABLE `users` (
  `id` int(10) UNSIGNED NOT NULL,
  `full_name` varchar(128) COLLATE utf8mb4_unicode_ci DEFAULT NULL,
  `role_name` varchar(64) COLLATE utf8mb4_unicode_ci NOT NULL,
  `role_id` int(10) UNSIGNED NOT NULL,
  `organ_id` int(11) DEFAULT NULL,
  `mobile` varchar(32) COLLATE utf8mb4_unicode_ci DEFAULT NULL,
  `email` varchar(255) COLLATE utf8mb4_unicode_ci DEFAULT NULL,
  `bio` varchar(128) COLLATE utf8mb4_unicode_ci DEFAULT NULL,
  `password` varchar(255) COLLATE utf8mb4_unicode_ci DEFAULT NULL,
  `google_id` varchar(255) COLLATE utf8mb4_unicode_ci DEFAULT NULL,
  `facebook_id` varchar(255) COLLATE utf8mb4_unicode_ci DEFAULT NULL,
  `remember_token` varchar(255) COLLATE utf8mb4_unicode_ci DEFAULT NULL,
  `logged_count` int(10) UNSIGNED NOT NULL DEFAULT 0,
  `verified` tinyint(1) NOT NULL DEFAULT 0,
  `financial_approval` tinyint(1) NOT NULL DEFAULT 0,
  `installment_approval` tinyint(1) DEFAULT 0,
  `enable_installments` tinyint(1) DEFAULT 1,
  `disable_cashback` tinyint(1) DEFAULT 0,
  `enable_registration_bonus` tinyint(1) NOT NULL DEFAULT 0,
  `registration_bonus_amount` double(15,2) DEFAULT NULL,
  `avatar` varchar(255) COLLATE utf8mb4_unicode_ci DEFAULT NULL,
  `avatar_settings` varchar(255) COLLATE utf8mb4_unicode_ci DEFAULT NULL,
  `cover_img` varchar(255) COLLATE utf8mb4_unicode_ci DEFAULT NULL,
  `headline` varchar(255) COLLATE utf8mb4_unicode_ci DEFAULT NULL,
  `about` text COLLATE utf8mb4_unicode_ci DEFAULT NULL,
  `address` varchar(255) COLLATE utf8mb4_unicode_ci DEFAULT NULL,
  `country_id` int(10) UNSIGNED DEFAULT NULL,
  `province_id` int(10) UNSIGNED DEFAULT NULL,
  `city_id` int(10) UNSIGNED DEFAULT NULL,
  `district_id` int(10) UNSIGNED DEFAULT NULL,
  `location` point DEFAULT NULL,
  `level_of_training` bit(3) DEFAULT NULL,
  `meeting_type` enum('all','in_person','online') COLLATE utf8mb4_unicode_ci NOT NULL DEFAULT 'all',
  `status` enum('active','pending','inactive') COLLATE utf8mb4_unicode_ci NOT NULL DEFAULT 'active',
  `access_content` tinyint(1) NOT NULL DEFAULT 1,
  `enable_ai_content` tinyint(1) NOT NULL DEFAULT 0,
  `language` varchar(255) COLLATE utf8mb4_unicode_ci DEFAULT NULL,
  `currency` varchar(255) COLLATE utf8mb4_unicode_ci DEFAULT NULL,
  `timezone` varchar(255) COLLATE utf8mb4_unicode_ci DEFAULT NULL,
  `newsletter` tinyint(1) NOT NULL DEFAULT 0,
  `public_message` tinyint(1) NOT NULL DEFAULT 0,
  `identity_scan` varchar(128) COLLATE utf8mb4_unicode_ci DEFAULT NULL,
  `certificate` varchar(128) COLLATE utf8mb4_unicode_ci DEFAULT NULL,
  `commission` int(10) UNSIGNED DEFAULT NULL,
  `affiliate` tinyint(1) NOT NULL DEFAULT 1,
  `can_create_store` tinyint(1) NOT NULL DEFAULT 0 COMMENT 'Despite disabling the store feature in the settings, we can enable this feature for that user through the edit page of a user and turning on the store toggle.',
  `ban` tinyint(1) NOT NULL DEFAULT 0,
  `ban_start_at` int(10) UNSIGNED DEFAULT NULL,
  `ban_end_at` int(10) UNSIGNED DEFAULT NULL,
  `offline` tinyint(1) NOT NULL DEFAULT 0,
  `offline_message` text COLLATE utf8mb4_unicode_ci DEFAULT NULL,
  `created_at` int(11) NOT NULL,
  `updated_at` int(11) DEFAULT NULL,
  `deleted_at` int(11) DEFAULT NULL
) ENGINE=InnoDB DEFAULT CHARSET=utf8mb4 COLLATE=utf8mb4_unicode_ci ROW_FORMAT=DYNAMIC;

--
-- Dumping data for table `users`
--

INSERT INTO `users` (`id`, `full_name`, `role_name`, `role_id`, `organ_id`, `mobile`, `email`, `bio`, `password`, `google_id`, `facebook_id`, `remember_token`, `logged_count`, `verified`, `financial_approval`, `installment_approval`, `enable_installments`, `disable_cashback`, `enable_registration_bonus`, `registration_bonus_amount`, `avatar`, `avatar_settings`, `cover_img`, `headline`, `about`, `address`, `country_id`, `province_id`, `city_id`, `district_id`, `location`, `level_of_training`, `meeting_type`, `status`, `access_content`, `enable_ai_content`, `language`, `currency`, `timezone`, `newsletter`, `public_message`, `identity_scan`, `certificate`, `commission`, `affiliate`, `can_create_store`, `ban`, `ban_start_at`, `ban_end_at`, `offline`, `offline_message`, `created_at`, `updated_at`, `deleted_at`) VALUES
(1, 'Admin', 'admin', 2, NULL, '00000000', 'admin@demo.com', 'Senior software developer', '$2y$10$nSUg1Z2rltHGecudC6dEEeRoqfIhlHi8WaAFFQs57oyFtpkvvQufW', NULL, NULL, 'vhd71d8BLRUGEQXejE91U4BnayVv3CjdRKepC7xA6vDQ4HdsfDA9e2nC8I6Q', 0, 1, 0, 0, 1, 0, 0, NULL, '/store/1/default_images/logo-new.jpg', NULL, NULL, NULL, NULL, NULL, NULL, NULL, NULL, NULL, NULL, NULL, 'all', 'active', 1, 0, 'EN', 'USD', 'America/New_York', 0, 0, NULL, NULL, NULL, 1, 0, 0, NULL, NULL, 0, NULL, 1597826952, 1597826952, NULL),
(3, 'James Micheal', 'teacher', 4, 864, '+12085141324', 'Jameskong2021@gmail.com', 'Master Certified Coach', '$2y$10$NPgvpOF52CHJuSKbh9gG8.7IvjjFd0HklLy5elWySZ58m.9IHpM2K', NULL, NULL, 'Xr4zhhoQpDZU1NbMVh0h7iXy390lCDz8pt4NYTUNvsncEqn9Z8PoTKSxKB96', 0, 0, 1, 0, 1, 0, 0, NULL, '/store/1/istockphoto-1372138855-612x612.jpg', NULL, '/store/3/17.jpg', NULL, 'James Kong is a sound and communication expert. His vision is for a world that listens consciously and speaks powerfully.\r\n\r\nJulian is author of the books How to be Heard: Secrets for Powerful Speaking and Listening and Sound Business. \r\n\r\nHis five TED talks about sound and communication have been watched over 90 million times and his latest talk, How to speak so that people want to listen, is the sixth most watched TED talk of all time. \r\n\r\nJames is a media commentator on speaking and listening skills, and has been featured by the likes of TIME Magazine, The Economist, The BBC, and The Times. \r\n\r\nJames\'s company, The Sound Agency, works with major brands worldwide to improve the way they sound. Their pioneering methods have improved customer happiness, raised sales, and even lowered crime rates, and their work has made headlines internationally.', '638153, Tamil Nadu, Modakkurichi, Elumathur', 20, 33, 34, 42, 0x000000000101000000c36b207dbda43840180620262a544740, b'110', 'all', 'active', 1, 0, 'EN', NULL, 'America/New_York', 0, 0, '/store/3/passport.jpg', '', NULL, 1, 0, 0, NULL, NULL, 1, 'I will not be available for 2 weeks until  end of January due to a business trip.', 1597826952, 1597826952, NULL),
(4, 'SPDC', 'organization', 3, NULL, '+441632960079', 'kingpictures@gmail.com', 'High Quality Training', '$2y$10$NPgvpOF52CHJuSKbh9gG8.7IvjjFd0HklLy5elWySZ58m.9IHpM2K', NULL, NULL, 'HVMcrvVIvbrAWoMqj0keYcuCqkuVNZ5SumTNTlEY510zC373P6VQXFs6ZNN4', 0, 0, 0, 0, 1, 0, 0, NULL, '/store/1/Shell_nigeria.png', NULL, '/store/4/19.jpg', NULL, 'King Pictures is a Canadian based company who offer a huge and ever growing range of high quality eLearning solutions that teach using studio quality narrated videos backed-up with practical hands-on examples and comprehensive working files. All courses are created by trained educators and experts in video based education.\r\n\r\nThe emphasis is on teaching real life skills that are essential for progressing in today\'s commercial environment.', NULL, NULL, NULL, NULL, NULL, NULL, NULL, 'all', 'active', 1, 0, 'EN', NULL, 'America/New_York', 0, 0, NULL, NULL, NULL, 1, 0, 0, NULL, NULL, 0, NULL, 1597826952, 1597826952, NULL),
(859, 'Bayscom Energy', 'organization', 3, NULL, '+12025550132', 'cactuscat@hotmail.com', 'Programming Training Institute', '$2y$10$IjiUK.pAJGeErJNyys7CkeFzHlwv50b4L0tDSicMvhSpNk2QGud1G', NULL, NULL, NULL, 0, 0, 0, 0, 1, 0, 0, NULL, '/store/1/download (4).png', NULL, '/store/859/8.png', NULL, 'Eduonix creates and distributes high quality technology training content. Our team of  industry professionals have been training manpower for more than a decade. We aim to teach technology the way it is used in industry and professional world.  We have professional team of trainers for technologies ranging from Mobility, Web to Enterprise and Database and Server Administration.', '', 20, 31, 32, 40, 0x000000000101000000109b5fd3557b38409a046daf23cc4340, b'111', 'all', 'active', 1, 0, 'EN', NULL, 'America/New_York', 0, 0, '/store/859/certificate.jpg', '/store/859/certificate.jpg', NULL, 1, 0, 0, NULL, NULL, 0, NULL, 1604509713, NULL, NULL),
(863, 'Total Energy', 'organization', 3, NULL, '+12025550198', 'owosso@info.com', 'Chemical Engineering Institute', '$2y$10$NPgvpOF52CHJuSKbh9gG8.7IvjjFd0HklLy5elWySZ58m.9IHpM2K', NULL, NULL, NULL, 0, 0, 0, 0, 1, 0, 0, NULL, '/store/1/download (6).jpg', NULL, '/store/863/2.png', NULL, 'Dear students,\r\n\r\nWR Training is a group of professional engineers from various disciplines (chemical, petrochemical, mechanical, electrical…) providing academic and industrial online courses.\r\n\r\nWhether you’re trying to learn and discover a new scientific or engineering topic from scratch, or want to refresh your memory on something you’ve learnt in the past, you’ve come to the right place.\r\n\r\nWR Training exists to help you succeed in your academic and professional life. Our goal is to spread the knowledge and promote science.\r\n\r\nThe courses, you are about to enroll in, were undertaken to give you a clear view of scientific and engineering topics through detailed examples using hands on demo and provide numerous problems with their solutions. You can also use these courses as a review for taking exams or as a vehicle for self-instruction.\r\n\r\nOur training methodology was designed to enable individual self paced e-learning.\r\n\r\nEach course has been undertaken to teach a specific skill.\r\n\r\nOur courses can be watched 24/7 wherever you are. You can also view them on mobile devices with the Udemy mobile app.\r\n\r\nWe are active online instructors and we will be here for you every step of the way. If you have questions about the course content, you can always post your questions or send us a private message. It will be our pleasure to provide assistance and answer your questions.\r\n\r\nSo with no further ado, go ahead, select the course suitable for you, click the enroll button and we\'ll see you in the first section !\r\n\r\nWR Training\r\n\r\nSpread the wings of your knowledge', NULL, 17, 28, 30, 37, 0x0000000001010000006656cabeb2f73240a691c50fda345240, b'110', 'online', 'active', 1, 0, 'EN', NULL, 'America/New_York', 0, 0, NULL, NULL, NULL, 1, 0, 0, NULL, NULL, 0, NULL, 1604509713, NULL, NULL),
(864, 'Shafa Energy', 'organization', 3, NULL, '+12025550131', 'affogato@yahoo.com', 'Learn Creative Skills', '$2y$10$NPgvpOF52CHJuSKbh9gG8.7IvjjFd0HklLy5elWySZ58m.9IHpM2K', NULL, NULL, NULL, 0, 0, 0, 0, 1, 0, 0, NULL, '/store/1/1654858598905.jpg', NULL, '/store/864/20.jpg', NULL, 'Learn creative skills, from absolute beginner to advanced mastery. \r\n\r\nVideo School exists to help you succeed in life. Each course has been hand-tailored to teach a specific skill from photography and video to art, design and business.\r\n\r\nWhether you’re trying to learn a new skill from scratch, or want to refresh your memory on something you’ve learned in the past, you’ve come to the right place.\r\n\r\nEducation makes the world a better place. Make your world better with new skills!\r\n\r\nOur courses can be watched 24/7 wherever you are. Most are fully downloadable so you can take them with you.\r\n\r\nAll courses have a 30-day money-back guarantee so that you can check it out, make sure it’s the right course for you, and get a refund if it’s not!', NULL, 19, 61, 62, 65, 0x000000000101000000983696ed17262140f870c75749123040, b'100', 'all', 'active', 1, 0, 'EN', NULL, 'America/New_York', 0, 0, NULL, NULL, NULL, 1, 0, 0, NULL, NULL, 0, NULL, 1604509713, NULL, NULL),
(867, 'Blue Energy', 'organization', 3, NULL, '+12025550151', 'organization@demo.com', 'Building Better Professionals', '$2y$10$W0.rfZgYCWGr/rOSrGrGg.Nnm6xBVdR3FYjJiXqiq6LZdx2Ds.aXq', NULL, NULL, 'iSMsTHzDDqFRo8rcrUi5llugtuxHBeh4DdfD7FPkunKKJZdIciksUpxA2xUG', 3, 1, 1, 0, 1, 0, 0, NULL, '/store/1/bengy.jpeg', NULL, '/store/867/18.jpg', NULL, 'The Light Moon Academy was created by Tim Buchalka, a software developer with 35 years experience, who is also an instructor on Udemy, with over 1.22M+ students in his courses on Java, Python, Android, C#  and the Spring framework. \r\n\r\nThe Academy’s goal in the next three years, is to teach one million people to learn how to program.\r\n\r\nApart from Tim’s own courses, which are all available here, we are working with the very best teachers, creating courses to teach the essential skills required by developers, at all levels.\r\n\r\nOne other important philosophy is that our courses are taught by real professionals; software developers with real and substantial experience in the industry, who are also great teachers.  All our instructors are experienced, software developers!\r\n\r\nOur team is busy creating new courses right now.\r\n\r\nWhether you are a beginner, looking to learn how to program for the very first time, or to brush up on your existing skills, or to learn new languages and frameworks, the Academy has you covered.', 'Massachusetts, West Roxbury, 3979 Smith Street', 16, 21, 67, 68, 0x000000000101000000b4c5c332820e4840b73e0bfa1c52fbbf, b'110', 'all', 'active', 1, 0, 'EN', NULL, 'America/New_York', 0, 0, '/store/867/passport.jpg', '', NULL, 1, 0, 0, NULL, NULL, 1, NULL, 1604509713, NULL, NULL),
(868, 'Seplat Energy', 'organization', 3, NULL, '+441632960582', 'techdecomposed@info.com', 'Behavioral Expert Institute', '$2y$10$NPgvpOF52CHJuSKbh9gG8.7IvjjFd0HklLy5elWySZ58m.9IHpM2K', NULL, NULL, NULL, 0, 0, 0, 0, 1, 0, 0, NULL, '/store/1/seplat.jpg', NULL, '/store/868/6.jpg', NULL, 'Hi, my name is Gregory Caremans. I\'m the founder of the award-winning TechDecomposed.\r\nI\'m a psychologist with a Master in communication, specialized in the Neurocognitive and Behavioral Approach. I\'m the former Director of the Institute of Neurocognitivism in Brussels (Belgium).\r\nWith the TechDecomposed we\'ve specialized in writing and producing high quality brain-related content. Mostly, we create online courses. I\'m very proud to say that we have a partnership with The Economist where they offer our courses to their readers. Our courses were also featured in the magazine Entrepreneur and CNN. And I was invited to give my first TEDx Talk in December of 2018.', NULL, NULL, NULL, NULL, NULL, NULL, NULL, 'all', 'active', 1, 0, 'EN', NULL, 'America/New_York', 0, 0, NULL, NULL, NULL, 1, 0, 0, NULL, NULL, 0, NULL, 1604509713, NULL, NULL),
(870, 'Root Ramond', 'teacher', 4, 863, '+12025550188', 'marques.torp@hotmail.com', 'Network Technician at Cisco', '$2y$10$NPgvpOF52CHJuSKbh9gG8.7IvjjFd0HklLy5elWySZ58m.9IHpM2K', NULL, NULL, NULL, 0, 1, 1, 0, 1, 0, 0, NULL, '/store/1/istockphoto-1158860092-612x612.jpg', NULL, '/store/870/16.jpg', NULL, 'Hi,\r\n\r\nI’m a certified coach and author. Over the years I\'ve worked with and coached 100,000 students from all over the world.\r\nMy expertise includes science-based personal development, health & fitness advice in the following areas:\r\n- Self Improvement\r\n- Life Coaching\r\n- Stress Management\r\n- Muscle Growth & Fat Loss\r\n- Healthy Living & Meal Planning\r\n- Gym Workouts & Bodybuilding\r\n\r\nPersonal Development doesn\'t have to be difficult!\r\nWhat you need are the right strategies and a few simple - but crucial - tips on how to get started and stay motivated. That\'s what I teach in my courses, on my blog and in my books.', NULL, 16, 22, 23, 26, 0x000000000101000000b2ea5bb7216d4840098c262b63310340, b'100', 'all', 'active', 1, 0, 'EN', NULL, 'America/New_York', 0, 0, NULL, NULL, NULL, 1, 0, 0, NULL, NULL, 0, NULL, 1604509713, NULL, NULL),
(923, 'John Rotimi', 'teacher', 4, 867, '+61498970158', 'johnpowe98@yahoo.com', 'IT Director at Cognizant', '$2y$10$NPgvpOF52CHJuSKbh9gG8.7IvjjFd0HklLy5elWySZ58m.9IHpM2K', NULL, NULL, NULL, 0, 1, 0, 0, 1, 0, 0, NULL, '/store/1/images (1).jpg', NULL, '/store/923/14.jpg', NULL, 'Hello! I am John Powe; let me welcome you on this platform. I have created unique courses on different subjects including Business, marketing, Sales, Psychology, Copywriting, Social media marketing and a lot more. I have vast knowledge about business planning, marketing strategies, sales and management.\r\n\r\nI am a Gold Medalist Student of my time. With the passage of time, I have done different courses including IELTS, Color Therapy, Cognitive behavior Therapy, Nebosh etc.\r\n\r\nI always try to learn new things and like to travel. Learning new skills and exploring new fields is my passion. I am a full time Udemy instructor so I am always there to support and help you if you find any kind of difficulty.\r\n\r\nI try to make my courses as simple and informative as possible. My courses are mostly 1 to 2 hours of length, to the point and cover most important information regarding the respective subject so that you can learn the best possible knowledge in shortest possible time.\r\n\r\nI hope you will learn new things from my courses. Feel free to contact me if you have any questions. Thanks I wish you all the success and happiness in the world. Best of luck', '106 Ben Street', 18, 46, 50, 57, NULL, NULL, 'all', 'active', 1, 0, 'EN', NULL, 'America/New_York', 0, 0, NULL, NULL, NULL, 1, 0, 0, NULL, NULL, 0, NULL, 1604509713, NULL, NULL),
(929, 'Kate Bello', 'teacher', 4, 868, '+12025550148', 'kate.williams.dev@yahoo.com', 'Computer Engineer at Oracle', '$2y$10$NPgvpOF52CHJuSKbh9gG8.7IvjjFd0HklLy5elWySZ58m.9IHpM2K', NULL, NULL, 'pP6HTrpGp7DTJv4wocq6BqinGolsn4pxOVmnxr15WEvlpDQjpAo0ZeHsNlhl', 0, 0, 0, 0, 1, 0, 0, NULL, '/store/1/360_F_336265345_U65QKmIeAmmpaPM2C1QaQKhDG7AxoMl9.jpg', '{\"color\":\"FFFFFF\",\"background\":\"8e24aa\"}', '/store/929/15.jpg', NULL, '\"Short courses for busy managers\"\r\n\r\nHi there, my name is Kate Williams and I\'ve been managing projects and virtual teams for the past 10+ years.\r\n\r\nI\'m currently a Director at Cisco Systems,* where I lead Project and Program Management teams on delivering complex projects for Cisco\'s customers.\r\n\r\nPreviously, I was a manager at Ernst & Young, where I analyzed failing projects at Fortune 500 companies, and recommended solutions to fix them.  \r\n\r\nI was also a research assistant at Harvard University, where I studied issues related to virtual teams. \r\n\r\nI\'m an Amazon bestselling author of 4 books about team management (including \"Influencing Virtual Teams,\" \"Don\'t Reply All,\" \"Project Kickoff,\" and \"Effective Delegation of Authority\"), and I hold the PMP, CSM and ITIL certifications.\r\n\r\nMost managers don\'t have a lot of time to watch lengthy courses (that are usually full of fluff). So I focus on creating short courses that help busy managers become more effective leaders, without wasting their time.\r\n\r\nI have published courses about Writing Better Emails, Delegating Effectively, Leading Virtual Meetings, and Managing and Influencing Virtual Teams.', NULL, 17, 27, 29, 36, 0x000000000101000000cb37fdc1618e3c408abc2353c14d5340, b'010', 'all', 'active', 1, 0, 'EN', NULL, 'America/New_York', 0, 0, NULL, NULL, 10, 1, 0, 0, NULL, NULL, 0, NULL, 1605463391, NULL, 1622030241),
(930, 'Mariam Olawale', 'user', 1, NULL, '+12025550130', 'jadeharrison@gmail.com', NULL, '$2y$10$NPgvpOF52CHJuSKbh9gG8.7IvjjFd0HklLy5elWySZ58m.9IHpM2K', NULL, NULL, 'Ci4PVF45uuqLCuaxz92kWYuFMnTyesfS5N9cMaGnCsTrkb6zQF5UL8suOFrk', 0, 0, 0, 0, 1, 0, 0, NULL, '/store/1/360_F_336265345_U65QKmIeAmmpaPM2C1QaQKhDG7AxoMl9.jpg', NULL, '/store/930/2.jpg', NULL, NULL, '46 Place Charles de Gaulle', 16, 22, 23, 24, NULL, NULL, 'all', 'active', 1, 0, 'EN', NULL, 'America/New_York', 0, 0, '/store/930/passport.jpg', '/store/930/certificate.jpg', NULL, 1, 0, 0, NULL, NULL, 0, NULL, 1606325331, NULL, NULL),
(934, 'Linda James', 'teacher', 4, 4, '+12025550143', 'Lindaanderson_92@gmail.com', 'IT Technician at IBM', '$2y$10$m.NTg5P372vNTY2PQlx/S.j9cswa9Fc9UKWJ608AmlaOkqdgRmyw6', NULL, NULL, NULL, 0, 0, 1, 0, 1, 0, 0, NULL, '/store/1/360_F_286431017_6gVWds0lHKjbrcjt1wAEQF87nM7oKZ6G.jpg', NULL, '/store/934/2.jpg', NULL, 'I am a programmer with over 12 years\' experience gained in a range of industries, the last 16 with IBM.\r\n\r\nI am now self employed developing apps for Android; programming in a range of languages including Java, Javascript and Python; and helping the next generation of programmers gain the skills that I have acquired over the years.\r\n\r\nThe first program I sold controlled stock movement in a warehouse, and ran on a CP/M computer - both the program and operating system lived in the 64 kb (yes, kilobytes) that was all CP/M systems had in those days.\r\n\r\nI have gained experience in a wide range of industries including Utilities, Retail, Insurance and the Motor Manufacturing industry. My clients and employers have included Northumbrian Water, Arcadia, Royal Sun Alliance, Nissan and Jaguar Landrover. I also worked for Sunderland University for 3 years preparing and delivering training courses in computing.\r\n\r\nTimes have changed, the challenges are very different to what they were, but programming remains fun!\r\n\r\nWhen not at my computer, I am often riding my motorbike through the wonderful countryside of the UK and Europe.', 'OX7 3NH, England, Oxfordshire, Ascott-under-Wychwood', 19, 59, 60, 63, 0x0000000001010000002e7710c1ce2f284043a4cb6cec292e40, b'100', 'all', 'active', 1, 0, 'EN', NULL, 'America/New_York', 0, 0, '/store/934/passport.jpg', '', NULL, 1, 0, 0, NULL, NULL, 0, NULL, 1612680476, NULL, NULL),
(979, 'Silvester James', 'user', 1, NULL, '+12025550162', 'morgansullivan@yahoo.com', NULL, '$2y$10$TB0nU6Wpg4W9NtIix/uPge6w8aovVEHuzTkoLYWLqykaBnXEkF96u', NULL, NULL, NULL, 0, 0, 0, 0, 1, 0, 0, NULL, '/store/1/black-guy-transparent-background-1.png', NULL, '/store/979/5.jpg', NULL, NULL, NULL, NULL, NULL, NULL, NULL, NULL, NULL, 'all', 'active', 1, 0, 'EN', NULL, 'America/New_York', 0, 0, NULL, NULL, NULL, 1, 0, 0, NULL, NULL, 0, NULL, 1613807727, NULL, NULL),
(995, 'Kingsley Kurah', 'user', 1, 867, '+12025550169', 'student@demo.com', NULL, '$2y$10$Hc4OzTkL3i5vmHXXvZvSfOsZDMD/XYwO4yS8UOtUIAFQcXYhIIJsa', NULL, NULL, 'YmOrY7kg3Qtc3TAbpx1lg9CwYqrosHSb0fIFLfOpxq7IP1ps2RRGDqAzIwBG', 8, 1, 0, 0, 1, 0, 1, NULL, '/store/1/istockphoto-1152603187-612x612.jpg', '{\"color\":\"000000\",\"background\":\"e0f2f1\"}', '/store/995/7.jpg', NULL, NULL, 'Jeevan Tara Building, 1Sr Floor, Gate No.4, 5 Sansad Marg, New Delhi', 17, 27, 29, 35, NULL, NULL, 'all', 'active', 1, 0, 'EN', NULL, 'America/New_York', 1, 0, NULL, '', NULL, 1, 0, 0, NULL, NULL, 0, NULL, 1615538893, NULL, NULL),
(996, 'Godwin Uno', 'user', 1, 867, '+12025550159', 'robert2002@gmail.com', 'bio', '$2y$10$PNK/Cn/SK/ut4rIsFeZhB.xehag15jXTD60lI8WDnEv8evtGn19my', NULL, NULL, 'iw1xNbFV2orSeJvaSeJVKCcOBCPcJNRGalESn6M1dVSflsJwM468L9iEEzr0', 0, 0, 0, 0, 1, 0, 0, NULL, '/store/1/360_F_298288984_8i0PB7s9aWPzi1LeuNGGrnjXkmXRpcZn.jpg', '{\"color\":\"000000\",\"background\":\"FF4081\"}', '/store/996/11.jpg', NULL, 'about', NULL, NULL, NULL, NULL, NULL, NULL, NULL, 'all', 'active', 1, 0, 'EN', NULL, 'America/New_York', 1, 0, NULL, NULL, NULL, 1, 0, 0, NULL, NULL, 0, NULL, 1619885166, NULL, NULL),
(1014, 'George Okafor', 'education', 6, NULL, '6104254644', 'Robert@gmail.com', NULL, '$2y$10$UQtinAOPeFdgy81Mxd3z7uGdSz2gsQsh0A3osAkoOb7A6IpjnDH0a', NULL, NULL, NULL, 0, 1, 0, 0, 1, 0, 0, NULL, '/store/1/128-1282867_businessperson-african-american-black-stock-photography-african-business.png', NULL, NULL, NULL, NULL, NULL, NULL, NULL, NULL, NULL, NULL, NULL, 'all', 'active', 1, 0, NULL, NULL, 'America/New_York', 0, 0, NULL, NULL, NULL, 1, 0, 0, NULL, NULL, 0, NULL, 1624692024, NULL, NULL),
(1015, 'Ronke Shehu', 'teacher', 4, 867, '+61491170156', 'instructor@demo.com', 'System Administrator at Amazon', '$2y$10$8.jgtS/cg8L6HfuuBgWnkeg49r0LiY7kofR6eiY9b.mx747i82n.u', NULL, NULL, 'k2dB4KMrVYVuhgYe3nMNCfLDl3oSajV5aV9fZKKjIhuMo7PLf3sw0EKMLhAg', 1, 1, 1, 0, 1, 0, 1, NULL, '/store/1/istockphoto-1273389486-612x612.jpg', NULL, '/store/1015/6.jpg', NULL, 'Robert started his career as a Unix and Linux System Engineer in 1999. Since that time he has utilized his Linux skills at companies such as Xerox, UPS, Hewlett-Packard, and Amazon.com. Additionally, he has acted as a technical consultant and independent contractor for small businesses and Fortune 500 companies.\r\n\r\nRobert has professional experience with CentOS, RedHat Enterprise Linux, SUSE Linux Enterprise Server, and Ubuntu. He has used several Linux distributions on personal projects including Debian, Slackware, CrunchBang, and others. In addition to Linux, Jason has experience supporting proprietary Unix operating systems including AIX, HP-UX, and Solaris.\r\n\r\nHe enjoys teaching others how to use and exploit the power of the Linux operating system. He is also the author of the books \"Linux for Beginners\" and \"Command Line Kung Fu.\"', 'Al Wakrah ,27904 Hilpert Knoll', 18, 46, 49, 55, 0x0000000001010000007a87fa84a95b4440f17007d9bc8052c0, b'110', 'all', 'active', 1, 0, 'EN', NULL, 'America/New_York', 0, 0, '/store/1015/passport.jpg', '/store/1015/certificate_validation.jpg', NULL, 1, 0, 0, NULL, NULL, 0, NULL, 1624817207, NULL, NULL),
(1016, 'David Akande', 'teacher', 4, NULL, '+12025250175', 'Ricardodave09@hotmail.com', 'Data Analyst at Microsoft', '$2y$10$NA3UcrvzR9bOoHbFQa.Xbeb2KhRplWzdSLU72eRosUOLfhaMITiN.', NULL, NULL, NULL, 0, 0, 1, 0, 1, 0, 0, NULL, '/store/1/images.jpg', NULL, '/store/1016/7.jpg', NULL, 'David Akande has a BS and MS in Mechanical Engineering from Santa Clara University and years of experience as a professional instructor and trainer for Data Science and programming. He has publications and patents in various fields such as microfluidics, materials science, and data science technologies. Over the course of his career he has developed a skill set in analyzing data and he hopes to use his experience in teaching and data science to help other people learn the power of programming the ability to analyze data, as well as present the data in clear and beautiful visualizations. Currently he works as the Head of Data Science for Pierian Data Inc. and provides in-person data science and python programming training courses to employees working at top companies, including General Electric, Cigna, The New York Times, Credit Suisse, McKinsey and many more. Feel free to contact him on LinkedIn for more information on in-person training sessions or group training sessions in Las Vegas, NV.', 'Luib, 72 Wern Ddu Lane', 16, 22, 23, 25, 0x0000000001010000008df8fa14fb674840de3a59c20bfb0140, b'010', 'all', 'active', 1, 0, 'EN', NULL, 'America/New_York', 0, 0, '/store/1016/passport.jpg', '', NULL, 1, 0, 0, NULL, NULL, 1, 'I am not available for 2 days due to a business trip', 1624817905, NULL, NULL),
(1017, 'Alex Pmelaa', 'user', 1, NULL, '085374589', 'a.pmelaa@gmail.com', NULL, '$2y$10$EfeGqWC1GieaFQKzSLPeMOPr9ggMsLPgP5L8wunEz4tI.5wIz3Eni', NULL, NULL, NULL, 0, 0, 0, 0, 1, 0, 0, NULL, '/store/1017/avatar/61b6f03ebd69d.png', NULL, NULL, NULL, NULL, 'Jeevan Tara Building, 1Sr Floor, Gate No.4, 5 Sansad Marg, New Delhi', 17, 27, 29, 35, NULL, NULL, 'all', 'active', 1, 0, 'EN', NULL, 'America/New_York', 1, 0, NULL, NULL, NULL, 1, 0, 0, NULL, NULL, 0, NULL, 1639378748, NULL, NULL),
(1019, 'Rotimi Bala', 'user', 1, NULL, '0448509638', 'ryan2002@demo.com', NULL, '$2y$10$4QLNH1y6wB9/JQeOVRt8u.tvYDCKVNv7J11eAiJpbUqZU5lM0gheS', NULL, NULL, NULL, 0, 0, 0, 0, 1, 0, 0, NULL, '/store/1/depositphotos_336668246-stock-photo-african-american-man-braids-wearing.jpg', '{\"color\":\"000000\",\"background\":\"0091ea\"}', NULL, NULL, NULL, NULL, NULL, NULL, NULL, NULL, NULL, NULL, 'all', 'active', 0, 0, 'EN', NULL, NULL, 0, 0, NULL, NULL, NULL, 1, 0, 0, NULL, NULL, 0, NULL, 1655885724, NULL, NULL),
(1045, 'Jessica Bello', 'user', 1, NULL, '1648664852', 'Lewis@yahoo.com', NULL, '$2y$10$TnKXAoGt3qrjgii5E7DC3.alQLloOjMp2vSFXpYZ4WHnoAS1KbWsu', NULL, NULL, NULL, 0, 0, 0, 0, 1, 0, 1, 50.00, '/store/1/istockphoto-1273389486-612x612.jpg', '{\"color\":\"000000\",\"background\":\"ba68c8\"}', NULL, NULL, NULL, NULL, NULL, NULL, NULL, NULL, NULL, NULL, 'all', 'active', 1, 0, NULL, NULL, 'America/New_York', 0, 0, NULL, NULL, NULL, 1, 0, 0, NULL, NULL, 0, NULL, 1678958736, NULL, NULL),
(1046, 'Jide Farouk', 'user', 1, NULL, '179654566', 'travis@gmail.com', NULL, '$2y$10$IyEnbWvOLvML4xn4hqaOI./8Y31OFmUySiBkoM2CejQDPicgt0VsG', NULL, NULL, NULL, 1, 0, 0, 0, 1, 0, 1, 50.00, '/store/1/depositphotos_251357764-stock-photo-portrait-happy-young-black-guy.jpg', '{\"color\":\"000000\",\"background\":\"ffe57f\"}', NULL, NULL, NULL, NULL, NULL, NULL, NULL, NULL, NULL, NULL, 'all', 'active', 1, 0, NULL, NULL, 'America/New_York', 0, 0, NULL, NULL, NULL, 1, 0, 0, NULL, NULL, 0, NULL, 1678959456, NULL, NULL),
(1047, 'Benjamin Nawaz', 'user', 1, NULL, NULL, 'aceprojectsmail@gmail.com', NULL, '$2y$10$Pmm5CSjM7TR3GxJxksBUaeolvCzAPT0P1oCxemlebwCK.MxHXlwBm', NULL, NULL, '1wwwN9dboMeUkBVZmccsFtP7cZNLVcJ7BLtGcTqGm6YQiDlx4nvrMyW85qAY', 0, 0, 0, 0, 1, 0, 0, NULL, '/store/1/istockphoto-491647452-612x612.jpg', '{\"color\":\"000000\",\"background\":\"f5f5f5\"}', NULL, NULL, NULL, NULL, NULL, NULL, NULL, NULL, NULL, NULL, 'all', 'pending', 1, 0, NULL, NULL, 'America/New_York', 0, 0, NULL, NULL, NULL, 0, 0, 0, NULL, NULL, 0, NULL, 1687897511, NULL, NULL),
(1048, 'Gers_cpPr', 'user', 1, NULL, '785656422824', 'user204241@topsite.space', NULL, '$2y$10$7mV.UJZiJDiatBqLY1RRyeNSe9siPg5.Kdo7NEg2Q132PSiQANma2', NULL, NULL, NULL, 0, 0, 0, 0, 1, 0, 0, NULL, NULL, '{\"color\":\"000000\",\"background\":\"2196f3\"}', NULL, NULL, NULL, NULL, NULL, NULL, NULL, NULL, NULL, NULL, 'all', 'pending', 1, 0, NULL, NULL, 'Europe/Volgograd', 0, 0, NULL, NULL, NULL, 0, 0, 0, NULL, NULL, 0, NULL, 1691288577, NULL, NULL),
(1049, 'suleiman', 'user', 1, 859, '08178285704', 'smally.alimuhd@gmail.com', NULL, '$2y$10$81C7pHq/YNrKgGk5GP5kX.ZHLCAkhmhQWlxRrHqqhHFQ0bS76fcfq', NULL, NULL, 'qRx8cHJ9F6oUoJ31B1DinaQCTAXri1Mb1OsIRlAkpvnkXDMcsCq8mbCS4ffi', 0, 0, 0, 0, 1, 0, 0, NULL, NULL, '{\"color\":\"000000\",\"background\":\"e8f5e9\"}', NULL, NULL, NULL, NULL, NULL, NULL, NULL, NULL, NULL, NULL, 'all', 'active', 1, 0, 'EN', NULL, 'America/New_York', 0, 0, NULL, NULL, NULL, 0, 0, 0, NULL, NULL, 0, NULL, 1692878177, NULL, NULL),
(1050, 'thankgod', 'teacher', 4, 859, '12345', 'thankgod@gmail.com', NULL, '$2y$10$kCykA2GmoFxTwEL8ti4DNeBt4AiKNqwSYkQNo2JDiuexO8Kx/zEAG', NULL, NULL, 'JGa5bvd7Tn26na3EjeVG32DGWbXdvHdRpbmoJY2mPzwQU9FSkwdGRTEYvwef', 0, 0, 0, 0, 1, 0, 0, NULL, NULL, '{\"color\":\"000000\",\"background\":\"ffe57f\"}', NULL, NULL, NULL, NULL, NULL, NULL, NULL, NULL, NULL, b'001', 'all', 'active', 1, 0, 'EN', NULL, 'America/New_York', 0, 1, NULL, NULL, NULL, 0, 0, 0, NULL, NULL, 0, NULL, 1692885435, NULL, NULL),
(1051, 'dummy profile', 'teacher', 4, NULL, NULL, 'dummy@gmail.com', NULL, '$2y$10$VtvmOFUFVlKuS3trdwLNVOR.x/WSDa1Dt0s.wA2sML6VSgnLFpK52', NULL, NULL, 'F3NNktzb9ccS1rWLwFiqXHOSA9XAScAOGsoAcauIEmrgqfS7uA0NsFbJHvmr', 0, 0, 0, 0, 1, 0, 0, NULL, NULL, '{\"color\":\"000000\",\"background\":\"e040fb\"}', NULL, NULL, NULL, NULL, NULL, NULL, NULL, NULL, NULL, NULL, 'all', 'pending', 1, 0, NULL, NULL, 'Africa/Lagos', 0, 0, NULL, NULL, NULL, 0, 0, 0, NULL, NULL, 0, NULL, 1692893241, NULL, NULL),
(1052, 'play guy', 'teacher', 4, NULL, NULL, 'play@gmail.com', NULL, '$2y$10$wgTxYKbfR5TYLLVphsGcYujwtfU.ryGdhJTMkUhU4nQcQZnNbnbUW', NULL, NULL, NULL, 0, 0, 0, 0, 1, 0, 0, NULL, NULL, '{\"color\":\"000000\",\"background\":\"f4ff81\"}', NULL, NULL, NULL, NULL, NULL, NULL, NULL, NULL, NULL, NULL, 'all', 'pending', 1, 0, NULL, NULL, 'Africa/Lagos', 0, 0, NULL, NULL, NULL, 0, 0, 0, NULL, NULL, 0, NULL, 1692893504, NULL, NULL),
(1053, 'Amusan Victor', 'user', 1, NULL, '2348155213791', 'amusankehinde@gmail.com', NULL, '$2y$10$v9ZfFxUt8BTbP4z47G/zAucBP22RDw1PKbh6BLImXojub0DA6qC5u', NULL, NULL, 'IMEhofQpatwXaCx5WbFSubLy4EBBCiKCjkJEOIOr8RDGGMfujI85PFBirhpJ', 0, 0, 0, 0, 1, 0, 0, NULL, NULL, '{\"color\":\"000000\",\"background\":\"fafafa\"}', NULL, NULL, NULL, NULL, NULL, NULL, NULL, NULL, NULL, NULL, 'all', 'pending', 1, 0, NULL, NULL, 'Africa/Lagos', 0, 0, NULL, NULL, NULL, 0, 0, 0, NULL, NULL, 0, NULL, 1692987481, NULL, NULL),
(1054, 'RodneyPAw', 'user', 1, NULL, '3684261144996', 'lavadie_argue89@abrahamson.browndecorationlights.com', NULL, '$2y$10$.aUEd66uUKPoFP7RAHiMDedYZE5zeGlPyqWvEhUzSrHAc6Xqg3Dv.', NULL, NULL, NULL, 0, 0, 0, 0, 1, 0, 0, NULL, NULL, '{\"color\":\"000000\",\"background\":\"ffea00\"}', NULL, NULL, NULL, NULL, NULL, NULL, NULL, NULL, NULL, NULL, 'all', 'pending', 1, 0, NULL, NULL, 'America/Kentucky/Monticello', 0, 0, NULL, NULL, NULL, 0, 0, 0, NULL, NULL, 0, NULL, 1693446570, NULL, NULL),
(1055, 'RodneyPAw', 'user', 1, NULL, '3688634166174', 'fantinischlachter41@abrahamson.browndecorationlights.com', NULL, '$2y$10$UjZQHB1vN7XdQatTBbLSaOZm02P2/QG23mkzqxbSf0Kers1RWOWVi', NULL, NULL, NULL, 0, 0, 0, 0, 1, 0, 0, NULL, NULL, '{\"color\":\"000000\",\"background\":\"bcaaa4\"}', NULL, NULL, NULL, NULL, NULL, NULL, NULL, NULL, NULL, NULL, 'all', 'pending', 1, 0, NULL, NULL, 'Asia/Vientiane', 0, 0, NULL, NULL, NULL, 0, 0, 0, NULL, NULL, 0, NULL, 1693469425, NULL, NULL),
(1056, 'Ife Oluwa', 'teacher', 4, 859, '+23481367778321', 'ife@gmail.com', NULL, '$2y$10$KIr7bxkrTwMMZQ6Pkxn0L..XDAo3v3eByoirzLd5htg2JVh//RttO', NULL, NULL, NULL, 0, 0, 0, 0, 1, 0, 0, NULL, NULL, '{\"color\":\"000000\",\"background\":\"D50000\"}', NULL, NULL, NULL, NULL, NULL, NULL, NULL, NULL, NULL, NULL, 'all', 'active', 1, 0, 'EN', NULL, 'America/New_York', 0, 0, NULL, NULL, NULL, 0, 0, 0, NULL, NULL, 0, NULL, 1693497164, NULL, NULL),
(1057, 'moha', 'teacher', 4, 859, '12345678', 'moha@demo.com', NULL, '$2y$10$ABMtWabxPaaBetd2RCOBMOQxUIuqWnA8lRinWHuicMf/OiMQckc4i', NULL, NULL, NULL, 0, 0, 0, 0, 1, 0, 0, NULL, NULL, '{\"color\":\"000000\",\"background\":\"2196f3\"}', NULL, NULL, NULL, NULL, NULL, NULL, NULL, NULL, NULL, b'001', 'all', 'active', 1, 0, 'EN', NULL, 'America/New_York', 0, 0, NULL, NULL, NULL, 0, 0, 0, NULL, NULL, 0, NULL, 1693579432, NULL, NULL),
(1058, 'sule', 'teacher', 4, 859, '1234567890', 'sule@demo.com', NULL, '$2y$10$u1B/KnaVbo8LWY5c2J.6buVfiP9UQEn4.7yHlH1/7OqtdJ1iaxYYC', NULL, NULL, NULL, 0, 0, 0, 0, 1, 0, 0, NULL, NULL, '{\"color\":\"000000\",\"background\":\"9575cd\"}', NULL, NULL, NULL, NULL, NULL, NULL, NULL, NULL, NULL, NULL, 'all', 'active', 1, 0, 'EN', NULL, 'America/New_York', 0, 0, NULL, NULL, NULL, 0, 0, 0, NULL, NULL, 0, NULL, 1693584375, NULL, NULL),
(1059, 'gril_vgPl', 'user', 1, NULL, '782794144571', 'xmvqnfldvPl@doctor-stiralok.ru', NULL, '$2y$10$jhVOUWaQEXLlWZJxWPVWOect4Fp8SDKZHxZ7DHK3CV0IQhdze6S1e', NULL, NULL, NULL, 0, 0, 0, 0, 1, 0, 0, NULL, NULL, '{\"color\":\"000000\",\"background\":\"bcaaa4\"}', NULL, NULL, NULL, NULL, NULL, NULL, NULL, NULL, NULL, NULL, 'all', 'pending', 1, 0, NULL, NULL, 'Europe/Vaduz', 0, 0, NULL, NULL, NULL, 0, 0, 0, NULL, NULL, 0, NULL, 1693827700, NULL, NULL),
(1061, 'Security Tags', 'organization', 3, NULL, NULL, 'tgikekwem@gmail.com', NULL, '$2y$10$xvB4I3m047Pdq8gmGhbdqeoJ0hqMcnPSVUEVtOaxLc2KmiP5HUgSy', NULL, NULL, NULL, 0, 0, 0, 0, 1, 0, 0, NULL, NULL, '{\"color\":\"000000\",\"background\":\"8c9eff\"}', NULL, NULL, NULL, NULL, NULL, NULL, NULL, NULL, NULL, NULL, 'all', 'pending', 1, 0, NULL, NULL, 'Africa/Lagos', 0, 0, NULL, NULL, NULL, 0, 0, 0, NULL, NULL, 0, NULL, 1695215155, NULL, NULL),
(1062, 'nkechi okoro', 'teacher', 4, NULL, '2348094549923', 'ishola@gmail.com', NULL, '$2y$10$eZyPlfzQlmyAwnXhxt8X/.06V2S238vgMFHHJs1.e3rxkuQM1snKy', NULL, NULL, 'OSgXTntQ3UufTR5kEzlD22IfIjsSA44PyDmRfrF3fIQ79H8zB6gCgE5SpGLK', 0, 0, 0, 0, 1, 0, 0, NULL, NULL, NULL, NULL, NULL, NULL, NULL, NULL, NULL, NULL, NULL, NULL, NULL, 'all', 'pending', 1, 0, NULL, NULL, 'Africa/Lagos', 0, 0, NULL, NULL, NULL, 0, 0, 0, NULL, NULL, 0, NULL, 1698052361, NULL, NULL),
(1063, 'nkechi walken', 'organization', 3, NULL, '2349066772345', 'nkechiuwin@gmail.com', NULL, '$2y$10$frkyokn/TkVJUeWv0h/mCuPdgge72DzVnb1i9k6HHXcp057rVn0vG', NULL, NULL, NULL, 0, 0, 0, 0, 1, 0, 0, NULL, NULL, NULL, NULL, NULL, NULL, NULL, NULL, NULL, NULL, NULL, NULL, NULL, 'all', 'pending', 1, 0, NULL, NULL, 'Africa/Lagos', 0, 0, NULL, NULL, NULL, 0, 0, 0, NULL, NULL, 0, NULL, 1698052593, NULL, NULL),
(1064, 'kanoyo', 'teacher', 4, NULL, '2348099776655', 'kanayo@gmail.com', NULL, '$2y$10$k/zqzQrXFfri//QqNHyMb.BhwjA2KSBjIBq6y/dRdD40Q4/w0dvma', NULL, NULL, 'OPYO83hY9xVFJ1kUarcBie81UbJKlkTkXHE0ujmfnxYyzMh4UpwjlSs8y0JT', 0, 0, 0, 0, 1, 0, 0, NULL, NULL, NULL, NULL, NULL, NULL, NULL, NULL, NULL, NULL, NULL, NULL, NULL, 'all', 'pending', 1, 0, NULL, NULL, 'Africa/Lagos', 0, 0, NULL, NULL, NULL, 0, 0, 0, NULL, NULL, 0, NULL, 1698055199, NULL, NULL),
(1065, 'house', 'teacher', 4, NULL, NULL, 'house@gmail.com', NULL, '$2y$10$FWUMDNz3qM2X0S1x7AhTzugs3Hv8RxNtuaDlSuZR9Ryc2FiWi0OFy', NULL, NULL, 'IyWK0ppd2MkSW06yLddK9EI8NoHCDDwKF824RYmoLKkaujHxixGpJvAOBBo5', 0, 0, 0, 0, 1, 0, 0, NULL, NULL, NULL, NULL, NULL, NULL, NULL, NULL, NULL, NULL, NULL, NULL, NULL, 'all', 'pending', 1, 0, NULL, NULL, 'Africa/Lagos', 0, 0, NULL, NULL, NULL, 0, 0, 0, NULL, NULL, 0, NULL, 1698056457, NULL, NULL),
(1066, 'Pitroda Satyan', 'user', 1, NULL, '35189193873841', 'projectdept@kanzalshamsprojectmgt.com', NULL, '$2y$10$USVLRAFr7Debrv6hyIwJ7Oqithb0UwDOGFnAH0Zq/L2/qAYAWBQqW', NULL, NULL, NULL, 0, 0, 0, 0, 1, 0, 0, NULL, NULL, NULL, NULL, NULL, NULL, NULL, NULL, NULL, NULL, NULL, NULL, NULL, 'all', 'pending', 1, 0, NULL, NULL, 'Asia/Pyongyang', 0, 0, NULL, NULL, NULL, 0, 0, 0, NULL, NULL, 0, NULL, 1701424914, NULL, NULL),
(1067, 'Thomasthine', 'user', 1, NULL, '35987295311564', 'exchangeaibot@proton.me', NULL, '$2y$10$iO6plRyuzLaaapZXI1pVcuN3OBOWa61.Ie0idnWto8QiDSmMj27cO', NULL, NULL, NULL, 0, 0, 0, 0, 1, 0, 0, NULL, NULL, NULL, NULL, NULL, NULL, NULL, NULL, NULL, NULL, NULL, NULL, NULL, 'all', 'pending', 1, 0, NULL, NULL, 'Asia/Kamchatka', 0, 0, NULL, NULL, NULL, 0, 0, 0, NULL, NULL, 0, NULL, 1702735230, NULL, NULL),
(1068, 'Natatob', 'user', 1, NULL, '23783815756785', 'woodthighgire1988@gmail.com', NULL, '$2y$10$Bcqgzg3Jp8RZAxPyGY9k6.KbgCWC3C.BaaIJm/yN/Rk5PDpWeQCja', NULL, NULL, NULL, 0, 0, 0, 0, 1, 0, 0, NULL, NULL, NULL, NULL, NULL, NULL, NULL, NULL, NULL, NULL, NULL, NULL, NULL, 'all', 'pending', 1, 0, NULL, NULL, 'America/Lower_Princes', 0, 0, NULL, NULL, NULL, 0, 0, 0, NULL, NULL, 0, NULL, 1705354192, NULL, NULL),
(1069, 'Alvinker', 'user', 1, NULL, '96688217394257', 'tupscrart@ifyti.ru', NULL, '$2y$10$iU19XL9T5wIByHFDBeD81Oq4WivpRgyr5gKVFN5jIgvMJx/EIivdq', NULL, NULL, NULL, 0, 0, 0, 0, 1, 0, 0, NULL, NULL, NULL, NULL, NULL, NULL, NULL, NULL, NULL, NULL, NULL, NULL, NULL, 'all', 'pending', 1, 0, NULL, NULL, 'America/Danmarkshavn', 0, 0, NULL, NULL, NULL, 0, 0, 0, NULL, NULL, 0, NULL, 1706240192, NULL, NULL),
(1070, 'Nandom Kumchi', 'user', 1, NULL, '2347031676998', 'paul4nank@gmail.com', NULL, '$2y$10$ucya.LDSQ47hyd/AE2LMKuAtaC1TjSN6ts0SLLMcRGLFcyP4nybhq', NULL, NULL, 'cEIpZgspk9gqX2MCDyE2oeK3hNXu6nLCNxg63gCYkKidkwUEz3E2C35hakrZ', 0, 0, 0, 0, 1, 0, 0, NULL, NULL, '{\"color\":\"000000\",\"background\":\"b2dfdb\"}', NULL, NULL, NULL, NULL, NULL, NULL, NULL, NULL, NULL, NULL, 'all', 'active', 1, 0, NULL, NULL, 'Africa/Lagos', 0, 0, NULL, NULL, NULL, 0, 0, 0, NULL, NULL, 0, NULL, 1707073966, NULL, NULL),
(1071, 'Angir Nandom', 'user', 1, NULL, '2348188357334', 'angirlexy@gmail.com', NULL, '$2y$10$uZU9UFgGqJF76mGdvMtXQ.rKizD6OgxMPblg2NOqoncagMjTZnD26', NULL, NULL, NULL, 0, 0, 0, 0, 1, 0, 0, NULL, NULL, NULL, NULL, NULL, NULL, NULL, NULL, NULL, NULL, NULL, NULL, NULL, 'all', 'pending', 1, 0, NULL, NULL, 'Africa/Lagos', 0, 0, NULL, NULL, NULL, 0, 0, 0, NULL, NULL, 0, NULL, 1707155761, NULL, NULL),
(1072, 'Efemena Alex', 'teacher', 4, NULL, '2279029962906', 'nandomkumchi01@gmail.com', NULL, '$2y$10$IRWfQ26vrfNbDWFTXD5lvOnvXAICNj//BFj0W7jRn/GCq70SZtNMq', NULL, NULL, NULL, 0, 0, 0, 0, 1, 0, 0, NULL, NULL, '{\"color\":\"FFFFFF\",\"background\":\"1976d2\"}', NULL, NULL, NULL, NULL, NULL, NULL, NULL, NULL, NULL, NULL, 'all', 'active', 1, 0, NULL, NULL, 'Africa/Lagos', 0, 0, NULL, NULL, NULL, 0, 0, 0, NULL, NULL, 0, NULL, 1707157360, NULL, NULL),
(1073, 'Katung Daniel', 'user', 1, NULL, '2348092837487', 'vertomirke@gufum.com', NULL, '$2y$10$Y71moLtLo3k/qO7iLTG2eumvmX29S3JbgGMwnSO7At4LSqjBUtEZW', NULL, NULL, NULL, 0, 0, 0, 0, 1, 0, 0, NULL, NULL, NULL, NULL, NULL, NULL, NULL, NULL, NULL, NULL, NULL, NULL, NULL, 'all', 'pending', 1, 0, NULL, NULL, 'Africa/Lagos', 0, 0, NULL, NULL, NULL, 0, 0, 0, NULL, NULL, 0, NULL, 1707925727, NULL, NULL);

-- --------------------------------------------------------

--
-- Table structure for table `users_badges`
--

CREATE TABLE `users_badges` (
  `id` int(10) UNSIGNED NOT NULL,
  `user_id` int(10) UNSIGNED NOT NULL,
  `badge_id` int(10) UNSIGNED NOT NULL,
  `created_at` int(10) UNSIGNED NOT NULL
) ENGINE=InnoDB DEFAULT CHARSET=utf8mb4 COLLATE=utf8mb4_unicode_ci ROW_FORMAT=DYNAMIC;

-- --------------------------------------------------------

--
-- Table structure for table `users_cookie_security`
--

CREATE TABLE `users_cookie_security` (
  `id` int(10) UNSIGNED NOT NULL,
  `user_id` int(10) UNSIGNED NOT NULL,
  `type` enum('all','customize') COLLATE utf8mb4_unicode_ci NOT NULL,
  `settings` text COLLATE utf8mb4_unicode_ci DEFAULT NULL,
  `created_at` bigint(20) UNSIGNED NOT NULL
) ENGINE=InnoDB DEFAULT CHARSET=utf8mb4 COLLATE=utf8mb4_unicode_ci;

--
-- Dumping data for table `users_cookie_security`
--

INSERT INTO `users_cookie_security` (`id`, `user_id`, `type`, `settings`, `created_at`) VALUES
(1, 1015, 'all', NULL, 1655621683),
(2, 1, 'all', NULL, 1655624844),
(3, 934, 'all', NULL, 1655627382),
(4, 1016, 'all', NULL, 1655790120),
(5, 930, 'all', NULL, 1655790832),
(6, 929, 'all', NULL, 1655799536),
(7, 995, 'all', NULL, 1655872658),
(8, 996, 'all', NULL, 1655875490),
(9, 923, 'all', NULL, 1656104015),
(10, 979, 'all', NULL, 1656139682),
(11, 1019, 'all', NULL, 1656571625);

-- --------------------------------------------------------

--
-- Table structure for table `users_manual_purchase`
--

CREATE TABLE `users_manual_purchase` (
  `id` int(10) UNSIGNED NOT NULL,
  `user_id` int(10) UNSIGNED NOT NULL,
  `webinar_id` int(10) UNSIGNED NOT NULL,
  `access` tinyint(1) NOT NULL DEFAULT 0,
  `created_at` bigint(20) UNSIGNED NOT NULL
) ENGINE=InnoDB DEFAULT CHARSET=utf8mb4 COLLATE=utf8mb4_unicode_ci;

-- --------------------------------------------------------

--
-- Table structure for table `users_metas`
--

CREATE TABLE `users_metas` (
  `id` int(10) UNSIGNED NOT NULL,
  `user_id` int(10) UNSIGNED NOT NULL,
  `name` varchar(255) COLLATE utf8mb4_unicode_ci NOT NULL,
  `value` text COLLATE utf8mb4_unicode_ci NOT NULL
) ENGINE=InnoDB DEFAULT CHARSET=utf8mb4 COLLATE=utf8mb4_unicode_ci;

--
-- Dumping data for table `users_metas`
--

INSERT INTO `users_metas` (`id`, `user_id`, `name`, `value`) VALUES
(21, 1016, 'education', 'BS in Mechanical Engineering from Santa Clara University'),
(22, 1016, 'education', 'MS in Mechanical Engineering from Santa Clara University'),
(23, 1016, 'experience', 'professional instructor and trainer for Data Science and programming'),
(24, 1016, 'experience', 'Head of Data Science for Pierian Data Inc'),
(25, 1015, 'experience', 'supporting proprietary Unix operating systems including AIX, HP-UX, and Solaris.'),
(26, 1015, 'experience', '10 years of experience working with Linux systems'),
(27, 1015, 'education', 'Red Hat Certified Engineer (RHCE)'),
(28, 1015, 'education', 'AWS Certified DevOps Engineer - Professional'),
(29, 1015, 'education', 'Linux Foundation Certified System Administrator'),
(30, 929, 'experience', 'Director at Cisco Systems 2015 - 2021'),
(31, 929, 'experience', 'research assistant at Harvard University 2010 - 2019'),
(32, 929, 'experience', 'Amazon bestselling author'),
(33, 923, 'experience', 'marketing strategies at Microlab 2010-2015'),
(34, 923, 'education', 'Associate of Business Administration from Imperial College London'),
(35, 923, 'education', 'Bachelor of International Business Economics from University of Cambridge'),
(36, 923, 'education', 'Master of Business Administration from King\'s College London'),
(37, 3, 'experience', 'Five-time TED speaker'),
(38, 3, 'education', 'Associate of Applied Business from Stanford University'),
(39, 3, 'education', 'Bachelor of Science in Business from Harvard University'),
(40, 3, 'education', 'Master of Computational Finance from University of Chicago'),
(41, 870, 'education', 'Associate in Physical Therapy from University of British Columbia'),
(42, 870, 'education', 'Bachelor of Arts in Psychology from Duke University'),
(43, 870, 'education', 'Master of Public Health from Cornell University'),
(44, 929, 'education', 'Associate of Applied Business from University of Leeds'),
(45, 929, 'education', 'Bachelor of Management and Organizational Studies from University of Sheffield'),
(46, 929, 'education', 'Master of Management from Durham University'),
(47, 934, 'education', 'Bachelor of Science in Information Technology from University of Glasgow'),
(48, 934, 'education', 'Master of Science in Information Systems (MSIS) from Delft University of Technology'),
(49, 934, 'experience', 'Web Developer at Uber 2015 - 2018'),
(50, 1015, 'education', 'Master of Science in Information Systems (MSIS) from University of Sydney'),
(51, 1016, 'gender', 'man'),
(52, 1016, 'age', '29'),
(53, 1016, 'address', 'Luib, 72 Wern Ddu Lane'),
(54, 1015, 'address', 'Al Wakrah ,27904 Hilpert Knoll'),
(55, 934, 'gender', 'woman'),
(56, 934, 'age', '32'),
(57, 934, 'address', 'OX7 3NH, England, Oxfordshire, Ascott-under-Wychwood'),
(58, 1015, 'gender', 'man'),
(59, 1015, 'age', '27'),
(60, 929, 'gender', 'woman'),
(61, 929, 'age', '24'),
(62, 929, 'address', '668, Katra Hira Lal, Chandni Chowk'),
(63, 870, 'gender', 'woman'),
(64, 870, 'age', '28'),
(65, 870, 'address', '99 boulevard de Prague'),
(66, 3, 'gender', 'man'),
(67, 3, 'age', '36'),
(68, 3, 'address', '638153, Tamil Nadu, Modakkurichi, Elumathur'),
(69, 859, 'age', '30'),
(70, 859, 'address', '6N736 MEDINAH RD , MEDINAH, IL'),
(71, 863, 'age', '22'),
(72, 863, 'address', '19, Janata Market, Nerul, Navi Mumbai'),
(73, 864, 'address', 'No. 13 Poultry Farm Ave., South Odorkor ESt.'),
(74, 867, 'address', 'Massachusetts, West Roxbury, 3979 Smith Street'),
(75, 1047, 'certificate_additional', 'Nothing'),
(76, 1050, 'gender', 'man'),
(77, 1050, 'age', '30'),
(78, 1050, 'address', 'no. 50'),
(79, 1057, 'gender', 'man'),
(80, 1057, 'age', '30'),
(81, 1064, 'certificate_additional', 'asdfg'),
(82, 1065, 'certificate_additional', 'qwert');

-- --------------------------------------------------------

--
-- Table structure for table `users_occupations`
--

CREATE TABLE `users_occupations` (
  `id` int(10) UNSIGNED NOT NULL,
  `user_id` int(10) UNSIGNED NOT NULL,
  `category_id` int(10) UNSIGNED NOT NULL
) ENGINE=InnoDB DEFAULT CHARSET=utf8mb4 COLLATE=utf8mb4_unicode_ci ROW_FORMAT=DYNAMIC;

--
-- Dumping data for table `users_occupations`
--

INSERT INTO `users_occupations` (`id`, `user_id`, `category_id`) VALUES
(1004, 1016, 520),
(1005, 1016, 606),
(1006, 1016, 607),
(1010, 1015, 609),
(1011, 1015, 606),
(1012, 1015, 607),
(1016, 867, 520),
(1017, 867, 525),
(1018, 867, 611),
(1019, 867, 606),
(1020, 867, 607),
(1021, 867, 608),
(1027, 929, 604),
(1028, 929, 525),
(1029, 929, 609),
(1030, 929, 610),
(1031, 929, 611),
(1032, 870, 523),
(1033, 870, 604),
(1034, 3, 602),
(1035, 3, 525),
(1036, 3, 609),
(1037, 3, 611),
(1038, 3, 606),
(1039, 934, 525),
(1040, 934, 606),
(1041, 934, 607),
(1042, 934, 608),
(1043, 923, 604),
(1044, 923, 609),
(1045, 923, 611),
(1050, 863, 601),
(1051, 863, 602),
(1052, 863, 603),
(1053, 863, 609),
(1054, 863, 611),
(1055, 864, 520),
(1056, 864, 601),
(1057, 864, 602),
(1058, 864, 603),
(1059, 868, 601),
(1060, 868, 602),
(1061, 868, 603),
(1062, 868, 523),
(1063, 868, 611),
(1064, 4, 520),
(1065, 4, 606),
(1066, 930, 520),
(1067, 859, 520),
(1068, 859, 601),
(1069, 859, 604),
(1070, 859, 611),
(1071, 1057, 520);

-- --------------------------------------------------------

--
-- Table structure for table `users_registration_packages`
--

CREATE TABLE `users_registration_packages` (
  `id` bigint(20) UNSIGNED NOT NULL,
  `user_id` int(10) UNSIGNED NOT NULL,
  `instructors_count` int(11) DEFAULT NULL,
  `students_count` int(11) DEFAULT NULL,
  `courses_capacity` int(11) DEFAULT NULL,
  `courses_count` int(11) DEFAULT NULL,
  `meeting_count` int(11) DEFAULT NULL,
  `status` enum('disabled','active') COLLATE utf8mb4_unicode_ci NOT NULL,
  `created_at` int(10) UNSIGNED NOT NULL
) ENGINE=InnoDB DEFAULT CHARSET=utf8mb4 COLLATE=utf8mb4_unicode_ci;

-- --------------------------------------------------------

--
-- Table structure for table `users_zoom_api`
--

CREATE TABLE `users_zoom_api` (
  `id` int(10) UNSIGNED NOT NULL,
  `user_id` int(10) UNSIGNED NOT NULL,
  `jwt_token` text COLLATE utf8mb4_unicode_ci DEFAULT NULL,
  `api_key` text COLLATE utf8mb4_unicode_ci DEFAULT NULL,
  `api_secret` text COLLATE utf8mb4_unicode_ci DEFAULT NULL,
  `created_at` int(11) NOT NULL
) ENGINE=InnoDB DEFAULT CHARSET=utf8mb4 COLLATE=utf8mb4_unicode_ci;

--
-- Dumping data for table `users_zoom_api`
--

INSERT INTO `users_zoom_api` (`id`, `user_id`, `jwt_token`, `api_key`, `api_secret`, `created_at`) VALUES
(3, 1015, 'eyJhbGciOiJIUzI1NiJ9.eyJhdWQiOm51bGwsImlzcyI6IlJvSDREeURtU2lHQTNjMXhMejFoUWciLCJleHAiOjE3NjYyNTAwMDAsImlhdCI6MTYyNDk2NjMwM30.exdStLAnK4V4jIFd6CtLCX_4nvMYLpX1JqMj70If04s', 'x1u5-C4FSdGsqweFlMGO7A', 'AOtbi0nkg9ThD1DtlNUlQB9C8cV670eGzqQR', 1624966312);

-- --------------------------------------------------------

--
-- Table structure for table `user_banks`
--

CREATE TABLE `user_banks` (
  `id` int(10) UNSIGNED NOT NULL,
  `logo` varchar(255) COLLATE utf8mb4_unicode_ci NOT NULL,
  `created_at` bigint(20) UNSIGNED NOT NULL
) ENGINE=InnoDB DEFAULT CHARSET=utf8mb4 COLLATE=utf8mb4_unicode_ci;

--
-- Dumping data for table `user_banks`
--

INSERT INTO `user_banks` (`id`, `logo`, `created_at`) VALUES
(4, '/store/1/default_images/payment gateways/paypal.png', 1678874235),
(5, '/store/1/default_images/payment gateways/stripe.png', 1679090196);

-- --------------------------------------------------------

--
-- Table structure for table `user_bank_specifications`
--

CREATE TABLE `user_bank_specifications` (
  `id` int(10) UNSIGNED NOT NULL,
  `user_bank_id` int(10) UNSIGNED NOT NULL
) ENGINE=InnoDB DEFAULT CHARSET=utf8mb4 COLLATE=utf8mb4_unicode_ci;

--
-- Dumping data for table `user_bank_specifications`
--

INSERT INTO `user_bank_specifications` (`id`, `user_bank_id`) VALUES
(10, 4),
(11, 4),
(12, 5),
(13, 5);

-- --------------------------------------------------------

--
-- Table structure for table `user_bank_specification_translations`
--

CREATE TABLE `user_bank_specification_translations` (
  `id` int(10) UNSIGNED NOT NULL,
  `user_bank_specification_id` int(10) UNSIGNED NOT NULL,
  `locale` varchar(255) COLLATE utf8mb4_unicode_ci NOT NULL,
  `name` varchar(255) COLLATE utf8mb4_unicode_ci NOT NULL
) ENGINE=InnoDB DEFAULT CHARSET=utf8mb4 COLLATE=utf8mb4_unicode_ci;

--
-- Dumping data for table `user_bank_specification_translations`
--

INSERT INTO `user_bank_specification_translations` (`id`, `user_bank_specification_id`, `locale`, `name`) VALUES
(15, 10, 'en', 'Account Holder'),
(16, 11, 'en', 'Email'),
(17, 12, 'en', 'Account Holder'),
(18, 13, 'en', 'Account ID');

-- --------------------------------------------------------

--
-- Table structure for table `user_bank_translations`
--

CREATE TABLE `user_bank_translations` (
  `id` int(10) UNSIGNED NOT NULL,
  `user_bank_id` int(10) UNSIGNED NOT NULL,
  `locale` varchar(255) COLLATE utf8mb4_unicode_ci NOT NULL,
  `title` varchar(255) COLLATE utf8mb4_unicode_ci NOT NULL
) ENGINE=InnoDB DEFAULT CHARSET=utf8mb4 COLLATE=utf8mb4_unicode_ci;

--
-- Dumping data for table `user_bank_translations`
--

INSERT INTO `user_bank_translations` (`id`, `user_bank_id`, `locale`, `title`) VALUES
(6, 4, 'en', 'Paypal'),
(7, 5, 'en', 'Stripe');

-- --------------------------------------------------------

--
-- Table structure for table `user_form_fields`
--

CREATE TABLE `user_form_fields` (
  `id` int(10) UNSIGNED NOT NULL,
  `user_id` int(10) UNSIGNED DEFAULT NULL,
  `become_instructor_id` int(10) UNSIGNED DEFAULT NULL,
  `form_field_id` int(10) UNSIGNED NOT NULL,
  `value` text COLLATE utf8mb4_unicode_ci DEFAULT NULL,
  `created_at` bigint(20) UNSIGNED NOT NULL
) ENGINE=InnoDB DEFAULT CHARSET=utf8mb4 COLLATE=utf8mb4_unicode_ci;

-- --------------------------------------------------------

--
-- Table structure for table `user_selected_banks`
--

CREATE TABLE `user_selected_banks` (
  `id` int(10) UNSIGNED NOT NULL,
  `user_id` int(10) UNSIGNED NOT NULL,
  `user_bank_id` int(10) UNSIGNED NOT NULL
) ENGINE=InnoDB DEFAULT CHARSET=utf8mb4 COLLATE=utf8mb4_unicode_ci;

-- --------------------------------------------------------

--
-- Table structure for table `user_selected_bank_specifications`
--

CREATE TABLE `user_selected_bank_specifications` (
  `id` int(10) UNSIGNED NOT NULL,
  `user_selected_bank_id` int(10) UNSIGNED NOT NULL,
  `user_bank_specification_id` int(10) UNSIGNED NOT NULL,
  `value` text COLLATE utf8mb4_unicode_ci NOT NULL
) ENGINE=InnoDB DEFAULT CHARSET=utf8mb4 COLLATE=utf8mb4_unicode_ci;

-- --------------------------------------------------------

--
-- Table structure for table `verifications`
--

CREATE TABLE `verifications` (
  `id` int(10) UNSIGNED NOT NULL,
  `user_id` int(10) UNSIGNED DEFAULT NULL,
  `mobile` char(16) COLLATE utf8mb4_unicode_ci DEFAULT NULL,
  `email` char(64) COLLATE utf8mb4_unicode_ci DEFAULT NULL,
  `code` char(6) COLLATE utf8mb4_unicode_ci NOT NULL,
  `verified_at` int(10) UNSIGNED DEFAULT NULL,
  `expired_at` int(10) UNSIGNED DEFAULT NULL,
  `created_at` int(10) UNSIGNED NOT NULL
) ENGINE=InnoDB DEFAULT CHARSET=utf8mb4 COLLATE=utf8mb4_unicode_ci ROW_FORMAT=DYNAMIC;

--
-- Dumping data for table `verifications`
--

INSERT INTO `verifications` (`id`, `user_id`, `mobile`, `email`, `code`, `verified_at`, `expired_at`, `created_at`) VALUES
(57, 996, NULL, 'test@gmail.com', '52692', NULL, 1626247575, 1626243975),
(58, 995, NULL, 'student@demo.com', '30257', 1626246439, 1626246489, 1626246375),
(59, 1017, NULL, 'a.pmelaa@gmail.com', '86261', 1639378855, 1639378905, 1639378748),
(84, 1045, NULL, 'tyshun.zaydrian@foundtoo.com', '28503', 1678958778, 1678958828, 1678958736),
(85, 1046, NULL, 'kelii.kendryk@foundtoo.com', '69646', 1678959533, 1678959583, 1678959456),
(86, 1047, NULL, 'aceprojectsmail@gmail.com', '51360', NULL, 1687912200, 1687908600),
(87, 1048, NULL, 'user204241@topsite.space', '24439', NULL, 1691292207, 1691288607),
(88, 1051, NULL, 'dummy@gmail.com', '77429', NULL, 1692897009, 1692893409),
(89, 1052, NULL, 'play@gmail.com', '13027', NULL, 1692897134, 1692893534),
(90, 1053, NULL, 'amusankehinde@gmail.com', '75740', NULL, 1692991907, 1692988307),
(91, 1054, NULL, 'lavadie_argue89@abrahamson.browndecorationlights.com', '32468', NULL, 1693450201, 1693446601),
(92, 1055, NULL, 'fantinischlachter41@abrahamson.browndecorationlights.com', '41106', NULL, 1693473056, 1693469456),
(93, 1059, NULL, 'xmvqnfldvPl@doctor-stiralok.ru', '67184', NULL, 1693831330, 1693827730),
(95, 1061, NULL, 'tgikekwem@gmail.com', '96925', NULL, 1695218785, 1695215185),
(96, 1062, NULL, 'ishola@gmail.com', '70472', NULL, 1698059770, 1698056170),
(97, 1063, NULL, 'nkechiuwin@gmail.com', '46127', NULL, 1698056223, 1698052623),
(98, 1064, NULL, 'kanayo@gmail.com', '74023', NULL, 1698059912, 1698056312),
(99, 1065, NULL, 'house@gmail.com', '47181', NULL, 1698060141, 1698056541),
(100, 1066, NULL, 'projectdept@kanzalshamsprojectmgt.com', '90798', NULL, 1701428544, 1701424944),
(101, 1067, NULL, 'exchangeaibot@proton.me', '32818', NULL, 1702738860, 1702735260),
(102, 1068, NULL, 'woodthighgire1988@gmail.com', '53065', NULL, 1705357822, 1705354222),
(103, 1069, NULL, 'tupscrart@ifyti.ru', '23505', NULL, 1706243823, 1706240223),
(104, 1070, NULL, 'paul4nank@gmail.com', '23673', 1707156836, 1707156886, 1707156813),
(105, 1071, NULL, 'angirlexy@gmail.com', '99623', NULL, 1707159361, 1707155761),
(106, 1072, NULL, 'nandomkumchi01@gmail.com', '18697', 1707157514, 1707157564, 1707157360),
(107, 1073, NULL, 'vertomirke@gufum.com', '18026', NULL, 1707929330, 1707925730);

-- --------------------------------------------------------

--
-- Table structure for table `waitlists`
--

CREATE TABLE `waitlists` (
  `id` int(10) UNSIGNED NOT NULL,
  `webinar_id` int(10) UNSIGNED NOT NULL,
  `user_id` int(10) UNSIGNED DEFAULT NULL,
  `full_name` varchar(255) COLLATE utf8mb4_unicode_ci DEFAULT NULL,
  `email` varchar(255) COLLATE utf8mb4_unicode_ci DEFAULT NULL,
  `phone` varchar(255) COLLATE utf8mb4_unicode_ci DEFAULT NULL,
  `created_at` bigint(20) UNSIGNED NOT NULL
) ENGINE=InnoDB DEFAULT CHARSET=utf8mb4 COLLATE=utf8mb4_unicode_ci;

--
-- Dumping data for table `waitlists`
--

INSERT INTO `waitlists` (`id`, `webinar_id`, `user_id`, `full_name`, `email`, `phone`, `created_at`) VALUES
(1, 2009, 1017, NULL, NULL, NULL, 1678955365),
(2, 2009, 4, NULL, NULL, NULL, 1678955432),
(3, 2009, 868, NULL, NULL, NULL, 1678955461),
(4, 2009, NULL, 'Eliza Canales', 'Eliza22@yahoo.com', '3094027575', 1678958278);

-- --------------------------------------------------------

--
-- Table structure for table `webinars`
--

CREATE TABLE `webinars` (
  `id` int(10) UNSIGNED NOT NULL,
  `teacher_id` int(10) UNSIGNED NOT NULL,
  `creator_id` int(10) UNSIGNED NOT NULL,
  `category_id` int(10) UNSIGNED DEFAULT NULL,
  `type` enum('webinar','course','text_lesson') COLLATE utf8mb4_unicode_ci NOT NULL,
  `private` tinyint(1) NOT NULL DEFAULT 0,
  `slug` varchar(255) COLLATE utf8mb4_unicode_ci NOT NULL,
  `start_date` int(11) DEFAULT NULL,
  `duration` int(10) UNSIGNED DEFAULT NULL,
  `timezone` varchar(255) COLLATE utf8mb4_unicode_ci DEFAULT NULL,
  `thumbnail` varchar(255) COLLATE utf8mb4_unicode_ci NOT NULL,
  `image_cover` varchar(255) COLLATE utf8mb4_unicode_ci NOT NULL,
  `video_demo` varchar(255) COLLATE utf8mb4_unicode_ci DEFAULT NULL,
  `video_demo_source` enum('upload','youtube','vimeo','external_link') COLLATE utf8mb4_unicode_ci DEFAULT NULL,
  `capacity` int(10) UNSIGNED DEFAULT NULL,
  `price` double(15,2) UNSIGNED DEFAULT NULL,
  `organization_price` double(15,2) UNSIGNED DEFAULT NULL,
  `support` tinyint(1) DEFAULT 0,
  `certificate` tinyint(1) NOT NULL DEFAULT 0,
  `downloadable` tinyint(1) DEFAULT 0,
  `partner_instructor` tinyint(1) DEFAULT 0,
  `subscribe` tinyint(1) DEFAULT 0,
  `forum` tinyint(1) NOT NULL DEFAULT 0,
  `enable_waitlist` tinyint(1) NOT NULL DEFAULT 0,
  `access_days` int(10) UNSIGNED DEFAULT NULL COMMENT 'Number of days to access the course',
  `points` int(11) DEFAULT NULL,
  `message_for_reviewer` text COLLATE utf8mb4_unicode_ci DEFAULT NULL,
  `status` enum('active','pending','is_draft','inactive') COLLATE utf8mb4_unicode_ci NOT NULL,
  `created_at` int(11) NOT NULL,
  `updated_at` int(11) DEFAULT NULL,
  `deleted_at` int(11) DEFAULT NULL
) ENGINE=InnoDB DEFAULT CHARSET=utf8mb4 COLLATE=utf8mb4_unicode_ci ROW_FORMAT=DYNAMIC;

--
-- Dumping data for table `webinars`
--

INSERT INTO `webinars` (`id`, `teacher_id`, `creator_id`, `category_id`, `type`, `private`, `slug`, `start_date`, `duration`, `timezone`, `thumbnail`, `image_cover`, `video_demo`, `video_demo_source`, `capacity`, `price`, `organization_price`, `support`, `certificate`, `downloadable`, `partner_instructor`, `subscribe`, `forum`, `enable_waitlist`, `access_days`, `points`, `message_for_reviewer`, `status`, `created_at`, `updated_at`, `deleted_at`) VALUES
(1995, 1016, 1016, 611, 'course', 1, 'Become-a-Product-Manager', NULL, 150, 'Africa/Lagos', '/store/1/1684184269393.png', '/store/1/Feature-Intelex-0523-imageForWeb.jpg', '/store/1016/Become A Product Manager.mp4', 'upload', NULL, 240000.00, NULL, 1, 0, 1, 0, 0, 0, 0, NULL, NULL, NULL, 'active', 1624867858, 1694965539, NULL),
(1997, 934, 934, 606, 'text_lesson', 0, 'Learn-Python-Programming', NULL, 35, NULL, '/store/934/Python for Beginners.jpg', '/store/934/hero (4).jpg', '/store/934/Python for Beginners.mp4', NULL, NULL, 0.00, NULL, 1, 1, 0, 0, 0, 0, 0, NULL, NULL, 'thank you .', 'active', 1624954285, 1635445377, NULL),
(1999, 929, 929, 610, 'course', 1, 'How-to-Manage-Your-Virtual-Team', NULL, 90, 'America/New_York', '/store/1/Oil-Refinery.jpg', '/store/1/Environment management in oil refineries.jpg', '/store/929/How To Manage & Influence Your Virtual Team.mkv', 'upload', NULL, 470500.00, NULL, 0, 1, 1, 0, 1, 0, 0, NULL, 500, 'I solved the problems you mentioned', 'active', 1625037906, 1694965474, NULL),
(2003, 3, 864, 610, 'webinar', 0, 'Active-Listening-You-Can-Be-a-Great-Listener', 1696105800, 75, 'America/New_York', '/store/1/1684184269393.png', '/store/1/Feature-Intelex-0523-imageForWeb.jpg', '/store/864/Active Listening- You Can Be a Great Listener.mkv', 'upload', 10, 40.00, NULL, 1, 1, 0, 0, 0, 0, 0, NULL, NULL, 'I modified the files again. Thanks', 'active', 1625299225, 1688385021, NULL),
(2004, 929, 929, 609, 'course', 0, 'The-Future-of-Energy', NULL, 70, 'America/New_York', '/store/1/1667210743472.jpg', '/store/1/cropped-renewable_uk_windpower_windfarm.jpg', '/store/929/The Future of Energy.mkv', 'upload', NULL, 600000.00, NULL, 1, 0, 1, 0, 1, 0, 0, NULL, 600, NULL, 'active', 1625685324, 1694965378, NULL),
(2005, 934, 4, 520, 'course', 0, 'Web-Design-for-Beginners', NULL, 105, 'America/New_York', '/store/1/TRAINING-TENTANG-Piping-and-Pipeline-Design-and-Integrity-Management.jpg', '/store/1/pipeline_n_seawater.jpg', '/store/4/Web Designing for Beginners.mkv', 'upload', NULL, 1200000.00, 820000.00, 1, 0, 0, 1, 1, 0, 0, NULL, 200, 'thank you', 'active', 1625689958, 1694965259, NULL),
(2006, 923, 867, 604, 'webinar', 0, 'How-to-Travel-Around-the-World', 1646197200, 150, 'America/New_York', '/store/1/Oil-Refinery.jpg', '/store/1/Environment management in oil refineries.jpg', '/store/867/How to Travel Around the World on a Budget.mkv', 'upload', 5, 25.00, NULL, 1, 1, 1, 0, 1, 0, 0, NULL, NULL, 'I edited the text of the course. Thank', 'active', 1625693895, 1688384829, NULL),
(2007, 1015, 867, 609, 'course', 1, 'Project-Management-Course', NULL, 60, 'Africa/Lagos', '/store/1/PM_graphic.jpg', '/store/1/project-management-1080x675.jpeg', NULL, NULL, NULL, NULL, 320000.00, 1, 1, 1, 0, 0, 0, 0, NULL, NULL, NULL, 'active', 1626207424, 1693672710, NULL),
(2008, 1015, 1015, 602, 'course', 0, 'New-Learning-Page', NULL, 210, 'America/New_York', '/store/1/Gas_Processing_1600x889-hero.jpg', '/store/1/natural-gas-to-liquid-containers.jpg', 'https://youtu.be/6Vo2v7WCyTs', 'youtube', NULL, NULL, NULL, 1, 1, 1, 1, 1, 1, 0, NULL, NULL, NULL, 'active', 1646118189, 1693672306, NULL),
(2009, 1015, 1015, 610, 'webinar', 0, 'New-in-App-Live-System', 1646118000, 150, 'America/New_York', '/store/1/offshore_platform.jpg', '/store/1/download (3).jpg', '/store/1015/Learn Linux In 5 Days.mp4', 'upload', 10, 10.00, NULL, 1, 0, 0, 0, 0, 0, 1, NULL, 200, NULL, 'active', 1646171664, 1690982054, NULL),
(2010, 929, 929, 603, 'course', 0, 'New-Update-Features', NULL, 90, 'America/New_York', '/store/1/oil-derricks-in-desert.jpg', '/store/1/01fig02.jpg', NULL, NULL, NULL, NULL, NULL, 1, 1, 1, 1, 0, 1, 0, 365, NULL, 'Thank you.', 'active', 1655799277, 1693672990, NULL),
(2022, 870, 870, 611, 'course', 0, 'Installment-feature', NULL, 90, 'America/New_York', '/store/1/offshore_platform.jpg', '/store/1/download (3).jpg', NULL, NULL, NULL, 245000.00, NULL, 1, 1, 1, 0, 0, 1, 1, 365, NULL, 'Thank you for reviewing.', 'active', 1678910860, 1694965178, NULL),
(2024, 1015, 1015, 606, 'course', 0, 'Software-Development', NULL, 100, 'Africa/Lagos', '/store/1/software-development.jpg', '/store/1/545_983014_tech.hero.jpg', NULL, NULL, 500, NULL, NULL, 0, 0, 0, 0, 0, 0, 0, NULL, NULL, NULL, 'pending', 1691243036, 1692266017, NULL),
(2025, 1015, 1015, 611, 'course', 0, 'Business-Analysis', NULL, 100, 'Africa/Lagos', '/store/1/th.jpg', '/store/1/agenda-analysis-business-plan-990818.jpg', NULL, NULL, 500, NULL, NULL, 0, 0, 0, 0, 0, 0, 0, NULL, NULL, NULL, 'active', 1691244213, 1693778581, NULL),
(2026, 1015, 1015, 520, 'course', 0, 'UI-UX', NULL, 100, 'Africa/Lagos', '/store/1/UI-UX-011.png', '/store/1/shutterstock_1141387385-edit.jpg', NULL, NULL, 500, NULL, NULL, 0, 0, 0, 0, 0, 0, 0, NULL, NULL, NULL, 'active', 1691245237, 1691245799, NULL),
(2027, 859, 859, 609, 'webinar', 1, 'project-management', 1692849600, 500, 'America/New_York', '/store/859/8.png', '/store/859/8.png', NULL, NULL, 500, 5000.00, 3000.00, 0, 0, 1, 0, 0, 0, 0, 30, NULL, 'qwert', 'is_draft', 1692878607, 1692879043, NULL),
(2028, 859, 859, 609, 'course', 0, 'IT-Proffessional', NULL, 500, 'Africa/Lagos', '/store/859/8.png', '/store/1046/Coming soon.png', NULL, NULL, 500, 230000.00, NULL, 0, 0, 0, 0, 0, 0, 1, NULL, NULL, 'qwerty', 'active', 1692880225, 1694611500, NULL),
(2029, 1050, 1050, 602, 'webinar', 0, 'ABC-of-Crude-oil', 1693609200, 120, 'Africa/Lagos', '/store/1/download (3).jpg', '/store/1/01fig02.jpg', NULL, NULL, 50, NULL, NULL, 0, 0, 0, 0, 0, 0, 0, NULL, NULL, 'My course on oil', 'active', 1693493329, 1693578773, NULL),
(2030, 1050, 1050, NULL, 'webinar', 0, 'XYZ-of-oil', NULL, NULL, NULL, '/store/1050/Screenshot from 2023-08-29 11-30-48.png', '/store/1050/Screenshot from 2023-08-29 11-30-48.png', NULL, NULL, NULL, NULL, NULL, 0, 0, 0, 0, 0, 0, 0, NULL, NULL, NULL, 'pending', 1693494538, NULL, NULL),
(2031, 1015, 1015, 611, 'webinar', 0, 'https://meet.google.com/qek-htkq-oqq', 1693782000, 200, 'Africa/Lagos', '/store/1/1667210743472.jpg', '/store/1/545_983014_tech.hero.jpg', NULL, NULL, 20, NULL, NULL, 0, 0, 0, 0, 0, 0, 0, NULL, NULL, 'My course on office', 'active', 1693495746, 1693495831, NULL),
(2032, 1056, 859, NULL, 'webinar', 0, 'Phone-ABC', NULL, NULL, NULL, '/store/859/8.png', '/store/859/8.png', NULL, NULL, NULL, NULL, NULL, 0, 0, 0, 0, 0, 0, 0, NULL, NULL, NULL, 'active', 1693497305, NULL, NULL),
(2033, 1072, 1072, 601, 'webinar', 0, 'Mathematics', 1707087600, 120, 'Africa/Lagos', '/store/1072/33f8808e-fda8-48e2-b374-912b14dd8fab-cover.png', '/store/1072/360_F_27579652_tM7V4fZBBw8RLmZo0Bi8WhtO2EosTRFD.jpg', NULL, NULL, NULL, NULL, NULL, 0, 1, 0, 0, 0, 0, 0, 30, NULL, NULL, 'pending', 1707159606, 1707159870, NULL);

-- --------------------------------------------------------

--
-- Table structure for table `webinar_assignments`
--

CREATE TABLE `webinar_assignments` (
  `id` int(10) UNSIGNED NOT NULL,
  `creator_id` int(10) UNSIGNED NOT NULL,
  `webinar_id` int(10) UNSIGNED NOT NULL,
  `chapter_id` int(10) UNSIGNED NOT NULL,
  `grade` int(10) UNSIGNED DEFAULT NULL,
  `pass_grade` int(10) UNSIGNED DEFAULT NULL,
  `deadline` int(10) UNSIGNED DEFAULT NULL,
  `attempts` int(10) UNSIGNED DEFAULT NULL,
  `check_previous_parts` tinyint(1) NOT NULL DEFAULT 0,
  `access_after_day` int(10) UNSIGNED DEFAULT NULL,
  `status` enum('active','inactive') COLLATE utf8mb4_unicode_ci NOT NULL,
  `created_at` bigint(20) UNSIGNED NOT NULL
) ENGINE=InnoDB DEFAULT CHARSET=utf8mb4 COLLATE=utf8mb4_unicode_ci;

--
-- Dumping data for table `webinar_assignments`
--

INSERT INTO `webinar_assignments` (`id`, `creator_id`, `webinar_id`, `chapter_id`, `grade`, `pass_grade`, `deadline`, `attempts`, `check_previous_parts`, `access_after_day`, `status`, `created_at`) VALUES
(1, 929, 2010, 31, 100, 70, 180, 5, 0, NULL, 'active', 1655801119),
(2, 1015, 2008, 34, 100, 75, 250, 1, 0, NULL, 'active', 1656407252);

-- --------------------------------------------------------

--
-- Table structure for table `webinar_assignment_attachments`
--

CREATE TABLE `webinar_assignment_attachments` (
  `id` bigint(20) UNSIGNED NOT NULL,
  `creator_id` int(10) UNSIGNED NOT NULL,
  `assignment_id` int(10) UNSIGNED NOT NULL,
  `title` varchar(255) COLLATE utf8mb4_unicode_ci NOT NULL,
  `attach` varchar(255) COLLATE utf8mb4_unicode_ci NOT NULL
) ENGINE=InnoDB DEFAULT CHARSET=utf8mb4 COLLATE=utf8mb4_unicode_ci;

--
-- Dumping data for table `webinar_assignment_attachments`
--

INSERT INTO `webinar_assignment_attachments` (`id`, `creator_id`, `assignment_id`, `title`, `attach`) VALUES
(3, 929, 1, 'Assignment File', '/store/929/Sample_PDF.pdf'),
(4, 1015, 2, 'Homework File', '/store/1015/Documentation.pdf');

-- --------------------------------------------------------

--
-- Table structure for table `webinar_assignment_history`
--

CREATE TABLE `webinar_assignment_history` (
  `id` int(10) UNSIGNED NOT NULL,
  `instructor_id` int(10) UNSIGNED NOT NULL,
  `student_id` int(10) UNSIGNED NOT NULL,
  `assignment_id` int(10) UNSIGNED NOT NULL,
  `grade` int(10) UNSIGNED DEFAULT NULL,
  `status` enum('pending','passed','not_passed','not_submitted') COLLATE utf8mb4_unicode_ci NOT NULL,
  `created_at` bigint(20) UNSIGNED NOT NULL
) ENGINE=InnoDB DEFAULT CHARSET=utf8mb4 COLLATE=utf8mb4_unicode_ci;

--
-- Dumping data for table `webinar_assignment_history`
--

INSERT INTO `webinar_assignment_history` (`id`, `instructor_id`, `student_id`, `assignment_id`, `grade`, `status`, `created_at`) VALUES
(1, 929, 995, 1, 80, 'passed', 1655872680),
(2, 929, 930, 1, 75, 'passed', 1655877115),
(3, 929, 996, 1, 50, 'not_passed', 1656219608),
(4, 1015, 996, 2, 60, 'not_passed', 1656407301);

-- --------------------------------------------------------

--
-- Table structure for table `webinar_assignment_history_messages`
--

CREATE TABLE `webinar_assignment_history_messages` (
  `id` int(10) UNSIGNED NOT NULL,
  `assignment_history_id` int(10) UNSIGNED NOT NULL,
  `sender_id` int(10) UNSIGNED NOT NULL,
  `message` text COLLATE utf8mb4_unicode_ci NOT NULL,
  `file_title` varchar(255) COLLATE utf8mb4_unicode_ci DEFAULT NULL,
  `file_path` varchar(255) COLLATE utf8mb4_unicode_ci DEFAULT NULL,
  `created_at` bigint(20) UNSIGNED NOT NULL
) ENGINE=InnoDB DEFAULT CHARSET=utf8mb4 COLLATE=utf8mb4_unicode_ci;

--
-- Dumping data for table `webinar_assignment_history_messages`
--

INSERT INTO `webinar_assignment_history_messages` (`id`, `assignment_history_id`, `sender_id`, `message`, `file_title`, `file_path`, `created_at`) VALUES
(1, 2, 930, 'Hi,\r\nI attached my homework.\r\nPlease review it and inform me if it has a problem.\r\nRegards.', 'Jade Harrison Homework', '/store/930/homework.docx', 1655877736),
(2, 2, 929, 'Hi,\r\nThank you for your answers.\r\nHave a good day.', NULL, NULL, 1655877887),
(3, 1, 995, 'Hi, I attached my homework. Please review it and inform me if it has a problem. Regards.', 'Cameron Schofield Homework', '/store/995/homework.docx', 1655878091),
(4, 1, 929, 'Hi,\r\nI reviewed your answers.\r\nPlease check the attached file and solve the problems.\r\nRegards.', 'Cameron Schofield Homework problems', '/store/929/Sample_PDF.pdf', 1655878235),
(5, 1, 995, 'Hi, Thank you.\r\nI attached it again.\r\nPlease recheck it.\r\nRegards.', 'Cameron Schofield Homework fixed', '/store/995/homework.docx', 1655878364),
(6, 1, 929, 'Thank you.', NULL, NULL, 1655878537),
(7, 3, 996, 'Hi,\r\nI attached my answers.\r\nRegards.', 'Robert B. Gray Assignment', '/store/996/lmX4K.png', 1656219737),
(8, 4, 996, 'Hi,\r\nI attached my homework.\r\nPlease review it.\r\nRegards.', 'my first submit', '/store/996/lmX4K.png', 1656407360);

-- --------------------------------------------------------

--
-- Table structure for table `webinar_assignment_translations`
--

CREATE TABLE `webinar_assignment_translations` (
  `id` bigint(20) UNSIGNED NOT NULL,
  `locale` varchar(255) COLLATE utf8mb4_unicode_ci NOT NULL,
  `webinar_assignment_id` int(10) UNSIGNED NOT NULL,
  `title` text COLLATE utf8mb4_unicode_ci NOT NULL,
  `description` text COLLATE utf8mb4_unicode_ci NOT NULL
) ENGINE=InnoDB DEFAULT CHARSET=utf8mb4 COLLATE=utf8mb4_unicode_ci;

--
-- Dumping data for table `webinar_assignment_translations`
--

INSERT INTO `webinar_assignment_translations` (`id`, `locale`, `webinar_assignment_id`, `title`, `description`) VALUES
(1, 'en', 1, 'Students Assignment', 'Homework, or a homework assignment, is a set of tasks assigned to students by their teachers to be completed outside the classroom.\r\nThe effects of homework are debated. Generally speaking, homework does not improve academic performance among young children. Homework may improve academic skills among older students, especially lower-achieving students. However, homework also creates stress for students and parents and reduces the amount of time that students can spend on other activities.\r\n\r\nPlease send the assignments within the specified deadline.'),
(2, 'en', 2, 'Mid-term Homework', 'A  Homework to test yourself on your grasp of CSS and reassure yourself that you\'ve got this!\r\nPlease send your homework as soon as possible.\r\nRegards.');

-- --------------------------------------------------------

--
-- Table structure for table `webinar_chapters`
--

CREATE TABLE `webinar_chapters` (
  `id` int(10) UNSIGNED NOT NULL,
  `user_id` int(10) UNSIGNED NOT NULL,
  `webinar_id` int(10) UNSIGNED NOT NULL,
  `order` int(10) UNSIGNED DEFAULT NULL,
  `check_all_contents_pass` tinyint(1) NOT NULL DEFAULT 0,
  `status` enum('active','inactive') COLLATE utf8mb4_unicode_ci NOT NULL DEFAULT 'active',
  `created_at` int(10) UNSIGNED NOT NULL
) ENGINE=InnoDB DEFAULT CHARSET=utf8mb4 COLLATE=utf8mb4_unicode_ci;

--
-- Dumping data for table `webinar_chapters`
--

INSERT INTO `webinar_chapters` (`id`, `user_id`, `webinar_id`, `order`, `check_all_contents_pass`, `status`, `created_at`) VALUES
(2, 1015, 2007, NULL, 0, 'active', 1635407804),
(3, 867, 2007, NULL, 0, 'active', 1635407977),
(4, 1016, 1995, NULL, 0, 'active', 1635410840),
(5, 867, 2006, NULL, 0, 'active', 1635412019),
(6, 867, 2006, NULL, 0, 'active', 1635412070),
(7, 4, 2005, NULL, 0, 'active', 1635412460),
(8, 929, 2004, NULL, 0, 'active', 1635412622),
(9, 929, 1999, NULL, 0, 'active', 1635412731),
(10, 929, 1999, NULL, 0, 'active', 1635414134),
(11, 1016, 1995, NULL, 0, 'active', 1635416511),
(12, 864, 2003, NULL, 0, 'active', 1635416675),
(13, 864, 2003, NULL, 0, 'active', 1635416784),
(24, 934, 1997, NULL, 0, 'active', 1635417828),
(26, 934, 1997, NULL, 0, 'active', 1635417896),
(28, 1015, 2008, NULL, 0, 'active', 1646118899),
(29, 1015, 2008, NULL, 0, 'active', 1646119712),
(30, 1015, 2009, NULL, 0, 'active', 1646171933),
(31, 929, 2010, NULL, 0, 'active', 1655799483),
(32, 929, 2010, NULL, 1, 'active', 1655801203),
(33, 929, 2010, NULL, 0, 'active', 1655801453),
(34, 1015, 2008, NULL, 0, 'active', 1655975170),
(41, 870, 2022, NULL, 0, 'active', 1678911205),
(43, 867, 2007, NULL, 0, 'active', 1691156624),
(44, 867, 2007, NULL, 0, 'active', 1691159468),
(45, 867, 2007, NULL, 0, 'active', 1691159881),
(46, 867, 2007, NULL, 0, 'active', 1691161558),
(47, 867, 2007, NULL, 0, 'active', 1691241468),
(48, 1015, 2024, NULL, 0, 'active', 1691243074),
(50, 1015, 2024, NULL, 0, 'active', 1691243150),
(51, 1015, 2024, NULL, 0, 'active', 1691243177),
(52, 1015, 2024, NULL, 0, 'active', 1691243200),
(53, 1015, 2024, NULL, 0, 'active', 1691243231),
(54, 1015, 2024, NULL, 0, 'active', 1691243264),
(55, 1015, 2024, NULL, 0, 'active', 1691243280),
(56, 1015, 2024, NULL, 0, 'active', 1691243297),
(57, 1015, 2024, NULL, 0, 'active', 1691243311),
(58, 1015, 2024, NULL, 0, 'active', 1691243337),
(59, 1015, 2024, NULL, 0, 'active', 1691243352),
(60, 1015, 2024, NULL, 0, 'active', 1691243372),
(61, 1015, 2025, NULL, 0, 'active', 1691244293),
(62, 1015, 2025, NULL, 0, 'active', 1691244307),
(63, 1015, 2025, NULL, 0, 'active', 1691244332),
(64, 1015, 2025, NULL, 0, 'active', 1691244350),
(65, 1015, 2025, NULL, 0, 'active', 1691244367),
(66, 1015, 2025, NULL, 0, 'active', 1691244381),
(67, 1015, 2025, NULL, 0, 'active', 1691244397),
(68, 1015, 2025, NULL, 0, 'active', 1691244411),
(69, 1015, 2026, 1, 0, 'active', 1691245259),
(70, 1015, 2026, 2, 0, 'active', 1691245272),
(71, 1015, 2026, 3, 0, 'active', 1691245290),
(72, 1015, 2026, 4, 0, 'active', 1691245306),
(73, 1015, 2026, 11, 0, 'active', 1691245321),
(74, 1015, 2026, 10, 0, 'active', 1691245335),
(75, 1015, 2026, 9, 0, 'active', 1691245353),
(76, 1015, 2026, 8, 0, 'active', 1691245367),
(77, 1015, 2026, 7, 0, 'active', 1691245379),
(78, 1015, 2026, 6, 0, 'active', 1691245400),
(79, 1015, 2026, 5, 0, 'active', 1691245427),
(80, 1015, 2026, 12, 0, 'active', 1691245444),
(81, 1015, 2026, 13, 0, 'active', 1691245457),
(82, 1015, 2024, NULL, 0, 'active', 1692090358),
(83, 859, 2028, NULL, 0, 'active', 1692880561),
(84, 1050, 2029, NULL, 0, 'active', 1693493393);

-- --------------------------------------------------------

--
-- Table structure for table `webinar_chapter_items`
--

CREATE TABLE `webinar_chapter_items` (
  `id` bigint(20) UNSIGNED NOT NULL,
  `user_id` int(10) UNSIGNED NOT NULL,
  `chapter_id` int(10) UNSIGNED NOT NULL,
  `item_id` int(10) UNSIGNED NOT NULL,
  `type` enum('file','session','text_lesson','quiz','assignment') COLLATE utf8mb4_unicode_ci NOT NULL,
  `order` int(10) UNSIGNED DEFAULT NULL,
  `created_at` bigint(20) UNSIGNED NOT NULL
) ENGINE=InnoDB DEFAULT CHARSET=utf8mb4 COLLATE=utf8mb4_unicode_ci;

--
-- Dumping data for table `webinar_chapter_items`
--

INSERT INTO `webinar_chapter_items` (`id`, `user_id`, `chapter_id`, `item_id`, `type`, `order`, `created_at`) VALUES
(1, 1016, 4, 31, 'file', 1, 1624869878),
(2, 1016, 4, 32, 'file', 2, 1624870086),
(3, 1016, 11, 33, 'file', 1, 1624871143),
(4, 1016, 4, 34, 'file', 3, 1624942577),
(5, 934, 24, 35, 'file', 1, 1624956937),
(7, 929, 9, 37, 'file', 1, 1625038371),
(8, 929, 9, 38, 'file', 2, 1625038447),
(9, 929, 10, 39, 'file', 4, 1625038633),
(10, 929, 10, 40, 'file', 1, 1625039003),
(11, 929, 10, 41, 'file', 3, 1625039096),
(12, 929, 10, 42, 'file', 2, 1625039180),
(15, 864, 12, 45, 'file', 1, 1625300200),
(16, 929, 8, 46, 'file', 2, 1625685492),
(17, 929, 8, 47, 'file', 1, 1625685578),
(18, 929, 8, 48, 'file', 3, 1625685691),
(19, 4, 7, 49, 'file', 1, 1625690308),
(20, 4, 7, 50, 'file', 2, 1625690699),
(21, 4, 7, 51, 'file', 3, 1625690835),
(22, 867, 5, 52, 'file', 1, 1625694176),
(23, 867, 5, 53, 'file', 2, 1625694214),
(24, 867, 6, 54, 'file', 2, 1625694330),
(25, 867, 6, 55, 'file', 1, 1625694401),
(30, 1015, 28, 60, 'file', 1, 1646119189),
(31, 1015, 28, 61, 'file', 2, 1646119460),
(32, 1015, 28, 62, 'file', 3, 1646119651),
(33, 1015, 29, 63, 'file', 1, 1646120871),
(34, 1015, 29, 64, 'file', 2, 1646124099),
(35, 1015, 29, 65, 'file', 3, 1646124765),
(36, 1015, 29, 66, 'file', 4, 1646124966),
(37, 1015, 29, 67, 'file', 5, 1646125437),
(38, 1015, 29, 68, 'file', 6, 1646126002),
(39, 1015, 29, 69, 'file', 7, 1646126305),
(40, 1015, 29, 70, 'file', 8, 1646126442),
(41, 1015, 29, 71, 'file', 9, 1646127121),
(42, 1015, 29, 72, 'file', 10, 1646130252),
(43, 1015, 29, 73, 'file', 11, 1646130397),
(61, 864, 13, 71, 'session', 1, 1625299964),
(62, 864, 13, 72, 'session', 2, 1625300053),
(63, 864, 13, 73, 'session', 3, 1625300165),
(64, 1015, 30, 74, 'session', 1, 1646172799),
(65, 1015, 30, 75, 'session', 2, 1646172930),
(66, 1015, 30, 76, 'session', 3, 1646391211),
(67, 934, 26, 13, 'text_lesson', 1, 1624954655),
(68, 934, 26, 14, 'text_lesson', 2, 1624954929),
(69, 934, 26, 15, 'text_lesson', 3, 1624956733),
(70, 1016, 4, 28, 'quiz', 4, 1624872015),
(71, 929, 8, 30, 'quiz', 4, 1625039490),
(76, 1015, 29, 35, 'quiz', 12, 1646173391),
(77, 929, 31, 74, 'file', 1, 1655799640),
(78, 929, 31, 75, 'file', 3, 1655799735),
(79, 929, 31, 76, 'file', 4, 1655800074),
(80, 929, 31, 1, 'assignment', 2, 1655801119),
(81, 929, 32, 77, 'file', 1, 1655801400),
(82, 929, 33, 78, 'file', 1, 1655801529),
(83, 1015, 34, 2, 'assignment', 1, 1656407252),
(209, 870, 41, 94, 'file', 1, 1678911505),
(210, 870, 41, 95, 'file', 2, 1678911686),
(211, 867, 2, 56, 'file', 1, 1691146847),
(212, 867, 2, 96, 'file', 3, 1691149266),
(213, 867, 2, 97, 'file', 2, 1691149390),
(214, 867, 2, 98, 'file', 4, 1691149555),
(215, 867, 2, 44, 'quiz', 5, 1691149656),
(216, 867, 3, 99, 'file', 1, 1691156313),
(217, 867, 3, 100, 'file', 2, 1691156378),
(218, 867, 3, 101, 'file', 3, 1691156419),
(219, 867, 3, 102, 'file', 4, 1691156467),
(220, 867, 43, 103, 'file', 1, 1691156711),
(221, 867, 43, 104, 'file', 2, 1691156773),
(222, 867, 43, 45, 'quiz', 3, 1691156909),
(223, 867, 43, 46, 'quiz', 4, 1691158615),
(224, 867, 44, 105, 'file', 1, 1691159657),
(225, 867, 44, 106, 'file', 2, 1691159748),
(226, 867, 45, 107, 'file', 1, 1691159945),
(227, 867, 45, 108, 'file', 2, 1691159998),
(228, 867, 45, 109, 'file', 3, 1691160041),
(229, 867, 45, 110, 'file', 4, 1691160082),
(230, 867, 45, 47, 'quiz', 5, 1691160408),
(231, 867, 46, 111, 'file', 1, 1691161705),
(232, 867, 46, 112, 'file', 2, 1691161844),
(233, 867, 46, 113, 'file', 3, 1691162889),
(234, 867, 46, 48, 'quiz', 4, 1691163049),
(235, 867, 47, 114, 'file', 1, 1691241524),
(236, 1015, 61, 21, 'text_lesson', 1, 1691400736),
(237, 1015, 61, 22, 'text_lesson', 2, 1691401050),
(238, 1015, 61, 115, 'file', 3, 1691401142),
(239, 1015, 61, 116, 'file', 4, 1691401181),
(240, 1015, 61, 49, 'quiz', 5, 1691401247),
(241, 1015, 62, 23, 'text_lesson', 1, 1691401668),
(242, 1015, 62, 24, 'text_lesson', 2, 1691401849),
(243, 1015, 62, 25, 'text_lesson', 3, 1691402062),
(244, 1015, 62, 117, 'file', 4, 1691402326),
(245, 1015, 62, 118, 'file', 5, 1691402447),
(246, 1015, 62, 50, 'quiz', 6, 1691402491),
(247, 1015, 63, 119, 'file', 1, 1691403342),
(248, 1015, 63, 120, 'file', 2, 1691403467),
(249, 1015, 63, 121, 'file', 3, 1691403505),
(250, 1015, 63, 122, 'file', 4, 1691403551),
(251, 1015, 63, 123, 'file', 5, 1691403596),
(252, 1015, 63, 51, 'quiz', 6, 1691419007),
(253, 1015, 64, 124, 'file', 1, 1691420048),
(254, 1015, 64, 125, 'file', 2, 1691420107),
(255, 1015, 64, 126, 'file', 3, 1691420144),
(256, 1015, 64, 127, 'file', 4, 1691420176),
(257, 1015, 64, 128, 'file', 5, 1691420217),
(258, 1015, 64, 129, 'file', 6, 1691420270),
(259, 1015, 64, 130, 'file', 7, 1691420383),
(260, 1015, 64, 52, 'quiz', 8, 1691420422),
(261, 1015, 65, 53, 'quiz', 1, 1691489265),
(262, 1015, 66, 26, 'text_lesson', 1, 1691494177),
(263, 1015, 66, 131, 'file', 2, 1691494225),
(264, 1015, 66, 132, 'file', 3, 1691494550),
(265, 1015, 66, 27, 'text_lesson', 4, 1691495537),
(266, 1015, 66, 54, 'quiz', 5, 1691495580),
(267, 1015, 67, 133, 'file', 1, 1691681367),
(268, 1015, 67, 28, 'text_lesson', 2, 1691681558),
(269, 1015, 67, 134, 'file', 3, 1691681618),
(270, 1015, 67, 29, 'text_lesson', 4, 1691681757),
(271, 1015, 67, 55, 'quiz', 5, 1691681851),
(272, 1015, 48, 135, 'file', 1, 1691682364),
(273, 1015, 48, 136, 'file', 2, 1692089892),
(274, 1015, 48, 137, 'file', 3, 1692089979),
(275, 1015, 48, 138, 'file', 4, 1692090072),
(276, 1015, 82, 139, 'file', 1, 1692090467),
(277, 1015, 82, 30, 'text_lesson', 2, 1692095839),
(278, 1015, 50, 140, 'file', 1, 1692095981),
(279, 1015, 50, 141, 'file', 2, 1692096069),
(280, 1015, 50, 142, 'file', 3, 1692097444),
(281, 1015, 50, 143, 'file', 4, 1692097762),
(282, 1015, 50, 144, 'file', 5, 1692097963),
(283, 1015, 50, 145, 'file', 6, 1692098032),
(284, 1015, 50, 146, 'file', 7, 1692098084),
(285, 1015, 51, 147, 'file', 1, 1692098559),
(286, 1015, 51, 148, 'file', 2, 1692098727),
(287, 1015, 51, 149, 'file', 3, 1692098798),
(288, 1015, 51, 150, 'file', 4, 1692098933),
(289, 1015, 51, 31, 'text_lesson', 5, 1692099300),
(292, 1015, 52, 152, 'file', 1, 1692100473),
(293, 1015, 52, 153, 'file', 2, 1692100747),
(294, 1015, 52, 154, 'file', 3, 1692104786),
(295, 1015, 52, 155, 'file', 4, 1692104875),
(296, 1015, 52, 156, 'file', 5, 1692104949),
(297, 1015, 52, 157, 'file', 6, 1692104994),
(298, 1015, 52, 158, 'file', 7, 1692105058),
(299, 1015, 52, 159, 'file', 8, 1692105120),
(300, 1015, 52, 160, 'file', 9, 1692105217),
(301, 1015, 52, 161, 'file', 10, 1692105802),
(302, 1015, 52, 162, 'file', 11, 1692105860),
(303, 1015, 52, 163, 'file', 12, 1692105942),
(304, 1015, 52, 164, 'file', 13, 1692106125),
(305, 1015, 52, 165, 'file', 14, 1692106176),
(306, 1015, 52, 166, 'file', 15, 1692106739),
(307, 1015, 52, 167, 'file', 16, 1692106792),
(308, 1015, 52, 168, 'file', 17, 1692106873),
(309, 1015, 52, 169, 'file', 18, 1692106964),
(310, 1015, 52, 170, 'file', 19, 1692107056),
(311, 1015, 52, 171, 'file', 20, 1692107234),
(312, 1015, 52, 172, 'file', 21, 1692107281),
(313, 1015, 52, 173, 'file', 22, 1692107329),
(314, 1015, 52, 174, 'file', 23, 1692107367),
(315, 1015, 52, 175, 'file', 24, 1692107405),
(316, 1015, 53, 176, 'file', 1, 1692179341),
(317, 1015, 53, 177, 'file', 2, 1692179577),
(318, 1015, 53, 178, 'file', 3, 1692180443),
(319, 1015, 53, 179, 'file', 4, 1692180501),
(320, 1015, 53, 180, 'file', 5, 1692180567),
(321, 1015, 53, 181, 'file', 6, 1692180648),
(322, 1015, 53, 182, 'file', 7, 1692180740),
(323, 1015, 53, 183, 'file', 8, 1692181391),
(324, 1015, 53, 184, 'file', 9, 1692181513),
(325, 1015, 53, 185, 'file', 10, 1692181565),
(326, 1015, 53, 186, 'file', 11, 1692182623),
(327, 1015, 53, 187, 'file', 12, 1692182829),
(328, 1015, 53, 188, 'file', 13, 1692182925),
(329, 1015, 53, 189, 'file', 14, 1692182965),
(330, 1015, 53, 190, 'file', 15, 1692183010),
(331, 1015, 53, 191, 'file', 16, 1692183103),
(332, 1015, 53, 192, 'file', 17, 1692183171),
(333, 1015, 53, 193, 'file', 18, 1692183216),
(334, 1015, 53, 194, 'file', 19, 1692183256),
(335, 1015, 53, 195, 'file', 20, 1692183301),
(336, 1015, 53, 196, 'file', 21, 1692183349),
(337, 1015, 53, 197, 'file', 22, 1692183440),
(338, 1015, 53, 198, 'file', 23, 1692183493),
(339, 1015, 54, 199, 'file', 1, 1692183624),
(340, 1015, 54, 200, 'file', 2, 1692183667),
(341, 1015, 54, 201, 'file', 3, 1692183751),
(342, 1015, 54, 202, 'file', 4, 1692183797),
(343, 1015, 54, 203, 'file', 5, 1692183874),
(344, 1015, 54, 204, 'file', 6, 1692183917),
(345, 1015, 54, 205, 'file', 7, 1692183960),
(346, 1015, 54, 206, 'file', 8, 1692184016),
(347, 1015, 54, 207, 'file', 9, 1692184075),
(348, 1015, 54, 208, 'file', 10, 1692184151),
(349, 1015, 54, 209, 'file', 11, 1692184197),
(350, 1015, 54, 210, 'file', 12, 1692184261),
(351, 1015, 54, 211, 'file', 13, 1692184311),
(352, 1015, 54, 212, 'file', 14, 1692184363),
(353, 1015, 54, 213, 'file', 15, 1692184409),
(354, 1015, 54, 214, 'file', 16, 1692184467),
(355, 1015, 55, 215, 'file', 1, 1692184566),
(356, 1015, 55, 216, 'file', 2, 1692184602),
(357, 1015, 55, 217, 'file', 3, 1692184840),
(358, 1015, 55, 218, 'file', 4, 1692185308),
(359, 1015, 55, 219, 'file', 5, 1692185387),
(360, 1015, 55, 220, 'file', 6, 1692185472),
(361, 1015, 55, 221, 'file', 7, 1692185573),
(362, 1015, 55, 222, 'file', 8, 1692185802),
(363, 1015, 55, 223, 'file', 9, 1692185844),
(364, 1015, 55, 224, 'file', 10, 1692185895),
(365, 1015, 55, 225, 'file', 11, 1692186193),
(366, 1015, 55, 226, 'file', 12, 1692186238),
(367, 1015, 55, 227, 'file', 13, 1692186267),
(368, 1015, 55, 228, 'file', 14, 1692186334),
(369, 1015, 55, 229, 'file', 15, 1692186376),
(370, 1015, 55, 230, 'file', 16, 1692186412),
(371, 1015, 56, 231, 'file', 1, 1692190108),
(372, 1015, 56, 232, 'file', 2, 1692190919),
(373, 1015, 56, 233, 'file', 3, 1692191035),
(374, 1015, 56, 234, 'file', 4, 1692191685),
(375, 1015, 56, 235, 'file', 5, 1692191765),
(376, 1015, 56, 236, 'file', 6, 1692191854),
(377, 1015, 56, 237, 'file', 7, 1692191942),
(378, 1015, 56, 238, 'file', 8, 1692191992),
(379, 1015, 56, 239, 'file', 9, 1692192194),
(380, 1015, 56, 240, 'file', 10, 1692192356),
(381, 1015, 56, 241, 'file', 11, 1692192419),
(382, 1015, 56, 242, 'file', 12, 1692192502),
(383, 1015, 56, 243, 'file', 13, 1692192571),
(384, 1015, 56, 244, 'file', 14, 1692192640),
(385, 1015, 56, 245, 'file', 15, 1692192858),
(386, 1015, 56, 246, 'file', 16, 1692192917),
(387, 1015, 56, 247, 'file', 17, 1692193071),
(388, 1015, 56, 248, 'file', 18, 1692193120),
(389, 1015, 56, 249, 'file', 19, 1692193222),
(390, 1015, 56, 250, 'file', 20, 1692193402),
(391, 1015, 56, 251, 'file', 21, 1692193504),
(392, 1015, 57, 252, 'file', 1, 1692193718),
(393, 1015, 57, 253, 'file', 2, 1692193948),
(394, 1015, 57, 254, 'file', 3, 1692194129),
(395, 1015, 57, 255, 'file', 4, 1692194203),
(396, 1015, 57, 256, 'file', 5, 1692194241),
(397, 1015, 57, 257, 'file', 6, 1692194283),
(398, 1015, 57, 258, 'file', 7, 1692194377),
(399, 1015, 57, 259, 'file', 8, 1692194421),
(400, 1015, 58, 260, 'file', 1, 1692194486),
(401, 1015, 58, 261, 'file', 2, 1692194591),
(402, 1015, 58, 262, 'file', 3, 1692194641),
(403, 1015, 58, 263, 'file', 4, 1692194676),
(404, 1015, 58, 264, 'file', 5, 1692194710),
(405, 1015, 58, 265, 'file', 6, 1692194809),
(406, 1015, 58, 266, 'file', 7, 1692195017),
(407, 1015, 58, 267, 'file', 8, 1692195080),
(408, 1015, 58, 268, 'file', 9, 1692195234),
(409, 1015, 58, 269, 'file', 10, 1692195275),
(410, 1015, 58, 270, 'file', 11, 1692195302),
(411, 1015, 58, 271, 'file', 12, 1692195379),
(412, 1015, 58, 272, 'file', 13, 1692195458),
(413, 1015, 58, 273, 'file', 14, 1692195491),
(414, 1015, 58, 274, 'file', 15, 1692195522),
(415, 1015, 58, 275, 'file', 16, 1692195559),
(416, 1015, 58, 276, 'file', 17, 1692195606),
(417, 1015, 58, 277, 'file', 18, 1692195639),
(418, 1015, 58, 278, 'file', 19, 1692195773),
(419, 1015, 58, 279, 'file', 20, 1692195801),
(420, 1015, 58, 280, 'file', 21, 1692195832),
(421, 1015, 58, 281, 'file', 22, 1692195862),
(422, 1015, 58, 282, 'file', 23, 1692195918),
(423, 1015, 58, 283, 'file', 24, 1692195960),
(424, 1015, 58, 284, 'file', 25, 1692195994),
(425, 1015, 58, 285, 'file', 26, 1692196037),
(426, 1015, 58, 286, 'file', 27, 1692196075),
(427, 1015, 58, 287, 'file', 28, 1692196581),
(428, 1015, 58, 288, 'file', 29, 1692196665),
(429, 1015, 58, 289, 'file', 30, 1692196702),
(430, 1015, 58, 290, 'file', 31, 1692196745),
(431, 1015, 58, 291, 'file', 32, 1692196790),
(432, 1015, 58, 292, 'file', 33, 1692196821),
(433, 1015, 58, 293, 'file', 34, 1692196860),
(434, 1015, 58, 294, 'file', 35, 1692196918),
(435, 1015, 58, 295, 'file', 36, 1692196954),
(436, 1015, 59, 296, 'file', 1, 1692197014),
(437, 1015, 59, 297, 'file', 2, 1692197047),
(438, 1015, 59, 298, 'file', 3, 1692197076),
(439, 1015, 59, 299, 'file', 4, 1692197116),
(440, 1015, 59, 300, 'file', 5, 1692197246),
(441, 1015, 59, 301, 'file', 6, 1692197292),
(442, 1015, 59, 302, 'file', 7, 1692197326),
(443, 1015, 59, 303, 'file', 8, 1692197361),
(444, 1015, 59, 304, 'file', 9, 1692197400),
(445, 1015, 60, 305, 'file', 1, 1692197461),
(446, 1015, 60, 306, 'file', 2, 1692197500),
(447, 1015, 60, 307, 'file', 3, 1692197534),
(448, 1015, 60, 308, 'file', 4, 1692197564),
(449, 1015, 60, 309, 'file', 5, 1692197592),
(450, 1015, 60, 310, 'file', 6, 1692197627),
(451, 1015, 60, 311, 'file', 7, 1692197657),
(452, 1015, 60, 312, 'file', 8, 1692197689),
(453, 1015, 60, 313, 'file', 9, 1692197723),
(454, 1015, 60, 314, 'file', 10, 1692197778),
(455, 1015, 60, 315, 'file', 11, 1692197922),
(456, 1015, 60, 316, 'file', 12, 1692197970),
(457, 1015, 60, 317, 'file', 13, 1692198045),
(458, 1015, 60, 318, 'file', 14, 1692198086),
(459, 1015, 60, 319, 'file', 15, 1692198179),
(460, 1015, 60, 320, 'file', 16, 1692198219),
(461, 1015, 60, 321, 'file', 17, 1692198290),
(462, 1015, 60, 322, 'file', 18, 1692198323),
(463, 1015, 60, 323, 'file', 19, 1692198356),
(464, 1015, 60, 324, 'file', 20, 1692198388),
(465, 1015, 60, 325, 'file', 21, 1692198422),
(466, 1015, 60, 326, 'file', 22, 1692198473),
(467, 1015, 60, 327, 'file', 23, 1692198516),
(468, 1015, 60, 328, 'file', 24, 1692198547),
(469, 1015, 60, 329, 'file', 25, 1692198579),
(470, 1015, 60, 330, 'file', 26, 1692198617),
(471, 1015, 60, 331, 'file', 27, 1692198646),
(472, 1015, 60, 332, 'file', 28, 1692198680),
(473, 1015, 60, 333, 'file', 29, 1692198712),
(474, 1015, 60, 334, 'file', 30, 1692265705),
(475, 1015, 60, 335, 'file', 31, 1692265797),
(476, 1015, 60, 336, 'file', 32, 1692265854),
(477, 1015, 70, 32, 'text_lesson', 1, 1692266537),
(478, 1015, 70, 33, 'text_lesson', 2, 1692267193),
(479, 1015, 70, 34, 'text_lesson', 3, 1692271728),
(480, 1015, 70, 35, 'text_lesson', 4, 1692272637),
(481, 1015, 70, 36, 'text_lesson', 5, 1692272808),
(482, 1015, 70, 37, 'text_lesson', 6, 1692273027),
(483, 1015, 70, 38, 'text_lesson', 7, 1692273170),
(484, 1015, 70, 39, 'text_lesson', 9, 1692273662),
(485, 1015, 70, 40, 'text_lesson', 11, 1692274426),
(486, 1015, 69, 41, 'text_lesson', 2, 1692274623),
(487, 1015, 70, 42, 'text_lesson', 14, 1692274942),
(488, 1015, 70, 43, 'text_lesson', 15, 1692275188),
(489, 1015, 70, 44, 'text_lesson', 16, 1692275341),
(490, 1015, 70, 45, 'text_lesson', 17, 1692275535),
(491, 1015, 71, 46, 'text_lesson', 1, 1692275747),
(492, 1015, 71, 47, 'text_lesson', 2, 1692276225),
(493, 1015, 71, 48, 'text_lesson', 3, 1692276561),
(494, 1015, 71, 49, 'text_lesson', 4, 1692276748),
(495, 1015, 71, 50, 'text_lesson', 6, 1692277036),
(496, 1015, 71, 51, 'text_lesson', 7, 1692277391),
(497, 1015, 71, 52, 'text_lesson', 9, 1692281488),
(498, 1015, 71, 53, 'text_lesson', 10, 1692281822),
(499, 1015, 71, 54, 'text_lesson', 11, 1692281995),
(500, 1015, 71, 55, 'text_lesson', 12, 1692282119),
(501, 1015, 71, 56, 'text_lesson', 13, 1692282413),
(502, 1015, 71, 57, 'text_lesson', 14, 1692282605),
(503, 1015, 71, 58, 'text_lesson', 15, 1692282698),
(504, 1015, 72, 337, 'file', 1, 1692282812),
(505, 1015, 72, 338, 'file', 3, 1692282996),
(506, 1015, 72, 59, 'text_lesson', 4, 1692284390),
(507, 1015, 72, 339, 'file', 5, 1692284446),
(508, 1015, 72, 60, 'text_lesson', 6, 1692284601),
(509, 1015, 72, 61, 'text_lesson', 7, 1692284818),
(510, 1015, 72, 62, 'text_lesson', 9, 1692285809),
(511, 1015, 72, 63, 'text_lesson', 11, 1692285959),
(512, 1015, 73, 64, 'text_lesson', 1, 1692286407),
(513, 1015, 73, 65, 'text_lesson', 2, 1692286596),
(514, 1015, 73, 66, 'text_lesson', 3, 1692286711),
(515, 1015, 73, 67, 'text_lesson', 4, 1692286805),
(516, 1015, 73, 68, 'text_lesson', 5, 1692287447),
(517, 1015, 73, 340, 'file', 6, 1692287488),
(518, 1015, 73, 341, 'file', 7, 1692287519),
(519, 1015, 74, 342, 'file', 1, 1692690853),
(520, 1015, 75, 69, 'text_lesson', 1, 1692691085),
(521, 1015, 75, 343, 'file', 2, 1692691165),
(522, 1015, 75, 344, 'file', 3, 1692691229),
(523, 1015, 76, 70, 'text_lesson', 1, 1692691657),
(524, 1015, 76, 71, 'text_lesson', 2, 1692691885),
(525, 1015, 76, 72, 'text_lesson', 3, 1692692126),
(526, 1015, 76, 73, 'text_lesson', 4, 1692692290),
(527, 1015, 76, 74, 'text_lesson', 5, 1692692475),
(528, 1015, 76, 75, 'text_lesson', 7, 1692692747),
(529, 1015, 76, 76, 'text_lesson', 9, 1692692933),
(530, 1015, 77, 77, 'text_lesson', 1, 1692693231),
(531, 1015, 77, 78, 'text_lesson', 2, 1692693579),
(532, 1015, 77, 79, 'text_lesson', 4, 1692693806),
(533, 1015, 77, 80, 'text_lesson', 5, 1692694019),
(534, 859, 83, 345, 'file', 1, 1692880597),
(535, 1015, 77, 81, 'text_lesson', 7, 1693294499),
(536, 1015, 77, 82, 'text_lesson', 8, 1693294592),
(537, 1015, 77, 83, 'text_lesson', 9, 1693294774),
(538, 1015, 77, 84, 'text_lesson', 10, 1693294877),
(539, 1015, 77, 85, 'text_lesson', 11, 1693295032),
(540, 1015, 77, 86, 'text_lesson', 12, 1693295107),
(541, 1015, 78, 87, 'text_lesson', 1, 1693295181),
(542, 1015, 78, 88, 'text_lesson', 2, 1693295282),
(543, 1015, 78, 89, 'text_lesson', 3, 1693295385),
(544, 1015, 78, 90, 'text_lesson', 4, 1693295577),
(545, 1015, 78, 91, 'text_lesson', 5, 1693295693),
(546, 1015, 78, 92, 'text_lesson', 6, 1693295843),
(547, 1015, 78, 93, 'text_lesson', 7, 1693295934),
(548, 1015, 78, 94, 'text_lesson', 8, 1693296044),
(549, 1015, 78, 95, 'text_lesson', 9, 1693296109),
(550, 1015, 78, 96, 'text_lesson', 10, 1693296223),
(551, 1015, 78, 97, 'text_lesson', 11, 1693296521),
(552, 1015, 78, 98, 'text_lesson', 12, 1693296629),
(553, 1015, 78, 99, 'text_lesson', 13, 1693296974),
(554, 1015, 78, 100, 'text_lesson', 14, 1693297047),
(555, 1015, 78, 101, 'text_lesson', 15, 1693297171),
(556, 1015, 78, 102, 'text_lesson', 16, 1693297286),
(557, 1015, 78, 103, 'text_lesson', 17, 1693297363),
(558, 1015, 78, 104, 'text_lesson', 18, 1693297470),
(559, 1015, 78, 105, 'text_lesson', 19, 1693297538),
(560, 1015, 78, 106, 'text_lesson', 20, 1693297626),
(561, 1015, 78, 107, 'text_lesson', 21, 1693297699),
(562, 1015, 78, 108, 'text_lesson', 22, 1693297771),
(563, 1015, 80, 109, 'text_lesson', 1, 1693297883),
(564, 1015, 80, 110, 'text_lesson', 2, 1693297970),
(565, 1015, 80, 111, 'text_lesson', 3, 1693298363),
(566, 1015, 80, 112, 'text_lesson', 4, 1693298455),
(567, 1015, 80, 113, 'text_lesson', 5, 1693298607),
(568, 1015, 80, 114, 'text_lesson', 6, 1693298683),
(569, 1015, 80, 346, 'file', 7, 1693298764),
(570, 1015, 80, 115, 'text_lesson', 8, 1693298852),
(571, 1015, 81, 116, 'text_lesson', 1, 1693298934),
(572, 1015, 81, 117, 'text_lesson', 2, 1693299089),
(573, 1015, 81, 118, 'text_lesson', 3, 1693299147),
(574, 1015, 81, 119, 'text_lesson', 4, 1693299244),
(575, 1015, 81, 120, 'text_lesson', 5, 1693299327),
(576, 1015, 81, 121, 'text_lesson', 6, 1693299398),
(577, 1015, 81, 122, 'text_lesson', 7, 1693299457),
(578, 1050, 84, 104, 'session', 1, 1693493694),
(579, 1015, 68, 347, 'file', 1, 1693777384),
(580, 1015, 68, 348, 'file', 2, 1693777489),
(581, 1015, 68, 349, 'file', 3, 1693777622),
(582, 1015, 68, 350, 'file', 4, 1693777688),
(583, 1015, 68, 57, 'quiz', 5, 1693778230),
(585, 1015, 48, 123, 'text_lesson', 5, 1693827142),
(587, 1015, 70, 124, 'text_lesson', 8, 1693831213),
(588, 1015, 70, 125, 'text_lesson', 10, 1693831744),
(590, 1015, 70, 127, 'text_lesson', 13, 1693832436),
(591, 1015, 70, 128, 'text_lesson', 12, 1693833521),
(592, 1015, 70, 60, 'quiz', 18, 1693886528),
(593, 1015, 71, 129, 'text_lesson', 5, 1693903260),
(594, 1015, 82, 130, 'text_lesson', 3, 1693917142),
(595, 1015, 50, 131, 'text_lesson', 8, 1693917535),
(596, 1015, 51, 132, 'text_lesson', 6, 1693917854),
(597, 1015, 51, 133, 'text_lesson', 7, 1693918140),
(598, 1015, 51, 134, 'text_lesson', 8, 1693918203),
(599, 1015, 52, 61, 'quiz', 25, 1693918424),
(600, 1015, 71, 135, 'text_lesson', 8, 1694424768),
(601, 1015, 71, 62, 'quiz', 16, 1694428088),
(602, 1015, 72, 136, 'text_lesson', 2, 1694430197),
(603, 1015, 72, 137, 'text_lesson', 8, 1694431234),
(604, 1015, 72, 138, 'text_lesson', 10, 1694431385),
(605, 1015, 72, 63, 'quiz', 12, 1694431527),
(606, 1015, 73, 139, 'text_lesson', 8, 1694433934),
(607, 1015, 74, 140, 'text_lesson', 2, 1694434511),
(608, 1015, 74, 141, 'text_lesson', 3, 1694434770),
(609, 1015, 75, 64, 'quiz', 4, 1694435991),
(610, 1015, 76, 142, 'text_lesson', 6, 1694437221),
(611, 1015, 76, 143, 'text_lesson', 8, 1694437377),
(612, 1015, 76, 65, 'quiz', 10, 1694437528),
(613, 1015, 77, 144, 'text_lesson', 3, 1694438534),
(614, 1015, 77, 145, 'text_lesson', 6, 1694438636),
(615, 1015, 77, 66, 'quiz', 13, 1694438725),
(616, 1015, 78, 67, 'quiz', 23, 1694447009),
(617, 1015, 79, 146, 'text_lesson', 1, 1694459814),
(619, 1015, 80, 69, 'quiz', 9, 1694962519),
(620, 1015, 53, 147, 'text_lesson', 24, 1694964813);

-- --------------------------------------------------------

--
-- Table structure for table `webinar_chapter_translations`
--

CREATE TABLE `webinar_chapter_translations` (
  `id` bigint(20) UNSIGNED NOT NULL,
  `webinar_chapter_id` int(10) UNSIGNED NOT NULL,
  `locale` varchar(255) COLLATE utf8mb4_unicode_ci NOT NULL,
  `title` varchar(255) COLLATE utf8mb4_unicode_ci NOT NULL
) ENGINE=InnoDB DEFAULT CHARSET=utf8mb4 COLLATE=utf8mb4_unicode_ci;

--
-- Dumping data for table `webinar_chapter_translations`
--

INSERT INTO `webinar_chapter_translations` (`id`, `webinar_chapter_id`, `locale`, `title`) VALUES
(2, 2, 'en', 'Introduction to Project Management'),
(3, 3, 'en', 'Project Management methodologies and tools'),
(4, 4, 'en', 'Before Starting the Course'),
(5, 5, 'en', 'Let\'s Start!'),
(6, 6, 'en', 'Ready to go?'),
(7, 7, 'en', 'Essentials'),
(8, 8, 'en', 'Exponential'),
(9, 9, 'en', 'Introduction'),
(10, 10, 'en', 'Tactics of Influence & Persuasion'),
(11, 11, 'en', 'Ideas and User Needs'),
(12, 12, 'en', 'Introduction'),
(13, 13, 'en', 'Why Active Listening?'),
(24, 24, 'en', 'Introduction'),
(26, 26, 'en', 'Stepping into the World of Python'),
(28, 28, 'en', 'SCORM Files'),
(29, 29, 'en', 'Different File Types'),
(30, 30, 'en', 'Introduction'),
(31, 31, 'en', 'First Chapter'),
(32, 32, 'en', 'Second Chapter'),
(33, 33, 'en', 'Final Chapter'),
(34, 34, 'en', 'Assignments'),
(42, 41, 'en', 'Section 1: Introduction to Secure Host'),
(44, 43, 'en', 'Project Planning and Initiation'),
(45, 44, 'en', 'Project Planning and Initiation 2'),
(46, 45, 'en', 'Project Execution and Monitoring'),
(47, 46, 'en', 'Project Control and Evaluation'),
(48, 47, 'en', 'Project Close out and Lesson Learned'),
(49, 48, 'en', 'Development Basics'),
(51, 50, 'en', 'Software Engineering'),
(52, 51, 'en', 'Web-Client'),
(53, 52, 'en', 'Java Script'),
(54, 53, 'en', 'JavaScript2'),
(55, 54, 'en', 'React'),
(56, 55, 'en', 'React2'),
(57, 56, 'en', 'Python Django 1'),
(58, 57, 'en', 'Python Django 2'),
(59, 58, 'en', 'Python Django 3'),
(60, 59, 'en', 'Django Rest Framework'),
(61, 60, 'en', 'React Django App'),
(62, 61, 'en', 'Introduction to Business Analysis'),
(63, 62, 'en', 'Business Analysis tools and techniques'),
(64, 63, 'en', 'Business Planning, and monitoring'),
(65, 64, 'en', 'Requirement elicitation and Analysis'),
(66, 65, 'en', 'Qualifying Test'),
(67, 66, 'en', 'Stakeholders collaboration and management'),
(68, 67, 'en', 'Fundamentals of Agile Project Management'),
(69, 68, 'en', 'Solution Evaluation and Quality Assurance'),
(70, 69, 'en', 'Assessment'),
(71, 70, 'en', 'User Experience Design Foundation'),
(72, 71, 'en', 'Research First'),
(73, 72, 'en', 'Design for Humans'),
(74, 73, 'en', 'Typography, Colors and Icons'),
(75, 74, 'en', 'Designing with Figma'),
(76, 75, 'en', 'Design Thinking and Ideation'),
(77, 76, 'en', 'Ideas to Low Fidelity Designs'),
(78, 77, 'en', 'Synthesis: Research to Features'),
(79, 78, 'en', 'UI Principles'),
(80, 79, 'en', 'Clickable Prototyping'),
(81, 80, 'en', 'Usability Testing'),
(82, 81, 'en', 'Project: Low-Fidelity Rapid Prototyping Sprint'),
(83, 82, 'en', 'Data Bases'),
(84, 83, 'en', 't'),
(85, 84, 'en', 'First class plan');

-- --------------------------------------------------------

--
-- Table structure for table `webinar_extra_descriptions`
--

CREATE TABLE `webinar_extra_descriptions` (
  `id` int(10) UNSIGNED NOT NULL,
  `creator_id` int(10) UNSIGNED NOT NULL,
  `webinar_id` int(10) UNSIGNED DEFAULT NULL,
  `upcoming_course_id` int(10) UNSIGNED DEFAULT NULL,
  `type` enum('learning_materials','company_logos','requirements') COLLATE utf8mb4_unicode_ci NOT NULL,
  `order` int(10) UNSIGNED DEFAULT NULL,
  `created_at` bigint(20) UNSIGNED NOT NULL
) ENGINE=InnoDB DEFAULT CHARSET=utf8mb4 COLLATE=utf8mb4_unicode_ci;

--
-- Dumping data for table `webinar_extra_descriptions`
--

INSERT INTO `webinar_extra_descriptions` (`id`, `creator_id`, `webinar_id`, `upcoming_course_id`, `type`, `order`, `created_at`) VALUES
(1, 929, 2010, NULL, 'learning_materials', NULL, 1655803120),
(2, 929, 2010, NULL, 'learning_materials', NULL, 1655803131),
(3, 929, 2010, NULL, 'learning_materials', NULL, 1655803150),
(4, 929, 2010, NULL, 'learning_materials', NULL, 1655803174),
(9, 929, 2010, NULL, 'requirements', NULL, 1655804489),
(10, 929, 2010, NULL, 'requirements', NULL, 1655804502),
(11, 929, 2010, NULL, 'requirements', NULL, 1655804514),
(12, 929, 2010, NULL, 'requirements', NULL, 1655804529),
(13, 929, 2010, NULL, 'company_logos', NULL, 1655871591),
(14, 929, 2010, NULL, 'company_logos', NULL, 1655871600),
(15, 929, 2010, NULL, 'company_logos', NULL, 1655871608),
(16, 929, 2010, NULL, 'company_logos', NULL, 1655871622),
(17, 1015, 2008, NULL, 'company_logos', NULL, 1656220273),
(18, 1015, 2008, NULL, 'company_logos', NULL, 1656220284),
(19, 1015, 2008, NULL, 'company_logos', NULL, 1656220295),
(20, 1015, 2008, NULL, 'company_logos', NULL, 1656220306),
(21, 1015, 2008, NULL, 'requirements', NULL, 1656220352),
(22, 1015, 2008, NULL, 'requirements', NULL, 1656220362),
(23, 1015, 2008, NULL, 'requirements', NULL, 1656220373),
(24, 1015, 2008, NULL, 'learning_materials', NULL, 1656220401),
(25, 1015, 2008, NULL, 'learning_materials', NULL, 1656220412),
(26, 1015, 2008, NULL, 'learning_materials', NULL, 1656220456),
(27, 1015, 2008, NULL, 'learning_materials', NULL, 1656220468),
(28, 1015, 2008, NULL, 'learning_materials', NULL, 1656220486),
(29, 1015, NULL, 3, 'learning_materials', 1, 1678876303),
(30, 1015, NULL, 3, 'learning_materials', 2, 1678876310),
(31, 1015, NULL, 3, 'requirements', 1, 1678876326),
(32, 1016, NULL, 4, 'requirements', 1, 1678877156),
(33, 1016, NULL, 4, 'requirements', 2, 1678877166),
(34, 1016, NULL, 4, 'learning_materials', 1, 1678877190),
(35, 1016, NULL, 4, 'learning_materials', 2, 1678877203),
(36, 1016, NULL, 4, 'learning_materials', 3, 1678877219),
(37, 1016, NULL, 4, 'learning_materials', 4, 1678877230),
(38, 934, NULL, 5, 'learning_materials', 1, 1678878141),
(39, 934, NULL, 5, 'learning_materials', 2, 1678878149),
(40, 934, NULL, 5, 'learning_materials', 3, 1678878157),
(41, 934, NULL, 5, 'requirements', 1, 1678878173),
(42, 934, NULL, 5, 'requirements', 2, 1678878189);

-- --------------------------------------------------------

--
-- Table structure for table `webinar_extra_description_translations`
--

CREATE TABLE `webinar_extra_description_translations` (
  `id` bigint(20) UNSIGNED NOT NULL,
  `webinar_extra_description_id` int(10) UNSIGNED NOT NULL,
  `locale` varchar(255) COLLATE utf8mb4_unicode_ci NOT NULL,
  `value` text COLLATE utf8mb4_unicode_ci NOT NULL
) ENGINE=InnoDB DEFAULT CHARSET=utf8mb4 COLLATE=utf8mb4_unicode_ci;

--
-- Dumping data for table `webinar_extra_description_translations`
--

INSERT INTO `webinar_extra_description_translations` (`id`, `webinar_extra_description_id`, `locale`, `value`) VALUES
(1, 1, 'en', 'Have a greater understanding of your life\'s greater purpose'),
(2, 2, 'en', 'Find greater meaning and purpose in your current career'),
(3, 3, 'en', 'See the greater meaning in the experiences in your life'),
(4, 4, 'en', 'Replace limiting beliefs with empowering beliefs'),
(9, 9, 'en', 'A computer (Windows/Mac/Linux). That\'s it!'),
(10, 10, 'en', 'No previous coding experience is needed'),
(11, 11, 'en', 'All tools and software used in this course will be free'),
(12, 12, 'en', 'Prepare to learn real life skills and build real web apps that will get you hired!'),
(13, 13, 'en', '/store/929/logo/logo (1).png'),
(14, 14, 'en', '/store/929/logo/logo (2).png'),
(15, 15, 'en', '/store/929/logo/logo (3).png'),
(16, 16, 'en', '/store/929/logo/logo (4).png'),
(17, 17, 'en', '/store/1015/logo_files/logo (1).png'),
(18, 18, 'en', '/store/1015/logo_files/logo (2).png'),
(19, 19, 'en', '/store/1015/logo_files/logo (3).png'),
(20, 20, 'en', '/store/1015/logo_files/logo (4).png'),
(21, 21, 'en', 'Have a computer with Internet'),
(22, 22, 'en', 'Be ready to learn an insane amount of awesome stuff'),
(23, 23, 'en', 'Prepare to build real web apps!'),
(24, 24, 'en', 'Create a complicated yelp-like application from scratch'),
(25, 25, 'en', 'Make REAL web applications using cutting-edge technologies'),
(26, 26, 'en', 'Create your own Node modules'),
(27, 27, 'en', 'Create a beautiful animated todo list application'),
(28, 28, 'en', 'Understand the ins and outs of HTTP requests'),
(29, 29, 'en', 'To learn the python language'),
(30, 30, 'en', 'To learn the CORE skills to understand any programming language'),
(31, 31, 'en', 'NO programming knowledge required'),
(32, 32, 'en', 'You need a Canon or Nikon DSLR camera (the kind that has interchangable lenses) - any model will do.'),
(33, 33, 'en', 'You don\'t need any prior photographic experience.'),
(34, 34, 'en', 'How to hold your camera correctly, which helps you to get sharp photos every time.'),
(35, 35, 'en', 'Which lenses to use for which photos, so that you can best capture a specific subject or scene.'),
(36, 36, 'en', 'Why and when you should support your camera on tripods and bean bags.'),
(37, 37, 'en', 'How to take photos in diffused light on overcast days.'),
(38, 38, 'en', 'Create any website layout you can imagine'),
(39, 39, 'en', 'Support any device size with Responsive (mobile-friendly) Design'),
(40, 40, 'en', 'Add tasteful animations and effects with CSS3'),
(41, 41, 'en', 'No prerequisite knowledge required'),
(42, 42, 'en', 'No special software required');

-- --------------------------------------------------------

--
-- Table structure for table `webinar_filter_option`
--

CREATE TABLE `webinar_filter_option` (
  `id` int(10) UNSIGNED NOT NULL,
  `webinar_id` int(10) UNSIGNED NOT NULL,
  `filter_option_id` int(10) UNSIGNED NOT NULL
) ENGINE=InnoDB DEFAULT CHARSET=utf8mb4 COLLATE=utf8mb4_unicode_ci ROW_FORMAT=DYNAMIC;

--
-- Dumping data for table `webinar_filter_option`
--

INSERT INTO `webinar_filter_option` (`id`, `webinar_id`, `filter_option_id`) VALUES
(11474, 1997, 9147),
(11475, 1997, 9218),
(11476, 1997, 9281),
(11477, 1997, 9283),
(11717, 2006, 9130),
(11718, 2006, 9181),
(11719, 2003, 9142),
(11720, 2003, 9206),
(11721, 2003, 9272),
(11722, 2009, 9143),
(11723, 2009, 9206),
(11724, 2009, 9270),
(11725, 2009, 9271),
(11831, 2026, 9114),
(11832, 2026, 9156),
(11833, 2026, 9234),
(11834, 2026, 9235),
(11849, 2024, 9147),
(11850, 2024, 9216),
(11851, 2024, 9279),
(11852, 2024, 9280),
(11853, 2024, 9281),
(11854, 2024, 9282),
(11855, 2024, 9283),
(11856, 2027, 9138),
(11857, 2027, 9196),
(11858, 2027, 9267),
(11886, 2031, 9144),
(11887, 2031, 9211),
(11888, 2031, 9275),
(11892, 2029, 9120),
(11893, 2029, 9166),
(11894, 2029, 9241),
(11904, 2008, 9120),
(11918, 2007, 9138),
(11919, 2007, 9196),
(11920, 2007, 9266),
(11921, 2007, 9267),
(11922, 2007, 9269),
(11937, 2010, 9123),
(11938, 2010, 9171),
(11939, 2010, 9244),
(11940, 2025, 9144),
(11941, 2025, 9211),
(11942, 2025, 9275),
(11943, 2025, 9276),
(11944, 2025, 9278),
(11955, 2028, 9138),
(11956, 2028, 9196),
(11957, 2028, 9267),
(11958, 2022, 9146),
(11959, 2022, 9211),
(11960, 2022, 9277),
(11961, 2005, 9114),
(11962, 2005, 9156),
(11963, 2005, 9231),
(11964, 1995, 9146),
(11965, 1995, 9212),
(11966, 1995, 9275),
(11967, 1995, 9277),
(11968, 2033, 9117),
(11969, 2033, 9118),
(11970, 2033, 9161),
(11971, 2033, 9236);

-- --------------------------------------------------------

--
-- Table structure for table `webinar_partner_teacher`
--

CREATE TABLE `webinar_partner_teacher` (
  `id` int(10) UNSIGNED NOT NULL,
  `webinar_id` int(10) UNSIGNED NOT NULL,
  `teacher_id` int(10) UNSIGNED NOT NULL
) ENGINE=InnoDB DEFAULT CHARSET=utf8mb4 COLLATE=utf8mb4_unicode_ci ROW_FORMAT=DYNAMIC;

--
-- Dumping data for table `webinar_partner_teacher`
--

INSERT INTO `webinar_partner_teacher` (`id`, `webinar_id`, `teacher_id`) VALUES
(125, 2008, 1016),
(126, 2010, 1015),
(127, 2005, 1016);

-- --------------------------------------------------------

--
-- Table structure for table `webinar_reports`
--

CREATE TABLE `webinar_reports` (
  `id` int(10) UNSIGNED NOT NULL,
  `user_id` int(10) UNSIGNED NOT NULL,
  `webinar_id` int(10) UNSIGNED NOT NULL,
  `reason` varchar(255) COLLATE utf8mb4_unicode_ci NOT NULL,
  `message` text COLLATE utf8mb4_unicode_ci NOT NULL,
  `created_at` int(10) UNSIGNED NOT NULL
) ENGINE=InnoDB DEFAULT CHARSET=utf8mb4 COLLATE=utf8mb4_unicode_ci ROW_FORMAT=DYNAMIC;

--
-- Dumping data for table `webinar_reports`
--

INSERT INTO `webinar_reports` (`id`, `user_id`, `webinar_id`, `reason`, `message`, `created_at`) VALUES
(3, 995, 1997, 'Not Related', 'I think the right category has not been chosen for this course.', 1626239751),
(4, 995, 1995, 'Against Rules', 'Course files are not complete', 1626239965);

-- --------------------------------------------------------

--
-- Table structure for table `webinar_reviews`
--

CREATE TABLE `webinar_reviews` (
  `id` int(10) UNSIGNED NOT NULL,
  `creator_id` int(10) UNSIGNED NOT NULL,
  `webinar_id` int(10) UNSIGNED DEFAULT NULL,
  `bundle_id` int(10) UNSIGNED DEFAULT NULL,
  `content_quality` int(10) UNSIGNED NOT NULL,
  `instructor_skills` int(10) UNSIGNED NOT NULL,
  `purchase_worth` int(10) UNSIGNED NOT NULL,
  `support_quality` int(10) UNSIGNED NOT NULL,
  `rates` char(10) COLLATE utf8mb4_unicode_ci NOT NULL,
  `description` text COLLATE utf8mb4_unicode_ci DEFAULT NULL,
  `created_at` int(10) UNSIGNED NOT NULL,
  `status` enum('pending','active') COLLATE utf8mb4_unicode_ci NOT NULL
) ENGINE=InnoDB DEFAULT CHARSET=utf8mb4 COLLATE=utf8mb4_unicode_ci ROW_FORMAT=DYNAMIC;

--
-- Dumping data for table `webinar_reviews`
--

INSERT INTO `webinar_reviews` (`id`, `creator_id`, `webinar_id`, `bundle_id`, `content_quality`, `instructor_skills`, `purchase_worth`, `support_quality`, `rates`, `description`, `created_at`, `status`) VALUES
(20, 996, 2006, NULL, 5, 5, 5, 5, '5', 'This course is full of traveling information. I\'m so thankful for new tips that I didn\'t hear before. Thanks:)', 1626214531, 'active'),
(22, 996, 1997, NULL, 5, 5, 5, 5, '5', 'The course covers all the basics required along with applications which gives the learner a high level of exposure in python programming.\r\n\r\nI liked the way the course is explained ie, by showing the errors and how to correct them. This enables the learner to debug issues on his own.\r\n\r\nKeep up the good work.', 1626214647, 'active'),
(24, 996, 1995, NULL, 5, 5, 5, 5, '5', 'Very clear and entertaining course, made me feel prepared to take the next step in my journey to become a product manager! 10/10 would totally recomend.', 1626214849, 'active'),
(25, 995, 2005, NULL, 5, 4, 4, 4, '4.25', 'Has some previous experience. But wanted to further develop this knowledge and chose to do it thoroughly. So this course definitely feels right to me.', 1626232945, 'active'),
(26, 995, 2004, NULL, 2, 2, 3, 3, '2.5', 'Didn\'t have the expert deliver the information. Heavily political bashing. Full disaster and scare rather than being leveled and focused on the science.', 1626233054, 'active'),
(28, 995, 1995, NULL, 3, 4, 4, 4, '3.75', 'The course is completely worth. The instructors gave practical instances and interviewed two successful PMs. In short it taught me all the necessities. The resource PDF is treasure.', 1626233313, 'active'),
(29, 995, 1999, NULL, 4, 4, 4, 3, '3.75', 'Good Course, It has good tips and information, it is important to apply these on your day-to-day to make sure that you get the best of it. Liked the summary slides.', 1626233413, 'active'),
(33, 979, 2009, NULL, 5, 5, 5, 5, '5', 'It was a perfect Course.\r\nThank Robert :)', 1646254621, 'active'),
(34, 995, 2008, NULL, 5, 5, 5, 5, '5', 'It was an excellent course. I hope to see more courses from this teacher in the future.', 1646352833, 'active'),
(35, 1015, 1995, NULL, 5, 5, 5, 5, '5', 'This course was perfect.', 1646413440, 'active'),
(36, 996, 2010, NULL, 4, 4, 4, 4, '4', 'Perfect course.\r\nI recommend this course to everyone.\r\nRegards.', 1655875572, 'active'),
(37, 930, NULL, 1, 5, 5, 5, 5, '5', 'It was perfect. I learned all the key points of Office with this bundle.', 1656083380, 'active'),
(38, 995, 2007, NULL, 5, 5, 5, 5, '5', 'I recommend this course to everyone.', 1656103090, 'active'),
(39, 996, 2003, NULL, 5, 5, 5, 5, '5', 'It was a perfect course.\r\nI recommend it to everyone.', 1656130561, 'active'),
(40, 979, NULL, 3, 5, 5, 5, 5, '5', 'I really enjoyed this course. The explanations were very detailed and clear. Nice job on the course! Also, lots of extra materials and bonus classes you can learn from too.', 1656139761, 'active'),
(41, 979, NULL, 2, 5, 5, 4, 5, '4.75', 'The course was great, nice explanation.', 1656139787, 'active'),
(42, 995, 2022, NULL, 5, 5, 5, 5, '5', 'I bought this course in installments. I recommend this course to everyone.', 1679093221, 'active');

-- --------------------------------------------------------

--
-- Table structure for table `webinar_translations`
--

CREATE TABLE `webinar_translations` (
  `id` bigint(20) UNSIGNED NOT NULL,
  `webinar_id` int(10) UNSIGNED NOT NULL,
  `locale` varchar(255) COLLATE utf8mb4_unicode_ci NOT NULL,
  `title` varchar(255) COLLATE utf8mb4_unicode_ci NOT NULL,
  `seo_description` text COLLATE utf8mb4_unicode_ci DEFAULT NULL,
  `description` longtext COLLATE utf8mb4_unicode_ci DEFAULT NULL
) ENGINE=InnoDB DEFAULT CHARSET=utf8mb4 COLLATE=utf8mb4_unicode_ci;

--
-- Dumping data for table `webinar_translations`
--

INSERT INTO `webinar_translations` (`id`, `webinar_id`, `locale`, `title`, `seo_description`, `description`) VALUES
(1, 1995, 'en', 'Health and Safety in the Oil and Gas Industry', 'This course focuses on the principles and practices of health and safety management in the oil and gas industry. Participants will learn about hazard identification, risk assessment, safety regulations, emergency response planning, and occupational health considerations. The course emphasizes the development of safety cultures, leadership in safety, and incident investigation techniques. Through interactive workshops and simulations, participants will enhance their understanding of safety protocols and gain the skills necessary to mitigate risks in oil and gas operations.', '<p style=\"margin-top: 0.8rem; max-width: 118.4rem;\">COMING SOON!</p>'),
(3, 1997, 'en', 'Learn Python Programming', 'Learn Python Programming the Easy Way, Complete with Examples, Quizzes, Exercises and more. Learn Python 2 and Python 3.', '<p>Whether you want to:</p><p>- build the skills you need to get your first Python programming job</p><p>- move to a more senior software developer position</p><p>- get started with Machine Learning, Data Science, Django or other hot areas that Python specialises in</p><p>- or just learn Python to be able to create your own Python apps quickly.</p><p>…then you need a solid foundation in Python programming. And this course is designed to give you those core skills, fast.</p><p>This course is aimed at complete beginners who have never programmed before, as well as existing programmers who want to increase their career options by learning Python.</p><p>The fact is, Python is one of the most popular programming languages in the world – Huge companies like Google use it in mission critical applications like Google Search.</p><p>And Python is the number one language choice for machine learning, data science and artificial intelligence. To get those high paying jobs you need an expert knowledge of Python, and that’s what you will get from this course.</p><p>By the end of the course you’ll be able to apply in confidence for Python programming jobs. And yes, this applies even if you have never programmed before. With the right skills which you will learn in this course, you can become employable and valuable in the eyes of future employers.</p><p>Here’s what a few students have told us about the course after going through it.</p><p>“I had very limited programming experience before I started this course, so I have really learned a lot from the first few sections. It has taken me from essentially zero programming skill to a level where I\'m comfortable using Python to analyze data for my lab reports, and I\'m not even halfway done the course yet. There are other courses out there which focus on data analysis, but those courses are usually targeted at people who already know how to program which is why I chose this course instead. “ – Christian DiMaria</p><p><br></p><p>“I have been puttering through your Python course . In that time, though, and without finishing it yet I\'ve been able to automate quite a bit at my work. I work in a school system and unifying data from our various student information systems can be incredibly frustrating, time consuming, and at times challenging. Using your course, I\'ve learned enough to write applications that turn massive text files into dictionaries that get \"stitched\" together like a database and output to properly formatted CSV files and then uploaded via SFTP to various systems for secure processing. Our teachers, students, and the tech department have greatly benefitted from this automation. I just wanted to drop you a note thanking you for helping me learn this skill.” – Keith Medlin</p><p><br></p><p>“This course was great. Within 3 weeks I was able to write my own database related applications.” – Theo Coenen</p><p><br></p><p>And there are many more students who love the course – check out all the reviews for yourself.</p><p>Will this course give you core python skills?</p><p>Yes it will.  There are a range of exciting opportunities for Python developers. All of them require a solid understanding of Python, and that’s what you will learn in this course.</p><p>Will the course teach me data science, machine learning and artificial intelligence?</p><p>No, it won’t do that – All of these topics are branches of Python programming.  And all of them require a solid understanding of the Python language.</p><p>Nearly all courses on these topics assume that you understand Python, and without it you will quickly become lost and confused.</p><p>This course will give you that core, solid understanding of the Python programming language.</p><p>By the end of the course you will be ready to apply for Python programming positions as well as move on to specific areas of Python, as listed above.</p><p>Why should you take this course?</p><p>There are a lot of Python courses on Udemy – Your instructors, Tim and Jean-Paul are pretty unique in that between them they have around 70 years of professional programming experience.  That’s more than a lifetime of skills you get to learn Python from.</p><p>You can enrol in the course safe in the knowledge that they are not just teachers, but professional programmers with real commercial programming experience, having worked with big companies like IBM, Mitsubishi, Fujitsu and Saab in the past.</p><p>As such you will not only be learning Python, but you will be learning industry best practices for Python programming that real employers demand. </p><p>And if that’s not enough take a read of some of the many reviews from happy students – there are around 100,000 students who have left around 19,000 reviews.</p><p>This is one of the most popular courses on Python programming on Udemy.</p><p>Student Quote: “Tim and JP are excellent teachers and are constantly answering questions and surveying students on new topics they will like to learn. This isn\'t a Python course it’s THE Python course you need.” – Sean Burger</p><p>Ready to get started, developer?</p><p>Enrol now using the “Add to Cart” button on the right, and get started on your way to creative, advanced Python brilliance. Or, take this course for a free spin using the preview feature, so you know you’re 100% certain this course is for you.</p><p>See you on the inside (hurry, your Python class is waiting!)</p><div><br></div>'),
(5, 1999, 'en', 'Environmental Management in Oil and Gas Operations', 'This course examines the environmental challenges and sustainability practices in oil and gas operations. Participants will learn about environmental impact assessments, pollution control measures, waste management, and biodiversity conservation. The course also covers regulatory frameworks, industry standards, and emerging technologies for minimizing the environmental footprint of oil and gas activities. Case studies and group exercises will enable participants to develop practical solutions for environmental management.', '<p>COMING SOON!</p>'),
(9, 2003, 'en', 'Health and Safety in the Oil and Gas Industry', 'This course focuses on the principles and practices of health and safety management in the oil and gas industry. Participants will learn about hazard identification, risk assessment, safety regulations, emergency response planning, and occupational health considerations. The course emphasizes the development of safety cultures, leadership in safety, and incident investigation techniques. Through interactive workshops and simulations, participants will enhance their understanding of safety protocols and gain the skills necessary to mitigate risks in oil and gas operations.', '<p>This course focuses on the principles and practices of health and safety management in the oil and gas industry. Participants will learn about hazard identification, risk assessment, safety regulations, emergency response planning, and occupational health considerations. The course emphasizes the development of safety cultures, leadership in safety, and incident investigation techniques. Through interactive workshops and simulations, participants will enhance their understanding of safety protocols and gain the skills necessary to mitigate risks in oil and gas operations.</p>'),
(10, 2004, 'en', 'Energy Economics and Geopolitics', 'This course explores the economic factors and geopolitical dynamics influencing the oil and gas industry. Participants will learn about energy markets, pricing mechanisms, supply and demand dynamics, and investment analysis. The course also addresses the geopolitical considerations affecting energy security, international trade, and policy frameworks. Through lectures and interactive discussions, participants will gain a holistic understanding of the economic and political landscape of the industry.', '<p>COMING SOON!</p>'),
(11, 2005, 'en', 'Pipeline Design and Integrity Management', 'This course focuses on the design, construction, and maintenance of oil and gas pipelines. Participants will learn about pipeline routing, material selection, corrosion protection, welding techniques, and inspection methods. The course also covers integrity management strategies, including risk assessment, maintenance planning, and leak detection systems. Practical exercises and case studies will be used to reinforce concepts and develop practical skills.', '<p>COMING SOON!</p>'),
(12, 2006, 'en', 'Environmental Management in Oil and Gas Operations', 'This course examines the environmental challenges and sustainability practices in oil and gas operations. Participants will learn about environmental impact assessments, pollution control measures, waste management, and biodiversity conservation. The course also covers regulatory frameworks, industry standards, and emerging technologies for minimizing the environmental footprint of oil and gas activities. Case studies and group exercises will enable participants to develop practical solutions for environmental management.', '<p>This course examines the environmental challenges and sustainability practices in oil and gas operations. Participants will learn about environmental impact assessments, pollution control measures, waste management, and biodiversity conservation. The course also covers regulatory frameworks, industry standards, and emerging technologies for minimizing the environmental footprint of oil and gas activities. Case studies and group exercises will enable participants to develop practical solutions for environmental management.</p>'),
(13, 2007, 'en', 'Project Management', 'This course provides a comprehensive overview of offshore drilling and production operations. Participants will learn about offshore rig types, drilling equipment, well construction, and subsea production systems. Safety protocols, regulatory requirements, and environmental considerations specific to offshore operations will also be covered. Through case studies and interactive discussions, participants will gain insights into the challenges and best practices associated with offshore drilling and production.', '<p><b>Project management is the application of processes, methods, skills, knowledge and experience to achieve specific project objectives according to the project acceptance criteria within agreed parameters.</b></p>'),
(14, 2007, 'es', 'Curso de gestión de viajes', 'Curso de gestión de viajes n.o 1 en la industria. Todo lo que necesita saber para ingresar al sector de viajes y turismo.', '<p>DESCRIPCIÓN DEL CURSO</p><p>El contenido del curso se personaliza de manera única para brindar a cada estudiante que participa en este curso la mejor orientación en habilidades y los conocimientos básicos necesarios para ingresar a la industria de viajes y turismo. El curso está detallado de manera que le brinde al estudiante lo mejor, incluidas las habilidades requeridas.</p><p>Temas como elementos básicos de geografía de viajes, hora mundial (GMT, línea de fecha internacional, tiempo transcurrido) y mapas se introducen en el aprendizaje electrónico. Además, también se analizan los documentos requeridos, como el pasaporte, las visas y el seguro. Se enseñan las formalidades de salida y llegada, la planificación básica de unas vacaciones. También se está introduciendo la importancia de la tecnología (CRS) con una introducción a las tarifas / billetes electrónicos.</p><p>También se incluyen dos cursos basados ​​en habilidades.</p><p><br></p><p>Al aprender este curso, puede ingresar y ser parte de la industria del turismo, que no solo genera ingresos para un país y riqueza cultural, sino que también es uno de los motores económicos más importantes para el crecimiento y el desarrollo.</p><p>Opciones de carrera :</p><p>“Los estudiantes tienen un sinfín de oportunidades profesionales en la industria de viajes y turismo de más rápido crecimiento”. Pocas de las opciones profesionales están trabajando en agencias de viajes, Customer Ground Handling (servicio al cliente) en aeropuertos internacionales o nacionales, tour operador, gerente de eventos, oficial de venta de boletos, un experto en turismo de aventura, oficial de transporte, consultor de vacaciones, logística, cruceros, aerolíneas, hoteles y departamentos de turismo en los sectores público y privado.</p><p>Pago:</p><p>El salario es bastante bueno en la industria de viajes y turismo. Además, obtiene beneficios adicionales, como viajes gratis o tarifas reducidas para usted y su familia. Los salarios son más altos en las aerolíneas o agencias de viajes con base en el extranjero. Las temporadas altas pueden traer bonificaciones y comisiones adicionales.</p><p>CERTIFICACIÓN</p><p>Emitido y certificado por un formador profesional con más de 33 años de experiencia en la industria de viajes y turismo.</p>'),
(15, 2006, 'es', 'Cómo viajar por el mundo', '¡El curso de viaje más completo y actualizado! Obtenga los mejores consejos de viaje para planificar su viaje mundial sin gastar mucho dinero.', '<p>¿Quieres saber cómo viajar con un presupuesto limitado? ¿Crees que no tienes suficiente dinero para comenzar tu viaje?</p><p>No soy un creador de contenido que hace un curso de viaje, soy un viajero empedernido, que uso mi tiempo libre este año para ayudar e inspirar a otros a emprender un viaje al extranjero. Realmente quiero que mi curso permita a los estudiantes realizar sus sueños.</p><p>En este curso te enseñaré todo lo que necesitas saber para planificar tu viaje alrededor del mundo. Aprenderá cómo mantenerse seguro y saludable durante sus viajes mientras puede reducir sus gastos de alojamiento, comida, transporte y actividades.</p><p>Después de seguir este curso, puedo garantizar que podrás viajar por el mundo entre 1 y 50 $ al día, ¡dependiendo de lo aventurero que seas!</p><p>Este curso es adecuado para cualquier viajero, sin importar cuánto haya viajado antes. ¡Aprenderás consejos e ideas que te garantizo que nunca antes has visto en ningún otro lugar!</p><p>Listo para comenzar?</p><p>Inscríbase ahora y obtenga acceso inmediato a todas las funciones de este curso y a mis comentarios personales.</p><p>Te veré en el curso,</p>'),
(16, 2006, 'ar', 'كيف تسافر حول العالم', 'دورة السفر الأكثر اكتمالا وتحديثًا! احصل على أفضل نصائح السفر للتخطيط لرحلتك العالمية دون كسر البنك!', '<p>هل تريد أن تعرف كيف تسافر بميزانية محدودة؟ هل تعتقد أنه ليس لديك ما يكفي من المال لبدء رحلتك؟</p><p><br></p><p>أنا لست منشئ محتوى أقوم بدورة سفر ، فأنا مسافر شديد الصعوبة ، وأستخدم وقت فراغي هذا العام لمساعدة الآخرين وإلهامهم للقيام برحلة إلى الخارج. أريد حقًا أن تسمح مقرري الدراسي للطلاب بتحقيق أحلامهم.</p><p><br></p><p>في هذه الدورة التدريبية ، سوف أعلمك كل ما تحتاج إلى معرفته للتخطيط لرحلتك حول العالم. ستتعلم كيف تحافظ على سلامتك وصحتك أثناء سفرك بينما تكون قادرًا على تقليل نفقاتك المتعلقة بالسكن والطعام والمواصلات والأنشطة.</p><p><br></p><p>بعد اتباع هذه الدورة ، يمكنني أن أضمن أنك ستتمكن من السفر حول العالم في أي مكان يتراوح بين 1 و 50 دولارًا في اليوم ، اعتمادًا على مدى رغبتك في المغامرة!</p><p><br></p><p>هذه الدورة مناسبة لأي مسافر مهما سافرت من قبل. ستتعلم النصائح والأفكار التي أضمن أنك لم ترها من قبل في أي مكان آخر!</p><p><br></p><p><b>على استعداد للبدء؟</b></p><p><br></p><p>سجل الآن واحصل على وصول فوري إلى جميع ميزات هذه الدورة وملاحظاتي الشخصية.</p><p><br></p><p>سأراك في الدورة ،</p>'),
(17, 2005, 'ar', 'تصميم المواقع للمبتدئين', 'ابدأ حياتك المهنية كمصمم ويب من خلال تعلم HTML5 و CSS3 والتصميم سريع الاستجابة و Sass والمزيد!', '<p>يمكنك بدء مهنة جديدة في تطوير الويب اليوم من خلال تعلم HTML &amp; CSS. لست بحاجة إلى درجة علمية في علوم الكمبيوتر أو برامج باهظة الثمن. كل ما تحتاجه هو جهاز كمبيوتر ، وقليل من الوقت ، والكثير من التصميم ، ومعلم تثق به. لقد قمت بتدريس HTML و CSS لعدد لا يحصى من زملاء العمل وعقدت دورات تدريبية لشركات Fortune 100. أنا ذلك المعلم الذي يمكنك الوثوق به.</p><p><br></p><p>لا تقيد نفسك بإنشاء مواقع ويب باستخدام بعض أدوات \"إنشاء مواقع الويب\" المبتذلة. تعلمك هذه الدورة التدريبية كيفية التحكم بنسبة 100٪ في صفحات الويب الخاصة بك باستخدام نفس المفاهيم التي يتم إنشاؤها باستخدام كل موقع ويب احترافي.</p><p><br></p><p>لا تفترض هذه الدورة أي خبرة سابقة. نبدأ من المربع الأول ونتعلم معًا شيئًا فشيئًا. بحلول نهاية الدورة التدريبية ، ستكون قد أنشأت (يدويًا) موقعًا إلكترونيًا يبدو رائعًا على الهواتف والأجهزة اللوحية وأجهزة الكمبيوتر المحمولة وأجهزة الكمبيوتر المكتبية على حدٍ سواء.</p><p><br></p><p>في صيف 2020 ، تلقت الدورة قسماً جديداً حيث نضغط على موقعنا الإلكتروني مباشرة على الويب باستخدام خدمة صفحات GitHub المجانية ؛ هذا يعني أنك ستتمكن من مشاركة رابط لما قمت بإنشائه مع أصدقائك وعائلتك وزملائك والعالم!</p>'),
(18, 2005, 'es', 'Diseño web para principiantes', '¡Inicie una carrera como diseñador web aprendiendo HTML5, CSS3, diseño receptivo, Sass y más!', '<p>Puede iniciar una nueva carrera en el desarrollo web hoy mismo aprendiendo HTML y CSS. No necesitas un título en informática ni un software caro. Todo lo que necesitas es una computadora, un poco de tiempo, mucha determinación y un maestro en quien confíes. He enseñado HTML y CSS a innumerables compañeros de trabajo y he realizado sesiones de formación para empresas de Fortune 100. Soy ese maestro en el que puedes confiar.</p><p>No se limite a crear sitios web con alguna herramienta cursi de \"constructor de sitios\". Este curso le enseña cómo tomar el 100% de control sobre sus páginas web utilizando los mismos conceptos con los que se crean todos los sitios web profesionales.</p><p>Este curso no asume ninguna experiencia previa. Comenzamos en el punto de partida y aprendemos juntos poco a poco. Al final del curso, habrá creado (a mano) un sitio web que se ve muy bien en teléfonos, tabletas, computadoras portátiles y computadoras de escritorio por igual.</p><p>En el verano de 2020, el curso recibió una nueva sección en la que colocamos nuestro sitio web en vivo en la web utilizando el servicio gratuito de páginas de GitHub; esto significa que podrá compartir un enlace a lo que ha creado con sus amigos, familiares, colegas y el mundo.</p>'),
(19, 2004, 'es', 'El futuro de la energía', 'El panorama más amplio: el futuro probable de la energía', '<p>Este curso está diseñado para comenzar en una nueva carrera profesional para convertirse en un futurista energético o simplemente por interés. Los futuristas de la energía ganan enormes cantidades de dinero como asesores del gobierno, las empresas y dentro de la empresa, utilizando sus habilidades para invertir sabiamente en el futuro. No es necesario que hagas el curso de finanzas o de micro energías renovables pero te ayudarán un poco.</p><p>Este curso le resolverá varios problemas de una sola vez: sabrá qué es viable y qué no en un nivel estratégico más amplio, pero también obtendrá conocimiento de muchas medidas e indicadores que no se enseñan en los cursos de física, economía o en colegio o universidad. Esto significará que puede destacarse entre la multitud, con un conocimiento secreto conocido solo por unos pocos futuristas de la energía.</p><p>Tienes curiosidad por el futuro? ¿Está interesado en dar forma al futuro en la segunda mitad del siglo XXI?</p><p>Si es así, ¿podría estar listo para convertirse en un futurista energético? Los futuristas de la energía son especialistas que toda empresa debería tener. Pueden ganar mucho dinero, pero a menudo los cursos a los que asisten nunca les dicen lo que necesitan saber. Están limitados por la necesidad de calcular las emisiones de carbono de su negocio; o vendí una idea de que no hay nada que podamos hacer sobre el futuro. Sin embargo, este curso lo ayuda a convertirse en un verdadero futurista de la energía con el potencial de obtener mejores ganancias escribiendo y escribiendo en blogs sobre el futuro de la energía.</p><p>Este curso le enseñará el futuro probable de la energía. Consideramos la evidencia del agotamiento de los recursos; posibles soluciones, desafíos que enfrentamos en la implementación de las soluciones; y delinear 3 posibles economías energéticas, que se combinarán para resolver, con suerte, la pérdida de combustibles fósiles económicamente disponibles.</p>'),
(20, 2004, 'ar', 'مستقبل الطاقة', 'الصورة الأكبر: المستقبل المحتمل للطاقة', '<p>تم تصميم هذه الدورة لتبدأ في مسار وظيفي جديد نحو أن تصبح مستقبليًا في مجال الطاقة أو مجرد اهتمام. يكسب المستقبليون في مجال الطاقة مبالغ ضخمة من المال كمستشارين للحكومة والشركات وداخل الشركة ، مستخدمين مهاراتهم للاستثمار بحكمة في المستقبل. لا تحتاج إلى إجراء الدورة التدريبية حول الشؤون المالية أو الطاقة المتجددة الصغيرة ولكنها ستساعدك قليلاً.</p><p><br></p><p>ستحل لك هذه الدورة العديد من المشكلات دفعة واحدة: ستعرف ما هو قابل للتطبيق وما هو ليس على مستوى استراتيجي أعظم ، ولكنك ستكتسب أيضًا معرفة بالعديد من القياسات والمؤشرات التي لم يتم تدريسها في دورات الفيزياء أو الاقتصاد أو في الكلية أو الجامعة. هذا يعني أنه يمكنك التميز من بين الحشود ، بمعرفة سرية لا يعرفها سوى عدد قليل من مستقبلي الطاقة.</p><p><br></p><p>هل لديك فضول حول المستقبل؟ هل أنت مهتم بتشكيل المستقبل في النصف الثاني من القرن الحادي والعشرين؟</p><p><br></p><p>إذا كنت قد تكون مستعدًا لتصبح مستقبليًا للطاقة؟ مستقبلي الطاقة متخصصون في كل عمل تجاري. يمكنهم كسب الكثير من المال ، ولكن في كثير من الأحيان لا تخبرهم الدورات التدريبية التي يذهبون إليها في الواقع بما يحتاجون إلى معرفته. إنهم مقيدون بالحاجة إلى حساب انبعاثات الكربون من أعمالهم ؛ أو باع فكرة أنه لا يوجد ما يمكننا فعله بشأن المستقبل. ومع ذلك ، تساعدك هذه الدورة على أن تصبح مستقبليًا حقيقيًا للطاقة مع إمكانية تحقيق أرباح أفضل من خلال الكتابة والتدوين حول مستقبل الطاقة.</p><p><br></p><p>ستعلمك هذه الدورة التدريبية مستقبل الطاقة المحتمل. نحن نعتبر الدليل على نضوب الموارد ؛ الحلول المحتملة والتحديات التي نواجهها في تنفيذ الحلول ؛ وحدد 3 اقتصادات طاقة محتملة ، والتي سيتم دمجها معًا على أمل حل مشكلة فقدان الوقود الأحفوري المتاح اقتصاديًا.</p>'),
(21, 1999, 'ar', 'كيفية إدارة والتأثير على فريقك الافتراضي', 'تعرف على نصائح خطوة بخطوة تساعدك على إنجاز المهام مع فريقك الافتراضي من خلال زيادة الثقة والمساءلة', '<p style=\"text-align: right; \">إذا كنت تدير فريقًا افتراضيًا اليوم ، فمن المحتمل أن تستمر في القيام بذلك لبقية حياتك المهنية.</p><p style=\"text-align: right; \">إذا لم تقم بذلك ، فمن المحتمل أن تفعل ذلك قريبًا.</p><p style=\"text-align: right; \">إن تعلم كيفية إدارة الأشخاص الذين لا تراهم وجهًا لوجه هو مهارة مهمة تحتاجها بغض النظر عن الصناعة التي تعمل فيها. لقد أدى وباء الفيروس التاجي (COVID-19) أيضًا إلى تسريع الحاجة إلى إدارة الأشخاص الذين يعملون من المنزل ، حيث أصبح العمل عن بعد هو القاعدة.</p><p style=\"text-align: right; \">من خلال \"كيفية إدارة فريقك الافتراضي والتأثير عليه\" ستتعلم الأسرار النفسية للإقناع والتواصل التي تؤثر على أعضاء فريقك الافتراضي للقيام بما تريد منهم القيام به.</p><p style=\"text-align: right; \">ستساعدك الدورة أيضًا على زيادة مستوى الثقة والمساءلة بين أعضاء فريقك مع تقليل الوقت الذي تقضيه في الاجتماعات المحبطة ، وأدوات التكنولوجيا غير المجدية ، ورسائل البريد الإلكتروني المتبادلة.</p><p style=\"text-align: right; \">في نهاية كل محاضرة في الدورة ، ستحصل على خطوات محددة وقابلة للتنفيذ يمكنك تنفيذها على الفور.</p><p style=\"text-align: right; \">بالإضافة إلى ذلك ، ستحصل أيضًا على نماذج نصية وقوالب قابلة للتنزيل يمكنك ببساطة نسخها ولصقها واستخدامها مع فريقك الافتراضي.</p><p style=\"text-align: right; \">تحتوي الدورة على الأقسام التالية:</p><p style=\"text-align: right; \"><br></p><p style=\"text-align: right; \">• سيكولوجية الاتصال في الفرق الافتراضية: استراتيجيات نفسية للتواصل الفعال مع فريقك وتقليل الغموض وسوء التواصل</p><p style=\"text-align: right; \">• مبادئ تغيير السلوك: أربعة مبادئ إستراتيجية ستغير سلوك فريقك لإنجاز الأمور</p><p style=\"text-align: right; \">• تكتيكات التأثير والإقناع: تكتيكات خطوة بخطوة تؤثر على أعضاء فريقك للقيام بما تريد منهم القيام به</p><p style=\"text-align: right; \">• إدارة الاجتماعات الافتراضية بشكل فعال: كيفية عقد اجتماعات أقل مع زيادة فعاليتها في نفس الوقت</p><p style=\"text-align: right; \">• اختيار وتقييم التكنولوجيا الصحيحة: إطار عمل بسيط لاختيار وتقييم أدوات التكنولوجيا المناسبة لاستخدامها مع فرقك الافتراضية</p><p style=\"text-align: right; \">• بناء الثقة في البيئات الافتراضية: مخطط منهجي لزيادة مستوى الثقة بين فريقك الافتراضي</p><p style=\"text-align: right; \">• تقنيات البريد الإلكتروني والهاتف القاتلة: تقنيات البريد الإلكتروني والهاتف القوية التي يمكنك استخدامها للتأثير على أعضاء فريقك الافتراضي</p><p style=\"text-align: right; \"><br></p><p style=\"text-align: right; \"><br></p><p style=\"text-align: right; \">ما هو الاختلاف في هذه الدورة؟</p><p style=\"text-align: right; \"><br></p><p style=\"text-align: right; \">هناك العديد من الدورات التدريبية حول إدارة الفرق الافتراضية. فيما يلي ثلاثة أسباب لاختلاف هذا</p><p style=\"text-align: right; \"><br></p><p style=\"text-align: right; \"><br></p><p style=\"text-align: right; \"><br></p><p style=\"text-align: right; \">السبب الأول: التكتيكات وليس الاستراتيجيات فقط</p><p style=\"text-align: right; \"><br></p><p style=\"text-align: right; \">تركز معظم الدورات التدريبية حول الفرق الافتراضية على الاستراتيجيات والنظريات عالية المستوى.</p><p style=\"text-align: right; \"><br></p><p style=\"text-align: right; \">القليل منها يمنحك في الواقع التكتيكات التي تحتاجها لتنفيذ هذه الاستراتيجيات.</p><p style=\"text-align: right; \"><br></p><p style=\"text-align: right; \">في هذه الدورة ، سأوضح لك كيفية تطبيق أساليب الإدارة على حالتك الخاصة. ستحصل على تقنيات ونصوص خطوة بخطوة ستوفر لك الكثير من الوقت في إدارة فريقك الافتراضي.</p><p style=\"text-align: right; \"><br></p><p style=\"text-align: right; \">بمعنى آخر ، ستحصل على إجابات لكل من هذين السؤالين:</p><p style=\"text-align: right; \"><br></p><p style=\"text-align: right; \">&nbsp; -ما الذي أنا بحاجة لفعله؟</p><p style=\"text-align: right; \"><br></p><p style=\"text-align: right; \">&nbsp; -كيف فعلتها؟</p><p style=\"text-align: right; \"><br></p><p style=\"text-align: right; \">علاوة على ذلك ، يحتوي كل مقطع فيديو أيضًا على شريحة \"ملخص الإجراءات\" في النهاية تلخص محاضرة الدورة التدريبية لك ، وتخبرك بالضبط بما عليك القيام به كخطوة تالية. بشكل أساسي ، ستتعلم كل شيء عن إدارة الفريق الافتراضية في خطوات بسيطة.</p>'),
(22, 1999, 'es', 'Cómo administrar e influir en su equipo virtual', 'Aprenda consejos paso a paso que lo ayudarán a hacer las cosas con su equipo virtual al aumentar la confianza y la responsabilidad.', '<p>Si administra un equipo virtual hoy, probablemente continuará haciéndolo durante el resto de su carrera.</p><p>Si no lo hace, probablemente lo hará pronto.</p><p>Aprender a manejar personas que no ve cara a cara es una habilidad importante que necesita independientemente de la industria en la que se encuentre. La pandemia de coronavirus (COVID-19) también ha acelerado la necesidad de administrar personas que trabajan desde casa, ya que el teletrabajo se convirtió en la norma.</p><p>Con \"Cómo administrar e influir en su equipo virtual\", aprenderá los secretos psicológicos de la persuasión y la comunicación que influyen en los miembros de su equipo virtual para que hagan lo que usted necesita.</p><p>El curso también lo ayudará a aumentar el nivel de confianza y responsabilidad entre los miembros de su equipo mientras reduce el tiempo que dedica a reuniones frustrantes, herramientas tecnológicas inútiles y correos electrónicos de ida y vuelta.</p><p>Al final de cada conferencia del curso, obtendrá pasos específicos y prácticos que puede implementar de inmediato.</p><p>Además, también obtendrá scripts y plantillas de muestra descargables que puede simplemente copiar, pegar y usar con su propio equipo virtual.</p><p>El curso contiene las siguientes secciones:</p><p>• La psicología de la comunicación en equipos virtuales: estrategias psicológicas para comunicarse eficazmente con su equipo y reducir la ambigüedad y la falta de comunicación</p><p>• Principios de cambio de comportamiento: cuatro principios estratégicos que cambiarán el comportamiento de su equipo para hacer las cosas.</p><p>• Tácticas de influencia y persuasión: tácticas paso a paso que influyen en los miembros de su equipo para hacer lo que necesita que hagan.</p><p>• Gestionar reuniones virtuales de forma eficaz: cómo tener menos reuniones y, al mismo tiempo, aumentar su eficacia.</p><p>• Elección y evaluación de la tecnología adecuada: un marco simple para elegir y evaluar las herramientas tecnológicas adecuadas para usar con sus equipos virtuales.</p><p>• Generar confianza en entornos virtuales: un plan metódico para aumentar el nivel de confianza entre su equipo virtual</p><p>• Técnicas asesinas de correo electrónico y teléfono: potentes técnicas de correo electrónico y teléfono que puede utilizar para influir en los miembros de su equipo virtual</p><p>¿Qué tiene de diferente este curso?</p><p>Hay muchos cursos sobre la gestión de equipos virtuales. Aquí hay tres razones por las que esta es diferente.</p><p><br></p><p>Razón n. ° 1: tácticas, no solo estrategias</p><p>La mayoría de los cursos sobre equipos virtuales se centran en estrategias y teorías de alto nivel.</p><p>Muy pocos realmente le brindan las tácticas que necesita para implementar esas estrategias.</p><p>En este curso, le mostraré cómo aplicar las tácticas de gestión a su propia situación. Obtendrá técnicas y scripts paso a paso que le ahorrarán mucho tiempo en la gestión de su equipo virtual.</p><p>En otras palabras, obtendrá respuestas a ambas preguntas:</p><p>&nbsp; -Que necesito hacer?</p><p>&nbsp; -Cómo lo hago?</p><p><br></p><p>Además, cada video también tiene una diapositiva de \"Resumen de acciones\" al final que resume la conferencia del curso para usted y le dice exactamente lo que debe hacer como siguiente paso. Básicamente, aprenderá todo sobre la administración de equipos virtuales en pasos sencillos.</p>'),
(23, 1995, 'es', 'Conviértete en gerente de producto', 'El curso más completo disponible sobre Gestión de productos.', '<p>¡El curso de gestión de productos más actualizado y completo de Udemy! Aprenderá las habilidades que componen todo el trabajo y el proceso de Gestión de productos: desde la ideación hasta la investigación de mercado, pasando por el wireframing de UX, la creación de prototipos, la tecnología, las métricas y, finalmente, la creación del producto con historias de usuario, gestión de proyectos, alcance y liderazgo. . Incluso tenemos entrevistas con PM de la vida real, sesiones de preguntas y respuestas con estudiantes y una guía completa para prepararse y entrevistarse para un trabajo de Gestión de productos.</p><p>En este momento, hay más de 3,000 ofertas de trabajo en todo el mundo que buscan gerentes de producto, que pagan un promedio de $ 100,000 al año.</p><p>La demanda de gestión de productos está aumentando a un ritmo increíble. Cada vez más empresas están descubriendo finalmente la importancia de esta disciplina y este papel para su éxito.</p><p><br></p><p>Pero, ¿cómo se introduce exactamente en el campo? No hay títulos en Gestión de Productos y no hay certificaciones. La mayoría de los gerentes de producto entran en el campo por suerte o por conexiones. Eso termina aquí: lo pondremos al día sobre TODAS las habilidades que necesita para aprender Gestión de productos Y tener la mejor oportunidad de obtener el trabajo que desea. No hay más ambigüedad en eso. Le mostraremos lo que necesita saber y lo que tiene que hacer, todo ello impartido por un experto en gestión de productos.</p><p><br></p><p>No se requiere que los estudiantes sepan nada de antemano: le enseñaremos los fundamentos, cómo aplicarlos, cómo convertirse en un gerente de producto avanzado y, finalmente, cómo maximizar sus posibilidades de conseguir un trabajo como gerente de producto.</p><p><b>Tus instructores:</b></p><p>Cole Mercer ha sido gerente sénior de productos en Soundcloud, Bonobos, Mass Relevance y ha impartido el curso de gestión de productos en la Asamblea General en Manhattan, Nueva York.</p><p>Evan Kimbrell es un instructor de Udemy de primer nivel con 11 cursos sobre todo lo relacionado con el espíritu empresarial. Sus cursos tienen más de 35,000 estudiantes, más de 1,000 reseñas de 5 estrellas y una calificación promedio de 4.9 / 5.0.</p>'),
(24, 1995, 'ar', 'كن مدير منتج', 'الدورة التدريبية الأكثر اكتمالا المتاحة في إدارة المنتج.', '<p>أحدث دورة تدريبية في إدارة المنتجات على موقع Udemy! ستتعلم المهارات التي تشكل وظيفة إدارة المنتج بالكامل والعملية: من التفكير إلى أبحاث السوق ، إلى الإطار الشبكي لتجربة المستخدم إلى النماذج الأولية والتكنولوجيا والمقاييس ، وأخيراً بناء المنتج بقصص المستخدم وإدارة المشروع وتحديد النطاق والقيادة . لدينا أيضًا مقابلات مع مديري إدارة حقيقيين ، وجلسات أسئلة وأجوبة مع الطلاب ، ودليل شامل للتحضير وإجراء المقابلات لوظيفة إدارة المنتج.</p><p><br></p><p>في الوقت الحالي ، هناك أكثر من 3000+ قائمة وظائف في جميع أنحاء العالم تبحث عن مديري المنتجات ، الذين يدفعون في المتوسط ​​100000 دولار في السنة.</p><p><br></p><p>يتزايد الطلب على إدارة المنتجات بمعدل مجنون. المزيد والمزيد من الشركات تكتشف أخيرًا مدى أهمية هذا الانضباط وهذا الدور لنجاحها.</p><p><br></p><p>لكن كيف بالضبط تدخل الميدان؟ لا توجد درجات علمية في إدارة المنتجات ولا توجد شهادات. يدخل معظم مديري المنتجات إلى الميدان من خلال الحظ أو الاتصالات. ينتهي هذا هنا - سنطلعك على كل ما هو جديد في جميع المهارات التي تحتاجها لتعلم إدارة المنتج ولديك أفضل فرصة للحصول على الوظيفة التي تريدها. لم يعد هناك غموض في ذلك. سنعرض لك ما تحتاج إلى معرفته وما عليك القيام به - كل ذلك يتم تدريسه من داخل إدارة المنتج.</p><p>لا يُطلب من الطلاب معرفة أي شيء مسبقًا - سنعلمك الأساسيات ، وكيفية تطبيقها ، وكيفية التطور إلى مدير منتج متقدم ، وأخيرًا كيفية تعظيم فرصك في الحصول على وظيفة كمدير منتج.</p><p>معلموك:</p><p>كان كول ميرسر مديرًا أول للمنتجات في Soundcloud ، Bonobos ، Mass الصلة ، وقام بتدريس دورة إدارة المنتجات في الجمعية العامة في مانهاتن ، نيويورك.</p><p>Evan Kimbrell هو مدرب Udemy الأعلى تقييمًا ولديه 11 دورة في كل شيء ريادة الأعمال. تضم دوراته أكثر من 35000 طالب و 1،000+ تقييم 5 نجوم ومتوسط ​​تقييم 4.9 / 5.0.</p>'),
(25, 2003, 'ar', 'الاستماع النشط: يمكنك أن تكون مستمعًا جيدًا', 'قم بتحسين عاداتك التفاعلية ، وحدد عقلية الاستماع لديك ، وقم بتضخيم فضولك ، وإضافة قيمة كمستمع رائع', '<p style=\"text-align: right; \">يرغب معظمنا في التحسن في الحديث. لكن أداة القوة الحقيقية للتأثير على الآخرين ، والقيادة ، والتعاون ، وإحداث تأثير ، وكونك شخصًا أفضل في كل مكان هي الاستماع النشط. في حين أن الاستماع المنتظم يمكن أن يبدو فارغًا وصامتًا ، فإن الاستماع النشط نشط ومبدع وسريع الاستجابة.</p><p style=\"text-align: right; \"><br></p><p style=\"text-align: right; \">في هذه الدورة ، ستكتسب كلاً من الوعي الداخلي ومجموعة المهارات الخارجية التي تشكل أساس الاستماع النشط. ستكون قادرًا على إجراء محادثات أكثر إرضاءً وإثارةً ونجاحًا.</p><p style=\"text-align: right; \"><br></p><p style=\"text-align: right; \">لقد أنشأت دورة Udemy العملية هذه من أجلك - مليئة بآرائي الفريدة من البداية كمستمع رهيب إلى أن أصبح الآن مستمعًا محترفًا ، ومدربًا معتمدًا. لقد قمت بتعليم الناس كيفية الاستماع بنشاط لمدة عشرين عامًا حتى الآن وهذه المهارات قابلة للتعلم ولا تقدر بثمن. الدورة التدريبية الخاصة بي مليئة بأمثلة من العالم الحقيقي تزيل الغموض عن ما يجب الانتباه إليه وتبسطه حتى تكون مستمعًا جيدًا.</p>'),
(26, 2003, 'es', 'Escucha activa: puedes ser un gran oyente', 'Mejore sus hábitos reactivos, defina su mentalidad de escucha, amplifique su curiosidad y agregue valor como un gran oyente', '<p>La mayoría de nosotros queremos mejorar al hablar. Pero la verdadera herramienta poderosa para influir en los demás, liderar, colaborar, tener un impacto y ser una persona mejor en todos los aspectos es la escucha activa. Si bien la escucha regular puede parecer en blanco y en silencio, la escucha activa es comprometida, creativa y receptiva.</p><p>En este curso, obtendrá tanto la conciencia interna como el conjunto de habilidades externas que son la base de la escucha activa. Podrá tener conversaciones mucho más satisfactorias, interesantes y exitosas.</p><p>Creé este curso práctico de Udemy para ti, lleno de mis conocimientos únicos desde que comencé como un oyente terrible hasta que ahora soy un oyente profesional, un Master Certified Coach. He estado enseñando a la gente a escuchar activamente durante veinte años y estas habilidades se pueden aprender y no tienen precio. Mi curso está repleto de ejemplos del mundo real que desmitifican y simplifican a qué prestar atención para que pueda ser un gran oyente.</p>'),
(36, 1997, 'es', 'Aprenda a programar en Python', 'Aprenda a programar en Python de forma fácil, con ejemplos, cuestionarios, ejercicios y más. Aprenda Python 2 y Python 3.', '<p>Si quieres:</p><p>- desarrolle las habilidades que necesita para obtener su primer trabajo de programación en Python</p><p>- pasar a un puesto de desarrollador de software más senior</p><p>- comience con Machine Learning, Data Science, Django u otras áreas de interés en las que Python se especializa</p><p>- o simplemente aprenda Python para poder crear sus propias aplicaciones Python rápidamente.</p><p>... entonces necesitas una base sólida en la programación de Python. Y este curso está diseñado para brindarle esas habilidades básicas rápidamente.</p><p>Este curso está dirigido a principiantes completos que nunca han programado antes, así como a programadores existentes que desean aumentar sus opciones profesionales aprendiendo Python.</p><p>El hecho es que Python es uno de los lenguajes de programación más populares del mundo: grandes empresas como Google lo utilizan en aplicaciones de misión crítica como Google Search.</p><p>Y Python es la opción de idioma número uno para el aprendizaje automático, la ciencia de datos y la inteligencia artificial. Para conseguir esos trabajos bien remunerados, necesita un conocimiento experto de Python, y eso es lo que obtendrá con este curso.</p><p>Al final del curso, podrá postularse con confianza para trabajos de programación de Python. Y sí, esto se aplica incluso si nunca ha programado antes. Con las habilidades adecuadas que aprenderá en este curso, puede convertirse en un empleado y valioso a los ojos de los futuros empleadores.</p><p>Esto es lo que algunos estudiantes nos han contado sobre el curso después de haberlo completado.</p><p>“Tenía una experiencia de programación muy limitada antes de comenzar este curso, por lo que realmente aprendí mucho de las primeras secciones. Me ha llevado de una habilidad de programación esencialmente cero a un nivel en el que me siento cómodo usando Python para analizar datos para mis informes de laboratorio, y aún no he terminado la mitad del curso. Hay otros cursos que se centran en el análisis de datos, pero esos cursos suelen estar dirigidos a personas que ya saben programar, por lo que elegí este curso. “- Christian DiMaria</p><p><br></p><p>“He estado revisando tu curso de Python. En ese tiempo, sin embargo, y sin terminarlo, he podido automatizar bastante mi trabajo. Trabajo en un sistema escolar y unificar datos de nuestros diversos sistemas de información estudiantil puede ser increíblemente frustrante, llevar mucho tiempo y, en ocasiones, ser un desafío. Con su curso, aprendí lo suficiente para escribir aplicaciones que convierten archivos de texto masivos en diccionarios que se \"unen\" como una base de datos y se generan en archivos CSV con el formato adecuado y luego se cargan a través de SFTP en varios sistemas para un procesamiento seguro. Nuestros profesores, estudiantes y el departamento de tecnología se han beneficiado enormemente de esta automatización. Solo quería dejarte una nota agradeciéndote por ayudarme a aprender esta habilidad \". - Keith Medlin</p><p><br></p><p>“Este curso fue genial. En 3 semanas pude escribir mis propias aplicaciones relacionadas con la base de datos \". - Theo Coenen</p><p><br></p><p><br></p><p>Y hay muchos más estudiantes a los que les encanta el curso: compruebe usted mismo todas las reseñas.</p><p>Este curso le dará las habilidades básicas de Python?</p><p><br></p><p>Sí lo será. Existe una variedad de oportunidades interesantes para los desarrolladores de Python. Todos ellos requieren un conocimiento sólido de Python, y eso es lo que aprenderá en este curso.</p><p>El curso me enseñará ciencia de datos, aprendizaje automático e inteligencia artificial?</p><p>No, no hará eso: todos estos temas son ramas de la programación de Python. Y todos ellos requieren una sólida comprensión del lenguaje Python.</p><p>Casi todos los cursos sobre estos temas asumen que usted comprende Python y, sin él, se perderá y confundirá rápidamente.</p><p><br></p><p>Este curso le brindará un conocimiento básico y sólido del lenguaje de programación Python.</p><p>Al final del curso, estará listo para postularse para puestos de programación de Python, así como para pasar a áreas específicas de Python, como se enumera anteriormente.</p><p>Por qué debería tomar este curso?</p><p>Hay muchos cursos de Python en Udemy: tus instructores, Tim y Jean-Paul son bastante únicos, ya que entre ellos tienen alrededor de 70 años de experiencia en programación profesional. Eso es más que toda una vida de habilidades de las que puedes aprender Python.</p><p><br></p><p>Puede inscribirse en el curso con la seguridad de saber que no son solo profesores, sino programadores profesionales con experiencia real en programación comercial, habiendo trabajado con grandes empresas como IBM, Mitsubishi, Fujitsu y Saab en el pasado.</p><p><br></p><p>Como tal, no solo aprenderá Python, sino que también aprenderá las mejores prácticas de la industria para la programación de Python que exigen los empleadores reales.</p><p>Y si eso no es suficiente, lea algunas de las muchas reseñas de estudiantes felices: hay alrededor de 100,000 estudiantes que han dejado alrededor de 19,000 reseñas.</p><p>Este es uno de los cursos más populares sobre programación Python en Udemy.</p><p>Cita del estudiante: “Tim y JP son excelentes maestros y están constantemente respondiendo preguntas y encuestando a los estudiantes sobre nuevos temas que les gustaría aprender. Este no es un curso de Python, es EL curso de Python que necesitas \". - Sean Burge</p><p>Listo para empezar, desarrollador?</p>'),
(37, 1997, 'ar', 'تعلم برمجة بايثون', 'تعلم برمجة Python بطريقة سهلة ، واستكمل بالأمثلة والاختبارات والتمارين والمزيد. تعلم بايثون 2 وبايثون 3.', '<p style=\"text-align: right; \">سواء كنت تريد:</p><p style=\"text-align: right; \">- قم ببناء المهارات التي تحتاجها للحصول على أول وظيفة لبرمجة Python</p><p style=\"text-align: right; \">- الانتقال إلى منصب مطور برمجيات أعلى</p><p style=\"text-align: right; \">- ابدأ مع Machine Learning أو Data Science أو Django أو المناطق الساخنة الأخرى التي تتخصص فيها Python</p><p style=\"text-align: right; \">- أو تعلم لغة Python لتتمكن من إنشاء تطبيقات Python الخاصة بك بسرعة.</p><p style=\"text-align: right; \">... فأنت بحاجة إلى أساس متين في برمجة بايثون. وهذه الدورة مصممة لتزويدك بهذه المهارات الأساسية بسرعة.</p><p style=\"text-align: right; \">تستهدف هذه الدورة المبتدئين الذين لم يسبق لهم البرمجة من قبل ، بالإضافة إلى المبرمجين الحاليين الذين يرغبون في زيادة خياراتهم المهنية من خلال تعلم بايثون.</p><p style=\"text-align: right; \">الحقيقة هي أن Python هي واحدة من أكثر لغات البرمجة شيوعًا في العالم - تستخدمها شركات ضخمة مثل Google في تطبيقات مهمة مثل بحث Google.</p><p style=\"text-align: right; \"><br></p><p style=\"text-align: right; \">و Python هي الخيار الأول للغة للتعلم الآلي وعلوم البيانات والذكاء الاصطناعي. للحصول على تلك الوظائف ذات الأجور المرتفعة ، فأنت بحاجة إلى معرفة متخصصة ببايثون ، وهذا ما ستحصل عليه من هذه الدورة التدريبية.</p><p style=\"text-align: right; \">بحلول نهاية الدورة التدريبية ، ستكون قادرًا على التقدم بثقة لوظائف برمجة Python. ونعم ، هذا ينطبق حتى لو لم تقم بالبرمجة من قبل. من خلال المهارات المناسبة التي ستتعلمها في هذه الدورة ، يمكنك أن تصبح قابلاً للتوظيف وذات قيمة في نظر أرباب العمل في المستقبل.</p><p style=\"text-align: right; \">إليك ما أخبرنا به بعض الطلاب عن الدورة التدريبية بعد اجتيازها.</p><p style=\"text-align: right; \">\"كانت لدي خبرة برمجية محدودة للغاية قبل أن أبدأ هذه الدورة ، لذلك تعلمت الكثير حقًا من الأقسام القليلة الأولى. لقد أخذني من مهارة البرمجة الصفرية إلى المستوى الذي أشعر فيه بالراحة عند استخدام Python لتحليل البيانات لتقارير المعمل الخاصة بي ، ولم أنتهي حتى منتصف الدورة التدريبية حتى الآن. هناك دورات أخرى تركز على تحليل البيانات ، ولكن هذه الدورات عادةً ما تستهدف الأشخاص الذين يعرفون بالفعل كيفية البرمجة ولهذا اخترت هذه الدورة بدلاً من ذلك. \"- كريستيان ديماريا</p><p style=\"text-align: right; \">\"لقد كنت أتجول في دورة بايثون الخاصة بك. في ذلك الوقت ، وعلى الرغم من ذلك ، وبدون الانتهاء من ذلك ، تمكنت من أتمتة قدر كبير من العمل في عملي. أنا أعمل في نظام مدرسي ويمكن أن يكون توحيد البيانات من أنظمة معلومات الطلاب المختلفة أمرًا محبطًا بشكل لا يصدق ، ويستغرق وقتًا طويلاً ، وفي بعض الأحيان يمثل تحديًا. باستخدام الدورة التدريبية الخاصة بك ، تعلمت ما يكفي لكتابة التطبيقات التي تحول الملفات النصية الضخمة إلى قواميس يتم \"تجميعها\" معًا كقاعدة بيانات وإخراجها إلى ملفات CSV منسقة بشكل صحيح ثم تحميلها عبر SFTP إلى أنظمة مختلفة للمعالجة الآمنة. استفاد مدرسونا وطلابنا وقسم التكنولوجيا بشكل كبير من هذه الأتمتة. أردت فقط أن أرسل لك ملاحظة أشكرك على مساعدتي في تعلم هذه المهارة \". - كيث ميدلين</p><p style=\"text-align: right; \"><br></p><p style=\"text-align: right; \">”كانت هذه الدورة رائعة. في غضون 3 أسابيع ، تمكنت من كتابة التطبيقات المتعلقة بقاعدة البيانات الخاصة بي \". - ثيو كوينين</p><p style=\"text-align: right; \"><br></p><p style=\"text-align: right; \">وهناك العديد من الطلاب الذين يحبون الدورة - تحقق من جميع المراجعات بنفسك.</p><p style=\"text-align: right; \">هل ستمنحك هذه الدورة مهارات الثعبان الأساسية؟</p><p style=\"text-align: right; \">نعم. هناك مجموعة من الفرص المثيرة لمطوري بايثون. تتطلب كل منهم فهمًا قويًا لبايثون ، وهذا ما ستتعلمه في هذه الدورة التدريبية.</p><p style=\"text-align: right; \">هل ستعلمني الدورة علم البيانات والتعلم الآلي والذكاء الاصطناعي؟</p><p style=\"text-align: right; \">لا ، لن تفعل ذلك - كل هذه الموضوعات هي فروع لبرمجة بايثون. وكلهم يحتاجون إلى فهم قوي للغة بايثون.</p><p style=\"text-align: right; \">تفترض جميع الدورات التدريبية حول هذه الموضوعات تقريبًا أنك تفهم لغة Python ، وبدونها ستفقدك وتشوشك بسرعة.</p><p style=\"text-align: right; \">ستمنحك هذه الدورة التدريبية ذلك الفهم الأساسي والراسخ للغة برمجة بايثون.</p><p style=\"text-align: right; \">بحلول نهاية الدورة التدريبية ، ستكون جاهزًا للتقدم لشغل وظائف برمجة Python وكذلك الانتقال إلى مناطق محددة في Python ، كما هو مذكور أعلاه.</p><p style=\"text-align: right; \">لماذا يجب أن تأخذ هذه الدورة؟</p><p style=\"text-align: right; \">هناك الكثير من دورات Python في Udemy - يعتبر معلمك ، Tim و Jean-Paul فريدًا جدًا من حيث أن لديهم ما يقرب من 70 عامًا من الخبرة في البرمجة الاحترافية. هذا أكثر من عمر للمهارات التي تحصل عليها لتتعلم بايثون منها.</p><p style=\"text-align: right; \">يمكنك التسجيل في الدورة بأمان مع العلم أنهم ليسوا مجرد معلمين ، ولكنهم مبرمجون محترفون يتمتعون بخبرة برمجة تجارية حقيقية ، بعد أن عملوا مع شركات كبيرة مثل IBM و Mitsubishi و Fujitsu و Saab في الماضي.</p><p style=\"text-align: right; \">على هذا النحو ، لن تتعلم Python فحسب ، بل ستتعلم أفضل الممارسات الصناعية لبرمجة Python التي يطلبها أصحاب العمل الحقيقيون.</p><p style=\"text-align: right; \">وإذا لم يكن ذلك كافيًا ، فقم بقراءة بعض المراجعات العديدة من الطلاب السعداء - هناك حوالي 100000 طالب تركوا حوالي 19000 تقييم.</p><p style=\"text-align: right; \">هذه واحدة من أشهر الدورات التدريبية في برمجة Python على Udemy.</p><p style=\"text-align: right; \">اقتباس من الطالب: \"Tim و JP مدرسان ممتازان ويجيبان باستمرار على الأسئلة ويستطلعان الطلاب حول مواضيع جديدة يرغبون في تعلمها. هذه ليست دورة بايثون ، إنها دورة بايثون التي تحتاجها \". - شون برجر</p><p style=\"text-align: right; \"><br></p><p style=\"text-align: right; \">جاهز للبدء أيها المطور؟</p>'),
(38, 2008, 'en', 'Gas Processing and Treatment', 'This course delves into the various processes involved in natural gas processing and treatment. Participants will gain an understanding of gas separation, dehydration, sweetening, and liquefaction techniques. The course covers topics such as gas compression, cryogenic processes, gas quality specifications, and environmental considerations. Practical examples and industry best practices will be explored to ensure participants acquire the necessary skills for gas processing operations.', '<p style=\"max-width: 118.4rem;\"><font color=\"#000000\" style=\"background-color: rgb(255, 255, 255);\">This course delves into the various processes involved in natural gas processing and treatment. Participants will gain an understanding of gas separation, dehydration, sweetening, and liquefaction techniques. The course covers topics such as gas compression, cryogenic processes, gas quality specifications, and environmental considerations. Practical examples and industry best practices will be explored to ensure participants acquire the necessary skills for gas processing operations.</font></p>');
INSERT INTO `webinar_translations` (`id`, `webinar_id`, `locale`, `title`, `seo_description`, `description`) VALUES
(39, 2009, 'en', 'Introduction to Oil and Gas Exploration', 'This course provides an overview of the fundamental principles and techniques involved in oil and gas exploration. Participants will learn about the geology of oil and gas reservoirs, exploration methods, seismic interpretation, and drilling techniques. The course aims to equip individuals with a solid foundation in exploration practices and the ability to assess the potential for hydrocarbon resources.', '<p style=\"max-width: 118.4rem;\" sf=\"\" pro=\"\" text\",=\"\" -apple-system,=\"\" blinkmacsystemfont,=\"\" roboto,=\"\" \"segoe=\"\" ui\",=\"\" helvetica,=\"\" arial,=\"\" sans-serif,=\"\" \"apple=\"\" color=\"\" emoji\",=\"\" ui=\"\" symbol\";\"=\"\"><font style=\"background-color: rgb(255, 255, 255);\" color=\"#000000\">This course provides an overview of the fundamental principles and techniques involved in oil and gas exploration. Participants will learn about the geology of oil and gas reservoirs, exploration methods, seismic interpretation, and drilling techniques. The course aims to equip individuals with a solid foundation in exploration practices and the ability to assess the potential for hydrocarbon resources.</font></p>'),
(40, 2008, 'es', 'Nueva página de aprendizaje', 'Aprenda las herramientas utilizadas por los mejores guitarristas profesionales del mundo.', '<p>Rocket LMS es un mercado de cursos en línea con un montón de características que lo ayudan a administrar su negocio de educación en línea fácilmente. Este producto ayuda a los instructores y estudiantes a ponerse en contacto y compartir conocimientos.</p><p>Los instructores podrán crear cursos de video ilimitados, clases en vivo, cursos de texto, proyectos, cuestionarios, archivos, etc. y los estudiantes podrán usar el material educativo y aumentar su nivel de habilidad.</p><p>Rocket LMS se basa en necesidades comerciales reales, diferencias culturales, investigaciones avanzadas de usuarios para que el producto cubra los requisitos de su negocio de manera eficiente.</p>'),
(41, 2008, 'ar', 'صفحة تعلم جديدة', 'تعلم الأدوات المستخدمة من قبل أفضل لاعبي الجيتار المحترفين في العالم.', '<p style=\"direction: rtl; \">Rocket LMS عبارة عن سوق للدورات التدريبية عبر الإنترنت به كومة من الميزات التي تساعدك على إدارة أعمالك التعليمية عبر الإنترنت بسهولة. يساعد هذا المنتج المدرسين والطلاب على التواصل معًا ومشاركة المعرفة.</p><p style=\"direction: rtl; \">سيتمكن المدرسون من إنشاء دورات فيديو غير محدودة ، وفصول مباشرة ، ودورات نصية ، ومشاريع ، ومسابقات ، وملفات ، وما إلى ذلك ، وسيتمكن الطلاب من استخدام المواد التعليمية وزيادة مستوى مهاراتهم.</p><p style=\"direction: rtl; \">يعتمد Rocket LMS على احتياجات العمل الحقيقية والاختلافات الثقافية وأبحاث المستخدم المتقدمة بحيث يغطي المنتج متطلبات عملك بكفاءة.</p>'),
(42, 2009, 'ar', 'نظام مباشر جديد داخل التطبيق', 'يمكن أن يكون إنشاء الدورة التدريبية عبر الإنترنت أمرًا بسيطًا بمجرد أن تتقن فن التحدث أمام الكاميرا.', '<p style=\"text-align: right; direction: rtl;\">ملاحظة: يجب عليك الانضمام إلى جلسة مباشرة مع المعلم أولاً ثم الانضمام إليها من قبل الطلاب.</p><p style=\"text-align: right; direction: rtl;\"><br></p><p style=\"text-align: right; direction: rtl;\">يمكن أن يكون إنشاء الدورة التدريبية عبر الإنترنت أمرًا بسيطًا بمجرد أن تتقن فن التحدث أمام الكاميرا. تخيل نفسك تقدم دورة كاملة مليئة بالمحاضرات العظيمة. يمكنك أن تكون نجم الفصل الدراسي الخاص بك - عبر الإنترنت. يمكنك أن تكون مدربًا واثقًا وجذابًا في الدورة التدريبية الخاصة بك.</p><p style=\"text-align: right; direction: rtl;\"><br></p><p style=\"text-align: right; direction: rtl;\">&nbsp; &nbsp; في دورة إنشاء الدورة التدريبية عبر الإنترنت ، ستربح ما يلي:</p><p style=\"text-align: right; direction: rtl;\"><br></p><p style=\"text-align: right; direction: rtl;\">&nbsp; &nbsp; * كيف تتحدث وتحاضر بثقة خلال عملية إنشاء الدورة التدريبية عبر الإنترنت</p><p style=\"text-align: right; direction: rtl;\"><br></p><p style=\"text-align: right; direction: rtl;\">&nbsp; &nbsp; * كيفية تسجيل المحاضرات بالفيديو</p><p style=\"text-align: right; direction: rtl;\"><br></p><p style=\"text-align: right; direction: rtl;\">&nbsp; &nbsp; * كيف تكون واثقًا من أن دورتك الدراسية جذابة وممتعة للطلاب</p><p style=\"text-align: right; direction: rtl;\"><br></p><p style=\"text-align: right; direction: rtl;\">&nbsp; &nbsp; * كيفية هيكلة إنشاء الدورة التدريبية عبر الإنترنت</p><p style=\"text-align: right; direction: rtl;\"><br></p><p style=\"text-align: right; direction: rtl;\">&nbsp; &nbsp; يتم تقديم هذه الدورة في المقام الأول من خلال المحاضرات المنطوقة. نظرًا لأن المهارة التي تتعلمها مرتبطة بالتحدث ، فمن المنطقي أن تتعلم من خلال التحدث فقط.</p><p style=\"text-align: right; direction: rtl;\"><br></p><p style=\"text-align: right; direction: rtl;\">&nbsp; &nbsp; المهارة التي ستتعلمها في هذا الفصل ليست نظرية أو أكاديمية في الأساس. إنها مهارة تتطلب عادات جسدية. هذا هو السبب في أنه سيُطلب منك المشاركة في العديد من التدريبات حيث تقوم بتسجيل نفسك وأنت تتحدث على الفيديو ، ثم تشاهد نفسك. تعلم مهارات العرض هو مثل تعلم كيفية ركوب الدراجة. عليك ببساطة القيام بذلك عدة مرات والعمل بعد الأجزاء المتذبذبة والمتساقطة حتى تحصل عليها بشكل صحيح.</p><p style=\"text-align: right; direction: rtl;\"><br></p><p style=\"text-align: right; direction: rtl;\">&nbsp; &nbsp; تحتوي دورة إنشاء الدورة التدريبية عبر الإنترنت على العديد من محاضرات الفيديو بالإضافة إلى العديد من الكتب الإضافية لمكتبتك التدريبية.</p><p style=\"text-align: right; direction: rtl;\"><br></p><p style=\"text-align: right; direction: rtl;\">\"5 نجوم! واضح جدًا ، من السهل جدًا متابعته. أحب حقًا النهج التدريجي الذي يطبقه TJ. استلهام المزيد من المعرفة والمعرفة للمضي قدمًا.\" طالب Udemy ديفيد روبنسون</p><p style=\"text-align: right; direction: rtl;\"><br></p><p style=\"text-align: right; direction: rtl;\">\"5 نجوم! التعليمات المقدمة هنا هي الحقيقة. إنها نتائج سنوات من الخبرة والخبرة. يمكنني حقًا الارتباط بالموضوعات والنقاط واضحة وضوح الشمس. بعد كل شيء ، الدليل على الحلوى يكمن في الأكل . أنا مضغوطة للمضي قدما واستيعاب بقية هذه الدورة \". طالب Udemy يوسف (جو) سيدي</p><p style=\"text-align: right; direction: rtl;\"><br></p><p style=\"text-align: right; direction: rtl;\">\"5 نجوم! هذه الدورة فعالة للغاية لأن TJ يوضح لك الحبال بدون اللغة المربكة التي يستخدمها الخبراء الفنيون عادةً. كما يوضح لنا أنه يمكننا القيام بذلك دون أن نصبح خبراء تقنيين بأنفسنا.\" طالب Udemy بيت بوردون</p><p style=\"text-align: right; direction: rtl;\"><br></p><p style=\"text-align: right; direction: rtl;\">يقوم TJ Walker بتدريب الأشخاص وتدريبهم على مهارات العرض التقديمي لمدة 30 عامًا. الآن ، من خلال قوة منصة Udemy عبر الإنترنت ، يمكنه أن يمنحك نفس التدريب عالي الجودة الذي يقدمه شخصيًا إلى الرؤساء التنفيذيين والمدراء التنفيذيين في Fortune 500 ورؤساء الدول. يمكنك الآن فقط تلقي التدريب بجزء بسيط من الرسوم العادية للتدريب الشخصي.</p><p style=\"text-align: right; direction: rtl;\"><br></p><p style=\"text-align: right; direction: rtl;\">&nbsp; &nbsp; كم من الوقت تستغرق هذه الدورة متروك لك. يتضمن الجزء الأطول من الدورة التدريبية التحدث عبر الفيديو وانتقاد نفسك والقيام بذلك مرة أخرى حتى تعجبك. ولكن إذا وصلت إلى النقطة التي تحب فيها مظهرك وصوتك عند التقديم ، فسيكون ذلك يستحق الوقت الذي تقضيه. وسيوفر لك امتلاك هذه المهارة الوقت لجميع العروض التقديمية المستقبلية في حياتك.</p>'),
(43, 2009, 'es', 'Nuevo sistema en vivo en la aplicación', 'La creación de cursos en línea puede ser simple una vez que haya dominado el arte de hablar frente a una cámara.', '<p>Nota: primero debe unirse a la sesión en vivo con el instructor y luego unirse a ella los estudiantes.</p><p><br></p><p>La creación de cursos en línea puede ser simple una vez que haya dominado el arte de hablar frente a una cámara. Imagínese impartiendo un curso completo repleto de excelentes conferencias. Puede ser la estrella de su propio salón de clases, en línea. Puede ser un instructor seguro y atractivo de su propio curso.</p><p><br></p><p>&nbsp; &nbsp; En este curso de creación de cursos en línea obtendrá lo siguiente:</p><p><br></p><p>&nbsp; &nbsp; * Cómo hablar y dar conferencias con confianza a lo largo de su proceso de creación de cursos en línea</p><p><br></p><p>&nbsp; &nbsp; * Cómo grabar conferencias en video</p><p><br></p><p>&nbsp; &nbsp; * Cómo estar seguro de que su curso es atractivo e interesante para los estudiantes</p><p><br></p><p>&nbsp; &nbsp; * Cómo estructurar la creación de su curso en línea</p><p><br></p><p>&nbsp; &nbsp; Este curso se imparte principalmente a través de conferencias orales. Debido a que la habilidad que estás aprendiendo está relacionada con el habla, solo tiene sentido que aprendas hablando.</p><p><br></p><p>&nbsp; &nbsp; La habilidad que aprenderá en esta clase no es principalmente teórica o académica. Es una habilidad que requiere hábitos físicos. Es por eso que se le pedirá que participe en numerosos ejercicios en los que se graba a sí mismo hablando en video y luego observándose a sí mismo. Aprender habilidades de presentación es como aprender a andar en bicicleta. Simplemente tiene que hacerlo varias veces y trabajar más allá de las partes que se tambalean y se caen hasta que lo haga bien.</p><p><br></p><p>&nbsp; &nbsp; Este curso de creación de cursos en línea contiene numerosas conferencias en video además de varios libros adicionales para su biblioteca de capacitación.</p><p><br></p><p>\"¡5 estrellas! Muy claro, muy fácil de seguir. Realmente me gusta el enfoque paso a paso que TJ presenta. Me siento mucho más informado e inspirado para seguir adelante\". Estudiante de Udemy David Robinson</p><p><br></p><p>\"¡5 estrellas! Las instrucciones que se presentan aquí son la verdad. Son el resultado de años de experiencia y conocimientos. Realmente puedo identificarme con los temas y los puntos son muy claros. Después de todo, la prueba del pudín está en comerlo. Estoy emocionado de seguir adelante y absorber el resto de este curso\". Estudiante de Udemy Youcef(Joe) Seyyedi</p><p><br></p><p>\"¡5 estrellas! Este curso es tan efectivo porque TJ te muestra los trucos sin el lenguaje confuso que normalmente usan los expertos técnicos. También nos muestra que podemos hacer esto sin convertirnos en expertos técnicos nosotros mismos\". Pete Burdon, estudiante de Udemy</p><p><br></p><p>TJ Walker ha estado entrenando y capacitando a personas en sus habilidades de presentación durante 30 años. Ahora, a través del poder de la plataforma en línea de Udemy, puede brindarle la misma capacitación de alta calidad que brinda en persona a los directores ejecutivos, ejecutivos de Fortune 500 y presidentes de países. Ahora solo usted puede recibir la capacitación a una pequeña fracción de la tarifa normal para la capacitación en persona.</p><p><br></p><p>&nbsp; &nbsp; La duración de este curso depende de usted. La parte más larga del curso involucra que hables en video, te critiques a ti mismo y lo repitas hasta que te guste. Pero si llegas al punto en que te encanta cómo te ves y cómo suenas cuando presentas, valdrá la pena el tiempo invertido. Y tener esta habilidad te ahorrará tiempo para todas las futuras presentaciones en tu vida.</p>'),
(44, 2010, 'en', 'Petroleum Reservoir Engineering', NULL, '<p>This course focuses on the principles and practices of petroleum reservoir engineering. Participants will learn about reservoir characterization, fluid flow in porous media, reservoir performance analysis, and enhanced oil recovery techniques. The course includes hands-on exercises and case studies to enhance understanding and enable participants to apply reservoir engineering concepts to real-world scenarios.</p>'),
(170, 2022, 'en', 'Introduction to Oil and Gas Exploration', 'Installment payment is a popular method of paying for goods and services that allows customers to spread out the cost of a purchase over a period of time.', '<p>COMING SOON!</p>'),
(172, 2024, 'en', 'Software Development', NULL, '<div class=\"compTextList\" style=\"margin: 0px; padding: 0px; color: rgb(77, 81, 86); font-family: Roboto, \"helvetica neue\", helvetica, arial, sans-serif; font-size: 13px;\"><ul role=\"region\" aria-label=\"carousel\" style=\"margin-right: 0px; margin-bottom: 0px; margin-left: 0px; padding: 0px; list-style: outside none;\"><li class=\"va-top mb-8 fz-m\" role=\"group\" aria-label=\"Item 1 of 1\" style=\"margin: 0px 0px 8px; padding: 0px; font-size: 16px; line-height: 1.25; vertical-align: top; overflow: auto;\"><div class=\" lh-22 d-b \" style=\"margin: 0px; padding: 0px; line-height: 22px;\">Software development includes coding the software in any programming language, maintaining a database to keep the application intact and to store the working of the application, and managing the application or the software developed for its bugs.</div></li><li class=\"va-top mb-8 fz-m\" role=\"group\" aria-label=\"Item 1 of 1\" style=\"margin: 0px 0px 8px; padding: 0px; font-size: 16px; line-height: 1.25; vertical-align: top; overflow: auto;\"><div><br></div></li></ul></div>'),
(173, 2025, 'en', 'Business Analysis', NULL, '<p><span style=\"color: rgb(77, 81, 86); font-family: Roboto, \"helvetica neue\", helvetica, arial, sans-serif; font-size: 13px;\">Business analysis is</span><span style=\"color: rgb(77, 81, 86); font-family: Roboto, \"helvetica neue\", helvetica, arial, sans-serif; font-size: 13px;\"> the process of examining and evaluating business demands and identifying solutions to potential challenges.</span><span style=\"color: rgb(77, 81, 86); font-family: Roboto, \"helvetica neue\", helvetica, arial, sans-serif; font-size: 13px;\"> Essentially, companies use this process to help them better understand how to meet their short-term and long-term business goals.</span></p>'),
(174, 2026, 'en', 'UI/UX', NULL, '<p>There are several elements that make a good user experience. Your product should be useful, learnable, memorable, effective, efficient, desirable, delightful and accessible – you can learn much more about the ins and outs of user experience design</p>'),
(175, 2027, 'en', 'project management', NULL, '<p>project management<br></p>'),
(176, 2028, 'en', 'IT Proffessional', NULL, '<p>COMING SOON!<br></p>'),
(177, 2029, 'en', 'ABC of Crude oil', 'BA', '<p>This is an intro course on music<br></p>'),
(178, 2030, 'en', 'XYZ of oil', 'BA', '<p>XYZ of crude oil<br></p>'),
(179, 2031, 'en', 'ABC of office', NULL, '<p>The abc of working in an office envvironment<br></p>'),
(180, 2032, 'en', 'Phone ABC', 'phone', '<p>Phone systenm course<br></p>'),
(181, 2033, 'en', 'Mathematics', 'Arithmetic Calculations', '<p>Nice Course</p>');

--
-- Indexes for dumped tables
--

--
-- Indexes for table `accounting`
--
ALTER TABLE `accounting`
  ADD PRIMARY KEY (`id`) USING BTREE,
  ADD KEY `id` (`id`) USING BTREE,
  ADD KEY `user_id` (`user_id`) USING BTREE,
  ADD KEY `webinar_id` (`webinar_id`) USING BTREE,
  ADD KEY `meeting_time_id` (`meeting_time_id`) USING BTREE,
  ADD KEY `subscribe_id` (`subscribe_id`) USING BTREE,
  ADD KEY `promotion_id` (`promotion_id`) USING BTREE,
  ADD KEY `accounting_installment_payment_id_foreign` (`installment_payment_id`);

--
-- Indexes for table `advertising_banners`
--
ALTER TABLE `advertising_banners`
  ADD PRIMARY KEY (`id`) USING BTREE;

--
-- Indexes for table `advertising_banners_translations`
--
ALTER TABLE `advertising_banners_translations`
  ADD PRIMARY KEY (`id`),
  ADD KEY `advertising_banners_translations_advertising_banner_id_foreign` (`advertising_banner_id`),
  ADD KEY `advertising_banners_translations_locale_index` (`locale`);

--
-- Indexes for table `affiliates`
--
ALTER TABLE `affiliates`
  ADD PRIMARY KEY (`id`),
  ADD KEY `affiliates_affiliate_user_id_foreign` (`affiliate_user_id`),
  ADD KEY `affiliates_referred_user_id_foreign` (`referred_user_id`);

--
-- Indexes for table `affiliates_codes`
--
ALTER TABLE `affiliates_codes`
  ADD PRIMARY KEY (`id`),
  ADD UNIQUE KEY `affiliates_codes_code_unique` (`code`),
  ADD KEY `affiliates_codes_user_id_foreign` (`user_id`);

--
-- Indexes for table `agora_history`
--
ALTER TABLE `agora_history`
  ADD PRIMARY KEY (`id`),
  ADD KEY `agora_history_session_id_foreign` (`session_id`);

--
-- Indexes for table `ai_contents`
--
ALTER TABLE `ai_contents`
  ADD PRIMARY KEY (`id`),
  ADD KEY `ai_contents_user_id_foreign` (`user_id`),
  ADD KEY `ai_contents_service_id_foreign` (`service_id`);

--
-- Indexes for table `ai_content_templates`
--
ALTER TABLE `ai_content_templates`
  ADD PRIMARY KEY (`id`);

--
-- Indexes for table `ai_content_template_translations`
--
ALTER TABLE `ai_content_template_translations`
  ADD PRIMARY KEY (`id`),
  ADD KEY `ai_content_template_id_trans` (`ai_content_template_id`),
  ADD KEY `ai_content_template_translations_locale_index` (`locale`);

--
-- Indexes for table `badges`
--
ALTER TABLE `badges`
  ADD PRIMARY KEY (`id`) USING BTREE,
  ADD KEY `badges_type_index` (`type`) USING BTREE;

--
-- Indexes for table `badge_translations`
--
ALTER TABLE `badge_translations`
  ADD PRIMARY KEY (`id`),
  ADD KEY `badge_translations_badge_id_foreign` (`badge_id`),
  ADD KEY `badge_translations_locale_index` (`locale`);

--
-- Indexes for table `become_instructors`
--
ALTER TABLE `become_instructors`
  ADD PRIMARY KEY (`id`) USING BTREE,
  ADD KEY `become_instructors_user_id_foreign` (`user_id`) USING BTREE;

--
-- Indexes for table `blog`
--
ALTER TABLE `blog`
  ADD PRIMARY KEY (`id`) USING BTREE,
  ADD KEY `blog_category_id_foreign` (`category_id`) USING BTREE,
  ADD KEY `slug` (`slug`) USING BTREE;

--
-- Indexes for table `blog_categories`
--
ALTER TABLE `blog_categories`
  ADD PRIMARY KEY (`id`) USING BTREE;

--
-- Indexes for table `blog_translations`
--
ALTER TABLE `blog_translations`
  ADD PRIMARY KEY (`id`),
  ADD UNIQUE KEY `blog_translations_blog_id_locale_unique` (`blog_id`,`locale`),
  ADD KEY `blog_translations_locale_index` (`locale`);

--
-- Indexes for table `bundles`
--
ALTER TABLE `bundles`
  ADD PRIMARY KEY (`id`),
  ADD KEY `bundles_creator_id_foreign` (`creator_id`),
  ADD KEY `bundles_teacher_id_foreign` (`teacher_id`),
  ADD KEY `bundles_category_id_foreign` (`category_id`),
  ADD KEY `bundles_slug_index` (`slug`);

--
-- Indexes for table `bundle_filter_option`
--
ALTER TABLE `bundle_filter_option`
  ADD PRIMARY KEY (`id`),
  ADD KEY `bundle_filter_option_bundle_id_foreign` (`bundle_id`),
  ADD KEY `bundle_filter_option_filter_option_id_foreign` (`filter_option_id`);

--
-- Indexes for table `bundle_translations`
--
ALTER TABLE `bundle_translations`
  ADD PRIMARY KEY (`id`),
  ADD KEY `bundle_translations_bundle_id_foreign` (`bundle_id`),
  ADD KEY `bundle_translations_locale_index` (`locale`);

--
-- Indexes for table `bundle_webinars`
--
ALTER TABLE `bundle_webinars`
  ADD PRIMARY KEY (`id`),
  ADD KEY `bundle_webinars_bundle_id_foreign` (`bundle_id`),
  ADD KEY `bundle_webinars_webinar_id_foreign` (`webinar_id`);

--
-- Indexes for table `cart`
--
ALTER TABLE `cart`
  ADD PRIMARY KEY (`id`) USING BTREE,
  ADD KEY `cart_creator_id_foreign` (`creator_id`) USING BTREE,
  ADD KEY `cart_webinar_id_foreign` (`webinar_id`) USING BTREE,
  ADD KEY `cart_ticket_id_foreign` (`ticket_id`) USING BTREE,
  ADD KEY `cart_reserve_meeting_id_foreign` (`reserve_meeting_id`) USING BTREE,
  ADD KEY `cart_subscribe_id_foreign` (`subscribe_id`) USING BTREE,
  ADD KEY `cart_promotion_id_foreign` (`promotion_id`) USING BTREE,
  ADD KEY `cart_special_offer_id_foreign` (`special_offer_id`),
  ADD KEY `cart_product_order_id_foreign` (`product_order_id`),
  ADD KEY `cart_product_discount_id_foreign` (`product_discount_id`),
  ADD KEY `cart_bundle_id_foreign` (`bundle_id`),
  ADD KEY `cart_installment_payment_id_foreign` (`installment_payment_id`),
  ADD KEY `cart_gift_id_foreign` (`gift_id`);

--
-- Indexes for table `cashback_rules`
--
ALTER TABLE `cashback_rules`
  ADD PRIMARY KEY (`id`);

--
-- Indexes for table `cashback_rule_specification_items`
--
ALTER TABLE `cashback_rule_specification_items`
  ADD PRIMARY KEY (`id`),
  ADD KEY `cashback_rule_specification_items_cashback_rule_id_foreign` (`cashback_rule_id`),
  ADD KEY `cashback_rule_specification_items_category_id_foreign` (`category_id`),
  ADD KEY `cashback_rule_specification_items_instructor_id_foreign` (`instructor_id`),
  ADD KEY `cashback_rule_specification_items_seller_id_foreign` (`seller_id`),
  ADD KEY `cashback_rule_specification_items_webinar_id_foreign` (`webinar_id`),
  ADD KEY `cashback_rule_specification_items_product_id_foreign` (`product_id`),
  ADD KEY `cashback_rule_specification_items_bundle_id_foreign` (`bundle_id`),
  ADD KEY `cashback_rule_specification_items_subscribe_id_foreign` (`subscribe_id`),
  ADD KEY `rules_registration_package_id` (`registration_package_id`);

--
-- Indexes for table `cashback_rule_translations`
--
ALTER TABLE `cashback_rule_translations`
  ADD PRIMARY KEY (`id`),
  ADD KEY `cashback_rule_translations_cashback_rule_id_foreign` (`cashback_rule_id`),
  ADD KEY `cashback_rule_translations_locale_index` (`locale`);

--
-- Indexes for table `cashback_rule_users_groups`
--
ALTER TABLE `cashback_rule_users_groups`
  ADD PRIMARY KEY (`id`),
  ADD KEY `cashback_rule_users_groups_cashback_rule_id_foreign` (`cashback_rule_id`),
  ADD KEY `cashback_rule_users_groups_group_id_foreign` (`group_id`),
  ADD KEY `cashback_rule_users_groups_user_id_foreign` (`user_id`);

--
-- Indexes for table `categories`
--
ALTER TABLE `categories`
  ADD PRIMARY KEY (`id`) USING BTREE,
  ADD KEY `parent_id` (`parent_id`) USING BTREE;

--
-- Indexes for table `category_translations`
--
ALTER TABLE `category_translations`
  ADD PRIMARY KEY (`id`) USING BTREE,
  ADD KEY `category_translations_category_id_foreign` (`category_id`) USING BTREE,
  ADD KEY `category_translations_locale_index` (`locale`) USING BTREE;

--
-- Indexes for table `certificates`
--
ALTER TABLE `certificates`
  ADD PRIMARY KEY (`id`) USING BTREE,
  ADD KEY `certificates_quiz_id_foreign` (`quiz_id`) USING BTREE,
  ADD KEY `certificates_quiz_result_id_foreign` (`quiz_result_id`) USING BTREE,
  ADD KEY `certificates_student_id_foreign` (`student_id`) USING BTREE,
  ADD KEY `certificates_webinar_id_foreign` (`webinar_id`);

--
-- Indexes for table `certificates_templates`
--
ALTER TABLE `certificates_templates`
  ADD PRIMARY KEY (`id`) USING BTREE;

--
-- Indexes for table `certificate_template_translations`
--
ALTER TABLE `certificate_template_translations`
  ADD PRIMARY KEY (`id`),
  ADD KEY `certificate_template_id` (`certificate_template_id`),
  ADD KEY `certificate_template_translations_locale_index` (`locale`);

--
-- Indexes for table `comments`
--
ALTER TABLE `comments`
  ADD PRIMARY KEY (`id`) USING BTREE,
  ADD KEY `comments_webinar_id_foreign` (`webinar_id`) USING BTREE,
  ADD KEY `comments_user_id_foreign` (`user_id`) USING BTREE,
  ADD KEY `comments_review_id_foreign` (`review_id`) USING BTREE,
  ADD KEY `comments_reply_id_foreign` (`reply_id`) USING BTREE,
  ADD KEY `comments_product_id_foreign` (`product_id`),
  ADD KEY `comments_bundle_id_foreign` (`bundle_id`),
  ADD KEY `blog_id` (`blog_id`),
  ADD KEY `comments_upcoming_course_id_foreign` (`upcoming_course_id`);

--
-- Indexes for table `comments_reports`
--
ALTER TABLE `comments_reports`
  ADD PRIMARY KEY (`id`) USING BTREE,
  ADD KEY `comments_reports_comment_id_foreign` (`comment_id`) USING BTREE,
  ADD KEY `comments_reports_product_id_foreign` (`product_id`);

--
-- Indexes for table `contacts`
--
ALTER TABLE `contacts`
  ADD PRIMARY KEY (`id`) USING BTREE;

--
-- Indexes for table `course_forums`
--
ALTER TABLE `course_forums`
  ADD PRIMARY KEY (`id`),
  ADD KEY `course_forums_webinar_id_foreign` (`webinar_id`),
  ADD KEY `course_forums_user_id_foreign` (`user_id`);

--
-- Indexes for table `course_forum_answers`
--
ALTER TABLE `course_forum_answers`
  ADD PRIMARY KEY (`id`),
  ADD KEY `course_forum_answers_user_id_foreign` (`user_id`),
  ADD KEY `course_forum_answers_forum_id_foreign` (`forum_id`);

--
-- Indexes for table `course_learning`
--
ALTER TABLE `course_learning`
  ADD PRIMARY KEY (`id`),
  ADD KEY `course_learning_user_id_foreign` (`user_id`),
  ADD KEY `course_learning_text_lesson_id_foreign` (`text_lesson_id`),
  ADD KEY `course_learning_file_id_foreign` (`file_id`),
  ADD KEY `course_learning_session_id_foreign` (`session_id`);

--
-- Indexes for table `course_noticeboards`
--
ALTER TABLE `course_noticeboards`
  ADD PRIMARY KEY (`id`),
  ADD KEY `course_noticeboards_creator_id_foreign` (`creator_id`),
  ADD KEY `course_noticeboards_webinar_id_foreign` (`webinar_id`);

--
-- Indexes for table `course_noticeboard_status`
--
ALTER TABLE `course_noticeboard_status`
  ADD PRIMARY KEY (`id`),
  ADD KEY `course_noticeboard_status_noticeboard_id_foreign` (`noticeboard_id`);

--
-- Indexes for table `currencies`
--
ALTER TABLE `currencies`
  ADD PRIMARY KEY (`id`);

--
-- Indexes for table `delete_account_requests`
--
ALTER TABLE `delete_account_requests`
  ADD PRIMARY KEY (`id`),
  ADD KEY `delete_account_requests_user_id_foreign` (`user_id`);

--
-- Indexes for table `discounts`
--
ALTER TABLE `discounts`
  ADD PRIMARY KEY (`id`) USING BTREE,
  ADD UNIQUE KEY `discounts_code_unique` (`code`),
  ADD KEY `discounts_creator_id_foreign` (`creator_id`) USING BTREE;

--
-- Indexes for table `discount_bundles`
--
ALTER TABLE `discount_bundles`
  ADD PRIMARY KEY (`id`),
  ADD KEY `discount_bundles_discount_id_foreign` (`discount_id`),
  ADD KEY `discount_bundles_bundle_id_foreign` (`bundle_id`);

--
-- Indexes for table `discount_categories`
--
ALTER TABLE `discount_categories`
  ADD PRIMARY KEY (`id`),
  ADD KEY `discount_categories_discount_id_foreign` (`discount_id`),
  ADD KEY `discount_categories_category_id_foreign` (`category_id`);

--
-- Indexes for table `discount_courses`
--
ALTER TABLE `discount_courses`
  ADD PRIMARY KEY (`id`),
  ADD KEY `discount_courses_discount_id_foreign` (`discount_id`),
  ADD KEY `discount_courses_course_id_foreign` (`course_id`);

--
-- Indexes for table `discount_groups`
--
ALTER TABLE `discount_groups`
  ADD PRIMARY KEY (`id`),
  ADD KEY `discount_groups_discount_id_foreign` (`discount_id`),
  ADD KEY `discount_groups_group_id_foreign` (`group_id`);

--
-- Indexes for table `discount_users`
--
ALTER TABLE `discount_users`
  ADD PRIMARY KEY (`id`) USING BTREE,
  ADD KEY `discount_users_discount_id_foreign` (`discount_id`) USING BTREE,
  ADD KEY `discount_users_user_id_foreign` (`user_id`) USING BTREE;

--
-- Indexes for table `failed_jobs`
--
ALTER TABLE `failed_jobs`
  ADD PRIMARY KEY (`id`),
  ADD UNIQUE KEY `failed_jobs_uuid_unique` (`uuid`);

--
-- Indexes for table `faqs`
--
ALTER TABLE `faqs`
  ADD PRIMARY KEY (`id`) USING BTREE,
  ADD KEY `faqs_webinar_id_foreign` (`webinar_id`) USING BTREE,
  ADD KEY `faqs_creator_id_foreign` (`creator_id`) USING BTREE,
  ADD KEY `faqs_bundle_id_foreign` (`bundle_id`),
  ADD KEY `faqs_upcoming_course_id_foreign` (`upcoming_course_id`);

--
-- Indexes for table `faq_translations`
--
ALTER TABLE `faq_translations`
  ADD PRIMARY KEY (`id`),
  ADD KEY `faq_translations_faq_id_foreign` (`faq_id`),
  ADD KEY `faq_translations_locale_index` (`locale`);

--
-- Indexes for table `favorites`
--
ALTER TABLE `favorites`
  ADD PRIMARY KEY (`id`) USING BTREE,
  ADD KEY `favorites_webinar_id_foreign` (`webinar_id`) USING BTREE,
  ADD KEY `favorites_user_id_foreign` (`user_id`) USING BTREE,
  ADD KEY `favorites_bundle_id_foreign` (`bundle_id`),
  ADD KEY `favorites_upcoming_course_id_foreign` (`upcoming_course_id`);

--
-- Indexes for table `feature_webinars`
--
ALTER TABLE `feature_webinars`
  ADD PRIMARY KEY (`id`) USING BTREE,
  ADD KEY `feature_webinars_webinar_id_index` (`webinar_id`) USING BTREE;

--
-- Indexes for table `feature_webinar_translations`
--
ALTER TABLE `feature_webinar_translations`
  ADD PRIMARY KEY (`id`),
  ADD KEY `feature_webinar_translations_feature_webinar_id_foreign` (`feature_webinar_id`),
  ADD KEY `feature_webinar_translations_locale_index` (`locale`);

--
-- Indexes for table `files`
--
ALTER TABLE `files`
  ADD PRIMARY KEY (`id`) USING BTREE,
  ADD KEY `files_webinar_id_foreign` (`webinar_id`) USING BTREE,
  ADD KEY `files_creator_id_foreign` (`creator_id`) USING BTREE,
  ADD KEY `files_chapter_id_foreign` (`chapter_id`);

--
-- Indexes for table `file_translations`
--
ALTER TABLE `file_translations`
  ADD PRIMARY KEY (`id`),
  ADD KEY `file_translations_file_id_foreign` (`file_id`),
  ADD KEY `file_translations_locale_index` (`locale`);

--
-- Indexes for table `filters`
--
ALTER TABLE `filters`
  ADD PRIMARY KEY (`id`) USING BTREE,
  ADD KEY `filters_category_id_foreign` (`category_id`) USING BTREE;

--
-- Indexes for table `filter_options`
--
ALTER TABLE `filter_options`
  ADD PRIMARY KEY (`id`) USING BTREE,
  ADD KEY `filter_options_filter_id_foreign` (`filter_id`) USING BTREE;

--
-- Indexes for table `filter_option_translations`
--
ALTER TABLE `filter_option_translations`
  ADD PRIMARY KEY (`id`),
  ADD KEY `filter_option_translations_filter_option_id_foreign` (`filter_option_id`),
  ADD KEY `filter_option_translations_locale_index` (`locale`);

--
-- Indexes for table `filter_translations`
--
ALTER TABLE `filter_translations`
  ADD PRIMARY KEY (`id`),
  ADD KEY `filter_translations_filter_id_foreign` (`filter_id`),
  ADD KEY `filter_translations_locale_index` (`locale`);

--
-- Indexes for table `floating_bars`
--
ALTER TABLE `floating_bars`
  ADD PRIMARY KEY (`id`);

--
-- Indexes for table `floating_bar_translations`
--
ALTER TABLE `floating_bar_translations`
  ADD PRIMARY KEY (`id`),
  ADD KEY `floating_bar_translations_floating_bar_id_foreign` (`floating_bar_id`),
  ADD KEY `floating_bar_translations_locale_index` (`locale`);

--
-- Indexes for table `follows`
--
ALTER TABLE `follows`
  ADD PRIMARY KEY (`id`) USING BTREE,
  ADD KEY `follows_follower_foreign` (`follower`) USING BTREE,
  ADD KEY `follows_user_id_foreign` (`user_id`) USING BTREE;

--
-- Indexes for table `forms`
--
ALTER TABLE `forms`
  ADD PRIMARY KEY (`id`),
  ADD UNIQUE KEY `forms_url_unique` (`url`);

--
-- Indexes for table `form_fields`
--
ALTER TABLE `form_fields`
  ADD PRIMARY KEY (`id`),
  ADD KEY `form_fields_form_id_foreign` (`form_id`);

--
-- Indexes for table `form_field_options`
--
ALTER TABLE `form_field_options`
  ADD PRIMARY KEY (`id`),
  ADD KEY `form_field_options_form_field_id_foreign` (`form_field_id`);

--
-- Indexes for table `form_field_option_translations`
--
ALTER TABLE `form_field_option_translations`
  ADD PRIMARY KEY (`id`),
  ADD KEY `form_field_option_id_trans` (`form_field_option_id`),
  ADD KEY `form_field_option_translations_locale_index` (`locale`);

--
-- Indexes for table `form_field_translations`
--
ALTER TABLE `form_field_translations`
  ADD PRIMARY KEY (`id`),
  ADD KEY `form_field_translations_form_field_id_foreign` (`form_field_id`),
  ADD KEY `form_field_translations_locale_index` (`locale`);

--
-- Indexes for table `form_roles_users_groups`
--
ALTER TABLE `form_roles_users_groups`
  ADD PRIMARY KEY (`id`),
  ADD KEY `form_roles_users_groups_form_id_foreign` (`form_id`),
  ADD KEY `form_roles_users_groups_role_id_foreign` (`role_id`),
  ADD KEY `form_roles_users_groups_user_id_foreign` (`user_id`),
  ADD KEY `form_roles_users_groups_group_id_foreign` (`group_id`);

--
-- Indexes for table `form_submissions`
--
ALTER TABLE `form_submissions`
  ADD PRIMARY KEY (`id`),
  ADD KEY `form_submissions_user_id_foreign` (`user_id`),
  ADD KEY `form_submissions_form_id_foreign` (`form_id`);

--
-- Indexes for table `form_submission_items`
--
ALTER TABLE `form_submission_items`
  ADD PRIMARY KEY (`id`),
  ADD KEY `form_submission_items_submission_id_foreign` (`submission_id`),
  ADD KEY `form_submission_items_form_field_id_foreign` (`form_field_id`);

--
-- Indexes for table `form_translations`
--
ALTER TABLE `form_translations`
  ADD PRIMARY KEY (`id`),
  ADD KEY `form_translations_form_id_foreign` (`form_id`),
  ADD KEY `form_translations_locale_index` (`locale`);

--
-- Indexes for table `forums`
--
ALTER TABLE `forums`
  ADD PRIMARY KEY (`id`),
  ADD UNIQUE KEY `forums_slug_unique` (`slug`),
  ADD KEY `forums_role_id_foreign` (`role_id`),
  ADD KEY `forums_group_id_foreign` (`group_id`);

--
-- Indexes for table `forum_featured_topics`
--
ALTER TABLE `forum_featured_topics`
  ADD PRIMARY KEY (`id`),
  ADD KEY `forum_featured_topics_topic_id_foreign` (`topic_id`);

--
-- Indexes for table `forum_recommended_topics`
--
ALTER TABLE `forum_recommended_topics`
  ADD PRIMARY KEY (`id`);

--
-- Indexes for table `forum_recommended_topic_items`
--
ALTER TABLE `forum_recommended_topic_items`
  ADD PRIMARY KEY (`id`),
  ADD KEY `forum_recommended_topic_items_recommended_topic_id_foreign` (`recommended_topic_id`),
  ADD KEY `forum_recommended_topic_items_topic_id_foreign` (`topic_id`);

--
-- Indexes for table `forum_topics`
--
ALTER TABLE `forum_topics`
  ADD PRIMARY KEY (`id`),
  ADD UNIQUE KEY `forum_topics_slug_unique` (`slug`),
  ADD KEY `forum_topics_creator_id_foreign` (`creator_id`),
  ADD KEY `forum_topics_forum_id_foreign` (`forum_id`);

--
-- Indexes for table `forum_topic_attachments`
--
ALTER TABLE `forum_topic_attachments`
  ADD PRIMARY KEY (`id`),
  ADD KEY `forum_topic_attachments_topic_id_foreign` (`topic_id`),
  ADD KEY `forum_topic_attachments_creator_id_foreign` (`creator_id`);

--
-- Indexes for table `forum_topic_bookmarks`
--
ALTER TABLE `forum_topic_bookmarks`
  ADD PRIMARY KEY (`id`),
  ADD KEY `forum_topic_bookmarks_user_id_foreign` (`user_id`),
  ADD KEY `forum_topic_bookmarks_topic_id_foreign` (`topic_id`);

--
-- Indexes for table `forum_topic_likes`
--
ALTER TABLE `forum_topic_likes`
  ADD PRIMARY KEY (`id`),
  ADD KEY `forum_topic_likes_user_id_foreign` (`user_id`),
  ADD KEY `forum_topic_likes_topic_id_foreign` (`topic_id`),
  ADD KEY `forum_topic_likes_topic_post_id_foreign` (`topic_post_id`);

--
-- Indexes for table `forum_topic_posts`
--
ALTER TABLE `forum_topic_posts`
  ADD PRIMARY KEY (`id`),
  ADD KEY `forum_topic_posts_user_id_foreign` (`user_id`),
  ADD KEY `forum_topic_posts_topic_id_foreign` (`topic_id`),
  ADD KEY `forum_topic_posts_parent_id_foreign` (`parent_id`);

--
-- Indexes for table `forum_topic_reports`
--
ALTER TABLE `forum_topic_reports`
  ADD PRIMARY KEY (`id`),
  ADD KEY `forum_topic_reports_user_id_foreign` (`user_id`),
  ADD KEY `forum_topic_reports_topic_id_foreign` (`topic_id`),
  ADD KEY `forum_topic_reports_topic_post_id_foreign` (`topic_post_id`);

--
-- Indexes for table `forum_translations`
--
ALTER TABLE `forum_translations`
  ADD PRIMARY KEY (`id`),
  ADD KEY `forum_translations_forum_id_foreign` (`forum_id`),
  ADD KEY `forum_translations_locale_index` (`locale`);

--
-- Indexes for table `gifts`
--
ALTER TABLE `gifts`
  ADD PRIMARY KEY (`id`),
  ADD KEY `gifts_user_id_foreign` (`user_id`),
  ADD KEY `gifts_webinar_id_foreign` (`webinar_id`),
  ADD KEY `gifts_bundle_id_foreign` (`bundle_id`),
  ADD KEY `gifts_product_id_foreign` (`product_id`);

--
-- Indexes for table `groups`
--
ALTER TABLE `groups`
  ADD PRIMARY KEY (`id`) USING BTREE,
  ADD KEY `groups_creator_id_foreign` (`creator_id`) USING BTREE;

--
-- Indexes for table `groups_registration_packages`
--
ALTER TABLE `groups_registration_packages`
  ADD PRIMARY KEY (`id`),
  ADD KEY `groups_registration_packages_group_id_foreign` (`group_id`);

--
-- Indexes for table `group_users`
--
ALTER TABLE `group_users`
  ADD PRIMARY KEY (`id`) USING BTREE,
  ADD KEY `group_users_group_id_foreign` (`group_id`) USING BTREE,
  ADD KEY `group_users_user_id_foreign` (`user_id`) USING BTREE;

--
-- Indexes for table `home_page_statistics`
--
ALTER TABLE `home_page_statistics`
  ADD PRIMARY KEY (`id`);

--
-- Indexes for table `home_page_statistic_translations`
--
ALTER TABLE `home_page_statistic_translations`
  ADD PRIMARY KEY (`id`),
  ADD KEY `home_page_statistic_id` (`home_page_statistic_id`),
  ADD KEY `home_page_statistic_translations_locale_index` (`locale`);

--
-- Indexes for table `home_sections`
--
ALTER TABLE `home_sections`
  ADD PRIMARY KEY (`id`),
  ADD KEY `home_sections_name_index` (`name`);

--
-- Indexes for table `installments`
--
ALTER TABLE `installments`
  ADD PRIMARY KEY (`id`);

--
-- Indexes for table `installment_orders`
--
ALTER TABLE `installment_orders`
  ADD PRIMARY KEY (`id`),
  ADD KEY `installment_orders_installment_id_foreign` (`installment_id`),
  ADD KEY `installment_orders_user_id_foreign` (`user_id`),
  ADD KEY `installment_orders_webinar_id_foreign` (`webinar_id`),
  ADD KEY `installment_orders_product_id_foreign` (`product_id`),
  ADD KEY `installment_orders_bundle_id_foreign` (`bundle_id`),
  ADD KEY `installment_orders_subscribe_id_foreign` (`subscribe_id`),
  ADD KEY `installment_orders_registration_package_id_foreign` (`registration_package_id`),
  ADD KEY `installment_product_order_id` (`product_order_id`);

--
-- Indexes for table `installment_order_attachments`
--
ALTER TABLE `installment_order_attachments`
  ADD PRIMARY KEY (`id`),
  ADD KEY `installment_order_id_attachment` (`installment_order_id`);

--
-- Indexes for table `installment_order_payments`
--
ALTER TABLE `installment_order_payments`
  ADD PRIMARY KEY (`id`),
  ADD KEY `installment_order_id` (`installment_order_id`),
  ADD KEY `installment_order_payments_sale_id_foreign` (`sale_id`),
  ADD KEY `installment_order_payments_selected_installment_step_id_foreign` (`selected_installment_step_id`);

--
-- Indexes for table `installment_reminders`
--
ALTER TABLE `installment_reminders`
  ADD PRIMARY KEY (`id`),
  ADD KEY `installment_reminders_user_id_foreign` (`user_id`);

--
-- Indexes for table `installment_specification_items`
--
ALTER TABLE `installment_specification_items`
  ADD PRIMARY KEY (`id`),
  ADD KEY `installment_specification_items_installment_id_foreign` (`installment_id`),
  ADD KEY `installment_specification_items_category_id_foreign` (`category_id`),
  ADD KEY `installment_specification_items_instructor_id_foreign` (`instructor_id`),
  ADD KEY `installment_specification_items_seller_id_foreign` (`seller_id`),
  ADD KEY `installment_specification_items_webinar_id_foreign` (`webinar_id`),
  ADD KEY `installment_specification_items_product_id_foreign` (`product_id`),
  ADD KEY `installment_specification_items_bundle_id_foreign` (`bundle_id`),
  ADD KEY `installment_specification_items_subscribe_id_foreign` (`subscribe_id`),
  ADD KEY `installment_specification_items_registration_package_id_foreign` (`registration_package_id`);

--
-- Indexes for table `installment_steps`
--
ALTER TABLE `installment_steps`
  ADD PRIMARY KEY (`id`),
  ADD KEY `installment_steps_installment_id_foreign` (`installment_id`);

--
-- Indexes for table `installment_step_translations`
--
ALTER TABLE `installment_step_translations`
  ADD PRIMARY KEY (`id`),
  ADD KEY `installment_step_translations_installment_step_id_foreign` (`installment_step_id`),
  ADD KEY `installment_step_translations_locale_index` (`locale`);

--
-- Indexes for table `installment_translations`
--
ALTER TABLE `installment_translations`
  ADD PRIMARY KEY (`id`),
  ADD KEY `installment_translations_installment_id_foreign` (`installment_id`),
  ADD KEY `installment_translations_locale_index` (`locale`);

--
-- Indexes for table `installment_user_groups`
--
ALTER TABLE `installment_user_groups`
  ADD PRIMARY KEY (`id`),
  ADD KEY `installment_user_groups_installment_id_foreign` (`installment_id`),
  ADD KEY `installment_user_groups_group_id_foreign` (`group_id`);

--
-- Indexes for table `jazzcash_transactions`
--
ALTER TABLE `jazzcash_transactions`
  ADD PRIMARY KEY (`id`);

--
-- Indexes for table `meetings`
--
ALTER TABLE `meetings`
  ADD PRIMARY KEY (`id`) USING BTREE,
  ADD KEY `meetings_creator_id_foreign` (`creator_id`) USING BTREE;

--
-- Indexes for table `meeting_times`
--
ALTER TABLE `meeting_times`
  ADD PRIMARY KEY (`id`) USING BTREE,
  ADD KEY `meeting_times_meeting_id_foreign` (`meeting_id`) USING BTREE;

--
-- Indexes for table `migrations`
--
ALTER TABLE `migrations`
  ADD PRIMARY KEY (`id`) USING BTREE;

--
-- Indexes for table `navbar_buttons`
--
ALTER TABLE `navbar_buttons`
  ADD PRIMARY KEY (`id`),
  ADD KEY `navbar_buttons_role_id_foreign` (`role_id`);

--
-- Indexes for table `navbar_button_translations`
--
ALTER TABLE `navbar_button_translations`
  ADD PRIMARY KEY (`id`),
  ADD KEY `navbar_button_translations_navbar_button_id_foreign` (`navbar_button_id`),
  ADD KEY `navbar_button_translations_locale_index` (`locale`);

--
-- Indexes for table `newsletters`
--
ALTER TABLE `newsletters`
  ADD PRIMARY KEY (`id`);

--
-- Indexes for table `newsletters_history`
--
ALTER TABLE `newsletters_history`
  ADD PRIMARY KEY (`id`);

--
-- Indexes for table `noticeboards`
--
ALTER TABLE `noticeboards`
  ADD PRIMARY KEY (`id`),
  ADD KEY `noticeboards_organ_id_foreign` (`organ_id`),
  ADD KEY `noticeboards_user_id_foreign` (`user_id`),
  ADD KEY `noticeboards_instructor_id_foreign` (`instructor_id`),
  ADD KEY `noticeboards_webinar_id_foreign` (`webinar_id`);

--
-- Indexes for table `noticeboards_status`
--
ALTER TABLE `noticeboards_status`
  ADD PRIMARY KEY (`id`),
  ADD KEY `noticeboards_status_noticeboard_id_foreign` (`noticeboard_id`);

--
-- Indexes for table `notifications`
--
ALTER TABLE `notifications`
  ADD PRIMARY KEY (`id`) USING BTREE,
  ADD KEY `notifications_user_id_foreign` (`user_id`) USING BTREE,
  ADD KEY `notifications_group_id_foreign` (`group_id`) USING BTREE,
  ADD KEY `webinar_id` (`webinar_id`);

--
-- Indexes for table `notifications_status`
--
ALTER TABLE `notifications_status`
  ADD PRIMARY KEY (`id`) USING BTREE,
  ADD KEY `notifications_status_notification_id_foreign` (`notification_id`) USING BTREE;

--
-- Indexes for table `notification_templates`
--
ALTER TABLE `notification_templates`
  ADD PRIMARY KEY (`id`) USING BTREE;

--
-- Indexes for table `offline_banks`
--
ALTER TABLE `offline_banks`
  ADD PRIMARY KEY (`id`);

--
-- Indexes for table `offline_bank_specifications`
--
ALTER TABLE `offline_bank_specifications`
  ADD PRIMARY KEY (`id`),
  ADD KEY `offline_bank_specifications_offline_bank_id_foreign` (`offline_bank_id`);

--
-- Indexes for table `offline_bank_specification_translations`
--
ALTER TABLE `offline_bank_specification_translations`
  ADD PRIMARY KEY (`id`),
  ADD KEY `offline_bank_specification_id` (`offline_bank_specification_id`),
  ADD KEY `locale` (`locale`) USING BTREE;

--
-- Indexes for table `offline_bank_translations`
--
ALTER TABLE `offline_bank_translations`
  ADD PRIMARY KEY (`id`),
  ADD KEY `offline_bank_translations_offline_bank_id_foreign` (`offline_bank_id`),
  ADD KEY `offline_bank_translations_locale_index` (`locale`);

--
-- Indexes for table `offline_payments`
--
ALTER TABLE `offline_payments`
  ADD PRIMARY KEY (`id`) USING BTREE,
  ADD KEY `offline_payments_user_id_foreign` (`user_id`) USING BTREE,
  ADD KEY `offline_payments_offline_bank_id_foreign` (`offline_bank_id`);

--
-- Indexes for table `orders`
--
ALTER TABLE `orders`
  ADD PRIMARY KEY (`id`) USING BTREE,
  ADD KEY `orders_user_id_foreign` (`user_id`) USING BTREE;

--
-- Indexes for table `order_items`
--
ALTER TABLE `order_items`
  ADD PRIMARY KEY (`id`) USING BTREE,
  ADD KEY `order_items_order_id_foreign` (`order_id`) USING BTREE,
  ADD KEY `order_items_webinar_id_foreign` (`webinar_id`) USING BTREE,
  ADD KEY `order_items_ticket_id_foreign` (`ticket_id`) USING BTREE,
  ADD KEY `order_items_reserve_meeting_id_foreign` (`reserve_meeting_id`) USING BTREE,
  ADD KEY `order_items_subscribe_id_foreign` (`subscribe_id`) USING BTREE,
  ADD KEY `order_items_promotion_id_foreign` (`promotion_id`) USING BTREE,
  ADD KEY `order_items_gift_id_foreign` (`gift_id`);

--
-- Indexes for table `pages`
--
ALTER TABLE `pages`
  ADD PRIMARY KEY (`id`),
  ADD UNIQUE KEY `pages_link_unique` (`link`);

--
-- Indexes for table `page_translations`
--
ALTER TABLE `page_translations`
  ADD PRIMARY KEY (`id`),
  ADD KEY `page_translations_page_id_foreign` (`page_id`),
  ADD KEY `page_translations_locale_index` (`locale`);

--
-- Indexes for table `password_resets`
--
ALTER TABLE `password_resets`
  ADD KEY `password_resets_email_index` (`email`) USING BTREE;

--
-- Indexes for table `payku_payments`
--
ALTER TABLE `payku_payments`
  ADD UNIQUE KEY `payku_payments_transaction_id_unique` (`transaction_id`);

--
-- Indexes for table `payku_transactions`
--
ALTER TABLE `payku_transactions`
  ADD UNIQUE KEY `payku_transactions_id_unique` (`id`),
  ADD UNIQUE KEY `payku_transactions_order_unique` (`order`);

--
-- Indexes for table `payment_channels`
--
ALTER TABLE `payment_channels`
  ADD PRIMARY KEY (`id`) USING BTREE;

--
-- Indexes for table `payouts`
--
ALTER TABLE `payouts`
  ADD PRIMARY KEY (`id`) USING BTREE,
  ADD KEY `payouts_user_id_foreign` (`user_id`) USING BTREE,
  ADD KEY `payout_user_selected_bank_id` (`user_selected_bank_id`) USING BTREE;

--
-- Indexes for table `payu_transactions`
--
ALTER TABLE `payu_transactions`
  ADD PRIMARY KEY (`id`) USING BTREE,
  ADD UNIQUE KEY `payu_transactions_transaction_id_unique` (`transaction_id`) USING BTREE,
  ADD KEY `payu_transactions_status_index` (`status`) USING BTREE,
  ADD KEY `payu_transactions_verified_at_index` (`verified_at`) USING BTREE;

--
-- Indexes for table `permissions`
--
ALTER TABLE `permissions`
  ADD PRIMARY KEY (`id`) USING BTREE,
  ADD KEY `permissions_role_id_index` (`role_id`) USING BTREE,
  ADD KEY `permissions_section_id_index` (`section_id`) USING BTREE;

--
-- Indexes for table `prerequisites`
--
ALTER TABLE `prerequisites`
  ADD PRIMARY KEY (`id`) USING BTREE,
  ADD KEY `prerequisites_webinar_id_foreign` (`webinar_id`) USING BTREE,
  ADD KEY `prerequisite_id` (`prerequisite_id`);

--
-- Indexes for table `products`
--
ALTER TABLE `products`
  ADD PRIMARY KEY (`id`),
  ADD KEY `products_creator_id_foreign` (`creator_id`),
  ADD KEY `products_category_id_foreign` (`category_id`),
  ADD KEY `products_type_index` (`type`),
  ADD KEY `products_slug_index` (`slug`);

--
-- Indexes for table `product_categories`
--
ALTER TABLE `product_categories`
  ADD PRIMARY KEY (`id`);

--
-- Indexes for table `product_category_translations`
--
ALTER TABLE `product_category_translations`
  ADD PRIMARY KEY (`id`),
  ADD KEY `product_category_id` (`product_category_id`),
  ADD KEY `product_category_translations_locale_index` (`locale`);

--
-- Indexes for table `product_discounts`
--
ALTER TABLE `product_discounts`
  ADD PRIMARY KEY (`id`),
  ADD KEY `product_discounts_creator_id_foreign` (`creator_id`),
  ADD KEY `product_discounts_product_id_foreign` (`product_id`);

--
-- Indexes for table `product_faqs`
--
ALTER TABLE `product_faqs`
  ADD PRIMARY KEY (`id`),
  ADD KEY `product_faqs_product_id_foreign` (`product_id`),
  ADD KEY `product_faqs_creator_id_foreign` (`creator_id`);

--
-- Indexes for table `product_faq_translations`
--
ALTER TABLE `product_faq_translations`
  ADD PRIMARY KEY (`id`),
  ADD KEY `product_faq_id` (`product_faq_id`),
  ADD KEY `product_faq_translations_locale_index` (`locale`);

--
-- Indexes for table `product_files`
--
ALTER TABLE `product_files`
  ADD PRIMARY KEY (`id`),
  ADD KEY `file_product_id` (`product_id`),
  ADD KEY `file_creator_id` (`creator_id`);

--
-- Indexes for table `product_file_translations`
--
ALTER TABLE `product_file_translations`
  ADD PRIMARY KEY (`id`),
  ADD KEY `product_file_id` (`product_file_id`),
  ADD KEY `product_file_translations_locale_index` (`locale`);

--
-- Indexes for table `product_filters`
--
ALTER TABLE `product_filters`
  ADD PRIMARY KEY (`id`),
  ADD KEY `product_filters_category_id_foreign` (`category_id`);

--
-- Indexes for table `product_filter_options`
--
ALTER TABLE `product_filter_options`
  ADD PRIMARY KEY (`id`),
  ADD KEY `product_filter_options_filter_id_foreign` (`filter_id`);

--
-- Indexes for table `product_filter_option_translations`
--
ALTER TABLE `product_filter_option_translations`
  ADD PRIMARY KEY (`id`),
  ADD KEY `product_filter_option_id` (`product_filter_option_id`),
  ADD KEY `product_filter_option_translations_locale_index` (`locale`);

--
-- Indexes for table `product_filter_translations`
--
ALTER TABLE `product_filter_translations`
  ADD PRIMARY KEY (`id`),
  ADD KEY `product_filter_id` (`product_filter_id`),
  ADD KEY `product_filter_translations_locale_index` (`locale`);

--
-- Indexes for table `product_media`
--
ALTER TABLE `product_media`
  ADD PRIMARY KEY (`id`),
  ADD KEY `media_product_id` (`product_id`),
  ADD KEY `media_creator_id` (`creator_id`);

--
-- Indexes for table `product_orders`
--
ALTER TABLE `product_orders`
  ADD PRIMARY KEY (`id`),
  ADD KEY `product_orders_installment_order_id_foreign` (`installment_order_id`),
  ADD KEY `product_orders_gift_id_foreign` (`gift_id`);

--
-- Indexes for table `product_reviews`
--
ALTER TABLE `product_reviews`
  ADD PRIMARY KEY (`id`),
  ADD KEY `product_reviews_creator_id_foreign` (`creator_id`),
  ADD KEY `product_reviews_product_id_foreign` (`product_id`);

--
-- Indexes for table `product_selected_filter_options`
--
ALTER TABLE `product_selected_filter_options`
  ADD PRIMARY KEY (`id`),
  ADD KEY `product_selected_filter_options_product_id_foreign` (`product_id`),
  ADD KEY `product_selected_filter_options_filter_option_id_foreign` (`filter_option_id`);

--
-- Indexes for table `product_selected_specifications`
--
ALTER TABLE `product_selected_specifications`
  ADD PRIMARY KEY (`id`),
  ADD KEY `product_selected_specifications_creator_id_foreign` (`creator_id`),
  ADD KEY `product_selected_specifications_product_id_foreign` (`product_id`),
  ADD KEY `product_selected_specifications_product_specification_id_foreign` (`product_specification_id`);

--
-- Indexes for table `product_selected_specification_multi_values`
--
ALTER TABLE `product_selected_specification_multi_values`
  ADD PRIMARY KEY (`id`),
  ADD KEY `selected_specification_id` (`selected_specification_id`),
  ADD KEY `specification_multi_value_id` (`specification_multi_value_id`);

--
-- Indexes for table `product_selected_specification_translations`
--
ALTER TABLE `product_selected_specification_translations`
  ADD PRIMARY KEY (`id`),
  ADD KEY `product_selected_specification_id_translations` (`product_selected_specification_id`),
  ADD KEY `product_selected_specification_translations_locale_index` (`locale`);

--
-- Indexes for table `product_specifications`
--
ALTER TABLE `product_specifications`
  ADD PRIMARY KEY (`id`);

--
-- Indexes for table `product_specification_categories`
--
ALTER TABLE `product_specification_categories`
  ADD PRIMARY KEY (`id`),
  ADD KEY `product_specification_categories_specification_id_foreign` (`specification_id`),
  ADD KEY `product_specification_categories_category_id_foreign` (`category_id`);

--
-- Indexes for table `product_specification_multi_values`
--
ALTER TABLE `product_specification_multi_values`
  ADD PRIMARY KEY (`id`),
  ADD KEY `product_specification_multi_values_specification_id_foreign` (`specification_id`);

--
-- Indexes for table `product_specification_multi_value_translations`
--
ALTER TABLE `product_specification_multi_value_translations`
  ADD PRIMARY KEY (`id`),
  ADD KEY `product_specification_multi_value_id` (`product_specification_multi_value_id`),
  ADD KEY `product_specification_multi_value_translations_locale_index` (`locale`);

--
-- Indexes for table `product_specification_translations`
--
ALTER TABLE `product_specification_translations`
  ADD PRIMARY KEY (`id`),
  ADD KEY `product_specification_id` (`product_specification_id`),
  ADD KEY `product_specification_translations_locale_index` (`locale`);

--
-- Indexes for table `product_translations`
--
ALTER TABLE `product_translations`
  ADD PRIMARY KEY (`id`),
  ADD KEY `product_id` (`product_id`),
  ADD KEY `product_translations_locale_index` (`locale`);

--
-- Indexes for table `promotions`
--
ALTER TABLE `promotions`
  ADD PRIMARY KEY (`id`) USING BTREE;

--
-- Indexes for table `promotion_translations`
--
ALTER TABLE `promotion_translations`
  ADD PRIMARY KEY (`id`),
  ADD KEY `promotion_translations_promotion_id_foreign` (`promotion_id`),
  ADD KEY `promotion_translations_locale_index` (`locale`);

--
-- Indexes for table `purchases`
--
ALTER TABLE `purchases`
  ADD PRIMARY KEY (`id`) USING BTREE,
  ADD KEY `purchases_webinar_id_foreign` (`webinar_id`) USING BTREE,
  ADD KEY `purchases_user_id_foreign` (`user_id`) USING BTREE;

--
-- Indexes for table `quizzes`
--
ALTER TABLE `quizzes`
  ADD PRIMARY KEY (`id`) USING BTREE,
  ADD KEY `quizzes_webinar_id_foreign` (`webinar_id`) USING BTREE,
  ADD KEY `quizzes_creator_id_foreign` (`creator_id`) USING BTREE,
  ADD KEY `quizzes_chapter_id_foreign` (`chapter_id`);

--
-- Indexes for table `quizzes_questions`
--
ALTER TABLE `quizzes_questions`
  ADD PRIMARY KEY (`id`) USING BTREE,
  ADD KEY `quizzes_questions_quiz_id_foreign` (`quiz_id`) USING BTREE,
  ADD KEY `quizzes_questions_creator_id_foreign` (`creator_id`) USING BTREE;

--
-- Indexes for table `quizzes_questions_answers`
--
ALTER TABLE `quizzes_questions_answers`
  ADD PRIMARY KEY (`id`) USING BTREE,
  ADD KEY `quizzes_questions_answers_question_id_foreign` (`question_id`) USING BTREE,
  ADD KEY `quizzes_questions_answers_creator_id_foreign` (`creator_id`) USING BTREE;

--
-- Indexes for table `quizzes_questions_answer_translations`
--
ALTER TABLE `quizzes_questions_answer_translations`
  ADD PRIMARY KEY (`id`),
  ADD KEY `quizzes_questions_answer_id` (`quizzes_questions_answer_id`),
  ADD KEY `quizzes_questions_answer_translations_locale_index` (`locale`);

--
-- Indexes for table `quizzes_results`
--
ALTER TABLE `quizzes_results`
  ADD PRIMARY KEY (`id`) USING BTREE,
  ADD KEY `quizzes_results_quiz_id_foreign` (`quiz_id`) USING BTREE,
  ADD KEY `quizzes_results_user_id_foreign` (`user_id`) USING BTREE;

--
-- Indexes for table `quiz_question_translations`
--
ALTER TABLE `quiz_question_translations`
  ADD PRIMARY KEY (`id`),
  ADD KEY `quiz_question_translations_quiz_question_id_foreign` (`quizzes_question_id`),
  ADD KEY `quiz_question_translations_locale_index` (`locale`);

--
-- Indexes for table `quiz_translations`
--
ALTER TABLE `quiz_translations`
  ADD PRIMARY KEY (`id`),
  ADD KEY `quiz_translations_quiz_id_foreign` (`quiz_id`),
  ADD KEY `quiz_translations_locale_index` (`locale`);

--
-- Indexes for table `rating`
--
ALTER TABLE `rating`
  ADD PRIMARY KEY (`id`) USING BTREE,
  ADD KEY `rating_user_id_foreign` (`user_id`) USING BTREE,
  ADD KEY `rating_webinar_id_foreign` (`webinar_id`) USING BTREE,
  ADD KEY `rating_creator_id_foreign` (`creator_id`) USING BTREE;

--
-- Indexes for table `regions`
--
ALTER TABLE `regions`
  ADD PRIMARY KEY (`id`),
  ADD KEY `regions_country_id_foreign` (`country_id`),
  ADD KEY `regions_province_id_foreign` (`province_id`),
  ADD KEY `regions_city_id_foreign` (`city_id`);

--
-- Indexes for table `registration_packages`
--
ALTER TABLE `registration_packages`
  ADD PRIMARY KEY (`id`),
  ADD KEY `registration_packages_role_index` (`role`);

--
-- Indexes for table `registration_packages_translations`
--
ALTER TABLE `registration_packages_translations`
  ADD PRIMARY KEY (`id`),
  ADD KEY `registration_package` (`registration_package_id`),
  ADD KEY `registration_packages_translations_locale_index` (`locale`);

--
-- Indexes for table `reserve_meetings`
--
ALTER TABLE `reserve_meetings`
  ADD PRIMARY KEY (`id`) USING BTREE,
  ADD KEY `reserve_meetings_meeting_time_id_foreign` (`meeting_time_id`) USING BTREE,
  ADD KEY `reserve_meetings_user_id_foreign` (`user_id`) USING BTREE,
  ADD KEY `reserve_meetings_sale_id_foreign` (`sale_id`);

--
-- Indexes for table `rewards`
--
ALTER TABLE `rewards`
  ADD PRIMARY KEY (`id`);

--
-- Indexes for table `rewards_accounting`
--
ALTER TABLE `rewards_accounting`
  ADD PRIMARY KEY (`id`),
  ADD KEY `rewards_accounting_user_id_foreign` (`user_id`);

--
-- Indexes for table `roles`
--
ALTER TABLE `roles`
  ADD PRIMARY KEY (`id`) USING BTREE;

--
-- Indexes for table `sales`
--
ALTER TABLE `sales`
  ADD PRIMARY KEY (`id`) USING BTREE,
  ADD KEY `sales_order_id_foreign` (`order_id`) USING BTREE,
  ADD KEY `sales_webinar_id_foreign` (`webinar_id`) USING BTREE,
  ADD KEY `sales_meeting_id_foreign` (`meeting_id`) USING BTREE,
  ADD KEY `sales_ticket_id_foreign` (`ticket_id`) USING BTREE,
  ADD KEY `sales_buyer_id_foreign` (`buyer_id`) USING BTREE,
  ADD KEY `sales_seller_id_foreign` (`seller_id`) USING BTREE,
  ADD KEY `sales_promotion_id_foreign` (`promotion_id`) USING BTREE,
  ADD KEY `sales_installment_payment_id_foreign` (`installment_payment_id`);

--
-- Indexes for table `sales_log`
--
ALTER TABLE `sales_log`
  ADD PRIMARY KEY (`id`),
  ADD KEY `sales_status_sale_id_foreign` (`sale_id`);

--
-- Indexes for table `sections`
--
ALTER TABLE `sections`
  ADD PRIMARY KEY (`id`) USING BTREE;

--
-- Indexes for table `selected_installments`
--
ALTER TABLE `selected_installments`
  ADD PRIMARY KEY (`id`),
  ADD KEY `selected_installments_user_id_foreign` (`user_id`),
  ADD KEY `selected_installments_installment_id_foreign` (`installment_id`),
  ADD KEY `selected_installments_installment_order_id_foreign` (`installment_order_id`);

--
-- Indexes for table `selected_installment_steps`
--
ALTER TABLE `selected_installment_steps`
  ADD PRIMARY KEY (`id`),
  ADD KEY `selected_installment_steps_selected_installment_id_foreign` (`selected_installment_id`),
  ADD KEY `selected_installment_steps_installment_step_id_foreign` (`installment_step_id`);

--
-- Indexes for table `sessions`
--
ALTER TABLE `sessions`
  ADD PRIMARY KEY (`id`) USING BTREE,
  ADD KEY `sessions_webinar_id_foreign` (`webinar_id`) USING BTREE,
  ADD KEY `sessions_creator_id_foreign` (`creator_id`) USING BTREE,
  ADD KEY `sessions_chapter_id_foreign` (`chapter_id`),
  ADD KEY `sessions_reserve_meeting_id_foreign` (`reserve_meeting_id`);

--
-- Indexes for table `session_reminds`
--
ALTER TABLE `session_reminds`
  ADD PRIMARY KEY (`id`),
  ADD KEY `session_reminds_session_id_foreign` (`session_id`),
  ADD KEY `session_reminds_user_id_foreign` (`user_id`);

--
-- Indexes for table `session_translations`
--
ALTER TABLE `session_translations`
  ADD PRIMARY KEY (`id`),
  ADD KEY `session_translations_session_id_foreign` (`session_id`),
  ADD KEY `session_translations_locale_index` (`locale`);

--
-- Indexes for table `settings`
--
ALTER TABLE `settings`
  ADD PRIMARY KEY (`id`) USING BTREE,
  ADD KEY `name` (`name`) USING BTREE;

--
-- Indexes for table `setting_translations`
--
ALTER TABLE `setting_translations`
  ADD PRIMARY KEY (`id`),
  ADD KEY `setting_translations_setting_id_foreign` (`setting_id`),
  ADD KEY `setting_translations_locale_index` (`locale`);

--
-- Indexes for table `special_offers`
--
ALTER TABLE `special_offers`
  ADD PRIMARY KEY (`id`) USING BTREE,
  ADD KEY `special_offers_creator_id_foreign` (`creator_id`) USING BTREE,
  ADD KEY `special_offers_webinar_id_foreign` (`webinar_id`) USING BTREE,
  ADD KEY `special_offers_bundle_id_foreign` (`bundle_id`),
  ADD KEY `special_offers_subscribe_id_foreign` (`subscribe_id`),
  ADD KEY `special_offers_registration_package_id_foreign` (`registration_package_id`);

--
-- Indexes for table `subscribes`
--
ALTER TABLE `subscribes`
  ADD PRIMARY KEY (`id`) USING BTREE;

--
-- Indexes for table `subscribe_reminds`
--
ALTER TABLE `subscribe_reminds`
  ADD PRIMARY KEY (`id`),
  ADD KEY `subscribe_reminds_subscribe_id_foreign` (`subscribe_id`),
  ADD KEY `subscribe_reminds_user_id_foreign` (`user_id`);

--
-- Indexes for table `subscribe_translations`
--
ALTER TABLE `subscribe_translations`
  ADD PRIMARY KEY (`id`),
  ADD KEY `subscribe_translations_subscribe_id_foreign` (`subscribe_id`),
  ADD KEY `subscribe_translations_locale_index` (`locale`);

--
-- Indexes for table `subscribe_uses`
--
ALTER TABLE `subscribe_uses`
  ADD PRIMARY KEY (`id`) USING BTREE,
  ADD KEY `subscribe_uses_user_id_foreign` (`user_id`) USING BTREE,
  ADD KEY `subscribe_uses_webinar_id_foreign` (`webinar_id`) USING BTREE,
  ADD KEY `subscribe_uses_subscribe_id_foreign` (`subscribe_id`) USING BTREE,
  ADD KEY `subscribe_uses_sale_id_foreign` (`sale_id`) USING BTREE,
  ADD KEY `subscribe_uses_bundle_id_foreign` (`bundle_id`),
  ADD KEY `subscribe_uses_installment_order_id_foreign` (`installment_order_id`);

--
-- Indexes for table `supports`
--
ALTER TABLE `supports`
  ADD PRIMARY KEY (`id`) USING BTREE,
  ADD KEY `supports_user_id_foreign` (`user_id`) USING BTREE,
  ADD KEY `supports_webinar_id_foreign` (`webinar_id`) USING BTREE,
  ADD KEY `supports_department_id_foreign` (`department_id`) USING BTREE;

--
-- Indexes for table `support_conversations`
--
ALTER TABLE `support_conversations`
  ADD PRIMARY KEY (`id`) USING BTREE,
  ADD KEY `support_conversations_support_id_foreign` (`support_id`) USING BTREE,
  ADD KEY `support_conversations_sender_id_foreign` (`sender_id`) USING BTREE,
  ADD KEY `support_conversations_supporter_id_foreign` (`supporter_id`) USING BTREE;

--
-- Indexes for table `support_departments`
--
ALTER TABLE `support_departments`
  ADD PRIMARY KEY (`id`) USING BTREE;

--
-- Indexes for table `support_department_translations`
--
ALTER TABLE `support_department_translations`
  ADD PRIMARY KEY (`id`),
  ADD KEY `support_department_id` (`support_department_id`),
  ADD KEY `support_department_translations_locale_index` (`locale`);

--
-- Indexes for table `tags`
--
ALTER TABLE `tags`
  ADD PRIMARY KEY (`id`) USING BTREE,
  ADD KEY `tags_webinar_id_foreign` (`webinar_id`) USING BTREE,
  ADD KEY `tags_bundle_id_foreign` (`bundle_id`),
  ADD KEY `tags_upcoming_course_id_foreign` (`upcoming_course_id`);

--
-- Indexes for table `testimonials`
--
ALTER TABLE `testimonials`
  ADD PRIMARY KEY (`id`) USING BTREE;

--
-- Indexes for table `testimonial_translations`
--
ALTER TABLE `testimonial_translations`
  ADD PRIMARY KEY (`id`),
  ADD KEY `testimonial_translations_testimonial_id_foreign` (`testimonial_id`),
  ADD KEY `testimonial_translations_locale_index` (`locale`);

--
-- Indexes for table `text_lessons`
--
ALTER TABLE `text_lessons`
  ADD PRIMARY KEY (`id`) USING BTREE,
  ADD KEY `text_lessons_creator_id_foreign` (`creator_id`) USING BTREE,
  ADD KEY `text_lessons_webinar_id_foreign` (`webinar_id`) USING BTREE,
  ADD KEY `text_lessons_chapter_id_foreign` (`chapter_id`);

--
-- Indexes for table `text_lessons_attachments`
--
ALTER TABLE `text_lessons_attachments`
  ADD PRIMARY KEY (`id`) USING BTREE,
  ADD KEY `text_lessons_attachments_text_lesson_id_foreign` (`text_lesson_id`) USING BTREE,
  ADD KEY `text_lessons_attachments_file_id_foreign` (`file_id`) USING BTREE;

--
-- Indexes for table `text_lesson_translations`
--
ALTER TABLE `text_lesson_translations`
  ADD PRIMARY KEY (`id`),
  ADD KEY `text_lesson_id` (`text_lesson_id`),
  ADD KEY `text_lesson_translations_locale_index` (`locale`);

--
-- Indexes for table `tickets`
--
ALTER TABLE `tickets`
  ADD PRIMARY KEY (`id`) USING BTREE,
  ADD KEY `tickets_webinar_id_foreign` (`webinar_id`) USING BTREE,
  ADD KEY `tickets_creator_id_foreign` (`creator_id`) USING BTREE,
  ADD KEY `tickets_bundle_id_foreign` (`bundle_id`);

--
-- Indexes for table `ticket_translations`
--
ALTER TABLE `ticket_translations`
  ADD PRIMARY KEY (`id`),
  ADD KEY `ticket_translations_ticket_id_foreign` (`ticket_id`),
  ADD KEY `ticket_translations_locale_index` (`locale`);

--
-- Indexes for table `ticket_users`
--
ALTER TABLE `ticket_users`
  ADD PRIMARY KEY (`id`) USING BTREE,
  ADD KEY `ticket_users_ticket_id_foreign` (`ticket_id`) USING BTREE,
  ADD KEY `ticket_users_user_id_foreign` (`user_id`) USING BTREE;

--
-- Indexes for table `trend_categories`
--
ALTER TABLE `trend_categories`
  ADD PRIMARY KEY (`id`) USING BTREE,
  ADD KEY `trend_categories_category_id_index` (`category_id`) USING BTREE;

--
-- Indexes for table `upcoming_courses`
--
ALTER TABLE `upcoming_courses`
  ADD PRIMARY KEY (`id`),
  ADD UNIQUE KEY `upcoming_courses_slug_unique` (`slug`),
  ADD KEY `upcoming_courses_creator_id_foreign` (`creator_id`),
  ADD KEY `upcoming_courses_teacher_id_foreign` (`teacher_id`),
  ADD KEY `upcoming_courses_category_id_foreign` (`category_id`),
  ADD KEY `upcoming_courses_webinar_id_foreign` (`webinar_id`);

--
-- Indexes for table `upcoming_course_filter_option`
--
ALTER TABLE `upcoming_course_filter_option`
  ADD PRIMARY KEY (`id`),
  ADD KEY `upcoming_course_filter_option_upcoming_course_id_foreign` (`upcoming_course_id`),
  ADD KEY `upcoming_course_filter_option_filter_option_id_foreign` (`filter_option_id`);

--
-- Indexes for table `upcoming_course_followers`
--
ALTER TABLE `upcoming_course_followers`
  ADD PRIMARY KEY (`id`),
  ADD KEY `upcoming_course_followers_upcoming_course_id_foreign` (`upcoming_course_id`),
  ADD KEY `upcoming_course_followers_user_id_foreign` (`user_id`);

--
-- Indexes for table `upcoming_course_reports`
--
ALTER TABLE `upcoming_course_reports`
  ADD PRIMARY KEY (`id`),
  ADD KEY `upcoming_course_reports_upcoming_course_id_foreign` (`upcoming_course_id`),
  ADD KEY `upcoming_course_reports_user_id_foreign` (`user_id`);

--
-- Indexes for table `upcoming_course_translations`
--
ALTER TABLE `upcoming_course_translations`
  ADD PRIMARY KEY (`id`),
  ADD KEY `upcoming_course_translations_upcoming_course_id_foreign` (`upcoming_course_id`),
  ADD KEY `upcoming_course_translations_locale_index` (`locale`);

--
-- Indexes for table `users`
--
ALTER TABLE `users`
  ADD PRIMARY KEY (`id`) USING BTREE,
  ADD UNIQUE KEY `users_email_unique` (`email`) USING BTREE,
  ADD UNIQUE KEY `users_mobile_unique` (`mobile`) USING BTREE,
  ADD KEY `users_country_id_foreign` (`country_id`),
  ADD KEY `users_province_id_foreign` (`province_id`),
  ADD KEY `users_city_id_foreign` (`city_id`),
  ADD KEY `users_district_id_foreign` (`district_id`);

--
-- Indexes for table `users_badges`
--
ALTER TABLE `users_badges`
  ADD PRIMARY KEY (`id`) USING BTREE,
  ADD KEY `users_badges_user_id_foreign` (`user_id`) USING BTREE,
  ADD KEY `users_badges_badge_id_foreign` (`badge_id`) USING BTREE;

--
-- Indexes for table `users_cookie_security`
--
ALTER TABLE `users_cookie_security`
  ADD PRIMARY KEY (`id`),
  ADD KEY `users_cookie_security_user_id_foreign` (`user_id`);

--
-- Indexes for table `users_manual_purchase`
--
ALTER TABLE `users_manual_purchase`
  ADD PRIMARY KEY (`id`);

--
-- Indexes for table `users_metas`
--
ALTER TABLE `users_metas`
  ADD PRIMARY KEY (`id`),
  ADD KEY `users_metas_user_id_foreign` (`user_id`);

--
-- Indexes for table `users_occupations`
--
ALTER TABLE `users_occupations`
  ADD PRIMARY KEY (`id`) USING BTREE,
  ADD KEY `users_occupations_user_id_foreign` (`user_id`) USING BTREE,
  ADD KEY `users_occupations_category_id_foreign` (`category_id`) USING BTREE;

--
-- Indexes for table `users_registration_packages`
--
ALTER TABLE `users_registration_packages`
  ADD PRIMARY KEY (`id`),
  ADD KEY `users_registration_packages_user_id_foreign` (`user_id`);

--
-- Indexes for table `users_zoom_api`
--
ALTER TABLE `users_zoom_api`
  ADD PRIMARY KEY (`id`),
  ADD KEY `users_zoom_api_user_id_foreign` (`user_id`);

--
-- Indexes for table `user_banks`
--
ALTER TABLE `user_banks`
  ADD PRIMARY KEY (`id`);

--
-- Indexes for table `user_bank_specifications`
--
ALTER TABLE `user_bank_specifications`
  ADD PRIMARY KEY (`id`),
  ADD KEY `user_bank_specifications_user_bank_id_foreign` (`user_bank_id`);

--
-- Indexes for table `user_bank_specification_translations`
--
ALTER TABLE `user_bank_specification_translations`
  ADD PRIMARY KEY (`id`),
  ADD KEY `user_bank_specification_id` (`user_bank_specification_id`),
  ADD KEY `user_bank_specification_translations_locale_index` (`locale`);

--
-- Indexes for table `user_bank_translations`
--
ALTER TABLE `user_bank_translations`
  ADD PRIMARY KEY (`id`),
  ADD KEY `user_bank_translations_user_bank_id_foreign` (`user_bank_id`),
  ADD KEY `user_bank_translations_locale_index` (`locale`);

--
-- Indexes for table `user_form_fields`
--
ALTER TABLE `user_form_fields`
  ADD PRIMARY KEY (`id`),
  ADD KEY `user_form_fields_user_id_foreign` (`user_id`),
  ADD KEY `user_form_fields_become_instructor_id_foreign` (`become_instructor_id`),
  ADD KEY `user_form_fields_form_field_id_foreign` (`form_field_id`);

--
-- Indexes for table `user_selected_banks`
--
ALTER TABLE `user_selected_banks`
  ADD PRIMARY KEY (`id`),
  ADD KEY `user_selected_banks_user_bank_id_foreign` (`user_bank_id`),
  ADD KEY `user_selected_banks_user_id_foreign` (`user_id`);

--
-- Indexes for table `user_selected_bank_specifications`
--
ALTER TABLE `user_selected_bank_specifications`
  ADD PRIMARY KEY (`id`),
  ADD KEY `user_selected_bank_id_specifications` (`user_selected_bank_id`),
  ADD KEY `user_bank_specification_id_specifications` (`user_bank_specification_id`);

--
-- Indexes for table `verifications`
--
ALTER TABLE `verifications`
  ADD PRIMARY KEY (`id`) USING BTREE,
  ADD KEY `verifications_user_id_foreign` (`user_id`) USING BTREE;

--
-- Indexes for table `waitlists`
--
ALTER TABLE `waitlists`
  ADD PRIMARY KEY (`id`),
  ADD KEY `waitlists_webinar_id_foreign` (`webinar_id`),
  ADD KEY `waitlists_user_id_foreign` (`user_id`);

--
-- Indexes for table `webinars`
--
ALTER TABLE `webinars`
  ADD PRIMARY KEY (`id`) USING BTREE,
  ADD UNIQUE KEY `webinars_slug_unique` (`slug`) USING BTREE,
  ADD KEY `webinars_teacher_id_foreign` (`teacher_id`) USING BTREE,
  ADD KEY `webinars_category_id_foreign` (`category_id`) USING BTREE,
  ADD KEY `webinars_slug_index` (`slug`) USING BTREE,
  ADD KEY `webinars_creator_id_foreign` (`creator_id`) USING BTREE;

--
-- Indexes for table `webinar_assignments`
--
ALTER TABLE `webinar_assignments`
  ADD PRIMARY KEY (`id`),
  ADD KEY `webinar_assignments_creator_id_foreign` (`creator_id`),
  ADD KEY `webinar_assignments_webinar_id_foreign` (`webinar_id`),
  ADD KEY `webinar_assignments_chapter_id_foreign` (`chapter_id`);

--
-- Indexes for table `webinar_assignment_attachments`
--
ALTER TABLE `webinar_assignment_attachments`
  ADD PRIMARY KEY (`id`),
  ADD KEY `webinar_assignment_attachments_assignment_id_foreign` (`assignment_id`);

--
-- Indexes for table `webinar_assignment_history`
--
ALTER TABLE `webinar_assignment_history`
  ADD PRIMARY KEY (`id`),
  ADD KEY `webinar_assignment_history_instructor_id_foreign` (`instructor_id`),
  ADD KEY `webinar_assignment_history_student_id_foreign` (`student_id`),
  ADD KEY `webinar_assignment_history_assignment_id_foreign` (`assignment_id`);

--
-- Indexes for table `webinar_assignment_history_messages`
--
ALTER TABLE `webinar_assignment_history_messages`
  ADD PRIMARY KEY (`id`),
  ADD KEY `webinar_assignment_history_id` (`assignment_history_id`);

--
-- Indexes for table `webinar_assignment_translations`
--
ALTER TABLE `webinar_assignment_translations`
  ADD PRIMARY KEY (`id`),
  ADD KEY `webinar_assignment_id_translate_foreign` (`webinar_assignment_id`),
  ADD KEY `webinar_assignment_translations_locale_index` (`locale`);

--
-- Indexes for table `webinar_chapters`
--
ALTER TABLE `webinar_chapters`
  ADD PRIMARY KEY (`id`),
  ADD KEY `webinar_chapters_user_id_foreign` (`user_id`),
  ADD KEY `webinar_chapters_webinar_id_foreign` (`webinar_id`);

--
-- Indexes for table `webinar_chapter_items`
--
ALTER TABLE `webinar_chapter_items`
  ADD PRIMARY KEY (`id`),
  ADD KEY `webinar_chapter_items_chapter_id_foreign` (`chapter_id`),
  ADD KEY `user_id` (`user_id`);

--
-- Indexes for table `webinar_chapter_translations`
--
ALTER TABLE `webinar_chapter_translations`
  ADD PRIMARY KEY (`id`),
  ADD KEY `webinar_chapter_id` (`webinar_chapter_id`),
  ADD KEY `webinar_chapter_translations_locale_index` (`locale`);

--
-- Indexes for table `webinar_extra_descriptions`
--
ALTER TABLE `webinar_extra_descriptions`
  ADD PRIMARY KEY (`id`),
  ADD KEY `webinar_extra_descriptions_creator_id_foreign` (`creator_id`),
  ADD KEY `webinar_extra_descriptions_webinar_id_foreign` (`webinar_id`),
  ADD KEY `webinar_extra_descriptions_upcoming_course_id_foreign` (`upcoming_course_id`);

--
-- Indexes for table `webinar_extra_description_translations`
--
ALTER TABLE `webinar_extra_description_translations`
  ADD PRIMARY KEY (`id`),
  ADD KEY `webinar_extra_description_id_foreign` (`webinar_extra_description_id`),
  ADD KEY `webinar_extra_description_translations_locale_index` (`locale`);

--
-- Indexes for table `webinar_filter_option`
--
ALTER TABLE `webinar_filter_option`
  ADD PRIMARY KEY (`id`) USING BTREE,
  ADD KEY `webinar_filter_option_filter_option_id_foreign` (`filter_option_id`) USING BTREE,
  ADD KEY `webinar_filter_option_webinar_id_foreign` (`webinar_id`) USING BTREE;

--
-- Indexes for table `webinar_partner_teacher`
--
ALTER TABLE `webinar_partner_teacher`
  ADD PRIMARY KEY (`id`) USING BTREE,
  ADD KEY `webinar_partner_teacher_webinar_id_foreign` (`webinar_id`) USING BTREE,
  ADD KEY `webinar_partner_teacher_teacher_id_foreign` (`teacher_id`) USING BTREE;

--
-- Indexes for table `webinar_reports`
--
ALTER TABLE `webinar_reports`
  ADD PRIMARY KEY (`id`) USING BTREE,
  ADD KEY `webinar_reports_webinar_id_foreign` (`webinar_id`) USING BTREE;

--
-- Indexes for table `webinar_reviews`
--
ALTER TABLE `webinar_reviews`
  ADD PRIMARY KEY (`id`) USING BTREE,
  ADD KEY `webinar_reviews_webinar_id_foreign` (`webinar_id`) USING BTREE,
  ADD KEY `webinar_reviews_creator_id_foreign` (`creator_id`) USING BTREE,
  ADD KEY `webinar_reviews_bundle_id_foreign` (`bundle_id`);

--
-- Indexes for table `webinar_translations`
--
ALTER TABLE `webinar_translations`
  ADD PRIMARY KEY (`id`),
  ADD KEY `webinar_translations_webinar_id_foreign` (`webinar_id`),
  ADD KEY `webinar_translations_locale_index` (`locale`);

--
-- AUTO_INCREMENT for dumped tables
--

--
-- AUTO_INCREMENT for table `accounting`
--
ALTER TABLE `accounting`
  MODIFY `id` int(10) UNSIGNED NOT NULL AUTO_INCREMENT, AUTO_INCREMENT=825;

--
-- AUTO_INCREMENT for table `advertising_banners`
--
ALTER TABLE `advertising_banners`
  MODIFY `id` int(10) UNSIGNED NOT NULL AUTO_INCREMENT, AUTO_INCREMENT=14;

--
-- AUTO_INCREMENT for table `advertising_banners_translations`
--
ALTER TABLE `advertising_banners_translations`
  MODIFY `id` int(10) UNSIGNED NOT NULL AUTO_INCREMENT, AUTO_INCREMENT=23;

--
-- AUTO_INCREMENT for table `affiliates`
--
ALTER TABLE `affiliates`
  MODIFY `id` int(10) UNSIGNED NOT NULL AUTO_INCREMENT, AUTO_INCREMENT=16;

--
-- AUTO_INCREMENT for table `affiliates_codes`
--
ALTER TABLE `affiliates_codes`
  MODIFY `id` int(10) UNSIGNED NOT NULL AUTO_INCREMENT, AUTO_INCREMENT=5;

--
-- AUTO_INCREMENT for table `agora_history`
--
ALTER TABLE `agora_history`
  MODIFY `id` int(10) UNSIGNED NOT NULL AUTO_INCREMENT, AUTO_INCREMENT=29;

--
-- AUTO_INCREMENT for table `ai_contents`
--
ALTER TABLE `ai_contents`
  MODIFY `id` int(10) UNSIGNED NOT NULL AUTO_INCREMENT;

--
-- AUTO_INCREMENT for table `ai_content_templates`
--
ALTER TABLE `ai_content_templates`
  MODIFY `id` int(10) UNSIGNED NOT NULL AUTO_INCREMENT;

--
-- AUTO_INCREMENT for table `ai_content_template_translations`
--
ALTER TABLE `ai_content_template_translations`
  MODIFY `id` int(10) UNSIGNED NOT NULL AUTO_INCREMENT;

--
-- AUTO_INCREMENT for table `badges`
--
ALTER TABLE `badges`
  MODIFY `id` int(10) UNSIGNED NOT NULL AUTO_INCREMENT, AUTO_INCREMENT=42;

--
-- AUTO_INCREMENT for table `badge_translations`
--
ALTER TABLE `badge_translations`
  MODIFY `id` bigint(20) UNSIGNED NOT NULL AUTO_INCREMENT, AUTO_INCREMENT=22;

--
-- AUTO_INCREMENT for table `become_instructors`
--
ALTER TABLE `become_instructors`
  MODIFY `id` int(10) UNSIGNED NOT NULL AUTO_INCREMENT, AUTO_INCREMENT=14;

--
-- AUTO_INCREMENT for table `blog`
--
ALTER TABLE `blog`
  MODIFY `id` int(10) UNSIGNED NOT NULL AUTO_INCREMENT, AUTO_INCREMENT=28;

--
-- AUTO_INCREMENT for table `blog_categories`
--
ALTER TABLE `blog_categories`
  MODIFY `id` int(10) UNSIGNED NOT NULL AUTO_INCREMENT, AUTO_INCREMENT=39;

--
-- AUTO_INCREMENT for table `blog_translations`
--
ALTER TABLE `blog_translations`
  MODIFY `id` bigint(20) UNSIGNED NOT NULL AUTO_INCREMENT, AUTO_INCREMENT=30;

--
-- AUTO_INCREMENT for table `bundles`
--
ALTER TABLE `bundles`
  MODIFY `id` int(10) UNSIGNED NOT NULL AUTO_INCREMENT, AUTO_INCREMENT=6;

--
-- AUTO_INCREMENT for table `bundle_filter_option`
--
ALTER TABLE `bundle_filter_option`
  MODIFY `id` int(10) UNSIGNED NOT NULL AUTO_INCREMENT, AUTO_INCREMENT=58;

--
-- AUTO_INCREMENT for table `bundle_translations`
--
ALTER TABLE `bundle_translations`
  MODIFY `id` bigint(20) UNSIGNED NOT NULL AUTO_INCREMENT, AUTO_INCREMENT=6;

--
-- AUTO_INCREMENT for table `bundle_webinars`
--
ALTER TABLE `bundle_webinars`
  MODIFY `id` int(10) UNSIGNED NOT NULL AUTO_INCREMENT, AUTO_INCREMENT=12;

--
-- AUTO_INCREMENT for table `cart`
--
ALTER TABLE `cart`
  MODIFY `id` int(10) UNSIGNED NOT NULL AUTO_INCREMENT, AUTO_INCREMENT=209;

--
-- AUTO_INCREMENT for table `cashback_rules`
--
ALTER TABLE `cashback_rules`
  MODIFY `id` int(10) UNSIGNED NOT NULL AUTO_INCREMENT, AUTO_INCREMENT=6;

--
-- AUTO_INCREMENT for table `cashback_rule_specification_items`
--
ALTER TABLE `cashback_rule_specification_items`
  MODIFY `id` int(10) UNSIGNED NOT NULL AUTO_INCREMENT, AUTO_INCREMENT=20;

--
-- AUTO_INCREMENT for table `cashback_rule_translations`
--
ALTER TABLE `cashback_rule_translations`
  MODIFY `id` int(10) UNSIGNED NOT NULL AUTO_INCREMENT, AUTO_INCREMENT=6;

--
-- AUTO_INCREMENT for table `cashback_rule_users_groups`
--
ALTER TABLE `cashback_rule_users_groups`
  MODIFY `id` int(10) UNSIGNED NOT NULL AUTO_INCREMENT, AUTO_INCREMENT=32;

--
-- AUTO_INCREMENT for table `categories`
--
ALTER TABLE `categories`
  MODIFY `id` int(10) UNSIGNED NOT NULL AUTO_INCREMENT, AUTO_INCREMENT=612;

--
-- AUTO_INCREMENT for table `category_translations`
--
ALTER TABLE `category_translations`
  MODIFY `id` bigint(20) UNSIGNED NOT NULL AUTO_INCREMENT, AUTO_INCREMENT=55;

--
-- AUTO_INCREMENT for table `certificates`
--
ALTER TABLE `certificates`
  MODIFY `id` int(10) UNSIGNED NOT NULL AUTO_INCREMENT, AUTO_INCREMENT=12;

--
-- AUTO_INCREMENT for table `certificates_templates`
--
ALTER TABLE `certificates_templates`
  MODIFY `id` int(10) UNSIGNED NOT NULL AUTO_INCREMENT, AUTO_INCREMENT=7;

--
-- AUTO_INCREMENT for table `certificate_template_translations`
--
ALTER TABLE `certificate_template_translations`
  MODIFY `id` bigint(20) UNSIGNED NOT NULL AUTO_INCREMENT, AUTO_INCREMENT=9;

--
-- AUTO_INCREMENT for table `comments`
--
ALTER TABLE `comments`
  MODIFY `id` int(10) UNSIGNED NOT NULL AUTO_INCREMENT, AUTO_INCREMENT=67;

--
-- AUTO_INCREMENT for table `comments_reports`
--
ALTER TABLE `comments_reports`
  MODIFY `id` int(10) UNSIGNED NOT NULL AUTO_INCREMENT, AUTO_INCREMENT=9;

--
-- AUTO_INCREMENT for table `contacts`
--
ALTER TABLE `contacts`
  MODIFY `id` int(10) UNSIGNED NOT NULL AUTO_INCREMENT, AUTO_INCREMENT=4;

--
-- AUTO_INCREMENT for table `course_forums`
--
ALTER TABLE `course_forums`
  MODIFY `id` int(10) UNSIGNED NOT NULL AUTO_INCREMENT, AUTO_INCREMENT=4;

--
-- AUTO_INCREMENT for table `course_forum_answers`
--
ALTER TABLE `course_forum_answers`
  MODIFY `id` int(10) UNSIGNED NOT NULL AUTO_INCREMENT, AUTO_INCREMENT=11;

--
-- AUTO_INCREMENT for table `course_learning`
--
ALTER TABLE `course_learning`
  MODIFY `id` int(10) UNSIGNED NOT NULL AUTO_INCREMENT, AUTO_INCREMENT=81;

--
-- AUTO_INCREMENT for table `course_noticeboards`
--
ALTER TABLE `course_noticeboards`
  MODIFY `id` int(10) UNSIGNED NOT NULL AUTO_INCREMENT, AUTO_INCREMENT=8;

--
-- AUTO_INCREMENT for table `course_noticeboard_status`
--
ALTER TABLE `course_noticeboard_status`
  MODIFY `id` int(10) UNSIGNED NOT NULL AUTO_INCREMENT, AUTO_INCREMENT=51;

--
-- AUTO_INCREMENT for table `currencies`
--
ALTER TABLE `currencies`
  MODIFY `id` int(10) UNSIGNED NOT NULL AUTO_INCREMENT, AUTO_INCREMENT=7;

--
-- AUTO_INCREMENT for table `delete_account_requests`
--
ALTER TABLE `delete_account_requests`
  MODIFY `id` int(10) UNSIGNED NOT NULL AUTO_INCREMENT, AUTO_INCREMENT=4;

--
-- AUTO_INCREMENT for table `discounts`
--
ALTER TABLE `discounts`
  MODIFY `id` int(10) UNSIGNED NOT NULL AUTO_INCREMENT, AUTO_INCREMENT=24;

--
-- AUTO_INCREMENT for table `discount_bundles`
--
ALTER TABLE `discount_bundles`
  MODIFY `id` int(10) UNSIGNED NOT NULL AUTO_INCREMENT, AUTO_INCREMENT=5;

--
-- AUTO_INCREMENT for table `discount_categories`
--
ALTER TABLE `discount_categories`
  MODIFY `id` int(10) UNSIGNED NOT NULL AUTO_INCREMENT, AUTO_INCREMENT=7;

--
-- AUTO_INCREMENT for table `discount_courses`
--
ALTER TABLE `discount_courses`
  MODIFY `id` int(10) UNSIGNED NOT NULL AUTO_INCREMENT, AUTO_INCREMENT=12;

--
-- AUTO_INCREMENT for table `discount_groups`
--
ALTER TABLE `discount_groups`
  MODIFY `id` int(10) UNSIGNED NOT NULL AUTO_INCREMENT, AUTO_INCREMENT=8;

--
-- AUTO_INCREMENT for table `discount_users`
--
ALTER TABLE `discount_users`
  MODIFY `id` int(10) UNSIGNED NOT NULL AUTO_INCREMENT, AUTO_INCREMENT=9;

--
-- AUTO_INCREMENT for table `failed_jobs`
--
ALTER TABLE `failed_jobs`
  MODIFY `id` bigint(20) UNSIGNED NOT NULL AUTO_INCREMENT;

--
-- AUTO_INCREMENT for table `faqs`
--
ALTER TABLE `faqs`
  MODIFY `id` int(10) UNSIGNED NOT NULL AUTO_INCREMENT, AUTO_INCREMENT=58;

--
-- AUTO_INCREMENT for table `faq_translations`
--
ALTER TABLE `faq_translations`
  MODIFY `id` bigint(20) UNSIGNED NOT NULL AUTO_INCREMENT, AUTO_INCREMENT=46;

--
-- AUTO_INCREMENT for table `favorites`
--
ALTER TABLE `favorites`
  MODIFY `id` int(10) UNSIGNED NOT NULL AUTO_INCREMENT, AUTO_INCREMENT=19;

--
-- AUTO_INCREMENT for table `feature_webinars`
--
ALTER TABLE `feature_webinars`
  MODIFY `id` int(10) UNSIGNED NOT NULL AUTO_INCREMENT, AUTO_INCREMENT=31;

--
-- AUTO_INCREMENT for table `feature_webinar_translations`
--
ALTER TABLE `feature_webinar_translations`
  MODIFY `id` bigint(20) UNSIGNED NOT NULL AUTO_INCREMENT, AUTO_INCREMENT=27;

--
-- AUTO_INCREMENT for table `files`
--
ALTER TABLE `files`
  MODIFY `id` int(10) UNSIGNED NOT NULL AUTO_INCREMENT, AUTO_INCREMENT=351;

--
-- AUTO_INCREMENT for table `file_translations`
--
ALTER TABLE `file_translations`
  MODIFY `id` bigint(20) UNSIGNED NOT NULL AUTO_INCREMENT, AUTO_INCREMENT=320;

--
-- AUTO_INCREMENT for table `filters`
--
ALTER TABLE `filters`
  MODIFY `id` int(10) UNSIGNED NOT NULL AUTO_INCREMENT, AUTO_INCREMENT=1848;

--
-- AUTO_INCREMENT for table `filter_options`
--
ALTER TABLE `filter_options`
  MODIFY `id` int(10) UNSIGNED NOT NULL AUTO_INCREMENT, AUTO_INCREMENT=9293;

--
-- AUTO_INCREMENT for table `filter_option_translations`
--
ALTER TABLE `filter_option_translations`
  MODIFY `id` bigint(20) UNSIGNED NOT NULL AUTO_INCREMENT, AUTO_INCREMENT=1227;

--
-- AUTO_INCREMENT for table `filter_translations`
--
ALTER TABLE `filter_translations`
  MODIFY `id` bigint(20) UNSIGNED NOT NULL AUTO_INCREMENT, AUTO_INCREMENT=278;

--
-- AUTO_INCREMENT for table `floating_bars`
--
ALTER TABLE `floating_bars`
  MODIFY `id` int(10) UNSIGNED NOT NULL AUTO_INCREMENT, AUTO_INCREMENT=3;

--
-- AUTO_INCREMENT for table `floating_bar_translations`
--
ALTER TABLE `floating_bar_translations`
  MODIFY `id` int(10) UNSIGNED NOT NULL AUTO_INCREMENT, AUTO_INCREMENT=4;

--
-- AUTO_INCREMENT for table `follows`
--
ALTER TABLE `follows`
  MODIFY `id` int(10) UNSIGNED NOT NULL AUTO_INCREMENT, AUTO_INCREMENT=21;

--
-- AUTO_INCREMENT for table `forms`
--
ALTER TABLE `forms`
  MODIFY `id` int(10) UNSIGNED NOT NULL AUTO_INCREMENT;

--
-- AUTO_INCREMENT for table `form_fields`
--
ALTER TABLE `form_fields`
  MODIFY `id` int(10) UNSIGNED NOT NULL AUTO_INCREMENT;

--
-- AUTO_INCREMENT for table `form_field_options`
--
ALTER TABLE `form_field_options`
  MODIFY `id` int(10) UNSIGNED NOT NULL AUTO_INCREMENT;

--
-- AUTO_INCREMENT for table `form_field_option_translations`
--
ALTER TABLE `form_field_option_translations`
  MODIFY `id` int(10) UNSIGNED NOT NULL AUTO_INCREMENT;

--
-- AUTO_INCREMENT for table `form_field_translations`
--
ALTER TABLE `form_field_translations`
  MODIFY `id` int(10) UNSIGNED NOT NULL AUTO_INCREMENT;

--
-- AUTO_INCREMENT for table `form_roles_users_groups`
--
ALTER TABLE `form_roles_users_groups`
  MODIFY `id` int(10) UNSIGNED NOT NULL AUTO_INCREMENT;

--
-- AUTO_INCREMENT for table `form_submissions`
--
ALTER TABLE `form_submissions`
  MODIFY `id` int(10) UNSIGNED NOT NULL AUTO_INCREMENT;

--
-- AUTO_INCREMENT for table `form_submission_items`
--
ALTER TABLE `form_submission_items`
  MODIFY `id` int(10) UNSIGNED NOT NULL AUTO_INCREMENT;

--
-- AUTO_INCREMENT for table `form_translations`
--
ALTER TABLE `form_translations`
  MODIFY `id` int(10) UNSIGNED NOT NULL AUTO_INCREMENT;

--
-- AUTO_INCREMENT for table `forums`
--
ALTER TABLE `forums`
  MODIFY `id` int(10) UNSIGNED NOT NULL AUTO_INCREMENT, AUTO_INCREMENT=11;

--
-- AUTO_INCREMENT for table `forum_featured_topics`
--
ALTER TABLE `forum_featured_topics`
  MODIFY `id` int(10) UNSIGNED NOT NULL AUTO_INCREMENT, AUTO_INCREMENT=5;

--
-- AUTO_INCREMENT for table `forum_recommended_topics`
--
ALTER TABLE `forum_recommended_topics`
  MODIFY `id` int(10) UNSIGNED NOT NULL AUTO_INCREMENT, AUTO_INCREMENT=5;

--
-- AUTO_INCREMENT for table `forum_recommended_topic_items`
--
ALTER TABLE `forum_recommended_topic_items`
  MODIFY `id` int(10) UNSIGNED NOT NULL AUTO_INCREMENT, AUTO_INCREMENT=55;

--
-- AUTO_INCREMENT for table `forum_topics`
--
ALTER TABLE `forum_topics`
  MODIFY `id` int(10) UNSIGNED NOT NULL AUTO_INCREMENT, AUTO_INCREMENT=11;

--
-- AUTO_INCREMENT for table `forum_topic_attachments`
--
ALTER TABLE `forum_topic_attachments`
  MODIFY `id` int(10) UNSIGNED NOT NULL AUTO_INCREMENT, AUTO_INCREMENT=9;

--
-- AUTO_INCREMENT for table `forum_topic_bookmarks`
--
ALTER TABLE `forum_topic_bookmarks`
  MODIFY `id` int(10) UNSIGNED NOT NULL AUTO_INCREMENT, AUTO_INCREMENT=9;

--
-- AUTO_INCREMENT for table `forum_topic_likes`
--
ALTER TABLE `forum_topic_likes`
  MODIFY `id` int(10) UNSIGNED NOT NULL AUTO_INCREMENT, AUTO_INCREMENT=5;

--
-- AUTO_INCREMENT for table `forum_topic_posts`
--
ALTER TABLE `forum_topic_posts`
  MODIFY `id` int(10) UNSIGNED NOT NULL AUTO_INCREMENT, AUTO_INCREMENT=20;

--
-- AUTO_INCREMENT for table `forum_topic_reports`
--
ALTER TABLE `forum_topic_reports`
  MODIFY `id` int(10) UNSIGNED NOT NULL AUTO_INCREMENT, AUTO_INCREMENT=4;

--
-- AUTO_INCREMENT for table `forum_translations`
--
ALTER TABLE `forum_translations`
  MODIFY `id` bigint(20) UNSIGNED NOT NULL AUTO_INCREMENT, AUTO_INCREMENT=11;

--
-- AUTO_INCREMENT for table `gifts`
--
ALTER TABLE `gifts`
  MODIFY `id` int(10) UNSIGNED NOT NULL AUTO_INCREMENT, AUTO_INCREMENT=7;

--
-- AUTO_INCREMENT for table `groups`
--
ALTER TABLE `groups`
  MODIFY `id` int(10) UNSIGNED NOT NULL AUTO_INCREMENT, AUTO_INCREMENT=4;

--
-- AUTO_INCREMENT for table `groups_registration_packages`
--
ALTER TABLE `groups_registration_packages`
  MODIFY `id` bigint(20) UNSIGNED NOT NULL AUTO_INCREMENT, AUTO_INCREMENT=3;

--
-- AUTO_INCREMENT for table `group_users`
--
ALTER TABLE `group_users`
  MODIFY `id` int(10) UNSIGNED NOT NULL AUTO_INCREMENT, AUTO_INCREMENT=67;

--
-- AUTO_INCREMENT for table `home_page_statistics`
--
ALTER TABLE `home_page_statistics`
  MODIFY `id` int(10) UNSIGNED NOT NULL AUTO_INCREMENT, AUTO_INCREMENT=6;

--
-- AUTO_INCREMENT for table `home_page_statistic_translations`
--
ALTER TABLE `home_page_statistic_translations`
  MODIFY `id` int(10) UNSIGNED NOT NULL AUTO_INCREMENT, AUTO_INCREMENT=7;

--
-- AUTO_INCREMENT for table `home_sections`
--
ALTER TABLE `home_sections`
  MODIFY `id` int(10) UNSIGNED NOT NULL AUTO_INCREMENT, AUTO_INCREMENT=32;

--
-- AUTO_INCREMENT for table `installments`
--
ALTER TABLE `installments`
  MODIFY `id` int(10) UNSIGNED NOT NULL AUTO_INCREMENT, AUTO_INCREMENT=2;

--
-- AUTO_INCREMENT for table `installment_orders`
--
ALTER TABLE `installment_orders`
  MODIFY `id` int(10) UNSIGNED NOT NULL AUTO_INCREMENT, AUTO_INCREMENT=9;

--
-- AUTO_INCREMENT for table `installment_order_attachments`
--
ALTER TABLE `installment_order_attachments`
  MODIFY `id` int(10) UNSIGNED NOT NULL AUTO_INCREMENT, AUTO_INCREMENT=15;

--
-- AUTO_INCREMENT for table `installment_order_payments`
--
ALTER TABLE `installment_order_payments`
  MODIFY `id` int(10) UNSIGNED NOT NULL AUTO_INCREMENT, AUTO_INCREMENT=13;

--
-- AUTO_INCREMENT for table `installment_reminders`
--
ALTER TABLE `installment_reminders`
  MODIFY `id` int(10) UNSIGNED NOT NULL AUTO_INCREMENT, AUTO_INCREMENT=4;

--
-- AUTO_INCREMENT for table `installment_specification_items`
--
ALTER TABLE `installment_specification_items`
  MODIFY `id` int(10) UNSIGNED NOT NULL AUTO_INCREMENT, AUTO_INCREMENT=16;

--
-- AUTO_INCREMENT for table `installment_steps`
--
ALTER TABLE `installment_steps`
  MODIFY `id` int(10) UNSIGNED NOT NULL AUTO_INCREMENT, AUTO_INCREMENT=4;

--
-- AUTO_INCREMENT for table `installment_step_translations`
--
ALTER TABLE `installment_step_translations`
  MODIFY `id` int(10) UNSIGNED NOT NULL AUTO_INCREMENT, AUTO_INCREMENT=4;

--
-- AUTO_INCREMENT for table `installment_translations`
--
ALTER TABLE `installment_translations`
  MODIFY `id` int(10) UNSIGNED NOT NULL AUTO_INCREMENT, AUTO_INCREMENT=2;

--
-- AUTO_INCREMENT for table `installment_user_groups`
--
ALTER TABLE `installment_user_groups`
  MODIFY `id` int(10) UNSIGNED NOT NULL AUTO_INCREMENT;

--
-- AUTO_INCREMENT for table `jazzcash_transactions`
--
ALTER TABLE `jazzcash_transactions`
  MODIFY `id` bigint(20) UNSIGNED NOT NULL AUTO_INCREMENT, AUTO_INCREMENT=19;

--
-- AUTO_INCREMENT for table `meetings`
--
ALTER TABLE `meetings`
  MODIFY `id` int(10) UNSIGNED NOT NULL AUTO_INCREMENT, AUTO_INCREMENT=36;

--
-- AUTO_INCREMENT for table `meeting_times`
--
ALTER TABLE `meeting_times`
  MODIFY `id` int(10) UNSIGNED NOT NULL AUTO_INCREMENT, AUTO_INCREMENT=174;

--
-- AUTO_INCREMENT for table `migrations`
--
ALTER TABLE `migrations`
  MODIFY `id` int(10) UNSIGNED NOT NULL AUTO_INCREMENT, AUTO_INCREMENT=547;

--
-- AUTO_INCREMENT for table `navbar_buttons`
--
ALTER TABLE `navbar_buttons`
  MODIFY `id` int(10) UNSIGNED NOT NULL AUTO_INCREMENT, AUTO_INCREMENT=7;

--
-- AUTO_INCREMENT for table `navbar_button_translations`
--
ALTER TABLE `navbar_button_translations`
  MODIFY `id` int(10) UNSIGNED NOT NULL AUTO_INCREMENT, AUTO_INCREMENT=12;

--
-- AUTO_INCREMENT for table `newsletters`
--
ALTER TABLE `newsletters`
  MODIFY `id` int(10) UNSIGNED NOT NULL AUTO_INCREMENT, AUTO_INCREMENT=18;

--
-- AUTO_INCREMENT for table `newsletters_history`
--
ALTER TABLE `newsletters_history`
  MODIFY `id` int(10) UNSIGNED NOT NULL AUTO_INCREMENT, AUTO_INCREMENT=2;

--
-- AUTO_INCREMENT for table `noticeboards`
--
ALTER TABLE `noticeboards`
  MODIFY `id` int(10) UNSIGNED NOT NULL AUTO_INCREMENT, AUTO_INCREMENT=15;

--
-- AUTO_INCREMENT for table `noticeboards_status`
--
ALTER TABLE `noticeboards_status`
  MODIFY `id` int(10) UNSIGNED NOT NULL AUTO_INCREMENT, AUTO_INCREMENT=9;

--
-- AUTO_INCREMENT for table `notifications`
--
ALTER TABLE `notifications`
  MODIFY `id` int(10) UNSIGNED NOT NULL AUTO_INCREMENT, AUTO_INCREMENT=2384;

--
-- AUTO_INCREMENT for table `notifications_status`
--
ALTER TABLE `notifications_status`
  MODIFY `id` int(10) UNSIGNED NOT NULL AUTO_INCREMENT, AUTO_INCREMENT=348;

--
-- AUTO_INCREMENT for table `notification_templates`
--
ALTER TABLE `notification_templates`
  MODIFY `id` int(10) UNSIGNED NOT NULL AUTO_INCREMENT, AUTO_INCREMENT=120;

--
-- AUTO_INCREMENT for table `offline_banks`
--
ALTER TABLE `offline_banks`
  MODIFY `id` int(10) UNSIGNED NOT NULL AUTO_INCREMENT, AUTO_INCREMENT=9;

--
-- AUTO_INCREMENT for table `offline_bank_specifications`
--
ALTER TABLE `offline_bank_specifications`
  MODIFY `id` int(10) UNSIGNED NOT NULL AUTO_INCREMENT, AUTO_INCREMENT=26;

--
-- AUTO_INCREMENT for table `offline_bank_specification_translations`
--
ALTER TABLE `offline_bank_specification_translations`
  MODIFY `id` int(10) UNSIGNED NOT NULL AUTO_INCREMENT, AUTO_INCREMENT=29;

--
-- AUTO_INCREMENT for table `offline_bank_translations`
--
ALTER TABLE `offline_bank_translations`
  MODIFY `id` int(10) UNSIGNED NOT NULL AUTO_INCREMENT, AUTO_INCREMENT=10;

--
-- AUTO_INCREMENT for table `offline_payments`
--
ALTER TABLE `offline_payments`
  MODIFY `id` int(10) UNSIGNED NOT NULL AUTO_INCREMENT, AUTO_INCREMENT=42;

--
-- AUTO_INCREMENT for table `orders`
--
ALTER TABLE `orders`
  MODIFY `id` int(10) UNSIGNED NOT NULL AUTO_INCREMENT, AUTO_INCREMENT=709;

--
-- AUTO_INCREMENT for table `order_items`
--
ALTER TABLE `order_items`
  MODIFY `id` int(10) UNSIGNED NOT NULL AUTO_INCREMENT, AUTO_INCREMENT=707;

--
-- AUTO_INCREMENT for table `pages`
--
ALTER TABLE `pages`
  MODIFY `id` int(10) UNSIGNED NOT NULL AUTO_INCREMENT, AUTO_INCREMENT=7;

--
-- AUTO_INCREMENT for table `page_translations`
--
ALTER TABLE `page_translations`
  MODIFY `id` bigint(20) UNSIGNED NOT NULL AUTO_INCREMENT, AUTO_INCREMENT=6;

--
-- AUTO_INCREMENT for table `payment_channels`
--
ALTER TABLE `payment_channels`
  MODIFY `id` int(10) UNSIGNED NOT NULL AUTO_INCREMENT, AUTO_INCREMENT=34;

--
-- AUTO_INCREMENT for table `payouts`
--
ALTER TABLE `payouts`
  MODIFY `id` int(10) UNSIGNED NOT NULL AUTO_INCREMENT;

--
-- AUTO_INCREMENT for table `payu_transactions`
--
ALTER TABLE `payu_transactions`
  MODIFY `id` bigint(20) UNSIGNED NOT NULL AUTO_INCREMENT, AUTO_INCREMENT=15;

--
-- AUTO_INCREMENT for table `permissions`
--
ALTER TABLE `permissions`
  MODIFY `id` int(10) UNSIGNED NOT NULL AUTO_INCREMENT, AUTO_INCREMENT=16040;

--
-- AUTO_INCREMENT for table `prerequisites`
--
ALTER TABLE `prerequisites`
  MODIFY `id` int(10) UNSIGNED NOT NULL AUTO_INCREMENT, AUTO_INCREMENT=31;

--
-- AUTO_INCREMENT for table `products`
--
ALTER TABLE `products`
  MODIFY `id` int(10) UNSIGNED NOT NULL AUTO_INCREMENT, AUTO_INCREMENT=9;

--
-- AUTO_INCREMENT for table `product_categories`
--
ALTER TABLE `product_categories`
  MODIFY `id` int(10) UNSIGNED NOT NULL AUTO_INCREMENT, AUTO_INCREMENT=17;

--
-- AUTO_INCREMENT for table `product_category_translations`
--
ALTER TABLE `product_category_translations`
  MODIFY `id` bigint(20) UNSIGNED NOT NULL AUTO_INCREMENT, AUTO_INCREMENT=23;

--
-- AUTO_INCREMENT for table `product_discounts`
--
ALTER TABLE `product_discounts`
  MODIFY `id` int(10) UNSIGNED NOT NULL AUTO_INCREMENT, AUTO_INCREMENT=3;

--
-- AUTO_INCREMENT for table `product_faqs`
--
ALTER TABLE `product_faqs`
  MODIFY `id` int(10) UNSIGNED NOT NULL AUTO_INCREMENT, AUTO_INCREMENT=6;

--
-- AUTO_INCREMENT for table `product_faq_translations`
--
ALTER TABLE `product_faq_translations`
  MODIFY `id` bigint(20) UNSIGNED NOT NULL AUTO_INCREMENT, AUTO_INCREMENT=7;

--
-- AUTO_INCREMENT for table `product_files`
--
ALTER TABLE `product_files`
  MODIFY `id` int(10) UNSIGNED NOT NULL AUTO_INCREMENT, AUTO_INCREMENT=8;

--
-- AUTO_INCREMENT for table `product_file_translations`
--
ALTER TABLE `product_file_translations`
  MODIFY `id` bigint(20) UNSIGNED NOT NULL AUTO_INCREMENT, AUTO_INCREMENT=9;

--
-- AUTO_INCREMENT for table `product_filters`
--
ALTER TABLE `product_filters`
  MODIFY `id` int(10) UNSIGNED NOT NULL AUTO_INCREMENT, AUTO_INCREMENT=4;

--
-- AUTO_INCREMENT for table `product_filter_options`
--
ALTER TABLE `product_filter_options`
  MODIFY `id` int(10) UNSIGNED NOT NULL AUTO_INCREMENT, AUTO_INCREMENT=11;

--
-- AUTO_INCREMENT for table `product_filter_option_translations`
--
ALTER TABLE `product_filter_option_translations`
  MODIFY `id` bigint(20) UNSIGNED NOT NULL AUTO_INCREMENT, AUTO_INCREMENT=11;

--
-- AUTO_INCREMENT for table `product_filter_translations`
--
ALTER TABLE `product_filter_translations`
  MODIFY `id` bigint(20) UNSIGNED NOT NULL AUTO_INCREMENT, AUTO_INCREMENT=4;

--
-- AUTO_INCREMENT for table `product_media`
--
ALTER TABLE `product_media`
  MODIFY `id` int(10) UNSIGNED NOT NULL AUTO_INCREMENT, AUTO_INCREMENT=80;

--
-- AUTO_INCREMENT for table `product_orders`
--
ALTER TABLE `product_orders`
  MODIFY `id` int(10) UNSIGNED NOT NULL AUTO_INCREMENT, AUTO_INCREMENT=42;

--
-- AUTO_INCREMENT for table `product_reviews`
--
ALTER TABLE `product_reviews`
  MODIFY `id` int(10) UNSIGNED NOT NULL AUTO_INCREMENT, AUTO_INCREMENT=6;

--
-- AUTO_INCREMENT for table `product_selected_filter_options`
--
ALTER TABLE `product_selected_filter_options`
  MODIFY `id` int(10) UNSIGNED NOT NULL AUTO_INCREMENT, AUTO_INCREMENT=95;

--
-- AUTO_INCREMENT for table `product_selected_specifications`
--
ALTER TABLE `product_selected_specifications`
  MODIFY `id` int(10) UNSIGNED NOT NULL AUTO_INCREMENT, AUTO_INCREMENT=20;

--
-- AUTO_INCREMENT for table `product_selected_specification_multi_values`
--
ALTER TABLE `product_selected_specification_multi_values`
  MODIFY `id` int(10) UNSIGNED NOT NULL AUTO_INCREMENT, AUTO_INCREMENT=24;

--
-- AUTO_INCREMENT for table `product_selected_specification_translations`
--
ALTER TABLE `product_selected_specification_translations`
  MODIFY `id` bigint(20) UNSIGNED NOT NULL AUTO_INCREMENT, AUTO_INCREMENT=17;

--
-- AUTO_INCREMENT for table `product_specifications`
--
ALTER TABLE `product_specifications`
  MODIFY `id` int(10) UNSIGNED NOT NULL AUTO_INCREMENT, AUTO_INCREMENT=10;

--
-- AUTO_INCREMENT for table `product_specification_categories`
--
ALTER TABLE `product_specification_categories`
  MODIFY `id` int(10) UNSIGNED NOT NULL AUTO_INCREMENT, AUTO_INCREMENT=47;

--
-- AUTO_INCREMENT for table `product_specification_multi_values`
--
ALTER TABLE `product_specification_multi_values`
  MODIFY `id` int(10) UNSIGNED NOT NULL AUTO_INCREMENT, AUTO_INCREMENT=15;

--
-- AUTO_INCREMENT for table `product_specification_multi_value_translations`
--
ALTER TABLE `product_specification_multi_value_translations`
  MODIFY `id` bigint(20) UNSIGNED NOT NULL AUTO_INCREMENT, AUTO_INCREMENT=15;

--
-- AUTO_INCREMENT for table `product_specification_translations`
--
ALTER TABLE `product_specification_translations`
  MODIFY `id` bigint(20) UNSIGNED NOT NULL AUTO_INCREMENT, AUTO_INCREMENT=12;

--
-- AUTO_INCREMENT for table `product_translations`
--
ALTER TABLE `product_translations`
  MODIFY `id` bigint(20) UNSIGNED NOT NULL AUTO_INCREMENT, AUTO_INCREMENT=9;

--
-- AUTO_INCREMENT for table `promotions`
--
ALTER TABLE `promotions`
  MODIFY `id` int(10) UNSIGNED NOT NULL AUTO_INCREMENT, AUTO_INCREMENT=5;

--
-- AUTO_INCREMENT for table `promotion_translations`
--
ALTER TABLE `promotion_translations`
  MODIFY `id` bigint(20) UNSIGNED NOT NULL AUTO_INCREMENT, AUTO_INCREMENT=10;

--
-- AUTO_INCREMENT for table `purchases`
--
ALTER TABLE `purchases`
  MODIFY `id` int(10) UNSIGNED NOT NULL AUTO_INCREMENT;

--
-- AUTO_INCREMENT for table `quizzes`
--
ALTER TABLE `quizzes`
  MODIFY `id` int(10) UNSIGNED NOT NULL AUTO_INCREMENT, AUTO_INCREMENT=70;

--
-- AUTO_INCREMENT for table `quizzes_questions`
--
ALTER TABLE `quizzes_questions`
  MODIFY `id` int(10) UNSIGNED NOT NULL AUTO_INCREMENT, AUTO_INCREMENT=221;

--
-- AUTO_INCREMENT for table `quizzes_questions_answers`
--
ALTER TABLE `quizzes_questions_answers`
  MODIFY `id` int(10) UNSIGNED NOT NULL AUTO_INCREMENT, AUTO_INCREMENT=736;

--
-- AUTO_INCREMENT for table `quizzes_questions_answer_translations`
--
ALTER TABLE `quizzes_questions_answer_translations`
  MODIFY `id` bigint(20) UNSIGNED NOT NULL AUTO_INCREMENT, AUTO_INCREMENT=666;

--
-- AUTO_INCREMENT for table `quizzes_results`
--
ALTER TABLE `quizzes_results`
  MODIFY `id` int(10) UNSIGNED NOT NULL AUTO_INCREMENT, AUTO_INCREMENT=58;

--
-- AUTO_INCREMENT for table `quiz_question_translations`
--
ALTER TABLE `quiz_question_translations`
  MODIFY `id` bigint(20) UNSIGNED NOT NULL AUTO_INCREMENT, AUTO_INCREMENT=200;

--
-- AUTO_INCREMENT for table `quiz_translations`
--
ALTER TABLE `quiz_translations`
  MODIFY `id` bigint(20) UNSIGNED NOT NULL AUTO_INCREMENT, AUTO_INCREMENT=47;

--
-- AUTO_INCREMENT for table `rating`
--
ALTER TABLE `rating`
  MODIFY `id` int(10) UNSIGNED NOT NULL AUTO_INCREMENT;

--
-- AUTO_INCREMENT for table `regions`
--
ALTER TABLE `regions`
  MODIFY `id` int(10) UNSIGNED NOT NULL AUTO_INCREMENT, AUTO_INCREMENT=69;

--
-- AUTO_INCREMENT for table `registration_packages`
--
ALTER TABLE `registration_packages`
  MODIFY `id` int(10) UNSIGNED NOT NULL AUTO_INCREMENT, AUTO_INCREMENT=9;

--
-- AUTO_INCREMENT for table `registration_packages_translations`
--
ALTER TABLE `registration_packages_translations`
  MODIFY `id` bigint(20) UNSIGNED NOT NULL AUTO_INCREMENT, AUTO_INCREMENT=10;

--
-- AUTO_INCREMENT for table `reserve_meetings`
--
ALTER TABLE `reserve_meetings`
  MODIFY `id` int(10) UNSIGNED NOT NULL AUTO_INCREMENT, AUTO_INCREMENT=74;

--
-- AUTO_INCREMENT for table `rewards`
--
ALTER TABLE `rewards`
  MODIFY `id` int(10) UNSIGNED NOT NULL AUTO_INCREMENT, AUTO_INCREMENT=25;

--
-- AUTO_INCREMENT for table `rewards_accounting`
--
ALTER TABLE `rewards_accounting`
  MODIFY `id` int(10) UNSIGNED NOT NULL AUTO_INCREMENT, AUTO_INCREMENT=254;

--
-- AUTO_INCREMENT for table `roles`
--
ALTER TABLE `roles`
  MODIFY `id` int(10) UNSIGNED NOT NULL AUTO_INCREMENT, AUTO_INCREMENT=9;

--
-- AUTO_INCREMENT for table `sales`
--
ALTER TABLE `sales`
  MODIFY `id` int(10) UNSIGNED NOT NULL AUTO_INCREMENT, AUTO_INCREMENT=285;

--
-- AUTO_INCREMENT for table `sales_log`
--
ALTER TABLE `sales_log`
  MODIFY `id` int(10) UNSIGNED NOT NULL AUTO_INCREMENT, AUTO_INCREMENT=140;

--
-- AUTO_INCREMENT for table `sections`
--
ALTER TABLE `sections`
  MODIFY `id` int(10) UNSIGNED NOT NULL AUTO_INCREMENT, AUTO_INCREMENT=3036;

--
-- AUTO_INCREMENT for table `selected_installments`
--
ALTER TABLE `selected_installments`
  MODIFY `id` int(10) UNSIGNED NOT NULL AUTO_INCREMENT;

--
-- AUTO_INCREMENT for table `selected_installment_steps`
--
ALTER TABLE `selected_installment_steps`
  MODIFY `id` int(10) UNSIGNED NOT NULL AUTO_INCREMENT;

--
-- AUTO_INCREMENT for table `sessions`
--
ALTER TABLE `sessions`
  MODIFY `id` int(10) UNSIGNED NOT NULL AUTO_INCREMENT, AUTO_INCREMENT=105;

--
-- AUTO_INCREMENT for table `session_reminds`
--
ALTER TABLE `session_reminds`
  MODIFY `id` int(10) UNSIGNED NOT NULL AUTO_INCREMENT, AUTO_INCREMENT=5;

--
-- AUTO_INCREMENT for table `session_translations`
--
ALTER TABLE `session_translations`
  MODIFY `id` bigint(20) UNSIGNED NOT NULL AUTO_INCREMENT, AUTO_INCREMENT=60;

--
-- AUTO_INCREMENT for table `settings`
--
ALTER TABLE `settings`
  MODIFY `id` int(10) UNSIGNED NOT NULL AUTO_INCREMENT, AUTO_INCREMENT=66;

--
-- AUTO_INCREMENT for table `setting_translations`
--
ALTER TABLE `setting_translations`
  MODIFY `id` bigint(20) UNSIGNED NOT NULL AUTO_INCREMENT, AUTO_INCREMENT=78;

--
-- AUTO_INCREMENT for table `special_offers`
--
ALTER TABLE `special_offers`
  MODIFY `id` int(10) UNSIGNED NOT NULL AUTO_INCREMENT, AUTO_INCREMENT=18;

--
-- AUTO_INCREMENT for table `subscribes`
--
ALTER TABLE `subscribes`
  MODIFY `id` int(10) UNSIGNED NOT NULL AUTO_INCREMENT, AUTO_INCREMENT=7;

--
-- AUTO_INCREMENT for table `subscribe_reminds`
--
ALTER TABLE `subscribe_reminds`
  MODIFY `id` int(10) UNSIGNED NOT NULL AUTO_INCREMENT, AUTO_INCREMENT=2;

--
-- AUTO_INCREMENT for table `subscribe_translations`
--
ALTER TABLE `subscribe_translations`
  MODIFY `id` bigint(20) UNSIGNED NOT NULL AUTO_INCREMENT, AUTO_INCREMENT=10;

--
-- AUTO_INCREMENT for table `subscribe_uses`
--
ALTER TABLE `subscribe_uses`
  MODIFY `id` int(10) UNSIGNED NOT NULL AUTO_INCREMENT, AUTO_INCREMENT=23;

--
-- AUTO_INCREMENT for table `supports`
--
ALTER TABLE `supports`
  MODIFY `id` int(10) UNSIGNED NOT NULL AUTO_INCREMENT, AUTO_INCREMENT=35;

--
-- AUTO_INCREMENT for table `support_conversations`
--
ALTER TABLE `support_conversations`
  MODIFY `id` int(10) UNSIGNED NOT NULL AUTO_INCREMENT, AUTO_INCREMENT=64;

--
-- AUTO_INCREMENT for table `support_departments`
--
ALTER TABLE `support_departments`
  MODIFY `id` int(10) UNSIGNED NOT NULL AUTO_INCREMENT, AUTO_INCREMENT=8;

--
-- AUTO_INCREMENT for table `support_department_translations`
--
ALTER TABLE `support_department_translations`
  MODIFY `id` bigint(20) UNSIGNED NOT NULL AUTO_INCREMENT, AUTO_INCREMENT=10;

--
-- AUTO_INCREMENT for table `tags`
--
ALTER TABLE `tags`
  MODIFY `id` int(10) UNSIGNED NOT NULL AUTO_INCREMENT, AUTO_INCREMENT=6792;

--
-- AUTO_INCREMENT for table `testimonials`
--
ALTER TABLE `testimonials`
  MODIFY `id` int(10) UNSIGNED NOT NULL AUTO_INCREMENT, AUTO_INCREMENT=7;

--
-- AUTO_INCREMENT for table `testimonial_translations`
--
ALTER TABLE `testimonial_translations`
  MODIFY `id` bigint(20) UNSIGNED NOT NULL AUTO_INCREMENT, AUTO_INCREMENT=16;

--
-- AUTO_INCREMENT for table `text_lessons`
--
ALTER TABLE `text_lessons`
  MODIFY `id` int(10) UNSIGNED NOT NULL AUTO_INCREMENT, AUTO_INCREMENT=148;

--
-- AUTO_INCREMENT for table `text_lessons_attachments`
--
ALTER TABLE `text_lessons_attachments`
  MODIFY `id` int(10) UNSIGNED NOT NULL AUTO_INCREMENT, AUTO_INCREMENT=31;

--
-- AUTO_INCREMENT for table `text_lesson_translations`
--
ALTER TABLE `text_lesson_translations`
  MODIFY `id` bigint(20) UNSIGNED NOT NULL AUTO_INCREMENT, AUTO_INCREMENT=140;

--
-- AUTO_INCREMENT for table `tickets`
--
ALTER TABLE `tickets`
  MODIFY `id` int(10) UNSIGNED NOT NULL AUTO_INCREMENT, AUTO_INCREMENT=41;

--
-- AUTO_INCREMENT for table `ticket_translations`
--
ALTER TABLE `ticket_translations`
  MODIFY `id` bigint(20) UNSIGNED NOT NULL AUTO_INCREMENT, AUTO_INCREMENT=28;

--
-- AUTO_INCREMENT for table `ticket_users`
--
ALTER TABLE `ticket_users`
  MODIFY `id` int(10) UNSIGNED NOT NULL AUTO_INCREMENT, AUTO_INCREMENT=11;

--
-- AUTO_INCREMENT for table `trend_categories`
--
ALTER TABLE `trend_categories`
  MODIFY `id` int(10) UNSIGNED NOT NULL AUTO_INCREMENT, AUTO_INCREMENT=10;

--
-- AUTO_INCREMENT for table `upcoming_courses`
--
ALTER TABLE `upcoming_courses`
  MODIFY `id` int(10) UNSIGNED NOT NULL AUTO_INCREMENT, AUTO_INCREMENT=6;

--
-- AUTO_INCREMENT for table `upcoming_course_filter_option`
--
ALTER TABLE `upcoming_course_filter_option`
  MODIFY `id` int(10) UNSIGNED NOT NULL AUTO_INCREMENT, AUTO_INCREMENT=60;

--
-- AUTO_INCREMENT for table `upcoming_course_followers`
--
ALTER TABLE `upcoming_course_followers`
  MODIFY `id` int(10) UNSIGNED NOT NULL AUTO_INCREMENT, AUTO_INCREMENT=19;

--
-- AUTO_INCREMENT for table `upcoming_course_reports`
--
ALTER TABLE `upcoming_course_reports`
  MODIFY `id` int(10) UNSIGNED NOT NULL AUTO_INCREMENT, AUTO_INCREMENT=2;

--
-- AUTO_INCREMENT for table `upcoming_course_translations`
--
ALTER TABLE `upcoming_course_translations`
  MODIFY `id` bigint(20) UNSIGNED NOT NULL AUTO_INCREMENT, AUTO_INCREMENT=6;

--
-- AUTO_INCREMENT for table `users`
--
ALTER TABLE `users`
  MODIFY `id` int(10) UNSIGNED NOT NULL AUTO_INCREMENT, AUTO_INCREMENT=1074;

--
-- AUTO_INCREMENT for table `users_badges`
--
ALTER TABLE `users_badges`
  MODIFY `id` int(10) UNSIGNED NOT NULL AUTO_INCREMENT, AUTO_INCREMENT=11;

--
-- AUTO_INCREMENT for table `users_cookie_security`
--
ALTER TABLE `users_cookie_security`
  MODIFY `id` int(10) UNSIGNED NOT NULL AUTO_INCREMENT, AUTO_INCREMENT=12;

--
-- AUTO_INCREMENT for table `users_manual_purchase`
--
ALTER TABLE `users_manual_purchase`
  MODIFY `id` int(10) UNSIGNED NOT NULL AUTO_INCREMENT;

--
-- AUTO_INCREMENT for table `users_metas`
--
ALTER TABLE `users_metas`
  MODIFY `id` int(10) UNSIGNED NOT NULL AUTO_INCREMENT, AUTO_INCREMENT=83;

--
-- AUTO_INCREMENT for table `users_occupations`
--
ALTER TABLE `users_occupations`
  MODIFY `id` int(10) UNSIGNED NOT NULL AUTO_INCREMENT, AUTO_INCREMENT=1072;

--
-- AUTO_INCREMENT for table `users_registration_packages`
--
ALTER TABLE `users_registration_packages`
  MODIFY `id` bigint(20) UNSIGNED NOT NULL AUTO_INCREMENT, AUTO_INCREMENT=3;

--
-- AUTO_INCREMENT for table `users_zoom_api`
--
ALTER TABLE `users_zoom_api`
  MODIFY `id` int(10) UNSIGNED NOT NULL AUTO_INCREMENT, AUTO_INCREMENT=4;

--
-- AUTO_INCREMENT for table `user_banks`
--
ALTER TABLE `user_banks`
  MODIFY `id` int(10) UNSIGNED NOT NULL AUTO_INCREMENT, AUTO_INCREMENT=6;

--
-- AUTO_INCREMENT for table `user_bank_specifications`
--
ALTER TABLE `user_bank_specifications`
  MODIFY `id` int(10) UNSIGNED NOT NULL AUTO_INCREMENT, AUTO_INCREMENT=14;

--
-- AUTO_INCREMENT for table `user_bank_specification_translations`
--
ALTER TABLE `user_bank_specification_translations`
  MODIFY `id` int(10) UNSIGNED NOT NULL AUTO_INCREMENT, AUTO_INCREMENT=19;

--
-- AUTO_INCREMENT for table `user_bank_translations`
--
ALTER TABLE `user_bank_translations`
  MODIFY `id` int(10) UNSIGNED NOT NULL AUTO_INCREMENT, AUTO_INCREMENT=8;

--
-- AUTO_INCREMENT for table `user_form_fields`
--
ALTER TABLE `user_form_fields`
  MODIFY `id` int(10) UNSIGNED NOT NULL AUTO_INCREMENT;

--
-- AUTO_INCREMENT for table `user_selected_banks`
--
ALTER TABLE `user_selected_banks`
  MODIFY `id` int(10) UNSIGNED NOT NULL AUTO_INCREMENT;

--
-- AUTO_INCREMENT for table `user_selected_bank_specifications`
--
ALTER TABLE `user_selected_bank_specifications`
  MODIFY `id` int(10) UNSIGNED NOT NULL AUTO_INCREMENT;

--
-- AUTO_INCREMENT for table `verifications`
--
ALTER TABLE `verifications`
  MODIFY `id` int(10) UNSIGNED NOT NULL AUTO_INCREMENT, AUTO_INCREMENT=108;

--
-- AUTO_INCREMENT for table `waitlists`
--
ALTER TABLE `waitlists`
  MODIFY `id` int(10) UNSIGNED NOT NULL AUTO_INCREMENT, AUTO_INCREMENT=5;

--
-- AUTO_INCREMENT for table `webinars`
--
ALTER TABLE `webinars`
  MODIFY `id` int(10) UNSIGNED NOT NULL AUTO_INCREMENT, AUTO_INCREMENT=2034;

--
-- AUTO_INCREMENT for table `webinar_assignments`
--
ALTER TABLE `webinar_assignments`
  MODIFY `id` int(10) UNSIGNED NOT NULL AUTO_INCREMENT, AUTO_INCREMENT=6;

--
-- AUTO_INCREMENT for table `webinar_assignment_attachments`
--
ALTER TABLE `webinar_assignment_attachments`
  MODIFY `id` bigint(20) UNSIGNED NOT NULL AUTO_INCREMENT, AUTO_INCREMENT=9;

--
-- AUTO_INCREMENT for table `webinar_assignment_history`
--
ALTER TABLE `webinar_assignment_history`
  MODIFY `id` int(10) UNSIGNED NOT NULL AUTO_INCREMENT, AUTO_INCREMENT=10;

--
-- AUTO_INCREMENT for table `webinar_assignment_history_messages`
--
ALTER TABLE `webinar_assignment_history_messages`
  MODIFY `id` int(10) UNSIGNED NOT NULL AUTO_INCREMENT, AUTO_INCREMENT=18;

--
-- AUTO_INCREMENT for table `webinar_assignment_translations`
--
ALTER TABLE `webinar_assignment_translations`
  MODIFY `id` bigint(20) UNSIGNED NOT NULL AUTO_INCREMENT, AUTO_INCREMENT=8;

--
-- AUTO_INCREMENT for table `webinar_chapters`
--
ALTER TABLE `webinar_chapters`
  MODIFY `id` int(10) UNSIGNED NOT NULL AUTO_INCREMENT, AUTO_INCREMENT=85;

--
-- AUTO_INCREMENT for table `webinar_chapter_items`
--
ALTER TABLE `webinar_chapter_items`
  MODIFY `id` bigint(20) UNSIGNED NOT NULL AUTO_INCREMENT, AUTO_INCREMENT=621;

--
-- AUTO_INCREMENT for table `webinar_chapter_translations`
--
ALTER TABLE `webinar_chapter_translations`
  MODIFY `id` bigint(20) UNSIGNED NOT NULL AUTO_INCREMENT, AUTO_INCREMENT=86;

--
-- AUTO_INCREMENT for table `webinar_extra_descriptions`
--
ALTER TABLE `webinar_extra_descriptions`
  MODIFY `id` int(10) UNSIGNED NOT NULL AUTO_INCREMENT, AUTO_INCREMENT=43;

--
-- AUTO_INCREMENT for table `webinar_extra_description_translations`
--
ALTER TABLE `webinar_extra_description_translations`
  MODIFY `id` bigint(20) UNSIGNED NOT NULL AUTO_INCREMENT, AUTO_INCREMENT=43;

--
-- AUTO_INCREMENT for table `webinar_filter_option`
--
ALTER TABLE `webinar_filter_option`
  MODIFY `id` int(10) UNSIGNED NOT NULL AUTO_INCREMENT, AUTO_INCREMENT=11972;

--
-- AUTO_INCREMENT for table `webinar_partner_teacher`
--
ALTER TABLE `webinar_partner_teacher`
  MODIFY `id` int(10) UNSIGNED NOT NULL AUTO_INCREMENT, AUTO_INCREMENT=128;

--
-- AUTO_INCREMENT for table `webinar_reports`
--
ALTER TABLE `webinar_reports`
  MODIFY `id` int(10) UNSIGNED NOT NULL AUTO_INCREMENT, AUTO_INCREMENT=5;

--
-- AUTO_INCREMENT for table `webinar_reviews`
--
ALTER TABLE `webinar_reviews`
  MODIFY `id` int(10) UNSIGNED NOT NULL AUTO_INCREMENT, AUTO_INCREMENT=43;

--
-- AUTO_INCREMENT for table `webinar_translations`
--
ALTER TABLE `webinar_translations`
  MODIFY `id` bigint(20) UNSIGNED NOT NULL AUTO_INCREMENT, AUTO_INCREMENT=182;

--
-- Constraints for dumped tables
--

--
-- Constraints for table `accounting`
--
ALTER TABLE `accounting`
  ADD CONSTRAINT `accounting_installment_payment_id_foreign` FOREIGN KEY (`installment_payment_id`) REFERENCES `installment_order_payments` (`id`) ON DELETE CASCADE;

--
-- Constraints for table `advertising_banners_translations`
--
ALTER TABLE `advertising_banners_translations`
  ADD CONSTRAINT `advertising_banners_translations_advertising_banner_id_foreign` FOREIGN KEY (`advertising_banner_id`) REFERENCES `advertising_banners` (`id`) ON DELETE CASCADE;

--
-- Constraints for table `affiliates`
--
ALTER TABLE `affiliates`
  ADD CONSTRAINT `affiliates_affiliate_user_id_foreign` FOREIGN KEY (`affiliate_user_id`) REFERENCES `users` (`id`) ON DELETE CASCADE,
  ADD CONSTRAINT `affiliates_referred_user_id_foreign` FOREIGN KEY (`referred_user_id`) REFERENCES `users` (`id`) ON DELETE CASCADE;

--
-- Constraints for table `affiliates_codes`
--
ALTER TABLE `affiliates_codes`
  ADD CONSTRAINT `affiliates_codes_user_id_foreign` FOREIGN KEY (`user_id`) REFERENCES `users` (`id`) ON DELETE CASCADE;

--
-- Constraints for table `agora_history`
--
ALTER TABLE `agora_history`
  ADD CONSTRAINT `agora_history_session_id_foreign` FOREIGN KEY (`session_id`) REFERENCES `sessions` (`id`) ON DELETE CASCADE;

--
-- Constraints for table `ai_contents`
--
ALTER TABLE `ai_contents`
  ADD CONSTRAINT `ai_contents_service_id_foreign` FOREIGN KEY (`service_id`) REFERENCES `ai_content_templates` (`id`) ON DELETE CASCADE,
  ADD CONSTRAINT `ai_contents_user_id_foreign` FOREIGN KEY (`user_id`) REFERENCES `users` (`id`) ON DELETE CASCADE;

--
-- Constraints for table `ai_content_template_translations`
--
ALTER TABLE `ai_content_template_translations`
  ADD CONSTRAINT `ai_content_template_id_trans` FOREIGN KEY (`ai_content_template_id`) REFERENCES `ai_content_templates` (`id`) ON DELETE CASCADE;

--
-- Constraints for table `badge_translations`
--
ALTER TABLE `badge_translations`
  ADD CONSTRAINT `badge_translations_badge_id_foreign` FOREIGN KEY (`badge_id`) REFERENCES `badges` (`id`) ON DELETE CASCADE;

--
-- Constraints for table `become_instructors`
--
ALTER TABLE `become_instructors`
  ADD CONSTRAINT `become_instructors_user_id_foreign` FOREIGN KEY (`user_id`) REFERENCES `users` (`id`) ON DELETE CASCADE;

--
-- Constraints for table `blog`
--
ALTER TABLE `blog`
  ADD CONSTRAINT `blog_category_id_foreign` FOREIGN KEY (`category_id`) REFERENCES `blog_categories` (`id`) ON DELETE CASCADE;

--
-- Constraints for table `blog_translations`
--
ALTER TABLE `blog_translations`
  ADD CONSTRAINT `blog_translations_blog_id_foreign` FOREIGN KEY (`blog_id`) REFERENCES `blog` (`id`) ON DELETE CASCADE;

--
-- Constraints for table `bundles`
--
ALTER TABLE `bundles`
  ADD CONSTRAINT `bundles_category_id_foreign` FOREIGN KEY (`category_id`) REFERENCES `categories` (`id`) ON DELETE CASCADE,
  ADD CONSTRAINT `bundles_creator_id_foreign` FOREIGN KEY (`creator_id`) REFERENCES `users` (`id`) ON DELETE CASCADE,
  ADD CONSTRAINT `bundles_teacher_id_foreign` FOREIGN KEY (`teacher_id`) REFERENCES `users` (`id`) ON DELETE CASCADE;

--
-- Constraints for table `bundle_filter_option`
--
ALTER TABLE `bundle_filter_option`
  ADD CONSTRAINT `bundle_filter_option_bundle_id_foreign` FOREIGN KEY (`bundle_id`) REFERENCES `bundles` (`id`) ON DELETE CASCADE,
  ADD CONSTRAINT `bundle_filter_option_filter_option_id_foreign` FOREIGN KEY (`filter_option_id`) REFERENCES `filter_options` (`id`) ON DELETE CASCADE;

--
-- Constraints for table `bundle_translations`
--
ALTER TABLE `bundle_translations`
  ADD CONSTRAINT `bundle_translations_bundle_id_foreign` FOREIGN KEY (`bundle_id`) REFERENCES `bundles` (`id`) ON DELETE CASCADE;

--
-- Constraints for table `bundle_webinars`
--
ALTER TABLE `bundle_webinars`
  ADD CONSTRAINT `bundle_webinars_bundle_id_foreign` FOREIGN KEY (`bundle_id`) REFERENCES `bundles` (`id`) ON DELETE CASCADE,
  ADD CONSTRAINT `bundle_webinars_webinar_id_foreign` FOREIGN KEY (`webinar_id`) REFERENCES `webinars` (`id`) ON DELETE CASCADE;

--
-- Constraints for table `cart`
--
ALTER TABLE `cart`
  ADD CONSTRAINT `cart_bundle_id_foreign` FOREIGN KEY (`bundle_id`) REFERENCES `bundles` (`id`) ON DELETE CASCADE,
  ADD CONSTRAINT `cart_creator_id_foreign` FOREIGN KEY (`creator_id`) REFERENCES `users` (`id`) ON DELETE CASCADE,
  ADD CONSTRAINT `cart_gift_id_foreign` FOREIGN KEY (`gift_id`) REFERENCES `gifts` (`id`) ON DELETE CASCADE,
  ADD CONSTRAINT `cart_installment_payment_id_foreign` FOREIGN KEY (`installment_payment_id`) REFERENCES `installment_order_payments` (`id`) ON DELETE CASCADE,
  ADD CONSTRAINT `cart_product_discount_id_foreign` FOREIGN KEY (`product_discount_id`) REFERENCES `product_discounts` (`id`) ON DELETE SET NULL,
  ADD CONSTRAINT `cart_product_order_id_foreign` FOREIGN KEY (`product_order_id`) REFERENCES `product_orders` (`id`) ON DELETE CASCADE,
  ADD CONSTRAINT `cart_promotion_id_foreign` FOREIGN KEY (`promotion_id`) REFERENCES `promotions` (`id`) ON DELETE CASCADE,
  ADD CONSTRAINT `cart_reserve_meeting_id_foreign` FOREIGN KEY (`reserve_meeting_id`) REFERENCES `reserve_meetings` (`id`) ON DELETE CASCADE,
  ADD CONSTRAINT `cart_special_offer_id_foreign` FOREIGN KEY (`special_offer_id`) REFERENCES `special_offers` (`id`) ON DELETE CASCADE,
  ADD CONSTRAINT `cart_subscribe_id_foreign` FOREIGN KEY (`subscribe_id`) REFERENCES `subscribes` (`id`) ON DELETE CASCADE,
  ADD CONSTRAINT `cart_ticket_id_foreign` FOREIGN KEY (`ticket_id`) REFERENCES `tickets` (`id`) ON DELETE CASCADE,
  ADD CONSTRAINT `cart_webinar_id_foreign` FOREIGN KEY (`webinar_id`) REFERENCES `webinars` (`id`) ON DELETE CASCADE;

--
-- Constraints for table `cashback_rule_specification_items`
--
ALTER TABLE `cashback_rule_specification_items`
  ADD CONSTRAINT `cashback_rule_specification_items_bundle_id_foreign` FOREIGN KEY (`bundle_id`) REFERENCES `bundles` (`id`) ON DELETE CASCADE,
  ADD CONSTRAINT `cashback_rule_specification_items_cashback_rule_id_foreign` FOREIGN KEY (`cashback_rule_id`) REFERENCES `cashback_rules` (`id`) ON DELETE CASCADE,
  ADD CONSTRAINT `cashback_rule_specification_items_category_id_foreign` FOREIGN KEY (`category_id`) REFERENCES `categories` (`id`) ON DELETE CASCADE,
  ADD CONSTRAINT `cashback_rule_specification_items_instructor_id_foreign` FOREIGN KEY (`instructor_id`) REFERENCES `users` (`id`) ON DELETE CASCADE,
  ADD CONSTRAINT `cashback_rule_specification_items_product_id_foreign` FOREIGN KEY (`product_id`) REFERENCES `products` (`id`) ON DELETE CASCADE,
  ADD CONSTRAINT `cashback_rule_specification_items_seller_id_foreign` FOREIGN KEY (`seller_id`) REFERENCES `users` (`id`) ON DELETE CASCADE,
  ADD CONSTRAINT `cashback_rule_specification_items_subscribe_id_foreign` FOREIGN KEY (`subscribe_id`) REFERENCES `subscribes` (`id`) ON DELETE CASCADE,
  ADD CONSTRAINT `cashback_rule_specification_items_webinar_id_foreign` FOREIGN KEY (`webinar_id`) REFERENCES `webinars` (`id`) ON DELETE CASCADE,
  ADD CONSTRAINT `rules_registration_package_id` FOREIGN KEY (`registration_package_id`) REFERENCES `registration_packages` (`id`) ON DELETE CASCADE;

--
-- Constraints for table `cashback_rule_translations`
--
ALTER TABLE `cashback_rule_translations`
  ADD CONSTRAINT `cashback_rule_translations_cashback_rule_id_foreign` FOREIGN KEY (`cashback_rule_id`) REFERENCES `cashback_rules` (`id`) ON DELETE CASCADE;

--
-- Constraints for table `cashback_rule_users_groups`
--
ALTER TABLE `cashback_rule_users_groups`
  ADD CONSTRAINT `cashback_rule_users_groups_cashback_rule_id_foreign` FOREIGN KEY (`cashback_rule_id`) REFERENCES `cashback_rules` (`id`) ON DELETE CASCADE,
  ADD CONSTRAINT `cashback_rule_users_groups_group_id_foreign` FOREIGN KEY (`group_id`) REFERENCES `groups` (`id`) ON DELETE CASCADE,
  ADD CONSTRAINT `cashback_rule_users_groups_user_id_foreign` FOREIGN KEY (`user_id`) REFERENCES `users` (`id`) ON DELETE CASCADE;

--
-- Constraints for table `category_translations`
--
ALTER TABLE `category_translations`
  ADD CONSTRAINT `category_translations_category_id_foreign` FOREIGN KEY (`category_id`) REFERENCES `categories` (`id`) ON DELETE CASCADE;

--
-- Constraints for table `certificates`
--
ALTER TABLE `certificates`
  ADD CONSTRAINT `certificates_quiz_id_foreign` FOREIGN KEY (`quiz_id`) REFERENCES `quizzes` (`id`) ON DELETE CASCADE,
  ADD CONSTRAINT `certificates_quiz_result_id_foreign` FOREIGN KEY (`quiz_result_id`) REFERENCES `quizzes_results` (`id`) ON DELETE CASCADE,
  ADD CONSTRAINT `certificates_student_id_foreign` FOREIGN KEY (`student_id`) REFERENCES `users` (`id`) ON DELETE CASCADE,
  ADD CONSTRAINT `certificates_webinar_id_foreign` FOREIGN KEY (`webinar_id`) REFERENCES `webinars` (`id`) ON DELETE CASCADE;

--
-- Constraints for table `certificate_template_translations`
--
ALTER TABLE `certificate_template_translations`
  ADD CONSTRAINT `certificate_template_id` FOREIGN KEY (`certificate_template_id`) REFERENCES `certificates_templates` (`id`) ON DELETE CASCADE;

--
-- Constraints for table `comments`
--
ALTER TABLE `comments`
  ADD CONSTRAINT `comments_bundle_id_foreign` FOREIGN KEY (`bundle_id`) REFERENCES `bundles` (`id`) ON DELETE CASCADE,
  ADD CONSTRAINT `comments_ibfk_1` FOREIGN KEY (`blog_id`) REFERENCES `blog` (`id`) ON DELETE CASCADE,
  ADD CONSTRAINT `comments_product_id_foreign` FOREIGN KEY (`product_id`) REFERENCES `products` (`id`) ON DELETE CASCADE,
  ADD CONSTRAINT `comments_reply_id_foreign` FOREIGN KEY (`reply_id`) REFERENCES `comments` (`id`) ON DELETE CASCADE,
  ADD CONSTRAINT `comments_review_id_foreign` FOREIGN KEY (`review_id`) REFERENCES `webinar_reviews` (`id`) ON DELETE CASCADE,
  ADD CONSTRAINT `comments_upcoming_course_id_foreign` FOREIGN KEY (`upcoming_course_id`) REFERENCES `upcoming_courses` (`id`) ON DELETE CASCADE,
  ADD CONSTRAINT `comments_user_id_foreign` FOREIGN KEY (`user_id`) REFERENCES `users` (`id`) ON DELETE CASCADE,
  ADD CONSTRAINT `comments_webinar_id_foreign` FOREIGN KEY (`webinar_id`) REFERENCES `webinars` (`id`) ON DELETE CASCADE;

--
-- Constraints for table `comments_reports`
--
ALTER TABLE `comments_reports`
  ADD CONSTRAINT `comments_reports_comment_id_foreign` FOREIGN KEY (`comment_id`) REFERENCES `comments` (`id`) ON DELETE CASCADE,
  ADD CONSTRAINT `comments_reports_product_id_foreign` FOREIGN KEY (`product_id`) REFERENCES `products` (`id`) ON DELETE CASCADE;

--
-- Constraints for table `course_forums`
--
ALTER TABLE `course_forums`
  ADD CONSTRAINT `course_forums_user_id_foreign` FOREIGN KEY (`user_id`) REFERENCES `users` (`id`) ON DELETE CASCADE,
  ADD CONSTRAINT `course_forums_webinar_id_foreign` FOREIGN KEY (`webinar_id`) REFERENCES `webinars` (`id`) ON DELETE CASCADE;

--
-- Constraints for table `course_forum_answers`
--
ALTER TABLE `course_forum_answers`
  ADD CONSTRAINT `course_forum_answers_forum_id_foreign` FOREIGN KEY (`forum_id`) REFERENCES `course_forums` (`id`) ON DELETE CASCADE,
  ADD CONSTRAINT `course_forum_answers_user_id_foreign` FOREIGN KEY (`user_id`) REFERENCES `users` (`id`) ON DELETE CASCADE;

--
-- Constraints for table `course_learning`
--
ALTER TABLE `course_learning`
  ADD CONSTRAINT `course_learning_file_id_foreign` FOREIGN KEY (`file_id`) REFERENCES `files` (`id`) ON DELETE CASCADE,
  ADD CONSTRAINT `course_learning_session_id_foreign` FOREIGN KEY (`session_id`) REFERENCES `sessions` (`id`) ON DELETE CASCADE,
  ADD CONSTRAINT `course_learning_text_lesson_id_foreign` FOREIGN KEY (`text_lesson_id`) REFERENCES `text_lessons` (`id`) ON DELETE CASCADE,
  ADD CONSTRAINT `course_learning_user_id_foreign` FOREIGN KEY (`user_id`) REFERENCES `users` (`id`) ON DELETE CASCADE;

--
-- Constraints for table `course_noticeboards`
--
ALTER TABLE `course_noticeboards`
  ADD CONSTRAINT `course_noticeboards_creator_id_foreign` FOREIGN KEY (`creator_id`) REFERENCES `users` (`id`) ON DELETE CASCADE,
  ADD CONSTRAINT `course_noticeboards_webinar_id_foreign` FOREIGN KEY (`webinar_id`) REFERENCES `webinars` (`id`) ON DELETE CASCADE;

--
-- Constraints for table `course_noticeboard_status`
--
ALTER TABLE `course_noticeboard_status`
  ADD CONSTRAINT `course_noticeboard_status_noticeboard_id_foreign` FOREIGN KEY (`noticeboard_id`) REFERENCES `course_noticeboards` (`id`) ON DELETE CASCADE;

--
-- Constraints for table `delete_account_requests`
--
ALTER TABLE `delete_account_requests`
  ADD CONSTRAINT `delete_account_requests_user_id_foreign` FOREIGN KEY (`user_id`) REFERENCES `users` (`id`) ON DELETE CASCADE;

--
-- Constraints for table `discounts`
--
ALTER TABLE `discounts`
  ADD CONSTRAINT `discounts_creator_id_foreign` FOREIGN KEY (`creator_id`) REFERENCES `users` (`id`) ON DELETE CASCADE;

--
-- Constraints for table `discount_bundles`
--
ALTER TABLE `discount_bundles`
  ADD CONSTRAINT `discount_bundles_bundle_id_foreign` FOREIGN KEY (`bundle_id`) REFERENCES `bundles` (`id`) ON DELETE CASCADE ON UPDATE NO ACTION,
  ADD CONSTRAINT `discount_bundles_discount_id_foreign` FOREIGN KEY (`discount_id`) REFERENCES `discounts` (`id`) ON DELETE CASCADE ON UPDATE NO ACTION;

--
-- Constraints for table `discount_categories`
--
ALTER TABLE `discount_categories`
  ADD CONSTRAINT `discount_categories_category_id_foreign` FOREIGN KEY (`category_id`) REFERENCES `categories` (`id`) ON DELETE CASCADE,
  ADD CONSTRAINT `discount_categories_discount_id_foreign` FOREIGN KEY (`discount_id`) REFERENCES `discounts` (`id`) ON DELETE CASCADE;

--
-- Constraints for table `discount_courses`
--
ALTER TABLE `discount_courses`
  ADD CONSTRAINT `discount_courses_course_id_foreign` FOREIGN KEY (`course_id`) REFERENCES `webinars` (`id`) ON DELETE CASCADE ON UPDATE NO ACTION,
  ADD CONSTRAINT `discount_courses_discount_id_foreign` FOREIGN KEY (`discount_id`) REFERENCES `discounts` (`id`) ON DELETE CASCADE ON UPDATE NO ACTION;

--
-- Constraints for table `discount_groups`
--
ALTER TABLE `discount_groups`
  ADD CONSTRAINT `discount_groups_discount_id_foreign` FOREIGN KEY (`discount_id`) REFERENCES `discounts` (`id`) ON DELETE CASCADE ON UPDATE NO ACTION,
  ADD CONSTRAINT `discount_groups_group_id_foreign` FOREIGN KEY (`group_id`) REFERENCES `groups` (`id`) ON DELETE CASCADE ON UPDATE NO ACTION;

--
-- Constraints for table `discount_users`
--
ALTER TABLE `discount_users`
  ADD CONSTRAINT `discount_users_discount_id_foreign` FOREIGN KEY (`discount_id`) REFERENCES `discounts` (`id`) ON DELETE CASCADE ON UPDATE NO ACTION,
  ADD CONSTRAINT `discount_users_user_id_foreign` FOREIGN KEY (`user_id`) REFERENCES `users` (`id`) ON DELETE CASCADE ON UPDATE NO ACTION;

--
-- Constraints for table `faqs`
--
ALTER TABLE `faqs`
  ADD CONSTRAINT `faqs_bundle_id_foreign` FOREIGN KEY (`bundle_id`) REFERENCES `bundles` (`id`) ON DELETE CASCADE ON UPDATE NO ACTION,
  ADD CONSTRAINT `faqs_creator_id_foreign` FOREIGN KEY (`creator_id`) REFERENCES `users` (`id`) ON DELETE CASCADE ON UPDATE NO ACTION,
  ADD CONSTRAINT `faqs_upcoming_course_id_foreign` FOREIGN KEY (`upcoming_course_id`) REFERENCES `upcoming_courses` (`id`) ON DELETE CASCADE ON UPDATE NO ACTION,
  ADD CONSTRAINT `faqs_webinar_id_foreign` FOREIGN KEY (`webinar_id`) REFERENCES `webinars` (`id`) ON DELETE CASCADE ON UPDATE NO ACTION;

--
-- Constraints for table `faq_translations`
--
ALTER TABLE `faq_translations`
  ADD CONSTRAINT `faq_translations_faq_id_foreign` FOREIGN KEY (`faq_id`) REFERENCES `faqs` (`id`) ON DELETE CASCADE ON UPDATE NO ACTION;

--
-- Constraints for table `favorites`
--
ALTER TABLE `favorites`
  ADD CONSTRAINT `favorites_bundle_id_foreign` FOREIGN KEY (`bundle_id`) REFERENCES `bundles` (`id`) ON DELETE CASCADE ON UPDATE NO ACTION,
  ADD CONSTRAINT `favorites_upcoming_course_id_foreign` FOREIGN KEY (`upcoming_course_id`) REFERENCES `upcoming_courses` (`id`) ON DELETE CASCADE ON UPDATE NO ACTION,
  ADD CONSTRAINT `favorites_user_id_foreign` FOREIGN KEY (`user_id`) REFERENCES `users` (`id`) ON DELETE CASCADE ON UPDATE NO ACTION,
  ADD CONSTRAINT `favorites_webinar_id_foreign` FOREIGN KEY (`webinar_id`) REFERENCES `webinars` (`id`) ON DELETE CASCADE ON UPDATE NO ACTION;

--
-- Constraints for table `feature_webinars`
--
ALTER TABLE `feature_webinars`
  ADD CONSTRAINT `feature_webinars_webinar_id_foreign` FOREIGN KEY (`webinar_id`) REFERENCES `webinars` (`id`) ON DELETE CASCADE ON UPDATE NO ACTION;

--
-- Constraints for table `feature_webinar_translations`
--
ALTER TABLE `feature_webinar_translations`
  ADD CONSTRAINT `feature_webinar_translations_feature_webinar_id_foreign` FOREIGN KEY (`feature_webinar_id`) REFERENCES `feature_webinars` (`id`) ON DELETE CASCADE ON UPDATE NO ACTION;

--
-- Constraints for table `files`
--
ALTER TABLE `files`
  ADD CONSTRAINT `files_chapter_id_foreign` FOREIGN KEY (`chapter_id`) REFERENCES `webinar_chapters` (`id`) ON DELETE CASCADE ON UPDATE NO ACTION,
  ADD CONSTRAINT `files_creator_id_foreign` FOREIGN KEY (`creator_id`) REFERENCES `users` (`id`) ON DELETE CASCADE ON UPDATE NO ACTION,
  ADD CONSTRAINT `files_webinar_id_foreign` FOREIGN KEY (`webinar_id`) REFERENCES `webinars` (`id`) ON DELETE CASCADE ON UPDATE NO ACTION;

--
-- Constraints for table `file_translations`
--
ALTER TABLE `file_translations`
  ADD CONSTRAINT `file_translations_file_id_foreign` FOREIGN KEY (`file_id`) REFERENCES `files` (`id`) ON DELETE CASCADE ON UPDATE NO ACTION;

--
-- Constraints for table `filters`
--
ALTER TABLE `filters`
  ADD CONSTRAINT `filters_category_id_foreign` FOREIGN KEY (`category_id`) REFERENCES `categories` (`id`) ON DELETE CASCADE ON UPDATE NO ACTION;

--
-- Constraints for table `filter_options`
--
ALTER TABLE `filter_options`
  ADD CONSTRAINT `filter_options_filter_id_foreign` FOREIGN KEY (`filter_id`) REFERENCES `filters` (`id`) ON DELETE CASCADE ON UPDATE NO ACTION;

--
-- Constraints for table `filter_option_translations`
--
ALTER TABLE `filter_option_translations`
  ADD CONSTRAINT `filter_option_translations_filter_option_id_foreign` FOREIGN KEY (`filter_option_id`) REFERENCES `filter_options` (`id`) ON DELETE CASCADE ON UPDATE NO ACTION;

--
-- Constraints for table `filter_translations`
--
ALTER TABLE `filter_translations`
  ADD CONSTRAINT `filter_translations_filter_id_foreign` FOREIGN KEY (`filter_id`) REFERENCES `filters` (`id`) ON DELETE CASCADE ON UPDATE NO ACTION;

--
-- Constraints for table `floating_bar_translations`
--
ALTER TABLE `floating_bar_translations`
  ADD CONSTRAINT `floating_bar_translations_floating_bar_id_foreign` FOREIGN KEY (`floating_bar_id`) REFERENCES `floating_bars` (`id`) ON DELETE CASCADE ON UPDATE NO ACTION;

--
-- Constraints for table `follows`
--
ALTER TABLE `follows`
  ADD CONSTRAINT `follows_follower_foreign` FOREIGN KEY (`follower`) REFERENCES `users` (`id`) ON DELETE CASCADE ON UPDATE NO ACTION,
  ADD CONSTRAINT `follows_user_id_foreign` FOREIGN KEY (`user_id`) REFERENCES `users` (`id`) ON DELETE CASCADE ON UPDATE NO ACTION;

--
-- Constraints for table `form_fields`
--
ALTER TABLE `form_fields`
  ADD CONSTRAINT `form_fields_form_id_foreign` FOREIGN KEY (`form_id`) REFERENCES `forms` (`id`) ON DELETE CASCADE;

--
-- Constraints for table `form_field_options`
--
ALTER TABLE `form_field_options`
  ADD CONSTRAINT `form_field_options_form_field_id_foreign` FOREIGN KEY (`form_field_id`) REFERENCES `form_fields` (`id`) ON DELETE CASCADE;

--
-- Constraints for table `form_field_option_translations`
--
ALTER TABLE `form_field_option_translations`
  ADD CONSTRAINT `form_field_option_id_trans` FOREIGN KEY (`form_field_option_id`) REFERENCES `form_field_options` (`id`) ON DELETE CASCADE;

--
-- Constraints for table `form_field_translations`
--
ALTER TABLE `form_field_translations`
  ADD CONSTRAINT `form_field_translations_form_field_id_foreign` FOREIGN KEY (`form_field_id`) REFERENCES `form_fields` (`id`) ON DELETE CASCADE;

--
-- Constraints for table `form_roles_users_groups`
--
ALTER TABLE `form_roles_users_groups`
  ADD CONSTRAINT `form_roles_users_groups_form_id_foreign` FOREIGN KEY (`form_id`) REFERENCES `forms` (`id`) ON DELETE CASCADE,
  ADD CONSTRAINT `form_roles_users_groups_group_id_foreign` FOREIGN KEY (`group_id`) REFERENCES `groups` (`id`) ON DELETE CASCADE,
  ADD CONSTRAINT `form_roles_users_groups_role_id_foreign` FOREIGN KEY (`role_id`) REFERENCES `roles` (`id`) ON DELETE CASCADE,
  ADD CONSTRAINT `form_roles_users_groups_user_id_foreign` FOREIGN KEY (`user_id`) REFERENCES `users` (`id`) ON DELETE CASCADE;

--
-- Constraints for table `form_submissions`
--
ALTER TABLE `form_submissions`
  ADD CONSTRAINT `form_submissions_form_id_foreign` FOREIGN KEY (`form_id`) REFERENCES `forms` (`id`) ON DELETE CASCADE,
  ADD CONSTRAINT `form_submissions_user_id_foreign` FOREIGN KEY (`user_id`) REFERENCES `users` (`id`) ON DELETE CASCADE;

--
-- Constraints for table `form_submission_items`
--
ALTER TABLE `form_submission_items`
  ADD CONSTRAINT `form_submission_items_form_field_id_foreign` FOREIGN KEY (`form_field_id`) REFERENCES `form_fields` (`id`) ON DELETE CASCADE,
  ADD CONSTRAINT `form_submission_items_submission_id_foreign` FOREIGN KEY (`submission_id`) REFERENCES `form_submissions` (`id`) ON DELETE CASCADE;

--
-- Constraints for table `form_translations`
--
ALTER TABLE `form_translations`
  ADD CONSTRAINT `form_translations_form_id_foreign` FOREIGN KEY (`form_id`) REFERENCES `forms` (`id`) ON DELETE CASCADE;

--
-- Constraints for table `forums`
--
ALTER TABLE `forums`
  ADD CONSTRAINT `forums_group_id_foreign` FOREIGN KEY (`group_id`) REFERENCES `groups` (`id`) ON DELETE CASCADE ON UPDATE NO ACTION,
  ADD CONSTRAINT `forums_role_id_foreign` FOREIGN KEY (`role_id`) REFERENCES `roles` (`id`) ON DELETE CASCADE ON UPDATE NO ACTION;

--
-- Constraints for table `forum_featured_topics`
--
ALTER TABLE `forum_featured_topics`
  ADD CONSTRAINT `forum_featured_topics_topic_id_foreign` FOREIGN KEY (`topic_id`) REFERENCES `forum_topics` (`id`) ON DELETE CASCADE ON UPDATE NO ACTION;

--
-- Constraints for table `forum_recommended_topic_items`
--
ALTER TABLE `forum_recommended_topic_items`
  ADD CONSTRAINT `forum_recommended_topic_items_recommended_topic_id_foreign` FOREIGN KEY (`recommended_topic_id`) REFERENCES `forum_recommended_topics` (`id`) ON DELETE CASCADE ON UPDATE NO ACTION,
  ADD CONSTRAINT `forum_recommended_topic_items_topic_id_foreign` FOREIGN KEY (`topic_id`) REFERENCES `forum_topics` (`id`) ON DELETE CASCADE ON UPDATE NO ACTION;

--
-- Constraints for table `forum_topics`
--
ALTER TABLE `forum_topics`
  ADD CONSTRAINT `forum_topics_creator_id_foreign` FOREIGN KEY (`creator_id`) REFERENCES `users` (`id`) ON DELETE CASCADE ON UPDATE NO ACTION,
  ADD CONSTRAINT `forum_topics_forum_id_foreign` FOREIGN KEY (`forum_id`) REFERENCES `forums` (`id`) ON DELETE CASCADE ON UPDATE NO ACTION;

--
-- Constraints for table `forum_topic_attachments`
--
ALTER TABLE `forum_topic_attachments`
  ADD CONSTRAINT `forum_topic_attachments_creator_id_foreign` FOREIGN KEY (`creator_id`) REFERENCES `users` (`id`) ON DELETE CASCADE ON UPDATE NO ACTION,
  ADD CONSTRAINT `forum_topic_attachments_topic_id_foreign` FOREIGN KEY (`topic_id`) REFERENCES `forum_topics` (`id`) ON DELETE CASCADE ON UPDATE NO ACTION;

--
-- Constraints for table `forum_topic_bookmarks`
--
ALTER TABLE `forum_topic_bookmarks`
  ADD CONSTRAINT `forum_topic_bookmarks_topic_id_foreign` FOREIGN KEY (`topic_id`) REFERENCES `forum_topics` (`id`) ON DELETE CASCADE ON UPDATE NO ACTION,
  ADD CONSTRAINT `forum_topic_bookmarks_user_id_foreign` FOREIGN KEY (`user_id`) REFERENCES `users` (`id`) ON DELETE CASCADE ON UPDATE NO ACTION;

--
-- Constraints for table `forum_topic_likes`
--
ALTER TABLE `forum_topic_likes`
  ADD CONSTRAINT `forum_topic_likes_topic_id_foreign` FOREIGN KEY (`topic_id`) REFERENCES `forum_topics` (`id`) ON DELETE CASCADE ON UPDATE NO ACTION,
  ADD CONSTRAINT `forum_topic_likes_topic_post_id_foreign` FOREIGN KEY (`topic_post_id`) REFERENCES `forum_topic_posts` (`id`) ON DELETE CASCADE ON UPDATE NO ACTION,
  ADD CONSTRAINT `forum_topic_likes_user_id_foreign` FOREIGN KEY (`user_id`) REFERENCES `users` (`id`) ON DELETE CASCADE ON UPDATE NO ACTION;

--
-- Constraints for table `forum_topic_posts`
--
ALTER TABLE `forum_topic_posts`
  ADD CONSTRAINT `forum_topic_posts_parent_id_foreign` FOREIGN KEY (`parent_id`) REFERENCES `forum_topic_posts` (`id`) ON DELETE SET NULL ON UPDATE NO ACTION,
  ADD CONSTRAINT `forum_topic_posts_topic_id_foreign` FOREIGN KEY (`topic_id`) REFERENCES `forum_topics` (`id`) ON DELETE CASCADE ON UPDATE NO ACTION,
  ADD CONSTRAINT `forum_topic_posts_user_id_foreign` FOREIGN KEY (`user_id`) REFERENCES `users` (`id`) ON DELETE CASCADE ON UPDATE NO ACTION;

--
-- Constraints for table `forum_topic_reports`
--
ALTER TABLE `forum_topic_reports`
  ADD CONSTRAINT `forum_topic_reports_topic_id_foreign` FOREIGN KEY (`topic_id`) REFERENCES `forum_topics` (`id`) ON DELETE CASCADE ON UPDATE NO ACTION,
  ADD CONSTRAINT `forum_topic_reports_topic_post_id_foreign` FOREIGN KEY (`topic_post_id`) REFERENCES `forum_topic_posts` (`id`) ON DELETE CASCADE ON UPDATE NO ACTION,
  ADD CONSTRAINT `forum_topic_reports_user_id_foreign` FOREIGN KEY (`user_id`) REFERENCES `users` (`id`) ON DELETE CASCADE ON UPDATE NO ACTION;

--
-- Constraints for table `forum_translations`
--
ALTER TABLE `forum_translations`
  ADD CONSTRAINT `forum_translations_forum_id_foreign` FOREIGN KEY (`forum_id`) REFERENCES `forums` (`id`) ON DELETE CASCADE ON UPDATE NO ACTION;

--
-- Constraints for table `gifts`
--
ALTER TABLE `gifts`
  ADD CONSTRAINT `gifts_bundle_id_foreign` FOREIGN KEY (`bundle_id`) REFERENCES `bundles` (`id`) ON DELETE CASCADE ON UPDATE NO ACTION,
  ADD CONSTRAINT `gifts_product_id_foreign` FOREIGN KEY (`product_id`) REFERENCES `products` (`id`) ON DELETE CASCADE ON UPDATE NO ACTION,
  ADD CONSTRAINT `gifts_user_id_foreign` FOREIGN KEY (`user_id`) REFERENCES `users` (`id`) ON DELETE CASCADE ON UPDATE NO ACTION,
  ADD CONSTRAINT `gifts_webinar_id_foreign` FOREIGN KEY (`webinar_id`) REFERENCES `webinars` (`id`) ON DELETE CASCADE ON UPDATE NO ACTION;

--
-- Constraints for table `groups`
--
ALTER TABLE `groups`
  ADD CONSTRAINT `groups_creator_id_foreign` FOREIGN KEY (`creator_id`) REFERENCES `users` (`id`) ON DELETE CASCADE ON UPDATE NO ACTION;

--
-- Constraints for table `groups_registration_packages`
--
ALTER TABLE `groups_registration_packages`
  ADD CONSTRAINT `groups_registration_packages_group_id_foreign` FOREIGN KEY (`group_id`) REFERENCES `groups` (`id`) ON DELETE CASCADE ON UPDATE NO ACTION;

--
-- Constraints for table `group_users`
--
ALTER TABLE `group_users`
  ADD CONSTRAINT `group_users_group_id_foreign` FOREIGN KEY (`group_id`) REFERENCES `groups` (`id`) ON DELETE CASCADE ON UPDATE NO ACTION,
  ADD CONSTRAINT `group_users_user_id_foreign` FOREIGN KEY (`user_id`) REFERENCES `users` (`id`) ON DELETE CASCADE ON UPDATE NO ACTION;

--
-- Constraints for table `home_page_statistic_translations`
--
ALTER TABLE `home_page_statistic_translations`
  ADD CONSTRAINT `home_page_statistic_id` FOREIGN KEY (`home_page_statistic_id`) REFERENCES `home_page_statistics` (`id`) ON DELETE CASCADE ON UPDATE NO ACTION;

--
-- Constraints for table `installment_orders`
--
ALTER TABLE `installment_orders`
  ADD CONSTRAINT `installment_orders_bundle_id_foreign` FOREIGN KEY (`bundle_id`) REFERENCES `bundles` (`id`) ON DELETE CASCADE ON UPDATE NO ACTION,
  ADD CONSTRAINT `installment_orders_installment_id_foreign` FOREIGN KEY (`installment_id`) REFERENCES `installments` (`id`) ON DELETE CASCADE ON UPDATE NO ACTION,
  ADD CONSTRAINT `installment_orders_product_id_foreign` FOREIGN KEY (`product_id`) REFERENCES `products` (`id`) ON DELETE CASCADE ON UPDATE NO ACTION,
  ADD CONSTRAINT `installment_orders_registration_package_id_foreign` FOREIGN KEY (`registration_package_id`) REFERENCES `registration_packages` (`id`) ON DELETE CASCADE ON UPDATE NO ACTION,
  ADD CONSTRAINT `installment_orders_subscribe_id_foreign` FOREIGN KEY (`subscribe_id`) REFERENCES `subscribes` (`id`) ON DELETE CASCADE ON UPDATE NO ACTION,
  ADD CONSTRAINT `installment_orders_user_id_foreign` FOREIGN KEY (`user_id`) REFERENCES `users` (`id`) ON DELETE CASCADE ON UPDATE NO ACTION,
  ADD CONSTRAINT `installment_orders_webinar_id_foreign` FOREIGN KEY (`webinar_id`) REFERENCES `webinars` (`id`) ON DELETE CASCADE ON UPDATE NO ACTION,
  ADD CONSTRAINT `installment_product_order_id` FOREIGN KEY (`product_order_id`) REFERENCES `product_orders` (`id`) ON DELETE CASCADE ON UPDATE NO ACTION;

--
-- Constraints for table `installment_order_attachments`
--
ALTER TABLE `installment_order_attachments`
  ADD CONSTRAINT `installment_order_id_attachment` FOREIGN KEY (`installment_order_id`) REFERENCES `installment_orders` (`id`) ON DELETE CASCADE ON UPDATE NO ACTION;

--
-- Constraints for table `installment_order_payments`
--
ALTER TABLE `installment_order_payments`
  ADD CONSTRAINT `installment_order_id` FOREIGN KEY (`installment_order_id`) REFERENCES `installment_orders` (`id`) ON DELETE CASCADE ON UPDATE NO ACTION,
  ADD CONSTRAINT `installment_order_payments_sale_id_foreign` FOREIGN KEY (`sale_id`) REFERENCES `sales` (`id`) ON DELETE CASCADE ON UPDATE NO ACTION,
  ADD CONSTRAINT `installment_order_payments_selected_installment_step_id_foreign` FOREIGN KEY (`selected_installment_step_id`) REFERENCES `selected_installment_steps` (`id`) ON DELETE CASCADE;

--
-- Constraints for table `installment_reminders`
--
ALTER TABLE `installment_reminders`
  ADD CONSTRAINT `installment_reminders_user_id_foreign` FOREIGN KEY (`user_id`) REFERENCES `users` (`id`) ON DELETE CASCADE ON UPDATE NO ACTION;

--
-- Constraints for table `installment_specification_items`
--
ALTER TABLE `installment_specification_items`
  ADD CONSTRAINT `installment_specification_items_bundle_id_foreign` FOREIGN KEY (`bundle_id`) REFERENCES `bundles` (`id`) ON DELETE CASCADE ON UPDATE NO ACTION,
  ADD CONSTRAINT `installment_specification_items_category_id_foreign` FOREIGN KEY (`category_id`) REFERENCES `categories` (`id`) ON DELETE CASCADE ON UPDATE NO ACTION,
  ADD CONSTRAINT `installment_specification_items_installment_id_foreign` FOREIGN KEY (`installment_id`) REFERENCES `installments` (`id`) ON DELETE CASCADE ON UPDATE NO ACTION,
  ADD CONSTRAINT `installment_specification_items_instructor_id_foreign` FOREIGN KEY (`instructor_id`) REFERENCES `users` (`id`) ON DELETE CASCADE ON UPDATE NO ACTION,
  ADD CONSTRAINT `installment_specification_items_product_id_foreign` FOREIGN KEY (`product_id`) REFERENCES `products` (`id`) ON DELETE CASCADE ON UPDATE NO ACTION,
  ADD CONSTRAINT `installment_specification_items_registration_package_id_foreign` FOREIGN KEY (`registration_package_id`) REFERENCES `registration_packages` (`id`) ON DELETE CASCADE ON UPDATE NO ACTION,
  ADD CONSTRAINT `installment_specification_items_seller_id_foreign` FOREIGN KEY (`seller_id`) REFERENCES `users` (`id`) ON DELETE CASCADE ON UPDATE NO ACTION,
  ADD CONSTRAINT `installment_specification_items_subscribe_id_foreign` FOREIGN KEY (`subscribe_id`) REFERENCES `subscribes` (`id`) ON DELETE CASCADE ON UPDATE NO ACTION,
  ADD CONSTRAINT `installment_specification_items_webinar_id_foreign` FOREIGN KEY (`webinar_id`) REFERENCES `webinars` (`id`) ON DELETE CASCADE ON UPDATE NO ACTION;

--
-- Constraints for table `installment_steps`
--
ALTER TABLE `installment_steps`
  ADD CONSTRAINT `installment_steps_installment_id_foreign` FOREIGN KEY (`installment_id`) REFERENCES `installments` (`id`) ON DELETE CASCADE ON UPDATE NO ACTION;

--
-- Constraints for table `installment_step_translations`
--
ALTER TABLE `installment_step_translations`
  ADD CONSTRAINT `installment_step_translations_installment_step_id_foreign` FOREIGN KEY (`installment_step_id`) REFERENCES `installment_steps` (`id`) ON DELETE CASCADE ON UPDATE NO ACTION;

--
-- Constraints for table `installment_translations`
--
ALTER TABLE `installment_translations`
  ADD CONSTRAINT `installment_translations_installment_id_foreign` FOREIGN KEY (`installment_id`) REFERENCES `installments` (`id`) ON DELETE CASCADE ON UPDATE NO ACTION;

--
-- Constraints for table `installment_user_groups`
--
ALTER TABLE `installment_user_groups`
  ADD CONSTRAINT `installment_user_groups_group_id_foreign` FOREIGN KEY (`group_id`) REFERENCES `groups` (`id`) ON DELETE CASCADE ON UPDATE NO ACTION,
  ADD CONSTRAINT `installment_user_groups_installment_id_foreign` FOREIGN KEY (`installment_id`) REFERENCES `installments` (`id`) ON DELETE CASCADE ON UPDATE NO ACTION;

--
-- Constraints for table `meetings`
--
ALTER TABLE `meetings`
  ADD CONSTRAINT `meetings_creator_id_foreign` FOREIGN KEY (`creator_id`) REFERENCES `users` (`id`) ON DELETE CASCADE ON UPDATE NO ACTION;

--
-- Constraints for table `meeting_times`
--
ALTER TABLE `meeting_times`
  ADD CONSTRAINT `meeting_times_meeting_id_foreign` FOREIGN KEY (`meeting_id`) REFERENCES `meetings` (`id`) ON DELETE CASCADE ON UPDATE NO ACTION;

--
-- Constraints for table `navbar_buttons`
--
ALTER TABLE `navbar_buttons`
  ADD CONSTRAINT `navbar_buttons_role_id_foreign` FOREIGN KEY (`role_id`) REFERENCES `roles` (`id`) ON DELETE CASCADE ON UPDATE NO ACTION;

--
-- Constraints for table `navbar_button_translations`
--
ALTER TABLE `navbar_button_translations`
  ADD CONSTRAINT `navbar_button_translations_navbar_button_id_foreign` FOREIGN KEY (`navbar_button_id`) REFERENCES `navbar_buttons` (`id`) ON DELETE CASCADE ON UPDATE NO ACTION;

--
-- Constraints for table `noticeboards`
--
ALTER TABLE `noticeboards`
  ADD CONSTRAINT `noticeboards_instructor_id_foreign` FOREIGN KEY (`instructor_id`) REFERENCES `users` (`id`) ON DELETE CASCADE ON UPDATE NO ACTION,
  ADD CONSTRAINT `noticeboards_organ_id_foreign` FOREIGN KEY (`organ_id`) REFERENCES `users` (`id`) ON DELETE CASCADE ON UPDATE NO ACTION,
  ADD CONSTRAINT `noticeboards_user_id_foreign` FOREIGN KEY (`user_id`) REFERENCES `users` (`id`) ON DELETE CASCADE ON UPDATE NO ACTION,
  ADD CONSTRAINT `noticeboards_webinar_id_foreign` FOREIGN KEY (`webinar_id`) REFERENCES `webinars` (`id`) ON DELETE CASCADE ON UPDATE NO ACTION;

--
-- Constraints for table `noticeboards_status`
--
ALTER TABLE `noticeboards_status`
  ADD CONSTRAINT `noticeboards_status_noticeboard_id_foreign` FOREIGN KEY (`noticeboard_id`) REFERENCES `noticeboards` (`id`) ON DELETE CASCADE ON UPDATE NO ACTION;

--
-- Constraints for table `notifications`
--
ALTER TABLE `notifications`
  ADD CONSTRAINT `notifications_group_id_foreign` FOREIGN KEY (`group_id`) REFERENCES `groups` (`id`) ON DELETE CASCADE ON UPDATE NO ACTION,
  ADD CONSTRAINT `notifications_ibfk_1` FOREIGN KEY (`webinar_id`) REFERENCES `webinars` (`id`) ON DELETE CASCADE ON UPDATE NO ACTION,
  ADD CONSTRAINT `notifications_user_id_foreign` FOREIGN KEY (`user_id`) REFERENCES `users` (`id`) ON DELETE CASCADE ON UPDATE NO ACTION;

--
-- Constraints for table `notifications_status`
--
ALTER TABLE `notifications_status`
  ADD CONSTRAINT `notifications_status_notification_id_foreign` FOREIGN KEY (`notification_id`) REFERENCES `notifications` (`id`) ON DELETE CASCADE ON UPDATE NO ACTION;

--
-- Constraints for table `offline_bank_specifications`
--
ALTER TABLE `offline_bank_specifications`
  ADD CONSTRAINT `offline_bank_specifications_offline_bank_id_foreign` FOREIGN KEY (`offline_bank_id`) REFERENCES `offline_banks` (`id`) ON DELETE CASCADE ON UPDATE NO ACTION;

--
-- Constraints for table `offline_bank_specification_translations`
--
ALTER TABLE `offline_bank_specification_translations`
  ADD CONSTRAINT `offline_bank_specification_id` FOREIGN KEY (`offline_bank_specification_id`) REFERENCES `offline_bank_specifications` (`id`) ON DELETE CASCADE ON UPDATE NO ACTION;

--
-- Constraints for table `offline_bank_translations`
--
ALTER TABLE `offline_bank_translations`
  ADD CONSTRAINT `offline_bank_translations_offline_bank_id_foreign` FOREIGN KEY (`offline_bank_id`) REFERENCES `offline_banks` (`id`) ON DELETE CASCADE ON UPDATE NO ACTION;

--
-- Constraints for table `offline_payments`
--
ALTER TABLE `offline_payments`
  ADD CONSTRAINT `offline_payments_offline_bank_id_foreign` FOREIGN KEY (`offline_bank_id`) REFERENCES `offline_banks` (`id`) ON DELETE SET NULL ON UPDATE NO ACTION,
  ADD CONSTRAINT `offline_payments_user_id_foreign` FOREIGN KEY (`user_id`) REFERENCES `users` (`id`) ON DELETE CASCADE ON UPDATE NO ACTION;

--
-- Constraints for table `orders`
--
ALTER TABLE `orders`
  ADD CONSTRAINT `orders_user_id_foreign` FOREIGN KEY (`user_id`) REFERENCES `users` (`id`) ON DELETE CASCADE ON UPDATE NO ACTION;

--
-- Constraints for table `order_items`
--
ALTER TABLE `order_items`
  ADD CONSTRAINT `order_items_gift_id_foreign` FOREIGN KEY (`gift_id`) REFERENCES `gifts` (`id`) ON DELETE CASCADE ON UPDATE NO ACTION;

--
-- Constraints for table `page_translations`
--
ALTER TABLE `page_translations`
  ADD CONSTRAINT `page_translations_page_id_foreign` FOREIGN KEY (`page_id`) REFERENCES `pages` (`id`) ON DELETE CASCADE ON UPDATE NO ACTION;

--
-- Constraints for table `payku_payments`
--
ALTER TABLE `payku_payments`
  ADD CONSTRAINT `payku_payments_transaction_id_foreign` FOREIGN KEY (`transaction_id`) REFERENCES `payku_transactions` (`id`) ON DELETE NO ACTION ON UPDATE NO ACTION;

--
-- Constraints for table `payouts`
--
ALTER TABLE `payouts`
  ADD CONSTRAINT `payout_user_selected_bank_id` FOREIGN KEY (`user_selected_bank_id`) REFERENCES `user_selected_banks` (`id`) ON DELETE CASCADE ON UPDATE NO ACTION,
  ADD CONSTRAINT `payouts_user_id_foreign` FOREIGN KEY (`user_id`) REFERENCES `users` (`id`) ON DELETE CASCADE ON UPDATE NO ACTION;

--
-- Constraints for table `permissions`
--
ALTER TABLE `permissions`
  ADD CONSTRAINT `permissions_role_id_foreign` FOREIGN KEY (`role_id`) REFERENCES `roles` (`id`) ON DELETE CASCADE ON UPDATE NO ACTION,
  ADD CONSTRAINT `permissions_section_id_foreign` FOREIGN KEY (`section_id`) REFERENCES `sections` (`id`) ON DELETE NO ACTION ON UPDATE NO ACTION;

--
-- Constraints for table `prerequisites`
--
ALTER TABLE `prerequisites`
  ADD CONSTRAINT `prerequisite_id` FOREIGN KEY (`prerequisite_id`) REFERENCES `webinars` (`id`) ON DELETE CASCADE ON UPDATE NO ACTION,
  ADD CONSTRAINT `prerequisites_webinar_id_foreign` FOREIGN KEY (`webinar_id`) REFERENCES `webinars` (`id`) ON DELETE CASCADE ON UPDATE NO ACTION;

--
-- Constraints for table `products`
--
ALTER TABLE `products`
  ADD CONSTRAINT `products_category_id_foreign` FOREIGN KEY (`category_id`) REFERENCES `product_categories` (`id`) ON DELETE CASCADE ON UPDATE NO ACTION,
  ADD CONSTRAINT `products_creator_id_foreign` FOREIGN KEY (`creator_id`) REFERENCES `users` (`id`) ON DELETE CASCADE ON UPDATE NO ACTION;

--
-- Constraints for table `product_category_translations`
--
ALTER TABLE `product_category_translations`
  ADD CONSTRAINT `product_category_id` FOREIGN KEY (`product_category_id`) REFERENCES `product_categories` (`id`) ON DELETE CASCADE ON UPDATE NO ACTION;

--
-- Constraints for table `product_discounts`
--
ALTER TABLE `product_discounts`
  ADD CONSTRAINT `product_discounts_creator_id_foreign` FOREIGN KEY (`creator_id`) REFERENCES `users` (`id`) ON DELETE CASCADE ON UPDATE NO ACTION,
  ADD CONSTRAINT `product_discounts_product_id_foreign` FOREIGN KEY (`product_id`) REFERENCES `products` (`id`) ON DELETE CASCADE ON UPDATE NO ACTION;

--
-- Constraints for table `product_faqs`
--
ALTER TABLE `product_faqs`
  ADD CONSTRAINT `product_faqs_creator_id_foreign` FOREIGN KEY (`creator_id`) REFERENCES `users` (`id`) ON DELETE CASCADE ON UPDATE NO ACTION,
  ADD CONSTRAINT `product_faqs_product_id_foreign` FOREIGN KEY (`product_id`) REFERENCES `products` (`id`) ON DELETE CASCADE ON UPDATE NO ACTION;

--
-- Constraints for table `product_faq_translations`
--
ALTER TABLE `product_faq_translations`
  ADD CONSTRAINT `product_faq_id` FOREIGN KEY (`product_faq_id`) REFERENCES `product_faqs` (`id`) ON DELETE CASCADE ON UPDATE NO ACTION;

--
-- Constraints for table `product_files`
--
ALTER TABLE `product_files`
  ADD CONSTRAINT `file_creator_id` FOREIGN KEY (`creator_id`) REFERENCES `users` (`id`) ON DELETE CASCADE ON UPDATE NO ACTION,
  ADD CONSTRAINT `file_product_id` FOREIGN KEY (`product_id`) REFERENCES `products` (`id`) ON DELETE CASCADE ON UPDATE NO ACTION;

--
-- Constraints for table `product_file_translations`
--
ALTER TABLE `product_file_translations`
  ADD CONSTRAINT `product_file_id` FOREIGN KEY (`product_file_id`) REFERENCES `product_files` (`id`) ON DELETE CASCADE ON UPDATE NO ACTION;

--
-- Constraints for table `product_filters`
--
ALTER TABLE `product_filters`
  ADD CONSTRAINT `product_filters_category_id_foreign` FOREIGN KEY (`category_id`) REFERENCES `product_categories` (`id`) ON DELETE CASCADE ON UPDATE NO ACTION;

--
-- Constraints for table `product_filter_options`
--
ALTER TABLE `product_filter_options`
  ADD CONSTRAINT `product_filter_options_filter_id_foreign` FOREIGN KEY (`filter_id`) REFERENCES `product_filters` (`id`) ON DELETE CASCADE ON UPDATE NO ACTION;

--
-- Constraints for table `product_filter_option_translations`
--
ALTER TABLE `product_filter_option_translations`
  ADD CONSTRAINT `product_filter_option_id` FOREIGN KEY (`product_filter_option_id`) REFERENCES `product_filter_options` (`id`) ON DELETE CASCADE ON UPDATE NO ACTION;

--
-- Constraints for table `product_filter_translations`
--
ALTER TABLE `product_filter_translations`
  ADD CONSTRAINT `product_filter_id` FOREIGN KEY (`product_filter_id`) REFERENCES `product_filters` (`id`) ON DELETE CASCADE ON UPDATE NO ACTION;

--
-- Constraints for table `product_media`
--
ALTER TABLE `product_media`
  ADD CONSTRAINT `media_creator_id` FOREIGN KEY (`creator_id`) REFERENCES `users` (`id`) ON DELETE CASCADE ON UPDATE NO ACTION,
  ADD CONSTRAINT `media_product_id` FOREIGN KEY (`product_id`) REFERENCES `products` (`id`) ON DELETE CASCADE ON UPDATE NO ACTION;

--
-- Constraints for table `product_orders`
--
ALTER TABLE `product_orders`
  ADD CONSTRAINT `product_orders_gift_id_foreign` FOREIGN KEY (`gift_id`) REFERENCES `gifts` (`id`) ON DELETE CASCADE ON UPDATE NO ACTION,
  ADD CONSTRAINT `product_orders_installment_order_id_foreign` FOREIGN KEY (`installment_order_id`) REFERENCES `installment_orders` (`id`) ON DELETE CASCADE ON UPDATE NO ACTION;

--
-- Constraints for table `product_reviews`
--
ALTER TABLE `product_reviews`
  ADD CONSTRAINT `product_reviews_creator_id_foreign` FOREIGN KEY (`creator_id`) REFERENCES `users` (`id`) ON DELETE CASCADE ON UPDATE NO ACTION,
  ADD CONSTRAINT `product_reviews_product_id_foreign` FOREIGN KEY (`product_id`) REFERENCES `products` (`id`) ON DELETE CASCADE ON UPDATE NO ACTION;

--
-- Constraints for table `product_selected_filter_options`
--
ALTER TABLE `product_selected_filter_options`
  ADD CONSTRAINT `product_selected_filter_options_filter_option_id_foreign` FOREIGN KEY (`filter_option_id`) REFERENCES `product_filter_options` (`id`) ON DELETE CASCADE ON UPDATE NO ACTION,
  ADD CONSTRAINT `product_selected_filter_options_product_id_foreign` FOREIGN KEY (`product_id`) REFERENCES `products` (`id`) ON DELETE CASCADE ON UPDATE NO ACTION;

--
-- Constraints for table `product_selected_specifications`
--
ALTER TABLE `product_selected_specifications`
  ADD CONSTRAINT `product_selected_specifications_creator_id_foreign` FOREIGN KEY (`creator_id`) REFERENCES `users` (`id`) ON DELETE CASCADE ON UPDATE NO ACTION,
  ADD CONSTRAINT `product_selected_specifications_product_id_foreign` FOREIGN KEY (`product_id`) REFERENCES `products` (`id`) ON DELETE CASCADE ON UPDATE NO ACTION,
  ADD CONSTRAINT `product_selected_specifications_product_specification_id_foreign` FOREIGN KEY (`product_specification_id`) REFERENCES `product_specifications` (`id`) ON DELETE CASCADE ON UPDATE NO ACTION;

--
-- Constraints for table `product_selected_specification_multi_values`
--
ALTER TABLE `product_selected_specification_multi_values`
  ADD CONSTRAINT `selected_specification_id` FOREIGN KEY (`selected_specification_id`) REFERENCES `product_selected_specifications` (`id`) ON DELETE CASCADE ON UPDATE NO ACTION,
  ADD CONSTRAINT `specification_multi_value_id` FOREIGN KEY (`specification_multi_value_id`) REFERENCES `product_specification_multi_values` (`id`) ON DELETE CASCADE ON UPDATE NO ACTION;

--
-- Constraints for table `product_selected_specification_translations`
--
ALTER TABLE `product_selected_specification_translations`
  ADD CONSTRAINT `product_selected_specification_id_translations` FOREIGN KEY (`product_selected_specification_id`) REFERENCES `product_selected_specifications` (`id`) ON DELETE CASCADE ON UPDATE NO ACTION;

--
-- Constraints for table `product_specification_categories`
--
ALTER TABLE `product_specification_categories`
  ADD CONSTRAINT `product_specification_categories_category_id_foreign` FOREIGN KEY (`category_id`) REFERENCES `product_categories` (`id`) ON DELETE CASCADE ON UPDATE NO ACTION,
  ADD CONSTRAINT `product_specification_categories_specification_id_foreign` FOREIGN KEY (`specification_id`) REFERENCES `product_specifications` (`id`) ON DELETE CASCADE ON UPDATE NO ACTION;

--
-- Constraints for table `product_specification_multi_values`
--
ALTER TABLE `product_specification_multi_values`
  ADD CONSTRAINT `product_specification_multi_values_specification_id_foreign` FOREIGN KEY (`specification_id`) REFERENCES `product_specifications` (`id`) ON DELETE CASCADE ON UPDATE NO ACTION;

--
-- Constraints for table `product_specification_multi_value_translations`
--
ALTER TABLE `product_specification_multi_value_translations`
  ADD CONSTRAINT `product_specification_multi_value_id` FOREIGN KEY (`product_specification_multi_value_id`) REFERENCES `product_specification_multi_values` (`id`) ON DELETE CASCADE ON UPDATE NO ACTION;

--
-- Constraints for table `product_specification_translations`
--
ALTER TABLE `product_specification_translations`
  ADD CONSTRAINT `product_specification_id` FOREIGN KEY (`product_specification_id`) REFERENCES `product_specifications` (`id`) ON DELETE CASCADE ON UPDATE NO ACTION;

--
-- Constraints for table `product_translations`
--
ALTER TABLE `product_translations`
  ADD CONSTRAINT `product_id` FOREIGN KEY (`product_id`) REFERENCES `products` (`id`) ON DELETE CASCADE ON UPDATE NO ACTION;

--
-- Constraints for table `promotion_translations`
--
ALTER TABLE `promotion_translations`
  ADD CONSTRAINT `promotion_translations_promotion_id_foreign` FOREIGN KEY (`promotion_id`) REFERENCES `promotions` (`id`) ON DELETE CASCADE ON UPDATE NO ACTION;

--
-- Constraints for table `purchases`
--
ALTER TABLE `purchases`
  ADD CONSTRAINT `purchases_user_id_foreign` FOREIGN KEY (`user_id`) REFERENCES `users` (`id`) ON DELETE CASCADE ON UPDATE NO ACTION,
  ADD CONSTRAINT `purchases_webinar_id_foreign` FOREIGN KEY (`webinar_id`) REFERENCES `webinars` (`id`) ON DELETE CASCADE ON UPDATE NO ACTION;

--
-- Constraints for table `quizzes`
--
ALTER TABLE `quizzes`
  ADD CONSTRAINT `quizzes_chapter_id_foreign` FOREIGN KEY (`chapter_id`) REFERENCES `webinar_chapters` (`id`) ON DELETE CASCADE ON UPDATE NO ACTION,
  ADD CONSTRAINT `quizzes_creator_id_foreign` FOREIGN KEY (`creator_id`) REFERENCES `users` (`id`) ON DELETE CASCADE ON UPDATE NO ACTION,
  ADD CONSTRAINT `quizzes_webinar_id_foreign` FOREIGN KEY (`webinar_id`) REFERENCES `webinars` (`id`) ON DELETE CASCADE ON UPDATE NO ACTION;

--
-- Constraints for table `quizzes_questions`
--
ALTER TABLE `quizzes_questions`
  ADD CONSTRAINT `quizzes_questions_creator_id_foreign` FOREIGN KEY (`creator_id`) REFERENCES `users` (`id`) ON DELETE CASCADE ON UPDATE NO ACTION,
  ADD CONSTRAINT `quizzes_questions_quiz_id_foreign` FOREIGN KEY (`quiz_id`) REFERENCES `quizzes` (`id`) ON DELETE CASCADE ON UPDATE NO ACTION;

--
-- Constraints for table `quizzes_questions_answers`
--
ALTER TABLE `quizzes_questions_answers`
  ADD CONSTRAINT `quizzes_questions_answers_creator_id_foreign` FOREIGN KEY (`creator_id`) REFERENCES `users` (`id`) ON DELETE CASCADE ON UPDATE NO ACTION,
  ADD CONSTRAINT `quizzes_questions_answers_question_id_foreign` FOREIGN KEY (`question_id`) REFERENCES `quizzes_questions` (`id`) ON DELETE CASCADE ON UPDATE NO ACTION;

--
-- Constraints for table `quizzes_questions_answer_translations`
--
ALTER TABLE `quizzes_questions_answer_translations`
  ADD CONSTRAINT `quizzes_questions_answer_id` FOREIGN KEY (`quizzes_questions_answer_id`) REFERENCES `quizzes_questions_answers` (`id`) ON DELETE CASCADE ON UPDATE NO ACTION;

--
-- Constraints for table `quizzes_results`
--
ALTER TABLE `quizzes_results`
  ADD CONSTRAINT `quizzes_results_quiz_id_foreign` FOREIGN KEY (`quiz_id`) REFERENCES `quizzes` (`id`) ON DELETE CASCADE ON UPDATE NO ACTION,
  ADD CONSTRAINT `quizzes_results_user_id_foreign` FOREIGN KEY (`user_id`) REFERENCES `users` (`id`) ON DELETE CASCADE ON UPDATE NO ACTION;

--
-- Constraints for table `quiz_question_translations`
--
ALTER TABLE `quiz_question_translations`
  ADD CONSTRAINT `quiz_question_translations_quiz_question_id_foreign` FOREIGN KEY (`quizzes_question_id`) REFERENCES `quizzes_questions` (`id`) ON DELETE CASCADE ON UPDATE NO ACTION;

--
-- Constraints for table `quiz_translations`
--
ALTER TABLE `quiz_translations`
  ADD CONSTRAINT `quiz_translations_quiz_id_foreign` FOREIGN KEY (`quiz_id`) REFERENCES `quizzes` (`id`) ON DELETE CASCADE ON UPDATE NO ACTION;

--
-- Constraints for table `rating`
--
ALTER TABLE `rating`
  ADD CONSTRAINT `rating_creator_id_foreign` FOREIGN KEY (`creator_id`) REFERENCES `users` (`id`) ON DELETE CASCADE ON UPDATE NO ACTION,
  ADD CONSTRAINT `rating_user_id_foreign` FOREIGN KEY (`user_id`) REFERENCES `users` (`id`) ON DELETE CASCADE ON UPDATE NO ACTION,
  ADD CONSTRAINT `rating_webinar_id_foreign` FOREIGN KEY (`webinar_id`) REFERENCES `webinars` (`id`) ON DELETE CASCADE ON UPDATE NO ACTION;

--
-- Constraints for table `regions`
--
ALTER TABLE `regions`
  ADD CONSTRAINT `regions_city_id_foreign` FOREIGN KEY (`city_id`) REFERENCES `regions` (`id`) ON DELETE CASCADE ON UPDATE NO ACTION,
  ADD CONSTRAINT `regions_country_id_foreign` FOREIGN KEY (`country_id`) REFERENCES `regions` (`id`) ON DELETE CASCADE ON UPDATE NO ACTION,
  ADD CONSTRAINT `regions_province_id_foreign` FOREIGN KEY (`province_id`) REFERENCES `regions` (`id`) ON DELETE CASCADE ON UPDATE NO ACTION;

--
-- Constraints for table `registration_packages_translations`
--
ALTER TABLE `registration_packages_translations`
  ADD CONSTRAINT `registration_package` FOREIGN KEY (`registration_package_id`) REFERENCES `registration_packages` (`id`) ON DELETE CASCADE ON UPDATE NO ACTION;

--
-- Constraints for table `reserve_meetings`
--
ALTER TABLE `reserve_meetings`
  ADD CONSTRAINT `reserve_meetings_meeting_time_id_foreign` FOREIGN KEY (`meeting_time_id`) REFERENCES `meeting_times` (`id`) ON DELETE CASCADE ON UPDATE NO ACTION,
  ADD CONSTRAINT `reserve_meetings_sale_id_foreign` FOREIGN KEY (`sale_id`) REFERENCES `sales` (`id`) ON DELETE CASCADE ON UPDATE NO ACTION,
  ADD CONSTRAINT `reserve_meetings_user_id_foreign` FOREIGN KEY (`user_id`) REFERENCES `users` (`id`) ON DELETE CASCADE ON UPDATE NO ACTION;

--
-- Constraints for table `rewards_accounting`
--
ALTER TABLE `rewards_accounting`
  ADD CONSTRAINT `rewards_accounting_user_id_foreign` FOREIGN KEY (`user_id`) REFERENCES `users` (`id`) ON DELETE CASCADE ON UPDATE NO ACTION;

--
-- Constraints for table `sales`
--
ALTER TABLE `sales`
  ADD CONSTRAINT `sales_installment_payment_id_foreign` FOREIGN KEY (`installment_payment_id`) REFERENCES `installment_order_payments` (`id`) ON DELETE CASCADE ON UPDATE NO ACTION;

--
-- Constraints for table `sales_log`
--
ALTER TABLE `sales_log`
  ADD CONSTRAINT `sales_status_sale_id_foreign` FOREIGN KEY (`sale_id`) REFERENCES `sales` (`id`) ON DELETE CASCADE ON UPDATE NO ACTION;

--
-- Constraints for table `selected_installments`
--
ALTER TABLE `selected_installments`
  ADD CONSTRAINT `selected_installments_installment_id_foreign` FOREIGN KEY (`installment_id`) REFERENCES `installments` (`id`) ON DELETE CASCADE,
  ADD CONSTRAINT `selected_installments_installment_order_id_foreign` FOREIGN KEY (`installment_order_id`) REFERENCES `installment_orders` (`id`) ON DELETE CASCADE,
  ADD CONSTRAINT `selected_installments_user_id_foreign` FOREIGN KEY (`user_id`) REFERENCES `users` (`id`) ON DELETE CASCADE;

--
-- Constraints for table `selected_installment_steps`
--
ALTER TABLE `selected_installment_steps`
  ADD CONSTRAINT `selected_installment_steps_installment_step_id_foreign` FOREIGN KEY (`installment_step_id`) REFERENCES `installment_steps` (`id`) ON DELETE CASCADE,
  ADD CONSTRAINT `selected_installment_steps_selected_installment_id_foreign` FOREIGN KEY (`selected_installment_id`) REFERENCES `selected_installments` (`id`) ON DELETE CASCADE;

--
-- Constraints for table `sessions`
--
ALTER TABLE `sessions`
  ADD CONSTRAINT `sessions_chapter_id_foreign` FOREIGN KEY (`chapter_id`) REFERENCES `webinar_chapters` (`id`) ON DELETE CASCADE ON UPDATE NO ACTION,
  ADD CONSTRAINT `sessions_creator_id_foreign` FOREIGN KEY (`creator_id`) REFERENCES `users` (`id`) ON DELETE CASCADE ON UPDATE NO ACTION,
  ADD CONSTRAINT `sessions_reserve_meeting_id_foreign` FOREIGN KEY (`reserve_meeting_id`) REFERENCES `reserve_meetings` (`id`) ON DELETE CASCADE ON UPDATE NO ACTION,
  ADD CONSTRAINT `sessions_webinar_id_foreign` FOREIGN KEY (`webinar_id`) REFERENCES `webinars` (`id`) ON DELETE CASCADE ON UPDATE NO ACTION;

--
-- Constraints for table `session_reminds`
--
ALTER TABLE `session_reminds`
  ADD CONSTRAINT `session_reminds_session_id_foreign` FOREIGN KEY (`session_id`) REFERENCES `sessions` (`id`) ON DELETE CASCADE ON UPDATE NO ACTION,
  ADD CONSTRAINT `session_reminds_user_id_foreign` FOREIGN KEY (`user_id`) REFERENCES `users` (`id`) ON DELETE CASCADE ON UPDATE NO ACTION;

--
-- Constraints for table `session_translations`
--
ALTER TABLE `session_translations`
  ADD CONSTRAINT `session_translations_session_id_foreign` FOREIGN KEY (`session_id`) REFERENCES `sessions` (`id`) ON DELETE CASCADE ON UPDATE NO ACTION;

--
-- Constraints for table `setting_translations`
--
ALTER TABLE `setting_translations`
  ADD CONSTRAINT `setting_translations_setting_id_foreign` FOREIGN KEY (`setting_id`) REFERENCES `settings` (`id`) ON DELETE CASCADE ON UPDATE NO ACTION;

--
-- Constraints for table `special_offers`
--
ALTER TABLE `special_offers`
  ADD CONSTRAINT `special_offers_bundle_id_foreign` FOREIGN KEY (`bundle_id`) REFERENCES `bundles` (`id`) ON DELETE CASCADE ON UPDATE NO ACTION,
  ADD CONSTRAINT `special_offers_creator_id_foreign` FOREIGN KEY (`creator_id`) REFERENCES `users` (`id`) ON DELETE CASCADE ON UPDATE NO ACTION,
  ADD CONSTRAINT `special_offers_registration_package_id_foreign` FOREIGN KEY (`registration_package_id`) REFERENCES `registration_packages` (`id`) ON DELETE CASCADE ON UPDATE NO ACTION,
  ADD CONSTRAINT `special_offers_subscribe_id_foreign` FOREIGN KEY (`subscribe_id`) REFERENCES `subscribes` (`id`) ON DELETE CASCADE ON UPDATE NO ACTION,
  ADD CONSTRAINT `special_offers_webinar_id_foreign` FOREIGN KEY (`webinar_id`) REFERENCES `webinars` (`id`) ON DELETE CASCADE ON UPDATE NO ACTION;

--
-- Constraints for table `subscribe_reminds`
--
ALTER TABLE `subscribe_reminds`
  ADD CONSTRAINT `subscribe_reminds_subscribe_id_foreign` FOREIGN KEY (`subscribe_id`) REFERENCES `subscribes` (`id`) ON DELETE CASCADE ON UPDATE NO ACTION,
  ADD CONSTRAINT `subscribe_reminds_user_id_foreign` FOREIGN KEY (`user_id`) REFERENCES `users` (`id`) ON DELETE CASCADE ON UPDATE NO ACTION;

--
-- Constraints for table `subscribe_translations`
--
ALTER TABLE `subscribe_translations`
  ADD CONSTRAINT `subscribe_translations_subscribe_id_foreign` FOREIGN KEY (`subscribe_id`) REFERENCES `subscribes` (`id`) ON DELETE CASCADE ON UPDATE NO ACTION;

--
-- Constraints for table `subscribe_uses`
--
ALTER TABLE `subscribe_uses`
  ADD CONSTRAINT `subscribe_uses_bundle_id_foreign` FOREIGN KEY (`bundle_id`) REFERENCES `bundles` (`id`) ON DELETE CASCADE ON UPDATE NO ACTION,
  ADD CONSTRAINT `subscribe_uses_installment_order_id_foreign` FOREIGN KEY (`installment_order_id`) REFERENCES `installment_orders` (`id`) ON DELETE CASCADE ON UPDATE NO ACTION,
  ADD CONSTRAINT `subscribe_uses_sale_id_foreign` FOREIGN KEY (`sale_id`) REFERENCES `sales` (`id`) ON DELETE CASCADE ON UPDATE NO ACTION,
  ADD CONSTRAINT `subscribe_uses_subscribe_id_foreign` FOREIGN KEY (`subscribe_id`) REFERENCES `subscribes` (`id`) ON DELETE CASCADE ON UPDATE NO ACTION,
  ADD CONSTRAINT `subscribe_uses_user_id_foreign` FOREIGN KEY (`user_id`) REFERENCES `users` (`id`) ON DELETE CASCADE ON UPDATE NO ACTION,
  ADD CONSTRAINT `subscribe_uses_webinar_id_foreign` FOREIGN KEY (`webinar_id`) REFERENCES `webinars` (`id`) ON DELETE CASCADE ON UPDATE NO ACTION;

--
-- Constraints for table `supports`
--
ALTER TABLE `supports`
  ADD CONSTRAINT `supports_department_id_foreign` FOREIGN KEY (`department_id`) REFERENCES `support_departments` (`id`) ON DELETE CASCADE ON UPDATE NO ACTION,
  ADD CONSTRAINT `supports_user_id_foreign` FOREIGN KEY (`user_id`) REFERENCES `users` (`id`) ON DELETE CASCADE ON UPDATE NO ACTION,
  ADD CONSTRAINT `supports_webinar_id_foreign` FOREIGN KEY (`webinar_id`) REFERENCES `webinars` (`id`) ON DELETE CASCADE ON UPDATE NO ACTION;

--
-- Constraints for table `support_conversations`
--
ALTER TABLE `support_conversations`
  ADD CONSTRAINT `support_conversations_sender_id_foreign` FOREIGN KEY (`sender_id`) REFERENCES `users` (`id`) ON DELETE CASCADE ON UPDATE NO ACTION,
  ADD CONSTRAINT `support_conversations_support_id_foreign` FOREIGN KEY (`support_id`) REFERENCES `supports` (`id`) ON DELETE CASCADE ON UPDATE NO ACTION;

--
-- Constraints for table `support_department_translations`
--
ALTER TABLE `support_department_translations`
  ADD CONSTRAINT `support_department_id` FOREIGN KEY (`support_department_id`) REFERENCES `support_departments` (`id`) ON DELETE CASCADE ON UPDATE NO ACTION;

--
-- Constraints for table `tags`
--
ALTER TABLE `tags`
  ADD CONSTRAINT `tags_bundle_id_foreign` FOREIGN KEY (`bundle_id`) REFERENCES `bundles` (`id`) ON DELETE CASCADE ON UPDATE NO ACTION,
  ADD CONSTRAINT `tags_upcoming_course_id_foreign` FOREIGN KEY (`upcoming_course_id`) REFERENCES `upcoming_courses` (`id`) ON DELETE CASCADE ON UPDATE NO ACTION,
  ADD CONSTRAINT `tags_webinar_id_foreign` FOREIGN KEY (`webinar_id`) REFERENCES `webinars` (`id`) ON DELETE CASCADE ON UPDATE NO ACTION;

--
-- Constraints for table `testimonial_translations`
--
ALTER TABLE `testimonial_translations`
  ADD CONSTRAINT `testimonial_translations_testimonial_id_foreign` FOREIGN KEY (`testimonial_id`) REFERENCES `testimonials` (`id`) ON DELETE CASCADE ON UPDATE NO ACTION;

--
-- Constraints for table `text_lessons`
--
ALTER TABLE `text_lessons`
  ADD CONSTRAINT `text_lessons_chapter_id_foreign` FOREIGN KEY (`chapter_id`) REFERENCES `webinar_chapters` (`id`) ON DELETE CASCADE ON UPDATE NO ACTION,
  ADD CONSTRAINT `text_lessons_creator_id_foreign` FOREIGN KEY (`creator_id`) REFERENCES `users` (`id`) ON DELETE CASCADE ON UPDATE NO ACTION,
  ADD CONSTRAINT `text_lessons_webinar_id_foreign` FOREIGN KEY (`webinar_id`) REFERENCES `webinars` (`id`) ON DELETE CASCADE ON UPDATE NO ACTION;

--
-- Constraints for table `text_lessons_attachments`
--
ALTER TABLE `text_lessons_attachments`
  ADD CONSTRAINT `text_lessons_attachments_file_id_foreign` FOREIGN KEY (`file_id`) REFERENCES `files` (`id`) ON DELETE CASCADE ON UPDATE NO ACTION,
  ADD CONSTRAINT `text_lessons_attachments_text_lesson_id_foreign` FOREIGN KEY (`text_lesson_id`) REFERENCES `text_lessons` (`id`) ON DELETE CASCADE ON UPDATE NO ACTION;

--
-- Constraints for table `text_lesson_translations`
--
ALTER TABLE `text_lesson_translations`
  ADD CONSTRAINT `text_lesson_id` FOREIGN KEY (`text_lesson_id`) REFERENCES `text_lessons` (`id`) ON DELETE CASCADE ON UPDATE NO ACTION;

--
-- Constraints for table `tickets`
--
ALTER TABLE `tickets`
  ADD CONSTRAINT `tickets_bundle_id_foreign` FOREIGN KEY (`bundle_id`) REFERENCES `bundles` (`id`) ON DELETE CASCADE ON UPDATE NO ACTION,
  ADD CONSTRAINT `tickets_creator_id_foreign` FOREIGN KEY (`creator_id`) REFERENCES `users` (`id`) ON DELETE CASCADE ON UPDATE NO ACTION,
  ADD CONSTRAINT `tickets_webinar_id_foreign` FOREIGN KEY (`webinar_id`) REFERENCES `webinars` (`id`) ON DELETE CASCADE ON UPDATE NO ACTION;

--
-- Constraints for table `ticket_translations`
--
ALTER TABLE `ticket_translations`
  ADD CONSTRAINT `ticket_translations_ticket_id_foreign` FOREIGN KEY (`ticket_id`) REFERENCES `tickets` (`id`) ON DELETE CASCADE ON UPDATE NO ACTION;

--
-- Constraints for table `ticket_users`
--
ALTER TABLE `ticket_users`
  ADD CONSTRAINT `ticket_users_ticket_id_foreign` FOREIGN KEY (`ticket_id`) REFERENCES `tickets` (`id`) ON DELETE CASCADE ON UPDATE NO ACTION,
  ADD CONSTRAINT `ticket_users_user_id_foreign` FOREIGN KEY (`user_id`) REFERENCES `users` (`id`) ON DELETE CASCADE ON UPDATE NO ACTION;

--
-- Constraints for table `trend_categories`
--
ALTER TABLE `trend_categories`
  ADD CONSTRAINT `trend_categories_category_id_foreign` FOREIGN KEY (`category_id`) REFERENCES `categories` (`id`) ON DELETE CASCADE ON UPDATE NO ACTION;

--
-- Constraints for table `upcoming_courses`
--
ALTER TABLE `upcoming_courses`
  ADD CONSTRAINT `upcoming_courses_category_id_foreign` FOREIGN KEY (`category_id`) REFERENCES `categories` (`id`) ON DELETE CASCADE ON UPDATE NO ACTION,
  ADD CONSTRAINT `upcoming_courses_creator_id_foreign` FOREIGN KEY (`creator_id`) REFERENCES `users` (`id`) ON DELETE CASCADE ON UPDATE NO ACTION,
  ADD CONSTRAINT `upcoming_courses_teacher_id_foreign` FOREIGN KEY (`teacher_id`) REFERENCES `users` (`id`) ON DELETE CASCADE ON UPDATE NO ACTION,
  ADD CONSTRAINT `upcoming_courses_webinar_id_foreign` FOREIGN KEY (`webinar_id`) REFERENCES `webinars` (`id`) ON DELETE SET NULL ON UPDATE NO ACTION;

--
-- Constraints for table `upcoming_course_filter_option`
--
ALTER TABLE `upcoming_course_filter_option`
  ADD CONSTRAINT `upcoming_course_filter_option_filter_option_id_foreign` FOREIGN KEY (`filter_option_id`) REFERENCES `filter_options` (`id`) ON DELETE CASCADE ON UPDATE NO ACTION,
  ADD CONSTRAINT `upcoming_course_filter_option_upcoming_course_id_foreign` FOREIGN KEY (`upcoming_course_id`) REFERENCES `upcoming_courses` (`id`) ON DELETE CASCADE ON UPDATE NO ACTION;

--
-- Constraints for table `upcoming_course_followers`
--
ALTER TABLE `upcoming_course_followers`
  ADD CONSTRAINT `upcoming_course_followers_upcoming_course_id_foreign` FOREIGN KEY (`upcoming_course_id`) REFERENCES `upcoming_courses` (`id`) ON DELETE CASCADE ON UPDATE NO ACTION,
  ADD CONSTRAINT `upcoming_course_followers_user_id_foreign` FOREIGN KEY (`user_id`) REFERENCES `users` (`id`) ON DELETE CASCADE ON UPDATE NO ACTION;

--
-- Constraints for table `upcoming_course_reports`
--
ALTER TABLE `upcoming_course_reports`
  ADD CONSTRAINT `upcoming_course_reports_upcoming_course_id_foreign` FOREIGN KEY (`upcoming_course_id`) REFERENCES `upcoming_courses` (`id`) ON DELETE CASCADE ON UPDATE NO ACTION,
  ADD CONSTRAINT `upcoming_course_reports_user_id_foreign` FOREIGN KEY (`user_id`) REFERENCES `users` (`id`) ON DELETE CASCADE ON UPDATE NO ACTION;

--
-- Constraints for table `upcoming_course_translations`
--
ALTER TABLE `upcoming_course_translations`
  ADD CONSTRAINT `upcoming_course_translations_upcoming_course_id_foreign` FOREIGN KEY (`upcoming_course_id`) REFERENCES `upcoming_courses` (`id`) ON DELETE CASCADE ON UPDATE NO ACTION;

--
-- Constraints for table `users`
--
ALTER TABLE `users`
  ADD CONSTRAINT `users_city_id_foreign` FOREIGN KEY (`city_id`) REFERENCES `regions` (`id`) ON DELETE SET NULL ON UPDATE NO ACTION,
  ADD CONSTRAINT `users_country_id_foreign` FOREIGN KEY (`country_id`) REFERENCES `regions` (`id`) ON DELETE SET NULL ON UPDATE NO ACTION,
  ADD CONSTRAINT `users_district_id_foreign` FOREIGN KEY (`district_id`) REFERENCES `regions` (`id`) ON DELETE SET NULL ON UPDATE NO ACTION,
  ADD CONSTRAINT `users_province_id_foreign` FOREIGN KEY (`province_id`) REFERENCES `regions` (`id`) ON DELETE SET NULL ON UPDATE NO ACTION;

--
-- Constraints for table `users_badges`
--
ALTER TABLE `users_badges`
  ADD CONSTRAINT `users_badges_badge_id_foreign` FOREIGN KEY (`badge_id`) REFERENCES `badges` (`id`) ON DELETE CASCADE ON UPDATE NO ACTION,
  ADD CONSTRAINT `users_badges_user_id_foreign` FOREIGN KEY (`user_id`) REFERENCES `users` (`id`) ON DELETE CASCADE ON UPDATE NO ACTION;

--
-- Constraints for table `users_cookie_security`
--
ALTER TABLE `users_cookie_security`
  ADD CONSTRAINT `users_cookie_security_user_id_foreign` FOREIGN KEY (`user_id`) REFERENCES `users` (`id`) ON DELETE CASCADE ON UPDATE NO ACTION;

--
-- Constraints for table `users_metas`
--
ALTER TABLE `users_metas`
  ADD CONSTRAINT `users_metas_user_id_foreign` FOREIGN KEY (`user_id`) REFERENCES `users` (`id`) ON DELETE CASCADE ON UPDATE NO ACTION;

--
-- Constraints for table `users_occupations`
--
ALTER TABLE `users_occupations`
  ADD CONSTRAINT `users_occupations_category_id_foreign` FOREIGN KEY (`category_id`) REFERENCES `categories` (`id`) ON DELETE CASCADE ON UPDATE NO ACTION,
  ADD CONSTRAINT `users_occupations_user_id_foreign` FOREIGN KEY (`user_id`) REFERENCES `users` (`id`) ON DELETE CASCADE ON UPDATE NO ACTION;

--
-- Constraints for table `users_registration_packages`
--
ALTER TABLE `users_registration_packages`
  ADD CONSTRAINT `users_registration_packages_user_id_foreign` FOREIGN KEY (`user_id`) REFERENCES `users` (`id`) ON DELETE CASCADE ON UPDATE NO ACTION;

--
-- Constraints for table `users_zoom_api`
--
ALTER TABLE `users_zoom_api`
  ADD CONSTRAINT `users_zoom_api_user_id_foreign` FOREIGN KEY (`user_id`) REFERENCES `users` (`id`) ON DELETE CASCADE ON UPDATE NO ACTION;

--
-- Constraints for table `user_bank_specifications`
--
ALTER TABLE `user_bank_specifications`
  ADD CONSTRAINT `user_bank_specifications_user_bank_id_foreign` FOREIGN KEY (`user_bank_id`) REFERENCES `user_banks` (`id`) ON DELETE CASCADE ON UPDATE NO ACTION;

--
-- Constraints for table `user_bank_specification_translations`
--
ALTER TABLE `user_bank_specification_translations`
  ADD CONSTRAINT `user_bank_specification_id` FOREIGN KEY (`user_bank_specification_id`) REFERENCES `user_bank_specifications` (`id`) ON DELETE CASCADE ON UPDATE NO ACTION;

--
-- Constraints for table `user_bank_translations`
--
ALTER TABLE `user_bank_translations`
  ADD CONSTRAINT `user_bank_translations_user_bank_id_foreign` FOREIGN KEY (`user_bank_id`) REFERENCES `user_banks` (`id`) ON DELETE CASCADE ON UPDATE NO ACTION;

--
-- Constraints for table `user_form_fields`
--
ALTER TABLE `user_form_fields`
  ADD CONSTRAINT `user_form_fields_become_instructor_id_foreign` FOREIGN KEY (`become_instructor_id`) REFERENCES `become_instructors` (`id`) ON DELETE CASCADE,
  ADD CONSTRAINT `user_form_fields_form_field_id_foreign` FOREIGN KEY (`form_field_id`) REFERENCES `form_fields` (`id`) ON DELETE CASCADE,
  ADD CONSTRAINT `user_form_fields_user_id_foreign` FOREIGN KEY (`user_id`) REFERENCES `users` (`id`) ON DELETE CASCADE;

--
-- Constraints for table `user_selected_banks`
--
ALTER TABLE `user_selected_banks`
  ADD CONSTRAINT `user_selected_banks_user_bank_id_foreign` FOREIGN KEY (`user_bank_id`) REFERENCES `user_banks` (`id`) ON DELETE CASCADE ON UPDATE NO ACTION,
  ADD CONSTRAINT `user_selected_banks_user_id_foreign` FOREIGN KEY (`user_id`) REFERENCES `users` (`id`) ON DELETE CASCADE ON UPDATE NO ACTION;

--
-- Constraints for table `user_selected_bank_specifications`
--
ALTER TABLE `user_selected_bank_specifications`
  ADD CONSTRAINT `user_bank_specification_id_specifications` FOREIGN KEY (`user_bank_specification_id`) REFERENCES `user_bank_specifications` (`id`) ON DELETE CASCADE ON UPDATE NO ACTION,
  ADD CONSTRAINT `user_selected_bank_id_specifications` FOREIGN KEY (`user_selected_bank_id`) REFERENCES `user_selected_banks` (`id`) ON DELETE CASCADE ON UPDATE NO ACTION;

--
-- Constraints for table `verifications`
--
ALTER TABLE `verifications`
  ADD CONSTRAINT `verifications_user_id_foreign` FOREIGN KEY (`user_id`) REFERENCES `users` (`id`) ON DELETE CASCADE ON UPDATE NO ACTION;

--
-- Constraints for table `waitlists`
--
ALTER TABLE `waitlists`
  ADD CONSTRAINT `waitlists_user_id_foreign` FOREIGN KEY (`user_id`) REFERENCES `users` (`id`) ON DELETE CASCADE ON UPDATE NO ACTION,
  ADD CONSTRAINT `waitlists_webinar_id_foreign` FOREIGN KEY (`webinar_id`) REFERENCES `webinars` (`id`) ON DELETE CASCADE ON UPDATE NO ACTION;

--
-- Constraints for table `webinars`
--
ALTER TABLE `webinars`
  ADD CONSTRAINT `webinars_category_id_foreign` FOREIGN KEY (`category_id`) REFERENCES `categories` (`id`) ON DELETE CASCADE ON UPDATE NO ACTION,
  ADD CONSTRAINT `webinars_creator_id_foreign` FOREIGN KEY (`creator_id`) REFERENCES `users` (`id`) ON DELETE CASCADE ON UPDATE NO ACTION,
  ADD CONSTRAINT `webinars_teacher_id_foreign` FOREIGN KEY (`teacher_id`) REFERENCES `users` (`id`) ON DELETE CASCADE ON UPDATE NO ACTION;

--
-- Constraints for table `webinar_assignments`
--
ALTER TABLE `webinar_assignments`
  ADD CONSTRAINT `webinar_assignments_chapter_id_foreign` FOREIGN KEY (`chapter_id`) REFERENCES `webinar_chapters` (`id`) ON DELETE CASCADE ON UPDATE NO ACTION,
  ADD CONSTRAINT `webinar_assignments_creator_id_foreign` FOREIGN KEY (`creator_id`) REFERENCES `users` (`id`) ON DELETE CASCADE ON UPDATE NO ACTION,
  ADD CONSTRAINT `webinar_assignments_webinar_id_foreign` FOREIGN KEY (`webinar_id`) REFERENCES `webinars` (`id`) ON DELETE CASCADE ON UPDATE NO ACTION;

--
-- Constraints for table `webinar_assignment_attachments`
--
ALTER TABLE `webinar_assignment_attachments`
  ADD CONSTRAINT `webinar_assignment_attachments_assignment_id_foreign` FOREIGN KEY (`assignment_id`) REFERENCES `webinar_assignments` (`id`) ON DELETE CASCADE ON UPDATE NO ACTION;

--
-- Constraints for table `webinar_assignment_history`
--
ALTER TABLE `webinar_assignment_history`
  ADD CONSTRAINT `webinar_assignment_history_assignment_id_foreign` FOREIGN KEY (`assignment_id`) REFERENCES `webinar_assignments` (`id`) ON DELETE CASCADE ON UPDATE NO ACTION,
  ADD CONSTRAINT `webinar_assignment_history_instructor_id_foreign` FOREIGN KEY (`instructor_id`) REFERENCES `users` (`id`) ON DELETE CASCADE ON UPDATE NO ACTION,
  ADD CONSTRAINT `webinar_assignment_history_student_id_foreign` FOREIGN KEY (`student_id`) REFERENCES `users` (`id`) ON DELETE CASCADE ON UPDATE NO ACTION;

--
-- Constraints for table `webinar_assignment_history_messages`
--
ALTER TABLE `webinar_assignment_history_messages`
  ADD CONSTRAINT `webinar_assignment_history_id` FOREIGN KEY (`assignment_history_id`) REFERENCES `webinar_assignment_history` (`id`) ON DELETE CASCADE ON UPDATE NO ACTION;

--
-- Constraints for table `webinar_assignment_translations`
--
ALTER TABLE `webinar_assignment_translations`
  ADD CONSTRAINT `webinar_assignment_id_translate_foreign` FOREIGN KEY (`webinar_assignment_id`) REFERENCES `webinar_assignments` (`id`) ON DELETE CASCADE ON UPDATE NO ACTION;

--
-- Constraints for table `webinar_chapters`
--
ALTER TABLE `webinar_chapters`
  ADD CONSTRAINT `webinar_chapters_user_id_foreign` FOREIGN KEY (`user_id`) REFERENCES `users` (`id`) ON DELETE CASCADE ON UPDATE NO ACTION,
  ADD CONSTRAINT `webinar_chapters_webinar_id_foreign` FOREIGN KEY (`webinar_id`) REFERENCES `webinars` (`id`) ON DELETE CASCADE ON UPDATE NO ACTION;

--
-- Constraints for table `webinar_chapter_items`
--
ALTER TABLE `webinar_chapter_items`
  ADD CONSTRAINT `user_id` FOREIGN KEY (`user_id`) REFERENCES `users` (`id`) ON DELETE CASCADE ON UPDATE NO ACTION,
  ADD CONSTRAINT `webinar_chapter_items_chapter_id_foreign` FOREIGN KEY (`chapter_id`) REFERENCES `webinar_chapters` (`id`) ON DELETE CASCADE ON UPDATE NO ACTION;

--
-- Constraints for table `webinar_chapter_translations`
--
ALTER TABLE `webinar_chapter_translations`
  ADD CONSTRAINT `webinar_chapter_id` FOREIGN KEY (`webinar_chapter_id`) REFERENCES `webinar_chapters` (`id`) ON DELETE CASCADE ON UPDATE NO ACTION;

--
-- Constraints for table `webinar_extra_descriptions`
--
ALTER TABLE `webinar_extra_descriptions`
  ADD CONSTRAINT `webinar_extra_descriptions_creator_id_foreign` FOREIGN KEY (`creator_id`) REFERENCES `users` (`id`) ON DELETE CASCADE ON UPDATE NO ACTION,
  ADD CONSTRAINT `webinar_extra_descriptions_upcoming_course_id_foreign` FOREIGN KEY (`upcoming_course_id`) REFERENCES `upcoming_courses` (`id`) ON DELETE CASCADE ON UPDATE NO ACTION,
  ADD CONSTRAINT `webinar_extra_descriptions_webinar_id_foreign` FOREIGN KEY (`webinar_id`) REFERENCES `webinars` (`id`) ON DELETE CASCADE ON UPDATE NO ACTION;

--
-- Constraints for table `webinar_extra_description_translations`
--
ALTER TABLE `webinar_extra_description_translations`
  ADD CONSTRAINT `webinar_extra_description_id_foreign` FOREIGN KEY (`webinar_extra_description_id`) REFERENCES `webinar_extra_descriptions` (`id`) ON DELETE CASCADE ON UPDATE NO ACTION;

--
-- Constraints for table `webinar_filter_option`
--
ALTER TABLE `webinar_filter_option`
  ADD CONSTRAINT `webinar_filter_option_filter_option_id_foreign` FOREIGN KEY (`filter_option_id`) REFERENCES `filter_options` (`id`) ON DELETE CASCADE ON UPDATE NO ACTION,
  ADD CONSTRAINT `webinar_filter_option_webinar_id_foreign` FOREIGN KEY (`webinar_id`) REFERENCES `webinars` (`id`) ON DELETE CASCADE ON UPDATE NO ACTION;

--
-- Constraints for table `webinar_partner_teacher`
--
ALTER TABLE `webinar_partner_teacher`
  ADD CONSTRAINT `webinar_partner_teacher_teacher_id_foreign` FOREIGN KEY (`teacher_id`) REFERENCES `users` (`id`) ON DELETE CASCADE ON UPDATE NO ACTION,
  ADD CONSTRAINT `webinar_partner_teacher_webinar_id_foreign` FOREIGN KEY (`webinar_id`) REFERENCES `webinars` (`id`) ON DELETE CASCADE ON UPDATE NO ACTION;

--
-- Constraints for table `webinar_reports`
--
ALTER TABLE `webinar_reports`
  ADD CONSTRAINT `webinar_reports_webinar_id_foreign` FOREIGN KEY (`webinar_id`) REFERENCES `webinars` (`id`) ON DELETE CASCADE ON UPDATE NO ACTION;

--
-- Constraints for table `webinar_reviews`
--
ALTER TABLE `webinar_reviews`
  ADD CONSTRAINT `webinar_reviews_bundle_id_foreign` FOREIGN KEY (`bundle_id`) REFERENCES `bundles` (`id`) ON DELETE CASCADE ON UPDATE NO ACTION,
  ADD CONSTRAINT `webinar_reviews_creator_id_foreign` FOREIGN KEY (`creator_id`) REFERENCES `users` (`id`) ON DELETE CASCADE ON UPDATE NO ACTION,
  ADD CONSTRAINT `webinar_reviews_webinar_id_foreign` FOREIGN KEY (`webinar_id`) REFERENCES `webinars` (`id`) ON DELETE CASCADE ON UPDATE NO ACTION;

--
-- Constraints for table `webinar_translations`
--
ALTER TABLE `webinar_translations`
  ADD CONSTRAINT `webinar_translations_webinar_id_foreign` FOREIGN KEY (`webinar_id`) REFERENCES `webinars` (`id`) ON DELETE CASCADE ON UPDATE NO ACTION;
COMMIT;

/*!40101 SET CHARACTER_SET_CLIENT=@OLD_CHARACTER_SET_CLIENT */;
/*!40101 SET CHARACTER_SET_RESULTS=@OLD_CHARACTER_SET_RESULTS */;
/*!40101 SET COLLATION_CONNECTION=@OLD_COLLATION_CONNECTION */;
